yearbook_year,page,name,last_name,prefix,suffix,gender,position,position_information,organization,group,conference,institution_name,location,region
1886,5,J. H. Waggoner,Waggoner,,,male,Minister,,California Conference,Ministers' Directory,California,,"Oakland, Cal.",United States
1886,5,J. N. Loughborough,Loughborough,,,male,Minister,,California Conference,Ministers' Directory,California,,"Oakland, Cal.",United States
1886,5,W. C. White,White,,,male,Minister,,California Conference,Ministers' Directory,California,,"Oakland, Cal.",United States
1886,5,E. A. Briggs,Briggs,,,male,Minister,,California Conference,Ministers' Directory,California,,"Oakland, Cal.",United States
1886,5,E. J. Waggoner,Waggoner,,,male,Minister,,California Conference,Ministers' Directory,California,,"Oakland, Cal.",United States
1886,5,N. C. McClure,McClure,,,male,Minister,,California Conference,Ministers' Directory,California,,"Oakland, Cal.",United States
1886,5,A. T. Jones,Jones,,,male,Minister,,California Conference,Ministers' Directory,California,,"Oakland, Cal.",United States
1886,5,G. W. Colcord,Colcord,,,male,Minister,,California Conference,Ministers' Directory,California,,"Oakland, Cal.",United States
1886,5,E. R. Jones,Jones,,,male,Minister,,California Conference,Ministers' Directory,California,,"Oakland, Cal.",United States
1886,5,W. M. Healey,Healey,,,male,Minister,,California Conference,Ministers' Directory,California,,"Healdsburg, Cal.",United States
1886,5,H. A. St. John,St. John,,,male,Minister,,California Conference,Ministers' Directory,California,,"St. Helena, Cal.",United States
1886,5,D. Rice,Rice,,,male,Minister,,California Conference,Ministers' Directory,California,,"St. Helena, Cal.",United States
1886,5,Andrew Brorsen,Brorsen,,,male,Licentiate,,California Conference,Ministers' Directory,California,,"San Francisco, Cal.",United States
1886,5,Philip Kent,Kent,,,male,Licentiate,,California Conference,Ministers' Directory,California,,"Oakland, Cal.",United States
1886,5,R. S. Owen,Owen,,,male,Licentiate,,California Conference,Ministers' Directory,California,,"Oakland, Cal.",United States
1886,5,Frank T. Lamb,Lamb,,,male,Licentiate,,California Conference,Ministers' Directory,California,,"Healdsburg, Cal.",United States
1886,5,J. G. Smith,Smith,,,male,Licentiate,,California Conference,Ministers' Directory,California,,"Healdsburg, Cal.",United States
1886,5,Lucius H. Church,Church,,,male,Licentiate,,California Conference,Ministers' Directory,California,,"Lakeport, Cal.",United States
1886,5,L. A. Scott,Scott,,,male,Licentiate,,California Conference,Ministers' Directory,California,,"Honolulu, Hawaiian Islands",Pacific Islands
1886,5,A. La Rue,La Rue,,,male,Licentiate,,California Conference,Ministers' Directory,California,,"Honolulu, Hawaiian Islands",Pacific Islands
1886,5,Wm. Ostrander,Ostrander,,,male,Minister,,Colorado Conference,Ministers' Directory,Colorado,,"Denver, Col.",United States
1886,5,P. Haskell,Haskell,,,male,Licentiate,,Colorado Conference,Ministers' Directory,Colorado,,"Denver, Col.",United States
1886,5,A. P. Williams,Williams,,,male,Licentiate,,Colorado Conference,Ministers' Directory,Colorado,,"Boulder, Col.",United States
1886,5,D. W. Voris,Voris,,,male,Colporter,,Colorado Conference,Ministers' Directory,Colorado,,"Silver Cliff, Custer Co., Col.",United States
1886,5,Joel R. Palmer,Palmer,,,male,Colporter,,Colorado Conference,Ministers' Directory,Colorado,,"Loveland, Larimer Co., Col.",United States
1886,5,G. W. Green,Green,,,male,Colporter,,Colorado Conference,Ministers' Directory,Colorado,,"Boulder, Col.",United States
1886,5,A. B. Olsen,Olsen,,,male,Minister,,Dakota Conference,Ministers' Directory,Dakota,,"Vilas, Miner Co., Dak.",United States
1886,5,G. H. Smith,Smith,,,male,Minister,,Dakota Conference,Ministers' Directory,Dakota,,"Bath, Brown Co., Dak.",United States
1886,5,S. B. Whitney,Whitney,,,male,Minister,,Dakota Conference,Ministers' Directory,Dakota,,"Bridgewater, McCook Co., Dak.",United States
1886,5,Jacob Reiswig,Reiswig,,,male,Minister,,Dakota Conference,Ministers' Directory,Dakota,,"Milltown, Hutchinson Co., Dak.",United States
1886,5,L. H. Ells,Ells,,,male,Minister,,Dakota Conference,Ministers' Directory,Dakota,,"Iroquois, Kingsbury Co., Dak.",United States
1886,5,O. A. Frederickson,Frederickson,,,male,Licentiate,,Dakota Conference,Ministers' Directory,Dakota,,"Swan Lake, Turner Co., Dak.",United States
1886,5,M. M. Buller,Buller,,,male,Licentiate,,Dakota Conference,Ministers' Directory,Dakota,,"Battle Creek, Lake Co., Dak.",United States
1886,5,Dietrich Loewen,Loewen,,,male,Licentiate,,Dakota Conference,Ministers' Directory,Dakota,,"Parker, Turner Co., Dak.",United States
1886,5,Marcus Busmen,Busmen,,,male,Licentiate,,Dakota Conference,Ministers' Directory,Dakota,,"Danville, Turner Co., Dak.",United States
1886,5,L. C. Nelson,Nelson,,,male,Licentiate,,Dakota Conference,Ministers' Directory,Dakota,,"Bridgewater, McCook Co., Dak.",United States
1886,5,H. P. Johnson,Johnson,,,male,Licentiate,,Dakota Conference,Ministers' Directory,Dakota,,"Komstad, Clay Co., Dak.",United States
1886,5,A. D. Smith,Smith,,,male,Colporter,,Dakota Conference,Ministers' Directory,Dakota,,"Vilas, Miner Co., Dak.",United States
1886,5,H. S. Smith,Smith,,,male,Colporter,,Dakota Conference,Ministers' Directory,Dakota,,"Vilas, Miner Co., Dak.",United States
1886,5,B. Cady,Cady,,,male,Colporter,,Dakota Conference,Ministers' Directory,Dakota,,"Vilas, Miner Co., Dak.",United States
1886,5,H. A. Burdick,Burdick,,,male,Colporter,,Dakota Conference,Ministers' Directory,Dakota,,"Brookings, Brookings Co., Dak.",United States
1886,5,V. A. Olsen,Olsen,,,male,Colporter,,Dakota Conference,Ministers' Directory,Dakota,,"Vilas, Miner Co., Dak.",United States
1886,5,C. C. Whitney,Whitney,,,male,Colporter,,Dakota Conference,Ministers' Directory,Dakota,,"Bridgewater, McCook Co., Dak.",United States
1886,5,J. R. Eastman,Eastman,,,male,Colporter,,Dakota Conference,Ministers' Directory,Dakota,,"Millbank, Grant Co., Dak.",United States
1886,5,A. M. Eastman,Eastman,,,male,Colporter,,Dakota Conference,Ministers' Directory,Dakota,,"Millbank, Grant Co., Dak.",United States
1886,5,J. S. Houseman,Houseman,,,male,Colporter,,Dakota Conference,Ministers' Directory,Dakota,,"Belford, Aurora Co., Dak.",United States
1886,5,Geo. Howell,Howell,,,male,Colporter,,Dakota Conference,Ministers' Directory,Dakota,,"Sioux Falls, Minnehaha Co., Dak.",United States
1886,5,A. D. Buller,Buller,,,male,Colporter,,Dakota Conference,Ministers' Directory,Dakota,,"Tyndall, Bon Homme Co., Dak.",United States
1886,5,Heinrich Heinrichs,Heinrichs,,,male,Colporter,,Dakota Conference,Ministers' Directory,Dakota,,"Parker, Turner Co., Dak.",United States
1886,5,Geo. I. Butler,Butler,,,male,Minister,,General Conference,Ministers' Directory,General Conference,,"Battle Creek, Mich.",United States
1886,5,S. N. Haskell,Haskell,,,male,Minister,,General Conference,Ministers' Directory,General Conference,,"South Lancaster, Mass.",United States
1886,5,O. A. Olsen,Olsen,,,male,Minister,,General Conference,Ministers' Directory,General Conference,,"Battle Creek, Mich.",United States
1886,5,W. C. White,White,,,male,Minister,,General Conference,Ministers' Directory,General Conference,,"Basle, Switzerland",Europe
1886,5,Mrs. E. G. White,White,Mrs.,,female,Minister,,General Conference,Ministers' Directory,General Conference,,"Basle, Switzerland",Europe
1886,5,A. B. Oyen,Oyen,,,male,Minister,,General Conference,Ministers' Directory,General Conference,,"Christiana, Norway",Scandinavia
1886,5,B. L. Whitney,Whitney,,,male,Minister,,General Conference,Ministers' Directory,General Conference,,"Basle, Switzerland",Europe
1886,5,D. T. Bourdeau,Bourdeau,,,male,Minister,,General Conference,Ministers' Directory,General Conference,,"Geneva, Switzerland",Europe
1886,5,A. A. John,John,,,male,Minister,,General Conference,Ministers' Directory,General Conference,,"Great Grimsby, England",Europe
1886,5,J. G. Matteson,Matteson,,,male,Minister,,General Conference,Ministers' Directory,General Conference,,"Copenhagen, Denmark",Scandinavia
1886,5,N. G. Olsen,Olsen,,,male,Minister,,General Conference,Ministers' Directory,General Conference,,"Christiana, Norway",Scandinavia
1886,10,Mrs. S. R. Barrows,Barrows,Mrs.,,female,Colporter,"Rutland, Rutland Co.",Vermont Conference,State Conference Directories,Vermont,,"Rutland, Rutland Co.",United States
1886,10,R. J. Foster,Foster,,,male,Colporter,"Corinth, Orange Co.",Vermont Conference,State Conference Directories,Vermont,,"Corinth, Orange Co.",United States
1886,10,Mrs. R. J. Foster,Foster,Mrs.,,female,Colporter,"Corinth, Orange Co.",Vermont Conference,State Conference Directories,Vermont,,"Corinth, Orange Co.",United States
1886,10,Mrs. A. IS. Gomoe,Gomoe,Mrs.,,female,Colporter,"North Hyde Park, Lamoille Co.",Vermont Conference,State Conference Directories,Vermont,,"North Hyde Park, Lamoille Co.",United States
1886,10,Danforth Ayers,Ayers,,,male,Colporter,"Bakersfield, Franklin Co.",Vermont Conference,State Conference Directories,Vermont,,"Bakersfield, Franklin Co.",United States
1886,10,A. C. Neff,Neff,,,male,Minister,"Quicksburg, Shenandoah Co.",Virginia Conference,State Conference Directories,Virginia,,"Quicksburg, Shenandoah Co.",United States
1886,10,H. A. Rife,Rife,,,male,Minister,"Timberville, Rockingham Co.",Virginia Conference,State Conference Directories,Virginia,,"Timberville, Rockingham Co.",United States
1886,10,H. E. Purdham,Purdham,,,male,Minister,"Sands, Page Co.",Virginia Conference,State Conference Directories,Virginia,,"Sands, Page Co.",United States
1886,10,R. D. Hottel,Hottel,,,male,Colporter,"Quicksburg, Shenandoah Co.",Virginia Conference,State Conference Directories,Virginia,,"Quicksburg, Shenandoah Co.",United States
1886,10,O. A. Stillwell,Stillwell,,,male,Colporter,"Sands, Page Co.",Virginia Conference,State Conference Directories,Virginia,,"Sands, Page Co.",United States
1886,10,B. P. Stebbins,Stebbins,,,male,Colporter,"Sands, Page Co.",Virginia Conference,State Conference Directories,Virginia,,"Sands, Page Co.",United States
1886,10,R. T. Niles,Niles,,,male,Colporter,"Quicksburg, Shenandoah Co.",Virginia Conference,State Conference Directories,Virginia,,"Quicksburg, Shenandoah Co.",United States
1886,10,T. H. Painter,Painter,,,male,Colporter,"Sands, Page Co.",Virginia Conference,State Conference Directories,Virginia,,"Sands, Page Co.",United States
1886,10,Belle Mayes,Mayes,,,female,Colporter,"Sands, Page Co.",Virginia Conference,State Conference Directories,Virginia,,"Sands, Page Co.",United States
1886,10,Lizzie Copenhaver,Copenhaver,,,female,Colporter,"Opequon, Frederick Co.",Virginia Conference,State Conference Directories,Virginia,,"Opequon, Frederick Co.",United States
1886,10,Mary G. Hall,Hall,,,female,Colporter,"Louisa C. H., Louisa Co.",Virginia Conference,State Conference Directories,Virginia,,"Louisa C. H., Louisa Co.",United States
1886,10,Jollie E. Lewis,Lewis,,,female,Colporter,"Clifton, Fairfax Co.",Virginia Conference,State Conference Directories,Virginia,,"Clifton, Fairfax Co.",United States
1886,10,Mary A. Lewis,Lewis,,,female,Colporter,"Clifton, Fairfax Co.",Virginia Conference,State Conference Directories,Virginia,,"Clifton, Fairfax Co.",United States
1886,10,Amanda S. Rheinhardt,Rheinhardt,,,female,Colporter,"New Market, Shenandoah Co.",Virginia Conference,State Conference Directories,Virginia,,"New Market, Shenandoah Co.",United States
1886,10,Carl V. Woods,Woods,,,male,Colporter,"Battle Creek, Mich.",Virginia Conference,State Conference Directories,Virginia,,"Battle Creek, Mich.",United States
1886,10,Lulu Grim,Grim,,,female,Colporter,,Virginia Conference,State Conference Directories,Virginia,,,United States
1886,10,Nettie Gardner,Gardner,,,female,Colporter,"Waynesborough, Augusta",Virginia Conference,State Conference Directories,Virginia,,"Waynesborough, Augusta",United States
1886,10,A. J. Breed,Breed,,,male,Minister,"Madison, Dane Co.",Wisconsin Conference,State Conference Directories,Wisconsin,,"Madison, Dane Co.",United States
1886,10,W. W. Sharp,Sharp,,,male,Minister,"Madison, Dane Co.",Wisconsin Conference,State Conference Directories,Wisconsin,,"Madison, Dane Co.",United States
1886,10,N. M. Jordan,Jordan,,,male,Minister,"Lodi, Columbia Co.",Wisconsin Conference,State Conference Directories,Wisconsin,,"Lodi, Columbia Co.",United States
1886,10,T. Sanborn,Sanborn,,,male,Minister,"Sparta, Monroe Co.",Wisconsin Conference,State Conference Directories,Wisconsin,,"Sparta, Monroe Co.",United States
1886,10,S. S. Smith,Smith,,,male,Minister,"Mauston, Juneau Co.",Wisconsin Conference,State Conference Directories,Wisconsin,,"Mauston, Juneau Co.",United States
1886,10,Andrew Mead,Mead,,,male,Minister,"520 Bridge St., Eau Claire",Wisconsin Conference,State Conference Directories,Wisconsin,,"Eau Claire, Wis.",United States
1886,10,C. W. Olds,Olds,,,male,Minister,"Whitewater, Walworth Co.",Wisconsin Conference,State Conference Directories,Wisconsin,,"Whitewater, Walworth Co.",United States
1886,10,J. F. Hanson,Hanson,,,male,Minister,"267 N. May St., Chicago, Ill.",Wisconsin Conference,State Conference Directories,Wisconsin,,"Chicago, Ill.",United States
1886,10,T. B. Snow,Snow,,,male,Minister,"Leon, Monroe Co.",Wisconsin Conference,State Conference Directories,Wisconsin,,"Leon, Monroe Co.",United States
1886,10,P. H. Cady,Cady,,,male,Minister,"Poy Sippi, Waushara Co.",Wisconsin Conference,State Conference Directories,Wisconsin,,"Poy Sippi, Waushara Co.",United States
1886,10,H. R. Johnson,Johnson,,,male,Minister,"Racine, Racine Co.",Wisconsin Conference,State Conference Directories,Wisconsin,,"Racine, Racine Co.",United States
1886,10,J. C. Nielsen,Nielsen,,,male,Minister,"Pine River, Waushara Co.",Wisconsin Conference,State Conference Directories,Wisconsin,,"Pine River, Waushara Co.",United States
1886,10,Frank Westphal,Westphal,,,male,Licentiate,"New London, Waupaca Co.",Wisconsin Conference,State Conference Directories,Wisconsin,,"New London, Waupaca Co.",United States
1886,10,Andrew Christiansen,Christiansen,,,male,Licentiate,"1533 Winslow Court, Racine",Wisconsin Conference,State Conference Directories,Wisconsin,,"Racine, Wis.",United States
1886,10,August Cook,Cook,,,male,Licentiate,"Loyal, Clark Co.",Wisconsin Conference,State Conference Directories,Wisconsin,,"Loyal, Clark Co.",United States
1886,10,F. J. Brown,Brown,,,male,Licentiate,"Victory, Vernon Co.",Wisconsin Conference,State Conference Directories,Wisconsin,,"Victory, Vernon Co.",United States
1886,10,W. S. Hyatt,Hyatt,,,male,Licentiate,"Darlington, La Fayette Co.",Wisconsin Conference,State Conference Directories,Wisconsin,,"Darlington, La Fayette Co.",United States
1886,10,K. Brorson,Brorson,,,male,Minister,"Jested Gredsted Sta., Ribe",Denmark Conference,Foreign Conferences,Denmark,,"Jested Gredsted Sta., Ribe",Scandinavia
1886,10,Chr. Christensen,Christensen,,,male,Minister,Orsø,Denmark Conference,Foreign Conferences,Denmark,,Orsø,Scandinavia
1886,10,J. P. Hansen,Hansen,,,male,Minister,Stedstrup Old.,Denmark Conference,Foreign Conferences,Denmark,,Stedstrup Old.,Scandinavia
1886,10,Kr. Kristensen,Kristensen,,,male,Minister,Lindknud,Denmark Conference,Foreign Conferences,Denmark,,Lindknud,Scandinavia
1886,10,P. Ovesen,Ovesen,,,male,Licentiate,"Sundhedsbladet, Christiana, Norway",Denmark Conference,Foreign Conferences,Denmark,,"Christiana, Norway",Scandinavia
1886,10,S. Nielsen,Nielsen,,,male,Licentiate,"Elören, Toldne Station",Denmark Conference,Foreign Conferences,Denmark,,"Elören, Toldne Station",Scandinavia
1886,10,O. Johnson,Johnson,,,male,Minister,Grythyttehed,Sweden Conference,Foreign Conferences,Sweden,,Grythyttehed,Scandinavia
1886,10,C. Norlin,Norlin,,,male,Minister,"Westmannagatan 39, 3 tr. app., Stockholm",Sweden Conference,Foreign Conferences,Sweden,,"Stockholm, Sweden",Scandinavia
1886,10,O. Belie,Belie,,,male,Minister,"Sundhedsbladet, Christiana, Norway",Sweden Conference,Foreign Conferences,Sweden,,"Christiana, Norway",Scandinavia
1886,10,J. Misson,Misson,,,male,Colporter,"Grythyttehed, Care J. E. Oberg",Sweden Conference,Foreign Conferences,Sweden,,Grythyttehed,Scandinavia
1886,10,Olsen,Olsen,,,male,Colporter,"Grythyttehed, Care J. E. Oberg",Sweden Conference,Foreign Conferences,Sweden,,Grythyttehed,Scandinavia
1886,10,Carlson,Carlson,,,male,Colporter,"Oleda, Knifsla",Sweden Conference,Foreign Conferences,Sweden,,"Oleda, Knifsla",Scandinavia
1886,10,N. Ostlund,Ostlund,,,male,Colporter,"Grythyttehed, Care J. E. Oberg",Sweden Conference,Foreign Conferences,Sweden,,Grythyttehed,Scandinavia
1886,10,Albert Vuilleumier,Vuilleumier,,,male,Minister,Cormondreche,Switzerland Conference,Foreign Conferences,Switzerland,,"Cormondreche, Switzerland",Europe
1886,10,James Ertzenberger,Ertzenberger,,,male,Minister,"Rudolfstrasse 10, Basle",Switzerland Conference,Foreign Conferences,Switzerland,,"Basle, Switzerland",Europe
1886,10,Antoine Melia,Melia,,,male,Minister,"Vivo del Giordinetto 37, Naples, Italy",Switzerland Conference,Foreign Conferences,Switzerland,,"Naples, Italy",Europe
1886,10,Jean Geymet,Geymet,,,male,Minister,"Torre Pellice, Italy",Switzerland Conference,Foreign Conferences,Switzerland,,"Torre Pellice, Italy",Europe
1886,10,Ademar Vuilleumier,Vuilleumier,,,male,Minister,"Chantepaule 12, Geneva",Switzerland Conference,Foreign Conferences,Switzerland,,"Geneva, Switzerland",Europe
1886,10,Oscar Roth,Roth,,,male,Minister,Tramelan,Switzerland Conference,Foreign Conferences,Switzerland,,"Tramelan, Switzerland",Europe
1886,10,Jules Guenin,Guenin,,,male,Minister,Tramelan,Switzerland Conference,Foreign Conferences,Switzerland,,"Tramelan, Switzerland",Europe
1886,10,Pierre Schild,Schild,,,male,Minister,Locle,Switzerland Conference,Foreign Conferences,Switzerland,,"Locle, Switzerland",Europe
1886,10,Thomas G. Asian,Asian,,,male,Minister,"Pitesti, Roumania",Switzerland Conference,Foreign Conferences,Switzerland,,"Pitesti, Roumania",Europe
1886,10,Abel Arami,Arami,,,male,Minister,"Chantepaule 12, Geneva",Switzerland Conference,Foreign Conferences,Switzerland,,"Geneva, Switzerland",Europe
1886,10,Adolphe Keller,Keller,,,male,Minister,Basle,Switzerland Conference,Foreign Conferences,Switzerland,,"Basle, Switzerland",Europe
1886,10,Geo. I. Butler,Butler,,,male,President,Executive Committee,General Conference,General Directories,General Conference,,"Battle Creek, Mich.",United States
1886,10,S. N. Haskell,Haskell,,,male,Executive Committee Member,,General Conference,General Directories,General Conference,,"South Lancaster, Mass.",United States
1886,10,O. A. Olsen,Olsen,,,male,Executive Committee Member,,General Conference,General Directories,General Conference,,"Battle Creek, Mich.",United States
1886,10,W. C. White,White,,,male,Executive Committee Member,,General Conference,General Directories,General Conference,,"48 Wetherweg, Basle, Switzerland",Europe
1886,10,R. A. Underwood,Underwood,,,male,Executive Committee Member,,General Conference,General Directories,General Conference,,"Mesopotamia, Ohio",United States
1886,10,U. Smith,Smith,,,male,Secretary,,General Conference,General Directories,General Conference,,"Battle Creek, Mich.",United States
1886,10,Mrs. M. J. Chapman,Chapman,Mrs.,,female,Corresponding Secretary,,General Conference,General Directories,General Conference,,"Battle Creek, Mich.",United States
1886,10,A. R. Henry,Henry,,,male,Treasurer,,General Conference,General Directories,General Conference,,"Battle Creek, Mich.",United States
1886,11,B. L. Whitney,Whitney,,,male,President,"48 Weiherweg, Basle, Switzerland",European Missionary Council,General Directories,General Conference,,"Basle, Switzerland",Europe
1886,11,J. G. Matteson,Matteson,,,male,Executive Committee Member,"O. Farimagsgade 49, 4 sal, Copenhagen, Denmark",European Missionary Council,General Directories,General Conference,,"Copenhagen, Denmark",Europe
1886,11,S. H. Lane,Lane,,,male,Executive Committee Member,"72 Heneage St., Great Grimsby, Eng.",European Missionary Council,General Directories,General Conference,,"Great Grimsby, England",Europe
1886,11,A. B. Oyen,Oyen,,,male,Secretary,"Sundhedsbladet, Christiana, Norway",European Missionary Council,General Directories,General Conference,,"Christiana, Norway",Europe
1886,11,Addie S. Bowen,Bowen,,,female,Treasurer,"45 Weiherweg, Basle, Switzerland",European Missionary Council,General Directories,General Conference,,"Basle, Switzerland",Europe
1886,11,S. N. Haskell,Haskell,,,male,President,"South Lancaster, Mass.",International T. and M. Society,General Directories,General Conference,,"South Lancaster, Mass.",United States
1886,11,W. C. White,White,,,male,Vice-President,"48 Weiherweg, Basle, Switzerland",International T. and M. Society,General Directories,General Conference,,"Basle, Switzerland",Europe
1886,11,Maria L. Huntley,Huntley,,,female,Secretary and Treasurer,"South Lancaster, Mass.",International T. and M. Society,General Directories,General Conference,,"South Lancaster, Mass.",United States
1886,11,Geo. I. Butler,Butler,,,male,Executive Committee Member,"Battle Creek, Mich.",International T. and M. Society,General Directories,General Conference,,"Battle Creek, Mich.",United States
1886,11,O. A. Olsen,Olsen,,,male,Executive Committee Member,"Battle Creek, Mich.",International T. and M. Society,General Directories,General Conference,,"Battle Creek, Mich.",United States
1886,11,M. H. Brown,Brown,,,male,Executive Committee Member,"Adams Center, N. Y.",International T. and M. Society,General Directories,General Conference,,"Adams Center, N. Y.",United States
1886,11,W. C. Sisley,Sisley,,,male,Executive Committee Member,"Battle Creek, Mich.",International T. and M. Society,General Directories,General Conference,,"Battle Creek, Mich.",United States
1886,11,Anna L. Ingels,Ingels,Miss,,female,Assistant Secretary,"Oakland, Cal.",International T. and M. Society,General Directories,General Conference,,"Oakland, Cal.",United States
1886,11,Mrs. F. H. Sisley,Sisley,Mrs.,,female,Assistant Secretary,"Battle Creek, Mich.",International T. and M. Society,General Directories,General Conference,,"Battle Creek, Mich.",United States
1886,11,Jennie Thayer,Thayer,Miss,,female,Assistant Secretary,"Great Grimsby, England",International T. and M. Society,General Directories,General Conference,,"Great Grimsby, England",Europe
1886,11,Mrs. B. L. Whitney,Whitney,Mrs.,,female,Assistant Secretary,"Basle, Switzerland",International T. and M. Society,General Directories,General Conference,,"Basle, Switzerland",Europe
1886,11,Mary Heileson,Heileson,Miss,,female,Assistant Secretary,"Battle Creek, Mich.",International T. and M. Society,General Directories,General Conference,,"Battle Creek, Mich.",United States
1886,11,B. L. Whitney,Whitney,,,male,Board Member,"48 Weiherweg, Basle, Switzerland",Continental European Mission,European Mission Boards,General Conference,,"Basle, Switzerland",Europe
1886,11,A. C. Bourdeau,Bourdeau,,,male,Board Member,"Torre Pellice, Italy",Continental European Mission,European Mission Boards,General Conference,,"Torre Pellice, Italy",Europe
1886,11,D. T. Bourdeau,Bourdeau,,,male,Board Member,"Challes imulet 12, Geneva, Switzerland",Continental European Mission,European Mission Boards,General Conference,,"Geneva, Switzerland",Europe
1886,11,S. H. Lane,Lane,,,male,Board Member,"72 Heneage St., Great Grimsby, Eng.",British Mission,European Mission Boards,General Conference,,"Great Grimsby, England",Europe
1886,11,M. C. Wilcox,Wilcox,,,male,Board Member,"72 Heneage St., Great Grimsby, Eng.",British Mission,European Mission Boards,General Conference,,"Great Grimsby, England",Europe
1886,11,R. F. Andrews,Andrews,,,male,Board Member,"72 Heneage St., Great Grimsby, Eng.",British Mission,European Mission Boards,General Conference,,"Great Grimsby, England",Europe
1886,11,J. G. Matteson,Matteson,,,male,Board Member,"O. Farimagsgade 49, 4 sal, Copenhagen, Denmark",Scandinavian Mission,European Mission Boards,Scandinavian Mission,,"Copenhagen, Denmark",Europe
1886,11,E. G. Olsen,Olsen,,,male,Board Member,"Sundhedsbladet, Christiana, Norway",Scandinavian Mission,European Mission Boards,Scandinavian Mission,,"Christiana, Norway",Europe
1886,11,A. B. Oyen,Oyen,,,male,Board Member,"Sundhedsbladet, Christiana, Norway",Scandinavian Mission,European Mission Boards,Scandinavian Mission,,"Christiana, Norway",Europe
1886,11,Henry Scott,Scott,,,male,General Agent,"Secretary International Society, Sumarlitic, 46 Highett St., Richmond Victoria",International T. and M. Society,General Agents,General Conference,,"Richmond, Victoria, Australia",Australia
1886,11,Edward Hare,Hare,,,male,General Agent,"Upper Queen St. (Turner St.), Auckland, New Zealand",International T. and M. Society,General Agents,General Conference,,"Auckland, New Zealand",New Zealand
1886,11,L. A. Scott,Scott,,,male,General Agent,Hawaiian Islands,International T. and M. Society,General Agents,General Conference,,"Honolulu, H. I.",Hawaiian Islands
1886,11,Hattie House,House,Miss,,female,General Agent,Michigan,International T. and M. Society,General Agents,Michigan,,"Battle Creek, Mich.",United States
1886,11,Mrs. E. T. Palmer,Palmer,Mrs.,,female,General Agent,New England,International T. and M. Society,General Agents,General Conference,N. E. Tract Repository,"South Lancaster, Mass.",United States
1886,11,Mrs. C. L. Boyd,Boyd,Mrs.,,female,General Agent,North Pacific,International T. and M. Society,General Agents,General Conference,,"East Portland, Oregon",United States
1886,11,W. C. White,White,,,male,General Agent,Switzerland,International T. and M. Society,General Agents,General Conference,,"Basle, Switzerland",Europe
1886,11,Anna L. Ingels,Ingels,,,female,State Agent,California,International T. and M. Society,State Agents,California,,"Oakland, Cal.",United States
1886,11,Mary L. Cushing,Cushing,,,female,State Agent,Canada,International T. and M. Society,State Agents,General Conference,,"South Stokely, P. Q.",Canada
1886,11,Effie M. Rankin,Rankin,Miss,,female,State Agent,Colorado,International T. and M. Society,State Agents,Colorado,,"Denver, Colo.",United States
1886,11,Alice H. Beaumont,Beaumont,,,female,State Agent,Dakota,International T. and M. Society,State Agents,Dakota,,"Tilas, Miner Co., Dak.",United States
1886,11,Ella Frost,Frost,,,female,State Agent,Florida,International T. and M. Society,State Agents,Florida,,"Moultrie, St. Johns Co., Fla.",United States
1886,11,Carrie E. Mills,Mills,,,female,State Agent,Idaho,International T. and M. Society,State Agents,Idaho,,"Walla Walla, W. T.",United States
1886,13,O. W. Bent,Bent,,,male,City Missionary,corner of Nineteenth and E Streets,City Missions,General Directories,General Conference,,"Lincoln, Neb.",United States
1886,13,Peter H. Clark,Clark,,,male,City Missionary,Free reading-room in Gulf City Hotel,City Missions,General Directories,General Conference,,"Mobile, Ala.",United States
1886,13,G. K. Owen,Owen,,,male,Superintendent,"Free reading-room and book depository at 732 Magazine St., corner of Third",City Missions,General Directories,General Conference,,"New Orleans, La.",United States
1886,13,A. T. Robinson,Robinson,,,male,Manager,"Free reading and lecture-room, 744 Broadway",City Missions,General Directories,General Conference,,"New York City, N.Y.",United States
1886,13,Anna L. Ingels,Ingels,,,female,Manager,Book and tract depository at 1059 Castro St.,City Missions,General Directories,General Conference,,"Oakland, Cal.",United States
1886,13,S. H. Linscott,Linscott,,,male,Superintendent,"Depository, parlor reading-room, and lecture hall, at 113 Pearl St.",City Missions,General Directories,General Conference,,"Portland, Me.",United States
1886,13,H. B. Tucker,Tucker,,,male,Manager,Free reading-rooms at 148 High St.,City Missions,General Directories,General Conference,,"Providence, R.I.",United States
1886,13,G. W. Knapp,Knapp,,,male,Manager,Free reading-room at 1521 Brown St.,City Missions,General Directories,General Conference,,"Philadelphia, Pa.",United States
1886,13,F. Peabody,Peabody,,,male,Manager,Mission at 41 Frankstown Ave.,City Missions,General Directories,General Conference,,"Pittsburg, Pa.",United States
1886,13,Henry Scott,Scott,,,male,Secretary,"Mission and reading-rooms at Sumarlide, 46 Highett St.",City Missions,General Directories,General Conference,,"Richmond, Australia",Australia
1886,13,E. W. Whitney,Whitney,,,male,President,Clinic and depository of the New York State Branch,City Missions,General Directories,General Conference,,"Rome, N.Y.",United States
1886,13,May Taylor,Taylor,Miss,,female,Secretary,Clinic and depository of the New York State Branch,City Missions,General Directories,General Conference,,"Rome, N.Y.",United States
1886,13,Andrew Brorsen,Brorsen,,,male,City Missionary,"Free reading and lecture-room, 914 Laguna St.",City Missions,General Directories,General Conference,,"San Francisco, Cal.",United States
1886,13,H. C. Palmer,Palmer,,,male,City Missionary,"Free reading and lecture-room, 914 Laguna St.",City Missions,General Directories,General Conference,,"San Francisco, Cal.",United States
1886,13,N. J. Walsworth,Walsworth,,,male,Resident Manager,"Parlor reading and lecture-rooms, 52 Crouse Building, Warren St.",City Missions,General Directories,General Conference,,"Syracuse, N.Y.",United States
1886,13,Joseph Clarke,Clarke,,,male,Superintendent,Mission and free reading-room at 2339 Chestnut St.,City Missions,General Directories,General Conference,,"St. Louis, Mo.",United States
1886,13,Byron Tripp,Tripp,,,male,Superintendent,Free lecture room,City Missions,General Directories,General Conference,,"Mankato, Minn.",United States
1886,13,Frank Carr,Carr,,,male,Manager,Mission at Muskegon,City Missions,General Directories,General Conference,,"Muskegon, Mich.",United States
1886,9,Chas. L. Boyd,Boyd,,,male,Minister,,North Pacific Conference,Ministers' Directory,North Pacific,,"East Portland, Or.",United States
1886,9,F. D. Starr,Starr,,,male,Minister,,North Pacific Conference,Ministers' Directory,North Pacific,,"3652 Vincennes Ave., Chicago",United States
1886,9,H. W. Reed,Reed,,,male,Licentiate,,North Pacific Conference,Ministers' Directory,North Pacific,,"East Portland, Or.",United States
1886,9,J. A. Borden,Borden,,,male,Licentiate,,North Pacific Conference,Ministers' Directory,North Pacific,,"East Portland, Or.",United States
1886,9,Wm. Potter,Potter,,,male,Licentiate,,North Pacific Conference,Ministers' Directory,North Pacific,,"East Portland, Or.",United States
1886,9,W. C. Ward,Ward,,,male,Licentiate,,North Pacific Conference,Ministers' Directory,North Pacific,,"East Portland, Or.",United States
1886,9,Mrs. C. L. Boyd,Boyd,Mrs.,,female,Colporter,,North Pacific Conference,Ministers' Directory,North Pacific,,"East Portland, Or.",United States
1886,9,John M. Cole,Cole,,,male,Colporter,,North Pacific Conference,Ministers' Directory,North Pacific,,"East Portland, Or.",United States
1886,9,H. A. Baxter,Baxter,,,male,Colporter,,North Pacific Conference,Ministers' Directory,North Pacific,,"Grant's Pass, Jackson Co., Or.",United States
1886,9,E. D. Hurlbert,Hurlbert,,,male,Colporter,,North Pacific Conference,Ministers' Directory,North Pacific,,"Vancouver, Clarke Co., Wash. Ter.",United States
1886,9,R. A. Underwood,Underwood,,,male,Minister,,Ohio Conference,Ministers' Directory,Ohio,,"Mesopotamia, Trumbull Co.",United States
1886,9,E. H. Gates,Gates,,,male,Minister,,Ohio Conference,Ministers' Directory,Ohio,,"Commons, Franklin Co.",United States
1886,9,D. E. Lindsey,Lindsey,,,male,Minister,,Ohio Conference,Ministers' Directory,Ohio,,"Clyde, Sandusky Co.",United States
1886,9,O. J. Mason,Mason,,,male,Minister,,Ohio Conference,Ministers' Directory,Ohio,,"Delaware, Delaware Co.",United States
1886,9,O. F. Guilford,Guilford,,,male,Minister,,Ohio Conference,Ministers' Directory,Ohio,,"Clyde, Sandusky Co.",United States
1886,9,Victor Thompson,Thompson,,,male,Minister,,Ohio Conference,Ministers' Directory,Ohio,,"Mendon, Mercer Co.",United States
1886,9,Slam La Grange,La Grange,,,male,Minister,,Ohio Conference,Ministers' Directory,Ohio,,Lorain Co.,United States
1886,9,G. W. Anglebarger,Anglebarger,,,male,Minister,,Ohio Conference,Ministers' Directory,Ohio,,"Springfield, Clarke Co.",United States
1886,9,Chas. H. Chaffee,Chaffee,,,male,Minister,,Ohio Conference,Ministers' Directory,Ohio,,"Winston, Dent Co., Mo.",United States
1886,9,E. J. Van Horn,Van Horn,,,male,Colporter,,Ohio Conference,Ministers' Directory,Ohio,,"Columbus, Franklin Co.",United States
1886,9,Moses Randall,Randall,,,male,Colporter,,Ohio Conference,Ministers' Directory,Ohio,,"Columbus, Franklin Co.",United States
1886,9,D. C. Babcock,Babcock,,,male,Colporter,,Ohio Conference,Ministers' Directory,Ohio,,"Bellefontaine, Logan Co.",United States
1886,9,I. S. Iles,Iles,,,male,Colporter,,Ohio Conference,Ministers' Directory,Ohio,,"Chesterville, Morrow Co.",United States
1886,9,L. T. Dysert,Dysert,,,male,Colporter,,Ohio Conference,Ministers' Directory,Ohio,,"Clyde, Sandusky Co.",United States
1886,9,J. M. Watts,Watts,,,male,Colporter,,Ohio Conference,Ministers' Directory,Ohio,,"Mendon, Mercer Co.",United States
1886,9,H. W. Cottrell,Cottrell,,,male,Colporter,,Ohio Conference,Ministers' Directory,Ohio,,"230 Bridge St., Cleveland",United States
1886,9,H. H. Burkholder,Burkholder,,,male,Colporter,,Ohio Conference,Ministers' Directory,Ohio,,"Belleville, Richland Co.",United States
1886,9,P. C. Field,Field,,,male,Colporter,,Ohio Conference,Ministers' Directory,Ohio,,"Springfield, Clarke Co.",United States
1886,9,L. B. Haughey,Haughey,,,male,Colporter,,Ohio Conference,Ministers' Directory,Ohio,,"Sabina, Clinton Co.",United States
1886,9,H. C. Penn,Penn,,,male,Colporter,,Ohio Conference,Ministers' Directory,Ohio,,"Mt. Gilead, Morrow Co.",United States
1886,9,John Franz,Franz,,,male,Colporter,,Ohio Conference,Ministers' Directory,Ohio,,"Akron, Summit Co.",United States
1886,9,Rodolph Fisher,Fisher,,,male,Colporter,,Ohio Conference,Ministers' Directory,Ohio,,"Hamler, Henry Co.",United States
1886,9,T. R. Williamson,Williamson,,,male,Colporter,,Ohio Conference,Ministers' Directory,Ohio,,"Tallmadge, Summit Co.",United States
1886,9,D. B. Oviatt,Oviatt,,,male,Minister,,Pennsylvania Conference,Ministers' Directory,Pennsylvania,,"Wellsville, Allegany Co., N.Y.",United States
1886,9,J. G. Saunders,Saunders,,,male,Minister,,Pennsylvania Conference,Ministers' Directory,Pennsylvania,,"Roulette, Potter Co.",United States
1886,9,F. Peabody,Peabody,,,male,Minister,,Pennsylvania Conference,Ministers' Directory,Pennsylvania,,"West Valley, Cattaraugus Co., N.Y.",United States
1886,9,D. T. Fero,Fero,,,male,Minister,,Pennsylvania Conference,Ministers' Directory,Pennsylvania,,"Boise City, Ada Co., Idaho",United States
1886,9,J. E. Robinson,Robinson,,,male,Minister,,Pennsylvania Conference,Ministers' Directory,Pennsylvania,,"New Enterprise, Bedford Co.",United States
1886,9,J. W. Raymond,Raymond,,,male,Minister,,Pennsylvania Conference,Ministers' Directory,Pennsylvania,,"Wheeler, Steuben Co.",United States
1886,9,J. S. Shrock,Shrock,,,male,Minister,,Pennsylvania Conference,Ministers' Directory,Pennsylvania,,"Emaus, Lehigh Co.",United States
1886,9,D. A. Ball,Ball,,,male,Minister,,Pennsylvania Conference,Ministers' Directory,Pennsylvania,,"Great Valley, Cattaraugus Co.",United States
1886,9,L. A. Wing,Wing,,,male,Minister,,Pennsylvania Conference,Ministers' Directory,Pennsylvania,,"Blockville, Chautauqua Co.",United States
1886,9,J. P. Hayward,Hayward,,,male,Minister,,Pennsylvania Conference,Ministers' Directory,Pennsylvania,,"Steamburgh, Cattaraugus Co., N.Y.",United States
1886,9,Edgar Russell,Russell,,,male,Minister,,Pennsylvania Conference,Ministers' Directory,Pennsylvania,,"Clear Creek, Chautauqua Co., N.Y.",United States
1886,9,J. L. Baker,Baker,,,male,Minister,,Pennsylvania Conference,Ministers' Directory,Pennsylvania,,"Grover, Bradford Co.",United States
1886,9,I. N. Williams,Williams,,,male,Colporter,,Pennsylvania Conference,Ministers' Directory,Pennsylvania,,"Corydon, Warren Co.",United States
1886,9,Samuel Winkley,Winkley,,,male,Colporter,,Pennsylvania Conference,Ministers' Directory,Pennsylvania,,"Randolph, Cattaraugus Co.",United States
1886,9,S. Thurston,Thurston,,,male,Colporter,,Pennsylvania Conference,Ministers' Directory,Pennsylvania,,"Jamestown, Chautauqua Co.",United States
1886,9,S. Fulton,Fulton,,,male,Minister,,Tennessee Conference,Ministers' Directory,Tennessee,,"Springville, Henry Co.",United States
1886,9,J. Sisley,Sisley,,,male,Minister,,Tennessee Conference,Ministers' Directory,Tennessee,,"Edgefield Junction, Davidson Co.",United States
1886,9,Barrie Lowe,Lowe,,,male,Minister,,Tennessee Conference,Ministers' Directory,Tennessee,,"Edgefield Junction, Davidson Co.",United States
1886,9,B. I. Rogers,Rogers,,,male,Minister,,Tennessee Conference,Ministers' Directory,Tennessee,,"Edgefield Junction, Davidson Co.",United States
1886,9,P. D. Moyers,Moyers,,,male,Minister,,Tennessee Conference,Ministers' Directory,Tennessee,,"Mt. Gilead, Cumberland Co.",United States
1886,9,W. A. McCutchen,McCutchen,,,male,Minister,,Texas Conference,Ministers' Directory,Texas,,"Cleburne, Johnson Co.",United States
1886,9,Huguley,Huguley,,,,Minister,,Texas Conference,Ministers' Directory,Texas,,"Plano, Collin Co.",United States
1886,9,W. T. Johnson,Johnson,,,male,Minister,,Texas Conference,Ministers' Directory,Texas,,"Plano, Collin Co.",United States
1886,9,J. F. Bahler,Bahler,,,male,Minister,,Texas Conference,Ministers' Directory,Texas,,"Denison, Grayson Co.",United States
1886,9,W. T. Drummond,Drummond,,,male,Minister,,Texas Conference,Ministers' Directory,Texas,,"Plano, Collin Co.",United States
1886,9,W. S. Cruzan,Cruzan,,,male,Minister,,Texas Conference,Ministers' Directory,Texas,,"Corsicana, Navarro Co.",United States
1886,9,A. A. Gregory,Gregory,,,male,Minister,,Texas Conference,Ministers' Directory,Texas,,"Denton, Denton Co.",United States
1886,9,A. W. Jensen,Jensen,,,male,Minister,,Texas Conference,Ministers' Directory,Texas,,"Peoria, Hill Co.",United States
1886,9,H. W. Decker,Decker,,,male,Minister,,Upper Columbia Conference,Ministers' Directory,Upper Columbia,,"Walla Walla, Wash. Ter.",United States
1886,9,Wm. Raymond,Raymond,,,male,Minister,,Upper Columbia Conference,Ministers' Directory,Upper Columbia,,"Summerville, Union Co., Or.",United States
1886,9,J. Bartlett,Bartlett,,,male,Minister,,Upper Columbia Conference,Ministers' Directory,Upper Columbia,,"Milton, Umatilla Co., Or.",United States
1886,9,Anna Hemming,Hemming,,,female,Minister,,Upper Columbia Conference,Ministers' Directory,Upper Columbia,,"Walla Walla, Wash. Ter.",United States
1886,9,A. S. Hutchins,Hutchins,,,male,Minister,,Vermont Conference,Ministers' Directory,Vermont,Sanitarium,"Battle Creek, Mich.",United States
1886,9,Albert Stone,Stone,,,male,Minister,,Vermont Conference,Ministers' Directory,Vermont,,"Eden Mills, Lamoille Co.",United States
1886,9,H. Peebles,Peebles,,,male,Minister,,Vermont Conference,Ministers' Directory,Vermont,,"15 Pearl St., Burlington",United States
1886,9,H. W. Pierce,Pierce,,,male,Minister,,Vermont Conference,Ministers' Directory,Vermont,,"Bordoville, Franklin Co.",United States
1886,9,M. E. Kellogg,Kellogg,,,male,Minister,,Vermont Conference,Ministers' Directory,Vermont,,"Richford, Franklin Co.",United States
1886,9,I. E. Kimball,Kimball,,,male,Minister,,Vermont Conference,Ministers' Directory,Vermont,,"Brandon, Rutland Co.",United States
1886,9,C. L. Kellogg,Kellogg,,,male,Minister,,Vermont Conference,Ministers' Directory,Vermont,,"Troy, Orleans Co.",United States
1886,9,G. W. Page,Page,,,male,Minister,,Vermont Conference,Ministers' Directory,Vermont,,"Ft. Scott, Bourbon Co., Kansas",United States
1886,9,T. H. Pardon,Pardon,,,male,Minister,,Vermont Conference,Ministers' Directory,Vermont,,"Rutland, Rutland Co.",United States
1886,9,H. J. Farman,Farman,,,male,Minister,,Vermont Conference,Ministers' Directory,Vermont,,"Bordoville, Franklin Co.",United States
1886,9,H. G. Lamberton,Lamberton,,,male,Minister,,Vermont Conference,Ministers' Directory,Vermont,,"Marshfield, Washington Co.",United States
1886,9,Willie Burleson,Burleson,,,male,Minister,,Vermont Conference,Ministers' Directory,Vermont,,"Bordoville, Franklin Co.",United States
1886,9,Willie Fortune,Fortune,,,male,Minister,,Vermont Conference,Ministers' Directory,Vermont,,"Georgia, Franklin Co.",United States
1886,9,Herman Ayers,Ayers,,,male,Minister,,Vermont Conference,Ministers' Directory,Vermont,,"Bakersfield, Franklin Co.",United States
1886,9,Katie Ayers,Ayers,,,female,Minister,,Vermont Conference,Ministers' Directory,Vermont,,"Bakersfield, Franklin Co.",United States
1886,9,John Clayton,Clayton,,,male,Minister,,Vermont Conference,Ministers' Directory,Vermont,,"15 Pearl St., Burlington",United States
1886,9,Edith Pierce,Pierce,,,female,Minister,,Vermont Conference,Ministers' Directory,Vermont,,"Bordoville, Franklin Co.",United States
1886,9,Mrs. S. E. Pierce,Pierce,Mrs.,,female,Minister,,Vermont Conference,Ministers' Directory,Vermont,,"Bordoville, Franklin Co.",United States
1886,9,W. C. Walston,Walston,,,male,Minister,,Vermont Conference,Ministers' Directory,Vermont,,"West Bolton, Chittenden Co.",United States
1886,14,M. L. Huntley,Huntley,Miss,,female,Secretary,,International Tract and Missionary Society,,General Conference,,"South Lancaster, Mass.",United States
1886,14,W. C. White,White,,,male,President,"45 Weiherweg, Basle, Switzerland",General Sabbath-School Association,,General Conference,,"Basle, Switzerland",Europe
1886,14,D. M. Canright,Canright,,,male,Vice-President,"Otsego, Mich.",General Sabbath-School Association,,General Conference,,"Otsego, Mich.",United States
1886,14,C. A. Jones,Jones,,,male,Executive Committee,,General Sabbath-School Association,,General Conference,,"Oakland, Cal.",United States
1886,14,D. A. Robinson,Robinson,,,male,Executive Committee,,General Sabbath-School Association,,General Conference,,"South Lancaster, Mass.",United States
1886,14,J. E. White,White,,,male,Executive Committee,,General Sabbath-School Association,,General Conference,,"Battle Creek, Mich.",United States
1886,14,G. H. Bell,Bell,,,male,Executive Committee,,General Sabbath-School Association,,General Conference,,"Battle Creek, Mich.",United States
1886,14,W. W. Prescott,Prescott,,,male,Executive Committee,,General Sabbath-School Association,,General Conference,,"Battle Creek, Mich.",United States
1886,14,Geo. B. Starr,Starr,,,male,Recording Secretary,,General Sabbath-School Association,,General Conference,,"Chicago, Ill.",United States
1886,14,Winnie Loughborough,Loughborough,,,female,Corresponding Secretary,,General Sabbath-School Association,,General Conference,,"Battle Creek, Mich.",United States
1886,14,Mrs. M. K. White,White,Mrs.,,female,Corresponding Secretary,,General Sabbath-School Association,,General Conference,,"Basle, Switzerland",Europe
1886,14,G. H. Bell,Bell,,,male,Publishing Committee,,General Sabbath-School Association,,General Conference,,"Battle Creek, Mich.",United States
1886,14,W. W. Prescott,Prescott,,,male,Publishing Committee,,General Sabbath-School Association,,General Conference,,"Battle Creek, Mich.",United States
1886,14,Mrs. M. J. Chapman,Chapman,Mrs.,,female,Publishing Committee,,General Sabbath-School Association,,General Conference,,"Battle Creek, Mich.",United States
1886,14,Geo. I. Butler,Butler,,,male,President,,S.D.A. Publishing Association,Publishing Association Directories,General Conference,,"Battle Creek, Mich.",United States
1886,14,A. R. Henry,Henry,,,male,Vice-President,,S.D.A. Publishing Association,Publishing Association Directories,General Conference,,"Battle Creek, Mich.",United States
1886,14,Russell Hart,Hart,,,male,Secretary,,S.D.A. Publishing Association,Publishing Association Directories,General Conference,,"Battle Creek, Mich.",United States
1886,14,W. C. Sisley,Sisley,,,male,Treasurer,,S.D.A. Publishing Association,Publishing Association Directories,General Conference,,"Battle Creek, Mich.",United States
1886,14,G. W. Amadon,Amadon,,,male,Auditor,,S.D.A. Publishing Association,Publishing Association Directories,General Conference,,"Battle Creek, Mich.",United States
1886,14,U. Smith,Smith,,,male,Committee,,S.D.A. Publishing Association,Publishing Association Directories,General Conference,,"Battle Creek, Mich.",United States
1886,14,U. Smith,Smith,,,male,"Editor, Review and Herald",,S.D.A. Publishing Association,Publishing Association Directories,General Conference,,"Battle Creek, Mich.",United States
1886,14,E. J. Waggoner,Waggoner,,,male,Corresponding Editor,,S.D.A. Publishing Association,Publishing Association Directories,General Conference,,"Battle Creek, Mich.",United States
1886,14,Geo. I. Butler,Butler,,,male,Corresponding Editor,,S.D.A. Publishing Association,Publishing Association Directories,General Conference,,"Battle Creek, Mich.",United States
1886,14,Mrs. M. J. Chapman,Chapman,Mrs.,,female,"Editor, Sabbath-School Worker",,S.D.A. Publishing Association,Publishing Association Directories,General Conference,,"Battle Creek, Mich.",United States
1886,14,Winnie Loughborough,Loughborough,Miss,,female,"Assistant Editor, Sabbath-School Worker",,S.D.A. Publishing Association,Publishing Association Directories,General Conference,,"Battle Creek, Mich.",United States
1886,14,S. N. Haskell,Haskell,,,male,President,,Pacific Publishing Association,Publishing Association Directories,California,,"South Lancaster, Mass.",United States
1886,14,C. H. Jones,Jones,,,male,Vice-President,,Pacific Publishing Association,Publishing Association Directories,California,,"Oakland, Cal.",United States
1886,14,W. C. White,White,,,male,Director,,Pacific Publishing Association,Publishing Association Directories,California,,"Oakland, Cal.",United States
1886,14,J. N. Loughborough,Loughborough,,,male,Director,,Pacific Publishing Association,Publishing Association Directories,California,,"Oakland, Cal.",United States
1886,14,Wm. Saunders,Saunders,,,male,Director,,Pacific Publishing Association,Publishing Association Directories,California,,"Oakland, Cal.",United States
1886,14,S. C. Stickney,Stickney,,,male,Secretary,,Pacific Publishing Association,Publishing Association Directories,California,,"Oakland, Cal.",United States
1886,14,E. A. Chapman,Chapman,,,male,Treasurer,,Pacific Publishing Association,Publishing Association Directories,California,,"Oakland, Cal.",United States
1886,14,B. R. Nordyke,Nordyke,,,male,Auditor,,Pacific Publishing Association,Publishing Association Directories,California,,"Oakland, Cal.",United States
1886,14,J. H. Waggoner,Waggoner,,,male,Publishing Committee,,Pacific Publishing Association,Publishing Association Directories,California,,"Oakland, Cal.",United States
1886,14,J. H. Waggoner,Waggoner,,,male,"Editor, Signs of the Times",,Pacific Publishing Association,Publishing Association Directories,California,,"Oakland, Cal.",United States
1886,14,E. J. Waggoner,Waggoner,,,male,"Assistant Editor, Signs of the Times",,Pacific Publishing Association,Publishing Association Directories,California,,"Oakland, Cal.",United States
1886,14,A. T. Jones,Jones,,,male,"Assistant Editor, Signs of the Times",,Pacific Publishing Association,Publishing Association Directories,California,,"Oakland, Cal.",United States
1886,14,U. Smith,Smith,,,male,"Corresponding Editor, Signs of the Times",,Pacific Publishing Association,Publishing Association Directories,California,,"Oakland, Cal.",United States
1886,14,S. N. Haskell,Haskell,,,male,"Corresponding Editor, Signs of the Times",,Pacific Publishing Association,Publishing Association Directories,California,,"Oakland, Cal.",United States
1886,14,Geo. I. Butler,Butler,,,male,Board of Trustees,,Battle Creek College,,Michigan,Battle Creek College,"Battle Creek, Mich.",United States
1886,14,A. R. Henry,Henry,,,male,Board of Trustees,,Battle Creek College,,Michigan,Battle Creek College,"Battle Creek, Mich.",United States
1886,14,U. Smith,Smith,,,male,Board of Trustees,,Battle Creek College,,Michigan,Battle Creek College,"Battle Creek, Mich.",United States
1886,14,W. W. Prescott,Prescott,,,male,Board of Trustees,,Battle Creek College,,Michigan,Battle Creek College,"Battle Creek, Mich.",United States
1886,14,J. H. Kellogg,Kellogg,,,male,Board of Trustees,,Battle Creek College,,Michigan,Battle Creek College,"Battle Creek, Mich.",United States
1886,14,Wm. C. Sisley,Sisley,,,male,Board of Trustees,,Battle Creek College,,Michigan,Battle Creek College,"Battle Creek, Mich.",United States
1886,14,A. S. Nelson,Nelson,,,male,Board of Trustees,,Battle Creek College,,Michigan,Battle Creek College,"Battle Creek, Mich.",United States
1886,14,William Warren Prescott,Prescott,,,male,Faculty,Biblical Exegesis and Ecclesiastical History,Battle Creek College,,Michigan,Battle Creek College,"Battle Creek, Mich.",United States
1886,14,Uriah Smith,Smith,Eld.,,male,Faculty,Biblical Exegesis and Ecclesiastical History,Battle Creek College,,Michigan,Battle Creek College,"Battle Creek, Mich.",United States
1886,14,Burgess Miller,Miller,,M.S.,male,Faculty,Natural Sciences,Battle Creek College,,Michigan,Battle Creek College,"Battle Creek, Mich.",United States
1886,14,Charles C. Ramsey,Ramsey,,M.S.,male,Faculty,English Language and Conversation,Battle Creek College,,Michigan,Battle Creek College,"Battle Creek, Mich.",United States
1886,14,Ferris S. Hafford,Hafford,,,male,Faculty,,Battle Creek College,,Michigan,Battle Creek College,"Battle Creek, Mich.",United States
1886,14,Linda Tuck,Tuck,,A.M.,female,Faculty,Greek and Latin Languages and Literature,Battle Creek College,,Michigan,Battle Creek College,"Battle Creek, Mich.",United States
1886,14,John D. Hare,Hare,,B.S.,male,Faculty,Biblical Department,Battle Creek College,,Michigan,Battle Creek College,"Battle Creek, Mich.",United States
1886,14,Ida E. Rankin,Rankin,,,female,Preceptress,Common Branches,Battle Creek College,,Michigan,Battle Creek College,"Battle Creek, Mich.",United States
1886,14,August Kunz,Kunz,,A.M.,male,Faculty,German Language and Literature,Battle Creek College,,Michigan,Battle Creek College,"Battle Creek, Mich.",United States
1886,14,Mrs. W. C. Sisley,Sisley,Mrs.,,female,Faculty,Missionary,Battle Creek College,,Michigan,Battle Creek College,"Battle Creek, Mich.",United States
1886,14,Cora Wright,Wright,Miss,,female,Faculty,English Language,Battle Creek College,,Michigan,Battle Creek College,"Battle Creek, Mich.",United States
1886,14,August Swedburg,Swedburg,,,male,Faculty,Swedish Language,Battle Creek College,,Michigan,Battle Creek College,"Battle Creek, Mich.",United States
1886,14,Niels Clausen,Clausen,,,male,Faculty,Danish Language,Battle Creek College,,Michigan,Battle Creek College,"Battle Creek, Mich.",United States
1886,14,Edwin E. Barnes,Barnes,,,male,Faculty,Vocal and Instrumental Music,Battle Creek College,,Michigan,Battle Creek College,"Battle Creek, Mich.",United States
1886,14,Mrs. A. Kunz,Kunz,Mrs.,,female,Faculty,Primary and Intermediate Departments,Battle Creek College,,Michigan,Battle Creek College,"Battle Creek, Mich.",United States
1886,14,Mrs. C. C. Lewis,Lewis,Mrs.,,female,Faculty,Primary and Intermediate Departments,Battle Creek College,,Michigan,Battle Creek College,"Battle Creek, Mich.",United States
1886,14,William Butler,Butler,,,male,Faculty,Photography,Battle Creek College,,Michigan,Battle Creek College,"Battle Creek, Mich.",United States
1886,14,J. H. Waggoner,Waggoner,,,male,"President, Board of Trustees",,Healdsburg College,,California,Healdsburg College,"Oakland, Cal.",United States
1886,14,S. Brownsberger,Brownsberger,,,male,"Secretary, Board of Trustees",,Healdsburg College,,California,Healdsburg College,"Healdsburg, Cal.",United States
1886,14,J. N. Loughborough,Loughborough,,,male,Board of Trustees,,Healdsburg College,,California,Healdsburg College,"Oakland, Cal.",United States
1886,14,W. C. White,White,,,male,Board of Trustees,,Healdsburg College,,California,Healdsburg College,"Oakland, Cal.",United States
1886,14,J. Morrison,Morrison,,,male,Board of Trustees,,Healdsburg College,,California,Healdsburg College,"Oakland, Cal.",United States
1886,14,F. V. Harmon,Harmon,,,male,Board of Trustees,,Healdsburg College,,California,Healdsburg College,"Healdsburg, Cal.",United States
1886,14,Jos. Leininger,Leininger,,,male,Board of Trustees,,Healdsburg College,,California,Healdsburg College,"Healdsburg, Cal.",United States
1886,15,S. Brownsberger,Brownsberger,,,male,President,Ancient Languages,Healdsburg College,Educational Institutions,California,Healdsburg College,"Healdsburg, Cal.",United States
1886,15,Wm. C. Grainger,Grainger,,,male,Faculty,Natural Science,Healdsburg College,Educational Institutions,California,Healdsburg College,"Healdsburg, Cal.",United States
1886,15,J. S. Osborne,Osborne,,,male,Faculty,Mathematics,Healdsburg College,Educational Institutions,California,Healdsburg College,"Healdsburg, Cal.",United States
1886,15,E. J. Waggoner,Waggoner,,,male,Faculty,Biblical Exegesis,Healdsburg College,Educational Institutions,California,Healdsburg College,"Healdsburg, Cal.",United States
1886,15,A. T. Jones,Jones,,,male,Faculty,History,Healdsburg College,Educational Institutions,California,Healdsburg College,"Healdsburg, Cal.",United States
1886,15,E. P. Daniels,Daniels,,,male,Faculty,Stenography and Voice Culture,Healdsburg College,Educational Institutions,California,Healdsburg College,"Healdsburg, Cal.",United States
1886,15,Edith Donaldson,Donaldson,Miss,,female,Faculty,English Language,Healdsburg College,Educational Institutions,California,Healdsburg College,"Healdsburg, Cal.",United States
1886,15,Mrs. S. Brownsberger,Brownsberger,Mrs.,,female,Assistant in Mathematics,,Healdsburg College,Educational Institutions,California,Healdsburg College,"Healdsburg, Cal.",United States
1886,15,Mrs. M. O. Beck,Beck,Mrs.,,female,Faculty,Common Branches,Healdsburg College,Educational Institutions,California,Healdsburg College,"Healdsburg, Cal.",United States
1886,15,Mrs. W. C. Grainger,Grainger,Mrs.,,female,Faculty,Primary Department,Healdsburg College,Educational Institutions,California,Healdsburg College,"Healdsburg, Cal.",United States
1886,15,Mary Chinn,Chinn,Miss,,female,Matron,Student's Home,Healdsburg College,Educational Institutions,California,Healdsburg College,"Healdsburg, Cal.",United States
1886,15,Mary Clement,Clement,Mrs.,,female,Matron,Student's Home,Healdsburg College,Educational Institutions,California,Healdsburg College,"Healdsburg, Cal.",United States
1886,15,S. N. Haskell,Haskell,,,male,President,,South Lancaster Academy,Educational Institutions,General Conference,South Lancaster Academy,"South Lancaster, Mass.",United States
1886,15,D. A. Robinson,Robinson,,,male,Secretary,,South Lancaster Academy,Educational Institutions,General Conference,South Lancaster Academy,"South Lancaster, Mass.",United States
1886,15,E. P. Farnsworth,Farnsworth,,,male,Treasurer,,South Lancaster Academy,Educational Institutions,General Conference,South Lancaster Academy,"South Lancaster, Mass.",United States
1886,15,C. E. Palmer,Palmer,,,male,Board of Trustees,,South Lancaster Academy,Educational Institutions,General Conference,South Lancaster Academy,"South Lancaster, Mass.",United States
1886,15,M. L. Huntley,Huntley,,,,Board of Trustees,,South Lancaster Academy,Educational Institutions,General Conference,South Lancaster Academy,"South Lancaster, Mass.",United States
1886,15,J. B. Goodrich,Goodrich,,,male,Board of Trustees,,South Lancaster Academy,Educational Institutions,General Conference,South Lancaster Academy,"Hartland, Me.",United States
1886,15,I. E. Kimball,Kimball,,,male,Board of Trustees,,South Lancaster Academy,Educational Institutions,General Conference,South Lancaster Academy,"Brandon, Vt.",United States
1886,15,Dr. J. H. Kellogg,Kellogg,Dr.,,male,President,,Health Reform Institute,Health Reform Institute,General Conference,Health Reform Institute,"Battle Creek, Mich.",United States
1886,15,J. Fargo,Fargo,,,male,Vice-President,,Health Reform Institute,Health Reform Institute,General Conference,Health Reform Institute,"Greenville, Mich.",United States
1886,15,W. H. Hall,Hall,,,male,Secretary,,Health Reform Institute,Health Reform Institute,General Conference,Health Reform Institute,"Battle Creek, Mich.",United States
1886,15,G. H. Murphy,Murphy,,,male,Treasurer,,Health Reform Institute,Health Reform Institute,General Conference,Health Reform Institute,"Battle Creek, Mich.",United States
1886,15,A. R. Henry,Henry,,,male,Auditor,,Health Reform Institute,Health Reform Institute,General Conference,Health Reform Institute,"Battle Creek, Mich.",United States
1886,15,Mrs. L. M. Hall,Hall,Mrs.,,female,Matron,,Health Reform Institute,Health Reform Institute,General Conference,Health Reform Institute,"Battle Creek, Mich.",United States
1886,15,I. D. Van Horn,Van Horn,,,male,Director,,Health Reform Institute,Health Reform Institute,General Conference,Health Reform Institute,"Charlotte, Mich.",United States
1886,15,J. N. Loughborough,Loughborough,,,male,President,,Rural Health Retreat,Rural Health Retreat,California,Rural Health Retreat,"Oakland, Cal.",United States
1886,15,J. D. Rice,Rice,,,male,Secretary,,Rural Health Retreat,Rural Health Retreat,California,Rural Health Retreat,"St. Helena, Cal.",United States
1886,15,W. A. Pratt,Pratt,,,male,Director,,Rural Health Retreat,Rural Health Retreat,California,Rural Health Retreat,,United States
1886,15,J. H. Waggoner,Waggoner,,,male,Director,,Rural Health Retreat,Rural Health Retreat,California,Rural Health Retreat,,United States
1886,15,H. A. St. John,St. John,,,male,Director,,Rural Health Retreat,Rural Health Retreat,California,Rural Health Retreat,,United States
1886,15,W. C. White,White,,,male,Director,,Rural Health Retreat,Rural Health Retreat,California,Rural Health Retreat,,United States
1886,15,A. B. Atwood,Atwood,,,male,Director,,Rural Health Retreat,Rural Health Retreat,California,Rural Health Retreat,,United States
1886,15,J. S. Gibbs,Gibbs,,M.D.,male,Physician,,Rural Health Retreat,Rural Health Retreat,California,Rural Health Retreat,,United States
1886,15,W. P. Burke,Burke,,M.D.,male,Physician,,Rural Health Retreat,Rural Health Retreat,California,Rural Health Retreat,,United States
1886,15,S. N. Haskell,Haskell,,,male,President,,California Conference,State Conferences,California,,"South Lancaster, Mass.",United States
1886,15,J. H. Waggoner,Waggoner,,,male,Executive Committee,,California Conference,State Conferences,California,,"Oakland, Cal.",United States
1886,15,J. N. Loughborough,Loughborough,,,male,Executive Committee,,California Conference,State Conferences,California,,"Oakland, Cal.",United States
1886,15,E. J. Waggoner,Waggoner,,,male,Executive Committee,,California Conference,State Conferences,California,,"Oakland, Cal.",United States
1886,15,Wm. Ings,Ings,,,male,Executive Committee,,California Conference,State Conferences,California,,"Healdsburg, Cal.",United States
1886,15,E. A. Chapman,Chapman,,,male,Secretary,,California Conference,State Conferences,California,,"Oakland, Cal.",United States
1886,15,R. S. Owen,Owen,,,male,President,,Canada Conference,State Conferences,Canada,,"So. Stukely, P. Q.",Canada
1886,15,Andrew Blake,Blake,,,male,Executive Committee,,Canada Conference,State Conferences,Canada,,"So. Stukely, P. Q.",Canada
1886,15,Geo. Taylor,Taylor,,,male,Executive Committee,,Canada Conference,State Conferences,Canada,,"So. Bolton, P. Q.",Canada
1886,15,Mary L. Cushing,Cushing,,,female,Secretary and Treasurer,,Canada Conference,State Conferences,Canada,,"So. Stukely, P. Q.",Canada
1886,15,Wm. Ostrander,Ostrander,,,male,President,,Colorado Conference,State Conferences,Colorado,,"Denver, Colo.",United States
1886,15,Joel R. Palmer,Palmer,,,male,Executive Committee,,Colorado Conference,State Conferences,Colorado,,"Loveland, Colo.",United States
1886,15,H. H. Pierce,Pierce,,,male,Executive Committee,,Colorado Conference,State Conferences,Colorado,,"Boulder, Colo.",United States
1886,15,F. J. Belden,Belden,,,male,Secretary,,Colorado Conference,State Conferences,Colorado,,"Boulder, Colo.",United States
1886,15,Ethe Rankin,Rankin,,,,Treasurer,,Colorado Conference,State Conferences,Colorado,,"Denver, Colo.",United States
1886,15,A. D. Olsen,Olsen,,,male,President,,Dakota Conference,State Conferences,Dakota,,"Vilas, Dakota",United States
1886,15,S. B. Whitney,Whitney,,,male,Secretary,,Dakota Conference,State Conferences,Dakota,,"Bridgewater, Dakota",United States
1886,15,Jacob Reiswig,Reiswig,,,male,Executive Committee,,Dakota Conference,State Conferences,Dakota,,"Milltown, Dakota",United States
1886,15,J. R. Eastman,Eastman,,,male,Treasurer,,Dakota Conference,State Conferences,Dakota,,"Millbank, Dakota",United States
1886,15,Marcus Streman,Streman,,,male,Camp-meeting Committee,,Dakota Conference,State Conferences,Dakota,,"Daneville, Dakota",United States
1886,15,A. D. Smith,Smith,,,male,Camp-meeting Committee,,Dakota Conference,State Conferences,Dakota,,"Vilas, Dakota",United States
1886,15,N. P. Nelson,Nelson,,,male,Camp-meeting Committee,,Dakota Conference,State Conferences,Dakota,,"Swan Lake, Dakota",United States
1886,15,R. M. Kilgore,Kilgore,,,male,President,,Illinois Conference,State Conferences,Illinois,,"Chicago, Ill.",United States
1886,15,F. D. Starr,Starr,,,male,Executive Committee,,Illinois Conference,State Conferences,Illinois,,"Chicago, Ill.",United States
1886,15,A. O. Tait,Tait,,,male,Executive Committee,,Illinois Conference,State Conferences,Illinois,,"Onarga, Ill.",United States
1886,15,Geo. B. Starr,Starr,,,male,Secretary,,Illinois Conference,State Conferences,Illinois,,"Chicago, Ill.",United States
1886,15,Lizzie S. Campbell,Campbell,,,female,Treasurer,,Illinois Conference,State Conferences,Illinois,,"Chicago, Ill.",United States
1886,15,B. F. Merritt,Merritt,,,male,Camp-meeting Committee,,Illinois Conference,State Conferences,Illinois,,"Galva, Ill.",United States
1886,15,L. A. Logan,Logan,,,male,Camp-meeting Committee,,Illinois Conference,State Conferences,Illinois,,"Tilford, Ill.",United States
1886,15,A. F. Ballenger,Ballenger,,,male,Camp-meeting Committee,,Illinois Conference,State Conferences,Illinois,,"Ridott, Ill.",United States
1886,15,W. H. Bradley,Bradley,,,male,Camp-meeting Committee,,Illinois Conference,State Conferences,Illinois,,"Rockford, Ill.",United States
1886,15,J. F. Bennett,Bennett,,,male,Camp-meeting Committee,,Illinois Conference,State Conferences,Illinois,,"Belvidere, Ill.",United States
1886,15,Wm. Covert,Covert,,,male,President,,Indiana Conference,State Conferences,Indiana,,"New London, Ind.",United States
1886,15,J. M. Rees,Rees,,,male,Executive Committee,,Indiana Conference,State Conferences,Indiana,,"New London, Ind.",United States
1886,15,J. P. Henderson,Henderson,,,male,Executive Committee,,Indiana Conference,State Conferences,Indiana,,"Goodland, Ind.",United States
1886,15,W. A. Young,Young,,,male,Secretary,,Indiana Conference,State Conferences,Indiana,,"Indianapolis, Ind.",United States
1886,15,Wm. Hill,Hill,,,male,Treasurer,,Indiana Conference,State Conferences,Indiana,,"Rochester, Ind.",United States
1886,12,Linde S. Campbell,Campbell,,,female,Secretary,"No. 95 Thirty-fifth St., Chicago, Ill.",Illinois Tract Society,State Tract Societies,Illinois,,"Chicago, Ill.",United States
1886,12,W. A. Young,Young,,,male,Secretary,"32 Cherry St., Indianapolis, Ind.",Indiana Tract Society,State Tract Societies,Indiana,,"Indianapolis, Ind.",United States
1886,12,Mrs. Lizzie H. Farnsworth,Farnsworth,Mrs.,,female,Secretary,"Des Moines, Iowa",Iowa Tract Society,State Tract Societies,Iowa,,"Des Moines, Iowa",United States
1886,12,L. D. Chambers,Chambers,,,male,Secretary,"Box 160, Ottawa, Kans.",Kansas Tract Society,State Tract Societies,Kansas,,"Ottawa, Kans.",United States
1886,12,Bettie C. Saxby,Saxby,,,female,Secretary,"Nolin, Hardin Co., Ky.",Kentucky Tract Society,State Tract Societies,Kentucky,,"Nolin, Hardin Co., Ky.",United States
1886,12,Rose N. Redmond,Redmond,,,female,Secretary,"113 Pearl St., Portland, Me.",Maine Tract Society,State Tract Societies,Maine,,"Portland, Me.",United States
1886,12,Miss Hattie House,House,Miss,,female,Secretary,"Battle Creek, Mich.",Michigan Tract Society,State Tract Societies,Michigan,,"Battle Creek, Mich.",United States
1886,12,H. P. Holser,Holser,,,male,Secretary,"Box 1076, Minneapolis, Minn.",Minnesota Tract Society,State Tract Societies,Minnesota,,"Minneapolis, Minn.",United States
1886,12,Miss Clara K. Low,Low,Miss,,female,Secretary,"331 Bogue St., Sedalia, Mo.",Missouri Tract Society,State Tract Societies,Missouri,,"Sedalia, Mo.",United States
1886,12,Miss S. E. Whiteis,Whiteis,Miss,,female,Secretary,"Nebraska Tract Society, Fremont, Neb.",Nebraska Tract Society,State Tract Societies,Nebraska,,"Fremont, Neb.",United States
1886,12,Mrs. Eliza T. Palmer,Palmer,Mrs.,,female,Secretary,"N. E. Tract Depository, South Lancaster, Mass.",New England Tract Society,State Tract Societies,New England,,"South Lancaster, Mass.",United States
1886,12,Miss M. May Taylor,Taylor,Miss,,female,Secretary,"Rome, N. Y.",New York Tract Society,State Tract Societies,New York,,"Rome, N.Y.",United States
1886,12,Mrs. C. L. Boyd,Boyd,Mrs.,,female,Secretary,"East Portland, Oregon",North Pacific Tract Society,State Tract Societies,North Pacific,,"East Portland, Oregon",United States
1886,12,Mrs. Ida S. Gates,Gates,Mrs.,,female,Secretary,"rear Citizens' Savings Bank, second door, Columbus, Ohio",Ohio Tract Society,State Tract Societies,Ohio,,"Columbus, Ohio",United States
1886,12,L. C. Chadwick,Chadwick,,,male,Secretary,"Wellsville, N. Y.",Pennsylvania Tract Society,State Tract Societies,Pennsylvania,,"Wellsville, N.Y.",United States
1886,12,J. H. Dortch,Dortch,,,male,Secretary,"Springville, Henry Co., Tenn.",Tennessee Tract Society,State Tract Societies,Tennessee,,"Springville, Henry Co., Tenn.",United States
1886,12,Mrs. Lee Gregory,Gregory,Mrs.,,female,Secretary,"Denton, Denton Co., Tex.",Texas Tract Society,State Tract Societies,Texas,,"Denton, Denton Co., Tex.",United States
1886,12,Carrie E. Mills,Mills,,,female,Secretary,"Walla Walla, W. T.",Upper Columbia Tract Society,State Tract Societies,Upper Columbia,,"Walla Walla, W.T.",United States
1886,12,Lizzie A. Stone,Stone,,,female,Secretary,"South Lancaster, Mass.",Vermont Tract Society,State Tract Societies,Vermont,,"South Lancaster, Mass.",United States
1886,12,Lillie D. Woods,Woods,,,female,Secretary,"Quicksburg, Shenandoah Co., Va.",Virginia Tract Society,State Tract Societies,Virginia,,"Quicksburg, Shenandoah Co., Va.",United States
1886,12,Mary V. Thurston,Thurston,,,female,Secretary,"901 East Gorham St., Madison, Wis.",Wisconsin Tract Society,State Tract Societies,Wisconsin,,"Madison, Wis.",United States
1886,12,J. T. Trees,Trees,,,male,Secretary,"Tie Siding, Albany Co., Wyo.",Wyoming Tract Society,State Tract Societies,Wyoming,,"Tie Siding, Albany Co., Wyo.",United States
1886,12,N. S. Washbond,Washbond,,,male,Superintendent,Parlor reading and lecture-rooms at 208 State St.,Albany City Mission,City Missions,New York,Albany City Mission,"Albany, N.Y.",United States
1886,12,Alex. Gleason,Gleason,,,male,Superintendent,Parlor reading and lecture-rooms at 13 West Huron St.,Buffalo City Mission,City Missions,New York,Buffalo City Mission,"Buffalo, N.Y.",United States
1886,12,S. L. Edwards,Edwards,,,male,In charge,Mission and lecture-rooms at 21 Boylston Place,Boston City Mission,City Missions,New England,Boston City Mission,"Boston, Mass.",United States
1886,12,Geo. B. Starr,Starr,,,male,Manager,Free reading-room at 302 Vincennes Ave.,Chicago City Mission,City Missions,Illinois,Chicago City Mission,"Chicago, Ill.",United States
1886,12,Robert Vickery,Vickery,,,male,Manager,Free reading-room at 302 Vincennes Ave.,Chicago City Mission,City Missions,Illinois,Chicago City Mission,"Chicago, Ill.",United States
1886,12,James Sawyer,Sawyer,,,male,Manager,Free reading-room at 302 Vincennes Ave.,Chicago City Mission,City Missions,Illinois,Chicago City Mission,"Chicago, Ill.",United States
1886,12,E. C. Penn,Penn,,,male,In charge,Mission rooms at 330 Bridge St.,Cleveland City Mission,City Missions,Ohio,Cleveland City Mission,"Cleveland, Ohio",United States
1886,12,H. W. Cottrell,Cottrell,,,male,In charge,Mission rooms at 330 Bridge St.,Cleveland City Mission,City Missions,Ohio,Cleveland City Mission,"Cleveland, Ohio",United States
1886,12,Mrs. Ida Gates,Gates,Mrs.,,female,In charge,"Depository, city mission, and reading-rooms in rear of Citizens' Savings Bank",Columbus City Mission,City Missions,Ohio,Columbus City Mission,"Columbus, Ohio",United States
1886,12,Wm. Ostrander,Ostrander,,,male,Superintendent,"Depository, parlor reading-room and lecture hall, No. 831 California St.",Denver City Mission,City Missions,Colorado,Denver City Mission,"Denver, Col.",United States
1886,12,Wm. Potter,Potter,,,male,Superintendent,"Free reading-room and book depository, on L St. near corner of Fifth",East Portland City Mission,City Missions,North Pacific,East Portland City Mission,"East Portland, Or.",United States
1886,12,Miss Thayer,Thayer,Miss,,female,In charge,Tract and book depository at 79 Heneage St.,Great Grimsby City Mission,City Missions,General Conference,Great Grimsby City Mission,"Great Grimsby, Eng.",Europe
1886,12,Geo. R. Drew,Drew,,,male,In charge of ship work,"39 Grange Road, Birkenhead, Cheshire",Liverpool Ship Mission,City Missions,General Conference,,"Liverpool, Eng.",Europe
1886,12,J. H. Harland,Harland,,,male,In charge of ship work,Southampton,Southampton Ship Mission,City Missions,General Conference,,"Southampton, Eng.",Europe
1886,12,L. A. Scott,Scott,,,male,City Missionary,"Free reading-room, tract and book depository at Nuuanu Ave.",Honolulu City Mission,City Missions,General Conference,Honolulu City Mission,"Honolulu, H.I.",Pacific Islands
1886,12,A. LaRue,LaRue,,,male,Ship Missionary,"Free reading-room, tract and book depository at Nuuanu Ave.",Honolulu City Mission,City Missions,General Conference,Honolulu City Mission,"Honolulu, H.I.",Pacific Islands
1886,12,A. M. Bartlett,Bartlett,,,male,Superintendent,Reading-room and book depository at 32 Cherry St.,Indianapolis City Mission,City Missions,Indiana,Indianapolis City Mission,"Indianapolis, Ind.",United States
1886,17,D. B. Oviatt,Oviatt,,,male,President,Executive Committee,Pennsylvania Conference,General Conference Directories,Pennsylvania,,"Wellsville, N. Y.",United States
1886,17,J. W. Raymond,Raymond,,,male,Committee Member,Executive Committee,Pennsylvania Conference,General Conference Directories,Pennsylvania,,"Wheeler, N. Y.",United States
1886,17,I. N. Williams,Williams,,,male,Committee Member,Executive Committee,Pennsylvania Conference,General Conference Directories,Pennsylvania,,"Corydon, Pa.",United States
1886,17,J. E. Robinson,Robinson,,,male,Secretary,,Pennsylvania Conference,General Conference Directories,Pennsylvania,,"New Enterprise, Pa.",United States
1886,17,O. P. Galloway,Galloway,,,male,Treasurer,,Pennsylvania Conference,General Conference Directories,Pennsylvania,,"East Otto, N. Y.",United States
1886,17,S. Fulton,Fulton,,,male,President,Executive Committee,Tennessee Conference,General Conference Directories,Tennessee,,"Springville, Tenn.",United States
1886,17,T. B. Yates,Yates,,,male,Treasurer,Executive Committee,Tennessee Conference,General Conference Directories,Tennessee,,"Cross Plains, Tenn.",United States
1886,17,J. Q. Finch,Finch,,,male,Committee Member,Executive Committee,Tennessee Conference,General Conference Directories,Tennessee,,"Springville, Tenn.",United States
1886,17,M. C. Fulton,Fulton,,,,Secretary,,Tennessee Conference,General Conference Directories,Tennessee,,"Springville, Tenn.",United States
1886,17,W. S. Greer,Greer,,,male,President,Executive Committee,Texas Conference,General Conference Directories,Texas,,"Savoy, Tex.",United States
1886,17,H. Hayen,Hayen,,,male,Committee Member,Executive Committee,Texas Conference,General Conference Directories,Texas,,"Peoria, Tex.",United States
1886,17,J. M. Huguley,Huguley,,,male,Committee Member,Executive Committee,Texas Conference,General Conference Directories,Texas,,"Plano, Tex.",United States
1886,17,A. S. Chrisman,Chrisman,,,male,Secretary,,Texas Conference,General Conference Directories,Texas,,"Denton, Tex.",United States
1886,17,Jas. W. Gage,Gage,,,male,Treasurer,,Texas Conference,General Conference Directories,Texas,,"Peoria, Tex.",United States
1886,17,Andrew Wilson,Wilson,,,male,Camp-meeting Committee Member,,Texas Conference,General Conference Directories,Texas,,"Granbury, Tex.",United States
1886,17,J. C. Cole,Cole,,,male,Camp-meeting Committee Member,,Texas Conference,General Conference Directories,Texas,,"Dallas, Tex.",United States
1886,17,S. C. Morris,Morris,,,male,Camp-meeting Committee Member,,Texas Conference,General Conference Directories,Texas,,"Plano, Tex.",United States
1886,17,H. W. Decker,Decker,,,male,President,Executive Committee,Upper Columbia Conference,General Conference Directories,Upper Columbia,,"Walla Walla, Wash. Ter.",United States
1886,17,Wm. Raymond,Raymond,,,male,Committee Member,Executive Committee,Upper Columbia Conference,General Conference Directories,Upper Columbia,,"Summerville, Or.",United States
1886,17,I. M. Johns,Johns,,,male,Committee Member,Executive Committee,Upper Columbia Conference,General Conference Directories,Upper Columbia,,"Milton, Or.",United States
1886,17,E. G. Winkler,Winkler,,,male,Secretary,,Upper Columbia Conference,General Conference Directories,Upper Columbia,,"Rosalia, Wash. Ter.",United States
1886,17,B. F. Winkler,Winkler,,,male,Treasurer,,Upper Columbia Conference,General Conference Directories,Upper Columbia,,"Walla Walla, Wash. Ter.",United States
1886,17,I. E. Kimball,Kimball,,,male,President,Executive Committee,Vermont Conference,General Conference Directories,Vermont,,"Brandon, Vt.",United States
1886,17,H. Peebles,Peebles,,,male,Committee Member,Executive Committee,Vermont Conference,General Conference Directories,Vermont,,"15 Pearl St., Burlington, Vt.",United States
1886,17,H. W. Pierce,Pierce,,,male,Committee Member,Executive Committee,Vermont Conference,General Conference Directories,Vermont,,"Bordoville, Vt.",United States
1886,17,T. H. Pardon,Pardon,,,male,Secretary and Treasurer,,Vermont Conference,General Conference Directories,Vermont,,"Rutland, Vt.",United States
1886,17,A. C. Neff,Neff,,,male,President,Executive Committee,Virginia Conference,General Conference Directories,Virginia,,"Quicksburg, Va.",United States
1886,17,R. D. Hottel,Hottel,,,male,Secretary,Executive Committee,Virginia Conference,General Conference Directories,Virginia,,"Quicksburg, Va.",United States
1886,17,B. F. Purdham,Purdham,,,male,Committee Member,Executive Committee,Virginia Conference,General Conference Directories,Virginia,,"Sands, Va.",United States
1886,17,Peter Painter,Painter,,,male,Treasurer,,Virginia Conference,General Conference Directories,Virginia,,"Sands, Va.",United States
1886,17,R. T. Fultz,Fultz,,,male,Camp-meeting Committee Member,,Virginia Conference,General Conference Directories,Virginia,,"Quicksburg, Va.",United States
1886,17,Copenhaver,Copenhaver,,,,Camp-meeting Committee Member,,Virginia Conference,General Conference Directories,Virginia,,"Opequon, Va.",United States
1886,17,A. J. Breed,Breed,,,male,President,Executive Committee,Wisconsin Conference,General Conference Directories,Wisconsin,,"901 East Gorham St., Madison, Wis.",United States
1886,17,P. H. Cady,Cady,,,male,Committee Member,Executive Committee,Wisconsin Conference,General Conference Directories,Wisconsin,,"Poy Sippi, Wis.",United States
1886,17,T. B. Snow,Snow,,,male,Committee Member,Executive Committee,Wisconsin Conference,General Conference Directories,Wisconsin,,"Leon, Wis.",United States
1886,17,A. N. Hale,Hale,,,male,Secretary,,Wisconsin Conference,General Conference Directories,Wisconsin,,"Ft. Howard, Wis.",United States
1886,17,W. D. Stillman,Stillman,,,male,Treasurer,,Wisconsin Conference,General Conference Directories,Wisconsin,,"Madison, Wis.",United States
1886,17,J. G. Matteson,Matteson,,,male,President,Executive Committee,Denmark Conference,European Conferences,Denmark,,"O. Farimagsgade 49, 4 sal, Copenhagen",Scandinavia
1886,17,C. C. Hansen,Hansen,,,male,Committee Member,Executive Committee,Denmark Conference,European Conferences,Denmark,,,Scandinavia
1886,17,Knud Brorsen,Brorsen,,,male,Committee Member,Executive Committee,Denmark Conference,European Conferences,Denmark,,"Jested Gredsted Sta., Ribe",Scandinavia
1886,17,C. C. Hansen,Hansen,,,male,Secretary,,Denmark Conference,European Conferences,Denmark,,"Asaa, Hjallerup",Scandinavia
1886,17,J. C. Matteson,Matteson,,,male,President,Executive Committee,Sweden Conference,European Conferences,Sweden,,"O. Farimagsgade 49, 4 sal, Copenhagen, Denmark",Scandinavia
1886,17,J. E. Oberg,Oberg,,,male,Secretary,Executive Committee,Sweden Conference,European Conferences,Sweden,,Grythyttehed,Scandinavia
1886,17,C. G. Heath,Heath,,,male,Treasurer,Executive Committee,Sweden Conference,European Conferences,Sweden,,Grythyttehed,Scandinavia
1886,17,G. Johnson,Johnson,,,male,Committee Member,Executive Committee,Sweden Conference,European Conferences,Sweden,,Grythyttehed,Scandinavia
1886,17,P. Jernberg,Jernberg,,,male,Committee Member,Executive Committee,Sweden Conference,European Conferences,Sweden,,Grythyttehed,Scandinavia
1886,17,B. L. Whitney,Whitney,,,male,President,Executive Committee,Switzerland Conference,European Conferences,Switzerland,,"48 Weiherweg, Basle",Europe
1886,17,J. Ertzenberger,Ertzenberger,,,male,Committee Member,Executive Committee,Switzerland Conference,European Conferences,Switzerland,,"Rudolfstrasse 10, Basle",Europe
1886,17,Albert Vuilleumier,Vuilleumier,,,male,Committee Member,Executive Committee,Switzerland Conference,European Conferences,Switzerland,,Commond'riathe,Europe
1886,17,Arthur Bode,Bode,,,male,Secretary,,Switzerland Conference,European Conferences,Switzerland,,Chaux-de-Fonds,Europe
1886,17,J. E. Dietschy,Dietschy,,,male,Treasurer,,Switzerland Conference,European Conferences,Switzerland,,"48 Weiherweg, Basle",Europe
1886,17,S. N. Haskell,Haskell,,,male,President,,California T. and M. Society,State T. and M. Societies,California,,"South Lancaster, Mass.",United States
1886,17,Wm. Ings,Ings,,,male,Vice-President,,California T. and M. Society,State T. and M. Societies,California,,"Healdsburg, Cal.",United States
1886,17,Anna L. Ingels,Ingels,,,female,Secretary and Treasurer,,California T. and M. Society,State T. and M. Societies,California,,"Pacific Press, Oakland, Cal.",United States
1886,17,Marion Kleasir,Kleasir,,,,Assistant Secretary,,California T. and M. Society,State T. and M. Societies,California,,"Oakland, Cal.",United States
1886,17,N. C. McClure,McClure,,,male,Director,Dist. No. 1,California T. and M. Society,State T. and M. Societies,California,,"Oakland, Cal.",United States
1886,17,J. D. Rice,Rice,,,male,Director,Dist. No. 2,California T. and M. Society,State T. and M. Societies,California,,"St. Helena, Cal.",United States
1886,17,W. N. Glenn,Glenn,,,male,Director,Dist. Nos. 3 and 4,California T. and M. Society,State T. and M. Societies,California,,"Oakland, Cal.",United States
1886,17,W. G. Buckner,Buckner,,,male,Director,Dist. No. 5,California T. and M. Society,State T. and M. Societies,California,,"Lamoore, Cal.",United States
1886,17,John Fulton,Fulton,,,male,Director,Dist. No. 6,California T. and M. Society,State T. and M. Societies,California,,"Los Angeles, Cal.",United States
1886,17,J. W. Bond,Bond,,,male,Director,Dist. No. 7,California T. and M. Society,State T. and M. Societies,California,,"St. Clair, Nevada",United States
1886,17,R. S. Owen,Owen,,,male,President,,Canada T. and M. Society,State T. and M. Societies,Canada,,"So. Stokely, P. Q.",Canada
1886,17,Mary L. Cushing,Cushing,,,female,Secretary and Treasurer,,Canada T. and M. Society,State T. and M. Societies,Canada,,"So. Stokely, P. Q.",Canada
1886,17,Darwin Dingman,Dingman,,,male,Director,Dist. No. 1,Canada T. and M. Society,State T. and M. Societies,Canada,,"So. Bolton, P. Q.",Canada
1886,17,D. M. Wilson,Wilson,,,male,Director,Dist. No. 2,Canada T. and M. Society,State T. and M. Societies,Canada,,"Moe's River, P. Q.",Canada
1886,16,Geo. I. Butler,Butler,,,male,President,Executive Committee,Iowa Conference,State Conference Directories,Iowa,,"Battle Creek, Mich.",United States
1886,16,H. Nicola,Nicola,,,male,Committee Member,Executive Committee,Iowa Conference,State Conference Directories,Iowa,,"New Sharon, Iowa",United States
1886,16,A. G. Daniells,Daniells,,,male,Committee Member,Executive Committee,Iowa Conference,State Conference Directories,Iowa,,"Des Moines, Iowa",United States
1886,16,S. M. Jacobs,Jacobs,,,male,Secretary,,Iowa Conference,State Conference Directories,Iowa,,"Fontanelle, Iowa",United States
1886,16,C. F. Stevens,Stevens,,,male,Treasurer,,Iowa Conference,State Conference Directories,Iowa,,"Knoxville, Iowa",United States
1886,16,P. W. Baker,Baker,,,male,Camp-meeting Committee,,Iowa Conference,State Conference Directories,Iowa,,"Kellogg, Iowa",United States
1886,16,E. Lewis,Lewis,,,male,Camp-meeting Committee,,Iowa Conference,State Conference Directories,Iowa,,"Sandyville, Iowa",United States
1886,16,Lars Larsen,Larsen,,,male,Camp-meeting Committee,,Iowa Conference,State Conference Directories,Iowa,,"Harlan, Iowa",United States
1886,16,Chilon Neal,Neal,,,male,Camp-meeting Committee,,Iowa Conference,State Conference Directories,Iowa,,"Woodburn, Iowa",United States
1886,16,J. S. Hart,Hart,,,male,Camp-meeting Committee,,Iowa Conference,State Conference Directories,Iowa,,"State Center, Iowa",United States
1886,16,J. H. Cook,Cook,,,male,President,Executive Committee,Kansas Conference,State Conference Directories,Kansas,,"Ft. Scott, Kan.",United States
1886,16,John Gibbs,Gibbs,,,male,Committee Member,Executive Committee,Kansas Conference,State Conference Directories,Kansas,,"Ottawa, Kan.",United States
1886,16,E. T. Kalloch,Kalloch,,,male,Committee Member,Executive Committee,Kansas Conference,State Conference Directories,Kansas,,"Ft. Scott, Kan.",United States
1886,16,James Morrow,Morrow,,,male,Secretary,,Kansas Conference,State Conference Directories,Kansas,,"Moline, Kan.",United States
1886,16,A. G. Miller,Miller,,,male,Treasurer,,Kansas Conference,State Conference Directories,Kansas,,"Topeka, Kan.",United States
1886,16,G. G. Rupert,Rupert,,,male,President,Executive Committee,Kentucky Conference,State Conference Directories,Kentucky,,"West Clifty, Ky.",United States
1886,16,J. B. Forrest,Forrest,,,male,Treasurer,,Kentucky Conference,State Conference Directories,Kentucky,,"Knob Lick, Ky.",United States
1886,16,D. W. Barr,Barr,,,male,Committee Member,Executive Committee,Kentucky Conference,State Conference Directories,Kentucky,,"Elizabethtown, Ky.",United States
1886,16,Elsie Scott,Scott,Miss,,female,Secretary,,Kentucky Conference,State Conference Directories,Kentucky,,"Cecilan, Ky.",United States
1886,16,S. N. Haskell,Haskell,,,male,President,Executive Committee,Maine Conference,State Conference Directories,Maine,,"South Lancaster, Mass.",United States
1886,16,J. B. Goodrich,Goodrich,,,male,Committee Member,Executive Committee,Maine Conference,State Conference Directories,Maine,,"Hartland, Maine",United States
1886,16,A. O. Burrill,Burrill,,,male,Committee Member,Executive Committee,Maine Conference,State Conference Directories,Maine,,"Portland, Maine",United States
1886,16,Timothy Bryant,Bryant,,,male,Secretary,,Maine Conference,State Conference Directories,Maine,,"North Jay, Maine",United States
1886,16,S. H. Linscott,Linscott,,,male,Treasurer,,Maine Conference,State Conference Directories,Maine,,"Portland, Maine",United States
1886,16,T. S. Emery,Emery,,,male,Auditor,,Maine Conference,State Conference Directories,Maine,,"East Cornville, Maine",United States
1886,16,E. C. Taylor,Taylor,,,male,Camp-meeting Committee,,Maine Conference,State Conference Directories,Maine,,"So. Norridgewock, Maine",United States
1886,16,Geo. B. Umberhind,Umberhind,,,male,Camp-meeting Committee,,Maine Conference,State Conference Directories,Maine,,"Richmond, Maine",United States
1886,16,J. Fargo,Fargo,,,male,President,Executive Committee,Michigan Conference,State Conference Directories,Michigan,,"Greenville, Mich.",United States
1886,16,E. H. Root,Root,,,male,Committee Member,Executive Committee,Michigan Conference,State Conference Directories,Michigan,,"Coopersville, Mich.",United States
1886,16,I. D. Van Horn,Van Horn,,,male,Committee Member,Executive Committee,Michigan Conference,State Conference Directories,Michigan,,"Charlotte, Mich.",United States
1886,16,A. H. Mason,Mason,,,male,Secretary,,Michigan Conference,State Conference Directories,Michigan,,"Battle Creek, Mich.",United States
1886,16,Mrs. A. H. Mason,Mason,Mrs.,,female,Assistant Secretary,,Michigan Conference,State Conference Directories,Michigan,,"Battle Creek, Mich.",United States
1886,16,A. R. Henry,Henry,,,male,Treasurer,,Michigan Conference,State Conference Directories,Michigan,,"Battle Creek, Mich.",United States
1886,16,G. C. Tenney,Tenney,,,male,President,Executive Committee,Minnesota Conference,State Conference Directories,Minnesota,,"Minneapolis, Minn.",United States
1886,16,O. A. Olsen,Olsen,,,male,Committee Member,Executive Committee,Minnesota Conference,State Conference Directories,Minnesota,,"Battle Creek, Mich.",United States
1886,16,H. Grant,Grant,,,male,Committee Member,Executive Committee,Minnesota Conference,State Conference Directories,Minnesota,,"Medford, Minn.",United States
1886,16,D. P. Curtis,Curtis,,,male,Secretary,,Minnesota Conference,State Conference Directories,Minnesota,,"Hutchinson, Minn.",United States
1886,16,Allen Moon,Moon,,,male,Treasurer,,Minnesota Conference,State Conference Directories,Minnesota,,"Eagle Lake, Minn.",United States
1886,16,D. T. Jones,Jones,,,male,President,Executive Committee,Missouri Conference,State Conference Directories,Missouri,,"Kingsville, Mo.",United States
1886,16,N. W. Allee,Allee,,,male,Committee Member,Executive Committee,Missouri Conference,State Conference Directories,Missouri,,"Half Rock, Mo.",United States
1886,16,Rufus Low,Low,,,male,Committee Member,Executive Committee,Missouri Conference,State Conference Directories,Missouri,,"Sedalia, Mo.",United States
1886,16,H. D. Clark,Clark,,,male,Secretary,,Missouri Conference,State Conference Directories,Missouri,,"Beverly P. O., Mo.",United States
1886,16,Wm. Evans,Evans,,,male,Treasurer,,Missouri Conference,State Conference Directories,Missouri,,"Hamilton, Mo.",United States
1886,16,A. E. Flowers,Flowers,,,male,Camp-meeting Committee,,Missouri Conference,State Conference Directories,Missouri,,"Kingsville, Mo.",United States
1886,16,J. A. Banta,Banta,,,male,Camp-meeting Committee,,Missouri Conference,State Conference Directories,Missouri,,"Ten Mile, Mo.",United States
1886,16,R. Kasten,Kasten,,,male,Camp-meeting Committee,,Missouri Conference,State Conference Directories,Missouri,,"Nevada, Mo.",United States
1886,16,Vestal,Vestal,,,,Camp-meeting Committee,,Missouri Conference,State Conference Directories,Missouri,,"Gunn City, Mo.",United States
1886,16,S. Armstrong,Armstrong,,,male,Camp-meeting Committee,,Missouri Conference,State Conference Directories,Missouri,,"Springdale, Ark.",United States
1886,16,Wm. McAlexander,McAlexander,,,male,Camp-meeting Committee,,Missouri Conference,State Conference Directories,Missouri,,"Kingsville, Mo.",United States
1886,16,H. Shultz,Shultz,,,male,President,Executive Committee,Nebraska Conference,State Conference Directories,Nebraska,,"Stromsburg, Neb.",United States
1886,16,A. J. Cudney,Cudney,,,male,Committee Member,Executive Committee,Nebraska Conference,State Conference Directories,Nebraska,,"Lincoln, Neb.",United States
1886,16,J. C. Middaugh,Middaugh,,,male,Treasurer,,Nebraska Conference,State Conference Directories,Nebraska,,"Tremont, Neb.",United States
1886,16,John Clark,Clark,,,male,Secretary,,Nebraska Conference,State Conference Directories,Nebraska,,"Albion, Neb.",United States
1886,16,S. N. Haskell,Haskell,,,male,Committee Member,Executive Committee,New England Conference,State Conference Directories,New England,,"South Lancaster, Mass.",United States
1886,16,D. A. Robinson,Robinson,,,male,Committee Member,Executive Committee,New England Conference,State Conference Directories,New England,,"South Lancaster, Mass.",United States
1886,16,E. P. Farnsworth,Farnsworth,,,male,Committee Member,Executive Committee,New England Conference,State Conference Directories,New England,,"South Lancaster, Mass.",United States
1886,16,Arthur L. Wright,Wright,,,male,Secretary,,New England Conference,State Conference Directories,New England,,"Boston, Mass.",United States
1886,16,M. H. Brown,Brown,,,male,President,Executive Committee,New York Conference,State Conference Directories,New York,,"Adams Center, N.Y.",United States
1886,16,E. W. Whitney,Whitney,,,male,Committee Member,Executive Committee,New York Conference,State Conference Directories,New York,,"Rome, N.Y.",United States
1886,16,N. S. Washbond,Washbond,,,male,Committee Member,Executive Committee,New York Conference,State Conference Directories,New York,,"Albany, N.Y.",United States
1886,16,Harmon Lindsay,Lindsay,,,male,Committee Member,Executive Committee,New York Conference,State Conference Directories,New York,,"Loomier Station, N.Y.",United States
1886,16,W. H. Eggleston,Eggleston,,,male,Committee Member,Executive Committee,New York Conference,State Conference Directories,New York,,"Brownville, N.Y.",United States
1886,16,J. V. Willson,Willson,,,male,Camp-meeting Committee Superintendent,,New York Conference,State Conference Directories,New York,,"Syracuse, N.Y.",United States
1886,16,H. F. Foster,Foster,,,male,Camp-meeting Committee,,New York Conference,State Conference Directories,New York,,"Pulaski, N.Y.",United States
1886,16,Wm. F. Tyrel,Tyrel,,,male,Camp-meeting Committee,,New York Conference,State Conference Directories,New York,,"Buffalo, N.Y.",United States
1886,16,E. C. Hoxie,Hoxie,,,male,Camp-meeting Committee,,New York Conference,State Conference Directories,New York,,"Orwell, N.Y.",United States
1886,16,W. D. Blount,Blount,,,male,Camp-meeting Committee,,New York Conference,State Conference Directories,New York,,"Williamstown, N.Y.",United States
1886,16,Chas. L. Boyd,Boyd,,,male,President,Executive Committee,North Pacific Conference,State Conference Directories,North Pacific,,"East Portland, Or.",United States
1886,16,John E. Graham,Graham,,,male,Committee Member,Executive Committee,North Pacific Conference,State Conference Directories,North Pacific,,"East Portland, Or.",United States
1886,16,Wm. Potter,Potter,,,male,Committee Member,Executive Committee,North Pacific Conference,State Conference Directories,North Pacific,,"East Portland, Or.",United States
1886,16,R. W. Reed,Reed,,,male,Secretary,,North Pacific Conference,State Conference Directories,North Pacific,,"East Portland, Or.",United States
1886,16,O. Dickenson,Dickenson,,,male,Treasurer,,North Pacific Conference,State Conference Directories,North Pacific,,"Salem, Or.",United States
1886,16,H. A. Baxter,Baxter,,,male,Camp-meeting Committee,,North Pacific Conference,State Conference Directories,North Pacific,,"Grant's Pass, Or.",United States
1886,16,John M. Cole,Cole,,,male,Camp-meeting Committee,,North Pacific Conference,State Conference Directories,North Pacific,,"East Portland, Or.",United States
1886,16,T. H. Starbuck,Starbuck,,,male,Camp-meeting Committee,,North Pacific Conference,State Conference Directories,North Pacific,,"Salem, Or.",United States
1886,16,E. D. Hurlbert,Hurlbert,,,male,Camp-meeting Committee,,North Pacific Conference,State Conference Directories,North Pacific,,"Vancouver, Wash. Ter.",United States
1886,16,Charles Kline,Kline,,,male,Camp-meeting Committee,,North Pacific Conference,State Conference Directories,North Pacific,,"Beaverton, Wash. Ter.",United States
1886,16,R. A. Underwood,Underwood,,,male,President,Executive Committee,Ohio Conference,State Conference Directories,Ohio,,"Mesopotamia, Ohio",United States
1886,16,E. H. Gates,Gates,,,male,Committee Member,Executive Committee,Ohio Conference,State Conference Directories,Ohio,,"Columbus, Ohio",United States
1886,16,W. J. Stone,Stone,,,male,Committee Member,Executive Committee,Ohio Conference,State Conference Directories,Ohio,,"La Grange, Ohio",United States
1886,16,L. T. Dysert,Dysert,,,male,Secretary,,Ohio Conference,State Conference Directories,Ohio,,"Clyde, Ohio",United States
1886,16,James Rowe,Rowe,,,male,Treasurer,,Ohio Conference,State Conference Directories,Ohio,,"Clyde, Ohio",United States
1886,19,Franklin Squire,Squire,,,male,Director,"Dist. No. 8, Pompeii",Michigan Tract and Missionary Society,General Directories,Michigan,,"Pompeii, Mich.",United States
1886,19,E. S. Griggs,Griggs,,,male,Director,"Dist. No. 8, St. Charles",Michigan Tract and Missionary Society,General Directories,Michigan,,"St. Charles, Mich.",United States
1886,19,Leonard Laroue,Laroue,,,male,Director,"Dist. No. 9, Rochester",Michigan Tract and Missionary Society,General Directories,Michigan,,"Rochester, Mich.",United States
1886,19,Geo. H. Randall,Randall,,,male,Director,"Dist. No. 10, Flint",Michigan Tract and Missionary Society,General Directories,Michigan,,"Flint, Mich.",United States
1886,19,H. S. Lay,Lay,,,male,Director,"Dist. No. 11, Petoskey",Michigan Tract and Missionary Society,General Directories,Michigan,,"Petoskey, Mich.",United States
1886,19,G. C. Tenney,Tenney,,,male,President,,Minnesota Tract and Missionary Society,General Directories,Minnesota,,"Minneapolis, Minn.",United States
1886,19,O. A. Olsen,Olsen,,,male,Vice-President,,Minnesota Tract and Missionary Society,General Directories,Minnesota,,"Battle Creek, Mich.",United States
1886,19,H. P. Holser,Holser,,,male,Secretary and Treasurer,,Minnesota Tract and Missionary Society,General Directories,Minnesota,,"Minneapolis, Minn.",United States
1886,19,F. L. Mead,Mead,,,male,Director,"Dist. No. 9, Mankato",Minnesota Tract and Missionary Society,General Directories,Minnesota,,"Mankato, Minn.",United States
1886,19,C. M. Everest,Everest,,,male,Director,"Dist. No. 3, Crow Wing",Minnesota Tract and Missionary Society,General Directories,Minnesota,,"Crow Wing, Minn.",United States
1886,19,Allen Moon,Moon,,,male,Director,"Dist. No. 4, Eagle Lake",Minnesota Tract and Missionary Society,General Directories,Minnesota,,"Eagle Lake, Minn.",United States
1886,19,C. D. Chipman,Chipman,,,male,Director,"Dist. No. 5, Redwood Falls",Minnesota Tract and Missionary Society,General Directories,Minnesota,,"Redwood Falls, Minn.",United States
1886,19,C. M. Everest,Everest,,,male,Director,"Dist. No. 6, Crow Wing",Minnesota Tract and Missionary Society,General Directories,Minnesota,,"Crow Wing, Minn.",United States
1886,19,F. A. Lashier,Lashier,,,male,Director,"Dist. No. 7, Sank Center",Minnesota Tract and Missionary Society,General Directories,Minnesota,,"Sank Center, Minn.",United States
1886,19,C. A. Wyman,Wyman,,,male,Director,"Dist. No. 8, Hutchinson",Minnesota Tract and Missionary Society,General Directories,Minnesota,,"Hutchinson, Minn.",United States
1886,19,G. C. Tenney,Tenney,,,male,Director,"Dist. No. 9, Minneapolis",Minnesota Tract and Missionary Society,General Directories,Minnesota,,"Minneapolis, Minn.",United States
1886,19,M. M. Olsen,Olsen,,,male,Director,"Dist. No. 10, Portland, Dakota",Minnesota Tract and Missionary Society,General Directories,Minnesota,,"Portland, Dakota",United States
1886,19,D. T. Jones,Jones,,,male,President,,Missouri Tract and Missionary Society,General Directories,Missouri,,"Kingsville, Mo.",United States
1886,19,Clara E. Low,Low,,,female,Secretary and Treasurer,,Missouri Tract and Missionary Society,General Directories,Missouri,,"Sedalia, Mo.",United States
1886,19,E. A. Dean,Dean,,,male,Director,"Dist. No. 1, Half Rock",Missouri Tract and Missionary Society,General Directories,Missouri,,"Half Rock, Mo.",United States
1886,19,C. J. Dasher,Dasher,,,male,Director,"Dist. No. 2, Utica",Missouri Tract and Missionary Society,General Directories,Missouri,,"Utica, Mo.",United States
1886,19,Rufus Low,Low,,,male,Director,"Dist. No. 3, Sedalia",Missouri Tract and Missionary Society,General Directories,Missouri,,"Sedalia, Mo.",United States
1886,19,J. F. Klostenmeyer,Klostenmeyer,,,male,Director,"Dist. No. 4, Rockdale",Missouri Tract and Missionary Society,General Directories,Missouri,,"Rockdale, Mo.",United States
1886,19,Eli Wick,Wick,,,male,Director,"Dist. No. 5, Carthage",Missouri Tract and Missionary Society,General Directories,Missouri,,"Carthage, Mo.",United States
1886,19,Mrs. Mary Beddow,Beddow,Mrs.,,female,Director,"Dist. No. 6, Rolla",Missouri Tract and Missionary Society,General Directories,Missouri,,"Rolla, Mo.",United States
1886,19,J. M. Gallemore,Gallemore,,,male,Director,"Dist. No. 7, Salisbury",Missouri Tract and Missionary Society,General Directories,Missouri,,"Salisbury, Mo.",United States
1886,19,H. Shultz,Shultz,,,male,President,,Nebraska Tract and Missionary Society,General Directories,Nebraska,,"Stromsburg, Neb.",United States
1886,19,D. Nettleton,Nettleton,,,male,Vice-President,,Nebraska Tract and Missionary Society,General Directories,Nebraska,,"Fremont, Neb.",United States
1886,19,S. E. Whiteis,Whiteis,,,male,Secretary and Treasurer,,Nebraska Tract and Missionary Society,General Directories,Nebraska,,"Fremont, Neb.",United States
1886,19,John Lorntz,Lorntz,,,male,Salesman,,Nebraska Tract and Missionary Society,General Directories,Nebraska,,"Fremont, Neb.",United States
1886,19,John Lorntz,Lorntz,,,male,Director,"Dist. No. 1, Fremont",Nebraska Tract and Missionary Society,General Directories,Nebraska,,"Fremont, Neb.",United States
1886,19,G. S. Reichard,Reichard,,,male,Director,"Dist. No. 2, Stromsburg",Nebraska Tract and Missionary Society,General Directories,Nebraska,,"Stromsburg, Neb.",United States
1886,19,O. W. Bent,Bent,,,male,Director,"Dist. No. 3, Lincoln",Nebraska Tract and Missionary Society,General Directories,Nebraska,,"Lincoln, Neb.",United States
1886,19,W. D. Chapman,Chapman,,,male,Director,"Dist. No. 4, Sett",Nebraska Tract and Missionary Society,General Directories,Nebraska,,"Sett, Neb.",United States
1886,19,John Clark,Clark,,,male,Director,"Dist. No. 5, Albion",Nebraska Tract and Missionary Society,General Directories,Nebraska,,"Albion, Neb.",United States
1886,19,A. McKay,McKay,,,male,Director,"Dist. No. 6, Silver Creek",Nebraska Tract and Missionary Society,General Directories,Nebraska,,"Silver Creek, Neb.",United States
1886,19,S. N. Haskell,Haskell,,,male,President,,New England Tract and Missionary Society,General Directories,New England,,"South Lancaster, Mass.",United States
1886,19,D. A. Robinson,Robinson,,,male,Vice-President,,New England Tract and Missionary Society,General Directories,New England,,"South Lancaster, Mass.",United States
1886,19,Mrs. E. T. Palmer,Palmer,Mrs.,,female,Secretary and Treasurer,,New England Tract and Missionary Society,General Directories,New England,,"South Lancaster, Mass.",United States
1886,19,J. C. Tucker,Tucker,,,male,Director,"Dist. No. 1, Gould, R.I.",New England Tract and Missionary Society,General Directories,New England,,"Gould, R.I.",United States
1886,19,E. P. Farnsworth,Farnsworth,,,male,Director,"Dist. No. 2, South Lancaster, Mass.",New England Tract and Missionary Society,General Directories,New England,,"South Lancaster, Mass.",United States
1886,19,F. W. Mace,Mace,,,male,Director,"Dist. No. 3, South Lancaster, Mass.",New England Tract and Missionary Society,General Directories,New England,,"South Lancaster, Mass.",United States
1886,19,H. P. Wakefield,Wakefield,,,male,Director,"Dist. No. 4, North Newport, N.H.",New England Tract and Missionary Society,General Directories,New England,,"North Newport, N.H.",United States
1886,19,F. B. Reed,Reed,,,male,Director,"Dist. No. 5, Lakeville, Conn.",New England Tract and Missionary Society,General Directories,New England,,"Lakeville, Conn.",United States
1886,19,W. L. Payne,Payne,,,male,Director,"Dist. No. 6, Charlemont, Mass.",New England Tract and Missionary Society,General Directories,New England,,"Charlemont, Mass.",United States
1886,19,S. N. Peabody,Peabody,,,male,Director,"Dist. No. 7, Bradford, Mass.",New England Tract and Missionary Society,General Directories,New England,,"Bradford, Mass.",United States
1886,19,W. J. Boynton,Boynton,,,male,Director,"Dist. No. 8, Camden, N.J.",New England Tract and Missionary Society,General Directories,New England,,"Camden, N.J.",United States
1886,19,E. W. Whitney,Whitney,,,male,President,,New York Tract and Missionary Society,General Directories,New York,,"Rome, N.Y.",United States
1886,19,Harmon Lindsay,Lindsay,,,male,Vice-President,,New York Tract and Missionary Society,General Directories,New York,,"Coomer Station, N.Y.",United States
1886,19,M. May Taylor,Taylor,,,female,Secretary and Treasurer,,New York Tract and Missionary Society,General Directories,New York,,"Rome, N.Y.",United States
1886,19,Gertrude I. Russell,Russell,,,female,Assistant Secretary,,New York Tract and Missionary Society,General Directories,New York,,"Rome, N.Y.",United States
1886,19,Harmon Lindsay,Lindsay,,,male,Director,"Dist. No. 1, Coomer Station",New York Tract and Missionary Society,General Directories,New York,,"Coomer Station, N.Y.",United States
1886,19,John Place,Place,,,male,Director,"Dist. No. 2, So. West Oswego",New York Tract and Missionary Society,General Directories,New York,,"So. West Oswego, N.Y.",United States
1886,19,H. F. Roster,Roster,,,male,Director,"Dist. No. 3, Pulaski",New York Tract and Missionary Society,General Directories,New York,,"Pulaski, N.Y.",United States
1886,19,H. Dana,Dana,,,male,Director,"Dist. No. 4, Russell",New York Tract and Missionary Society,General Directories,New York,,"Russell, N.Y.",United States
1886,19,I. N. Russell,Russell,,,male,Director,"Dist. No. 5, Keene",New York Tract and Missionary Society,General Directories,New York,,"Keene, N.Y.",United States
1886,19,David Carr,Carr,,,male,Director,"Dist. No. 6, North Creek",New York Tract and Missionary Society,General Directories,New York,,"North Creek, N.Y.",United States
1886,19,T. P. Wheeler,Wheeler,,,male,Director,"Dist. No. 7, Brookfield",New York Tract and Missionary Society,General Directories,New York,,"Brookfield, N.Y.",United States
1886,19,J. V. Willson,Willson,,,male,Director,"Dist. No. 8, Syracuse",New York Tract and Missionary Society,General Directories,New York,,"Syracuse, N.Y.",United States
1886,19,Geo. Rea,Rea,,,male,Director,"Dist. No. 9, Auburn",New York Tract and Missionary Society,General Directories,New York,,"Auburn, N.Y.",United States
1886,19,Chas. L. Boyd,Boyd,,,male,President,,North Pacific Tract and Missionary Society,General Directories,North Pacific,,"East Portland, Or.",United States
1886,19,W. E. D. Potter,Potter,,,male,Vice-President,,North Pacific Tract and Missionary Society,General Directories,North Pacific,,"East Portland, Or.",United States
1886,19,Mrs. C. L. Boyd,Boyd,Mrs.,,female,Secretary,,North Pacific Tract and Missionary Society,General Directories,North Pacific,,"East Portland, Or.",United States
1886,19,J. C. Bunch,Bunch,,,male,Director,"Dist. No. 1, Coquille City, Or.",North Pacific Tract and Missionary Society,General Directories,North Pacific,,"Coquille City, Or.",United States
1886,19,H. A. Baxter,Baxter,,,male,Director,"Dist. No. 1, Grant's Pass, Or.",North Pacific Tract and Missionary Society,General Directories,North Pacific,,"Grant's Pass, Or.",United States
1886,19,Geo. Fulton,Fulton,,,male,Director,"Dist. No. 2, Salem, Or.",North Pacific Tract and Missionary Society,General Directories,North Pacific,,"Salem, Or.",United States
1886,19,E. D. Hurlbert,Hurlbert,,,male,Director,"Dist. No. 3, Vancouver, Wash. Ter.",North Pacific Tract and Missionary Society,General Directories,North Pacific,,"Vancouver, Wash. Ter.",United States
1886,19,Chas. Holt,Holt,,,male,Director,"Dist. No. 4, Sumner, Wash. Ter.",North Pacific Tract and Missionary Society,General Directories,North Pacific,,"Sumner, Wash. Ter.",United States
1886,19,E. H. Gates,Gates,,,male,President,,Ohio Tract and Missionary Society,General Directories,Ohio,,"Columbus, Ohio",United States
1886,19,W. J. Stone,Stone,,,male,Vice-President,,Ohio Tract and Missionary Society,General Directories,Ohio,,"LaGrange, Ohio",United States
1886,19,Ida S. Gates,Gates,,,female,Secretary and Treasurer,,Ohio Tract and Missionary Society,General Directories,Ohio,,"Columbus, Ohio",United States
1886,19,L. B. Haughey,Haughey,,,male,Director,"Dist. No. 1, Sabina",Ohio Tract and Missionary Society,General Directories,Ohio,,"Sabina, Ohio",United States
1886,19,J. S. Iles,Iles,,,male,Director,"Dist. No. 2, Chesterville",Ohio Tract and Missionary Society,General Directories,Ohio,,"Chesterville, Ohio",United States
1886,19,John Franz,Franz,,,male,Director,"Dist. No. 3, Akron",Ohio Tract and Missionary Society,General Directories,Ohio,,"Akron, Ohio",United States
1886,19,L. T. Dyson,Dyson,,,male,Director,"Dist. No. 4, Clyde",Ohio Tract and Missionary Society,General Directories,Ohio,,"Clyde, Ohio",United States
1886,19,Rudolph Fisher,Fisher,,,male,Director,"Dist. No. 5, Hamler",Ohio Tract and Missionary Society,General Directories,Ohio,,"Hamler, Ohio",United States
1886,19,J. M. Watts,Watts,,,male,Director,"Dist. No. 6, Mendon",Ohio Tract and Missionary Society,General Directories,Ohio,,"Mendon, Ohio",United States
1886,19,D. B. Oviatt,Oviatt,,,male,President,,Pennsylvania Tract and Missionary Society,General Directories,Pennsylvania,,"Wellsville, N.Y.",United States
1886,19,J. W. Raymond,Raymond,,,male,Vice-President,,Pennsylvania Tract and Missionary Society,General Directories,Pennsylvania,,"Wheeler, N.Y.",United States
1886,19,L. C. Chadwick,Chadwick,,,male,Secretary and Treasurer,,Pennsylvania Tract and Missionary Society,General Directories,Pennsylvania,,"Wellsville, N.Y.",United States
1886,19,N. S. Raymond,Raymond,,,male,Director,"Dist. No. 1, Wheeler, N.Y.",Pennsylvania Tract and Missionary Society,General Directories,Pennsylvania,,"Wheeler, N.Y.",United States
1886,19,Wm. Simkin,Simkin,,,male,Director,"Dist. No. 2, Wellsville, N.Y.",Pennsylvania Tract and Missionary Society,General Directories,Pennsylvania,,"Wellsville, N.Y.",United States
1886,19,G. G. Green,Green,,,male,Director,"Dist. No. 3, Little Genesee, N.Y.",Pennsylvania Tract and Missionary Society,General Directories,Pennsylvania,,"Little Genesee, N.Y.",United States
1886,19,W. W. Williams,Williams,,,male,Director,"Dist. No. 4, Corydon, Pa.",Pennsylvania Tract and Missionary Society,General Directories,Pennsylvania,,"Corydon, Pa.",United States
1886,19,John Ayling,Ayling,,,male,Director,"Dist. No. 5, Bear Lake, Pa.",Pennsylvania Tract and Missionary Society,General Directories,Pennsylvania,,"Bear Lake, Pa.",United States
1886,19,S. Fulton,Fulton,,,male,President,,Tennessee Tract and Missionary Society,General Directories,Tennessee,,"Springville, Tenn.",United States
1886,19,J. B. Yates,Yates,,,male,Vice-President,,Tennessee Tract and Missionary Society,General Directories,Tennessee,,"Cross Plains, Tenn.",United States
1886,19,J. H. Dortch,Dortch,,,male,Secretary and Treasurer,,Tennessee Tract and Missionary Society,General Directories,Tennessee,,"Springville, Tenn.",United States
1886,19,G. W. Dortch,Dortch,,,male,Director,"Dist. No. 1, Springville",Tennessee Tract and Missionary Society,General Directories,Tennessee,,"Springville, Tenn.",United States
1886,19,J. E. White,White,,,male,Director,"Dist. No. 2, Cross Plains",Tennessee Tract and Missionary Society,General Directories,Tennessee,,"Cross Plains, Tenn.",United States
1886,18,H. H. Pierce,Pierce,,,male,Director,Dist. No. 1,Colorado Tract and Missionary Society,State Tract and Missionary Society Directories,Colorado,,"Boulder, Colo.",United States
1886,18,I. P. Haskell,Haskell,,,male,Director,Dist. No. 2,Colorado Tract and Missionary Society,State Tract and Missionary Society Directories,Colorado,,"Denver, Colo.",United States
1886,18,G. W. York,York,,,male,Director,,Colorado Tract and Missionary Society,State Tract and Missionary Society Directories,Colorado,,"Silver, Colo.",United States
1886,18,Joel E. Palmer,Palmer,,,male,Director,,Colorado Tract and Missionary Society,State Tract and Missionary Society Directories,Colorado,,"Loveland, Colo.",United States
1886,18,A. D. Olsen,Olsen,,,male,President,,Dakota Tract and Missionary Society,State Tract and Missionary Society Directories,Dakota,,"Vilas, Dakota",United States
1886,18,S. R. Whitney,Whitney,,,male,Vice-President,,Dakota Tract and Missionary Society,State Tract and Missionary Society Directories,Dakota,,"Bridgewater, Dakota",United States
1886,18,Alice H. Beaumont,Beaumont,,,female,Secretary and Treasurer,,Dakota Tract and Missionary Society,State Tract and Missionary Society Directories,Dakota,,"Vilas, Dakota",United States
1886,18,H. N. Abbott,Abbott,,,male,Director,Dist. No. 1,Dakota Tract and Missionary Society,State Tract and Missionary Society Directories,Dakota,,"Beresford, Dakota",United States
1886,18,E. O. Burgess,Burgess,,,male,Director,Dist. No. 2,Dakota Tract and Missionary Society,State Tract and Missionary Society Directories,Dakota,,"Parker, Dakota",United States
1886,18,M. M. Row,Row,,,male,Director,Dist. No. 3,Dakota Tract and Missionary Society,State Tract and Missionary Society Directories,Dakota,,"Battle Creek, Mich.",United States
1886,18,A. N. Starr,Starr,,,male,Director,Dist. No. 4,Dakota Tract and Missionary Society,State Tract and Missionary Society Directories,Dakota,,"Iroquois, Dakota",United States
1886,18,L. C. Nelson,Nelson,,,male,Director,Dist. No. 5,Dakota Tract and Missionary Society,State Tract and Missionary Society Directories,Dakota,,"Bridgewater, Dakota",United States
1886,18,R. M. Kilgore,Kilgore,,,male,President,,Illinois Tract and Missionary Society,State Tract and Missionary Society Directories,Illinois,,"Chicago, Ill.",United States
1886,18,B. F. Merritt,Merritt,,,male,Vice-President,,Illinois Tract and Missionary Society,State Tract and Missionary Society Directories,Illinois,,"Galva, Ill.",United States
1886,18,Lizzie S. Campbell,Campbell,,,female,Secretary and Treasurer,,Illinois Tract and Missionary Society,State Tract and Missionary Society Directories,Illinois,,"Chicago, Ill.",United States
1886,18,A. E. Bostwick,Bostwick,,,male,Director,Dist. No. 1,Illinois Tract and Missionary Society,State Tract and Missionary Society Directories,Illinois,,"Lena, Ill.",United States
1886,18,A. F. Ballenger,Ballenger,,,male,Director,Dist. No. 2,Illinois Tract and Missionary Society,State Tract and Missionary Society Directories,Illinois,,"Ridott, Ill.",United States
1886,18,C. Turnipseed,Turnipseed,,,male,Director,Dist. No. 3,Illinois Tract and Missionary Society,State Tract and Missionary Society Directories,Illinois,,"Money Creek, Ill.",United States
1886,18,Samuel Greer,Greer,,,male,Director,Dist. No. 4,Illinois Tract and Missionary Society,State Tract and Missionary Society Directories,Illinois,,"Alecto, Ill.",United States
1886,18,Wm. Penniman,Penniman,,,male,Director,Dist. No. 6,Illinois Tract and Missionary Society,State Tract and Missionary Society Directories,Illinois,,"Woodburn, Ill.",United States
1886,18,M. M. Taggart,Taggart,,,male,Director,Dist. No. 7,Illinois Tract and Missionary Society,State Tract and Missionary Society Directories,Illinois,,"Martinsville, Ill.",United States
1886,18,L. A. Logan,Logan,,,male,Director,Dist. No. 8,Illinois Tract and Missionary Society,State Tract and Missionary Society Directories,Illinois,,"Tilford, Ill.",United States
1886,18,A. O. Tait,Tait,,,male,Director,Dist. No. 9,Illinois Tract and Missionary Society,State Tract and Missionary Society Directories,Illinois,,"Grange, Ill.",United States
1886,18,Ephraim M. Newlin,Newlin,,,male,Director,Dist. No. 10,Illinois Tract and Missionary Society,State Tract and Missionary Society Directories,Illinois,,"Lovington, Ill.",United States
1886,18,S. Glascock,Glascock,,,male,Director,Dist. No. 11,Illinois Tract and Missionary Society,State Tract and Missionary Society Directories,Illinois,,"Morrison, Ill.",United States
1886,18,Wm. T. Hibben,Hibben,,,male,Director,Dist. No. 12,Illinois Tract and Missionary Society,State Tract and Missionary Society Directories,Illinois,,"Sheridan, Ill.",United States
1886,18,Wm. Covert,Covert,,,male,President,,Indiana Tract and Missionary Society,State Tract and Missionary Society Directories,Indiana,,"New London, Ind.",United States
1886,18,J. P. Henderson,Henderson,,,male,Vice-President,,Indiana Tract and Missionary Society,State Tract and Missionary Society Directories,Indiana,,"Goodland, Ind.",United States
1886,18,W. A. Young,Young,,,male,Secretary and Treasurer,,Indiana Tract and Missionary Society,State Tract and Missionary Society Directories,Indiana,,"Indianapolis, Ind.",United States
1886,18,Joel Yeager,Yeager,,,male,Director,Dist. No. 1,Indiana Tract and Missionary Society,State Tract and Missionary Society Directories,Indiana,,"Ligonier, Ind.",United States
1886,18,Wm. R. Carpenter,Carpenter,,,male,Director,Dist. No. 2,Indiana Tract and Missionary Society,State Tract and Missionary Society Directories,Indiana,,"North Liberty, Ind.",United States
1886,18,Jesse Woods,Woods,,,male,Director,Dist. No. 3,Indiana Tract and Missionary Society,State Tract and Missionary Society Directories,Indiana,,"Denver, Ind.",United States
1886,18,J. P. Henderson,Henderson,,,male,Director,Dist. No. 4,Indiana Tract and Missionary Society,State Tract and Missionary Society Directories,Indiana,,"Goodland, Ind.",United States
1886,18,E. E. Marvin,Marvin,,,male,Director,Dist. No. 5,Indiana Tract and Missionary Society,State Tract and Missionary Society Directories,Indiana,,"Alto, Ind.",United States
1886,18,Theodore Clapper,Clapper,,,male,Director,Dist. No. 6,Indiana Tract and Missionary Society,State Tract and Missionary Society Directories,Indiana,,"Hartford City, Ind.",United States
1886,18,J. W. Covert,Covert,,,male,Director,Dist. No. 7,Indiana Tract and Missionary Society,State Tract and Missionary Society Directories,Indiana,,"New London, Ind.",United States
1886,18,N. W. Kauble,Kauble,,,male,Director,Dist. No. 8,Indiana Tract and Missionary Society,State Tract and Missionary Society Directories,Indiana,,"Patriot, Ind.",United States
1886,18,D. H. Oberholtzer,Oberholtzer,,,male,Director,Dist. No. 9,Indiana Tract and Missionary Society,State Tract and Missionary Society Directories,Indiana,,"Farmersburg, Ind.",United States
1886,18,M. G. Huffman,Huffman,,,male,Director,Dist. No. 10,Indiana Tract and Missionary Society,State Tract and Missionary Society Directories,Indiana,,"New Marion, Ind.",United States
1886,18,Geo. I. Butler,Butler,,,male,President,,Iowa Tract and Missionary Society,State Tract and Missionary Society Directories,Iowa,,"Battle Creek, Mich.",United States
1886,18,H. Nicola,Nicola,,,male,Vice-President,,Iowa Tract and Missionary Society,State Tract and Missionary Society Directories,Iowa,,"New Sharon, Iowa",United States
1886,18,L. B. Farnsworth,Farnsworth,,,male,Secretary and Treasurer,,Iowa Tract and Missionary Society,State Tract and Missionary Society Directories,Iowa,,"Des Moines, Iowa",United States
1886,18,E. W. Chapman,Chapman,,,male,Director,Dist. No. 1,Iowa Tract and Missionary Society,State Tract and Missionary Society Directories,Iowa,,"West Union, Iowa",United States
1886,18,I. F. Mitchell,Mitchell,,,male,Director,Dist. No. 2,Iowa Tract and Missionary Society,State Tract and Missionary Society Directories,Iowa,,"Lisbon, Iowa",United States
1886,18,J. W. Adams,Adams,,,male,Director,Dist. No. 3,Iowa Tract and Missionary Society,State Tract and Missionary Society Directories,Iowa,,"Richmond, Iowa",United States
1886,18,W. W. Conklin,Conklin,,,male,Director,Dist. No. 4,Iowa Tract and Missionary Society,State Tract and Missionary Society Directories,Iowa,,"Mount Pleasant, Iowa",United States
1886,18,Noah Hodges,Hodges,,,male,Director,Dist. No. 5,Iowa Tract and Missionary Society,State Tract and Missionary Society Directories,Iowa,,"Sandyville, Iowa",United States
1886,18,Jacob Shively,Shively,,,male,Director,Dist. No. 6,Iowa Tract and Missionary Society,State Tract and Missionary Society Directories,Iowa,,"Woodburn, Iowa",United States
1886,18,A. J. Stiffler,Stiffler,,,male,Director,Dist. No. 7,Iowa Tract and Missionary Society,State Tract and Missionary Society Directories,Iowa,,"Winterset, Iowa",United States
1886,18,Ludwig Henrickson,Henrickson,,,male,Director,Dist. No. 8,Iowa Tract and Missionary Society,State Tract and Missionary Society Directories,Iowa,,"Council Bluffs, Iowa",United States
1886,18,W. B. Everhart,Everhart,,,male,Director,Dist. No. 9,Iowa Tract and Missionary Society,State Tract and Missionary Society Directories,Iowa,,"Fonda, Iowa",United States
1886,18,B. N. Berry,Berry,,,male,Director,Dist. No. 10,Iowa Tract and Missionary Society,State Tract and Missionary Society Directories,Iowa,,"Colo, Iowa",United States
1886,18,David Kinney,Kinney,,,male,Director,Dist. No. 11,Iowa Tract and Missionary Society,State Tract and Missionary Society Directories,Iowa,,"Smithland, Iowa",United States
1886,18,James Johnson,Johnson,,,male,Director,Dist. No. 12,Iowa Tract and Missionary Society,State Tract and Missionary Society Directories,Iowa,,"Clark, Iowa",United States
1886,18,Wm. Cleary,Cleary,,,male,Director,Dist. No. 13,Iowa Tract and Missionary Society,State Tract and Missionary Society Directories,Iowa,,"Algona, Iowa",United States
1886,18,T. H. Gibbs,Gibbs,,,male,President,,Kansas Tract and Missionary Society,State Tract and Missionary Society Directories,Kansas,,"New Orleans, La.",United States
1886,18,E. M. Rathbun,Rathbun,,,male,Vice-President,,Kansas Tract and Missionary Society,State Tract and Missionary Society Directories,Kansas,,"Ft. Scott, Kan.",United States
1886,18,D. M. Chambers,Chambers,,,male,Secretary and Treasurer,,Kansas Tract and Missionary Society,State Tract and Missionary Society Directories,Kansas,,"Ottawa, Kan.",United States
1886,18,W. Everington,Everington,,,male,Director,Dist. No. 1,Kansas Tract and Missionary Society,State Tract and Missionary Society Directories,Kansas,,"Alton, Kan.",United States
1886,18,C. Flake,Flake,,,male,Director,Dist. No. 2,Kansas Tract and Missionary Society,State Tract and Missionary Society Directories,Kansas,,"De Witt, Kan.",United States
1886,18,H. H. Wakeman,Wakeman,,,male,Director,Dist. No. 3,Kansas Tract and Missionary Society,State Tract and Missionary Society Directories,Kansas,,"Palermo, Kan.",United States
1886,18,H. G. Buxton,Buxton,,,male,Director,Dist. No. 4,Kansas Tract and Missionary Society,State Tract and Missionary Society Directories,Kansas,,"Topeka, Kan.",United States
1886,18,John Gibbs,Gibbs,,,male,Director,Dist. No. 5,Kansas Tract and Missionary Society,State Tract and Missionary Society Directories,Kansas,,"Ottawa, Kan.",United States
1886,18,J. V. Mack,Mack,,,male,Director,Dist. No. 8,Kansas Tract and Missionary Society,State Tract and Missionary Society Directories,Kansas,,"Little River, Kan.",United States
1886,18,O. Hill,Hill,,,male,Director,Dist. No. 9,Kansas Tract and Missionary Society,State Tract and Missionary Society Directories,Kansas,,"Grenola, Kan.",United States
1886,18,Geo. D. Symms,Symms,,,male,Director,Dist. No. 10,Kansas Tract and Missionary Society,State Tract and Missionary Society Directories,Kansas,,"Mounts, Kan.",United States
1886,18,J. H. Coffman,Coffman,,,male,Director,Dist. No. 11,Kansas Tract and Missionary Society,State Tract and Missionary Society Directories,Kansas,,"Mound City, Kan.",United States
1886,18,G. G. Rupert,Rupert,,,male,President,,Kentucky Tract and Missionary Society,State Tract and Missionary Society Directories,Kentucky,,"West Clifty, Ky.",United States
1886,18,J. B. Forrest,Forrest,,,male,Vice-President,,Kentucky Tract and Missionary Society,State Tract and Missionary Society Directories,Kentucky,,"Knob Lick, Ky.",United States
1886,18,Bettie C. Saxby,Saxby,,,female,Secretary and Treasurer,,Kentucky Tract and Missionary Society,State Tract and Missionary Society Directories,Kentucky,,"Nolin, Ky.",United States
1886,18,John D. Brown,Brown,,,male,Director,Dist. No. 1,Kentucky Tract and Missionary Society,State Tract and Missionary Society Directories,Kentucky,,"Elizabethtown, Ky.",United States
1886,18,H. G. Garrett,Garrett,,,male,Director,Dist. No. 2,Kentucky Tract and Missionary Society,State Tract and Missionary Society Directories,Kentucky,,"Rio, Ky.",United States
1886,18,S. N. Haskell,Haskell,,,male,President,,Maine Tract and Missionary Society,State Tract and Missionary Society Directories,Maine,,"South Lancaster, Mass.",United States
1886,18,J. O. Burrill,Burrill,,,male,Vice-President,,Maine Tract and Missionary Society,State Tract and Missionary Society Directories,Maine,,"Portland, Maine",United States
1886,18,Rose N. Redmond,Redmond,,,female,Secretary,,Maine Tract and Missionary Society,State Tract and Missionary Society Directories,Maine,,"Portland, Maine",United States
1886,18,J. B. Bates,Bates,,,male,Assistant Secretary,,Maine Tract and Missionary Society,State Tract and Missionary Society Directories,Maine,,"South Lancaster, Mass.",United States
1886,18,T. S. Emery,Emery,,,male,Auditor,,Maine Tract and Missionary Society,State Tract and Missionary Society Directories,Maine,,"East Cornville, Maine",United States
1886,18,G. W. Whitney,Whitney,,,male,Director,Dist. No. 1,Maine Tract and Missionary Society,State Tract and Missionary Society Directories,Maine,,"So. Norridgewock, Maine",United States
1886,18,J. A. Davis,Davis,,,male,Director,Dist. No. 2,Maine Tract and Missionary Society,State Tract and Missionary Society Directories,Maine,,"Hartland, Maine",United States
1886,18,S. H. Linscott,Linscott,,,male,Director,Dist. No. 3,Maine Tract and Missionary Society,State Tract and Missionary Society Directories,Maine,,"Portland, Maine",United States
1886,18,G. W. Washburn,Washburn,,,male,Director,Dist. No. 4,Maine Tract and Missionary Society,State Tract and Missionary Society Directories,Maine,,"North Paris, Maine",United States
1886,18,Min Bell,Bell,,,,Director,Dist. No. 5,Maine Tract and Missionary Society,State Tract and Missionary Society Directories,Maine,,"Oakfield, Maine",United States
1886,18,E. A. Sheaboom,Sheaboom,,,male,Director,Dist. No. 6,Maine Tract and Missionary Society,State Tract and Missionary Society Directories,Maine,,"New Sweden, Maine",United States
1886,18,B. F. Davis,Davis,,,male,Director,Dist. No. 7,Maine Tract and Missionary Society,State Tract and Missionary Society Directories,Maine,,"South Lancaster, Mass.",United States
1886,18,H. W. Miller,Miller,,,male,President,,Michigan Tract and Missionary Society,State Tract and Missionary Society Directories,Michigan,,"Battle Creek, Mich.",United States
1886,18,E. H. Root,Root,,,male,Vice-President,,Michigan Tract and Missionary Society,State Tract and Missionary Society Directories,Michigan,,"Coopersville, Mich.",United States
1886,18,Hattie House,House,,,female,Secretary and Treasurer,,Michigan Tract and Missionary Society,State Tract and Missionary Society Directories,Michigan,,"Battle Creek, Mich.",United States
1886,18,Geo. O. Wellman,Wellman,,,male,Director,Dist. No. 1,Michigan Tract and Missionary Society,State Tract and Missionary Society Directories,Michigan,,"Hillsdale, Mich.",United States
1886,18,J. F. Carman,Carman,,,male,Director,Dist. No. 2,Michigan Tract and Missionary Society,State Tract and Missionary Society Directories,Michigan,,"Potterville, Mich.",United States
1886,18,J. D. Morton,Morton,,,male,Director,Dist. No. 3,Michigan Tract and Missionary Society,State Tract and Missionary Society Directories,Michigan,,"Battle Creek, Mich.",United States
1886,18,Alex. Carpenter,Carpenter,,,male,Director,Dist. No. 4,Michigan Tract and Missionary Society,State Tract and Missionary Society Directories,Michigan,,"Otsego, Mich.",United States
1886,18,John T. Terrell,Terrell,,,male,Director,Dist. No. 5,Michigan Tract and Missionary Society,State Tract and Missionary Society Directories,Michigan,,"Byron Center, Mich.",United States
1886,18,M. B. Cyphers,Cyphers,,,male,Director,Dist. No. 6,Michigan Tract and Missionary Society,State Tract and Missionary Society Directories,Michigan,,"Greenville, Mich.",United States
1886,20,J. M. Muguley,Muguley,,,male,President,,Texas Tract and Missionary Society,State Tract and Missionary Societies,Texas,,"Plano, Tex.",United States
1886,20,W. T. Johnson,Johnson,,,male,Vice-President,,Texas Tract and Missionary Society,State Tract and Missionary Societies,Texas,,"Plano, Tex.",United States
1886,20,Mrs Lee Gregory,Gregory,Mrs,,female,Secretary and Treasurer,,Texas Tract and Missionary Society,State Tract and Missionary Societies,Texas,,"Denton, Tex.",United States
1886,20,J. M. Dickerson,Dickerson,,,male,Director,Dist. No. 1,Texas Tract and Missionary Society,State Tract and Missionary Societies,Texas,,"Terrell, Tex.",United States
1886,20,H. Rayon,Rayon,,,male,Director,Dist. No. 2,Texas Tract and Missionary Society,State Tract and Missionary Societies,Texas,,"Peoria, Tex.",United States
1886,20,J. F. Baffler,Baffler,,,male,Director,Dist. No. 3,Texas Tract and Missionary Society,State Tract and Missionary Societies,Texas,,"Denison, Tex.",United States
1886,20,R. W. Roberson,Roberson,,,male,Director,Dist. No. 4,Texas Tract and Missionary Society,State Tract and Missionary Societies,Texas,,"Decatur, Tex.",United States
1886,20,H. W. Decker,Decker,,,male,President,,Upper Columbia Tract and Missionary Society,State Tract and Missionary Societies,Upper Columbia,,"Walla Walla, Wash. Ter.",United States
1886,20,Wm. Goodwin,Goodwin,,,male,Vice-President,,Upper Columbia Tract and Missionary Society,State Tract and Missionary Societies,Upper Columbia,,"Milton, Or.",United States
1886,20,Carrie E. Mills,Mills,,,female,Secretary and Treasurer,,Upper Columbia Tract and Missionary Society,State Tract and Missionary Societies,Upper Columbia,,"Walla Walla, Wash. Ter.",United States
1886,20,Wm. Raymond,Raymond,,,male,Director,Dist. No. 2,Upper Columbia Tract and Missionary Society,State Tract and Missionary Societies,Upper Columbia,,"Summerville, Or.",United States
1886,20,D. T. Fero,Fero,,,male,Director,Dist. No. 3,Upper Columbia Tract and Missionary Society,State Tract and Missionary Societies,Upper Columbia,,"Boise City, Idaho",United States
1886,20,H. Peebles,Peebles,,,male,President,,Vermont Tract and Missionary Society,State Tract and Missionary Societies,Vermont,,"Burlington, Vt.",United States
1886,20,I. E. Kimball,Kimball,,,male,Vice-President,,Vermont Tract and Missionary Society,State Tract and Missionary Societies,Vermont,,"Brandon, Vt.",United States
1886,20,Lizzie A. Stone,Stone,,,female,Secretary and Treasurer,,Vermont Tract and Missionary Society,State Tract and Missionary Societies,Vermont,,"South Lancaster, Mass.",United States
1886,20,A. A. Cross,Cross,,,male,Director,Dist. No. 1,Vermont Tract and Missionary Society,State Tract and Missionary Societies,Vermont,,"Bordoville, Vt.",United States
1886,20,H. W. Barrows,Barrows,,,male,Director,Dist. No. 2,Vermont Tract and Missionary Society,State Tract and Missionary Societies,Vermont,,"Barton Landing, Vt.",United States
1886,20,C. C. Drown,Drown,,,male,Director,Dist. No. 3,Vermont Tract and Missionary Society,State Tract and Missionary Societies,Vermont,,"Johnson, Vt.",United States
1886,20,A. W. Barton,Barton,,,male,Director,Dist. No. 4,Vermont Tract and Missionary Society,State Tract and Missionary Societies,Vermont,,"New Haven Mills, Vt.",United States
1886,20,C. N. Pike,Pike,,,male,Director,Dist. No. 5,Vermont Tract and Missionary Society,State Tract and Missionary Societies,Vermont,,"Jamaica, Vt.",United States
1886,20,H. C. Lamberton,Lamberton,,,male,Director,Dist. No. 6,Vermont Tract and Missionary Society,State Tract and Missionary Societies,Vermont,,"Marshfield, Vt.",United States
1886,20,A. C. Neff,Neff,,,male,President,,Virginia Tract and Missionary Society,State Tract and Missionary Societies,Virginia,,"Quicksburg, Va.",United States
1886,20,R. D. Hottel,Hottel,,,male,Vice-President,,Virginia Tract and Missionary Society,State Tract and Missionary Societies,Virginia,,"Quicksburg, Va.",United States
1886,20,Lillie D. Woods,Woods,,,female,Secretary and Treasurer,,Virginia Tract and Missionary Society,State Tract and Missionary Societies,Virginia,,"Quicksburg, Va.",United States
1886,20,R. T. Fultz,Fultz,,,male,Director,Dist. No. 1,Virginia Tract and Missionary Society,State Tract and Missionary Societies,Virginia,,"Quicksburg, Va.",United States
1886,20,T. H. Painter,Painter,,,male,Director,Dist. No. 2,Virginia Tract and Missionary Society,State Tract and Missionary Societies,Virginia,,"Salem, Va.",United States
1886,20,A. J. Breed,Breed,,,male,President,,Wisconsin Tract and Missionary Society,State Tract and Missionary Societies,Wisconsin,,"Madison, Wis.",United States
1886,20,P. H. Cady,Cady,,,male,Vice-President,,Wisconsin Tract and Missionary Society,State Tract and Missionary Societies,Wisconsin,,"Poy Sippi, Wis.",United States
1886,20,Mary V. Thurston,Thurston,,,female,Secretary and Treasurer,,Wisconsin Tract and Missionary Society,State Tract and Missionary Societies,Wisconsin,,"Madison, Wis.",United States
1886,20,E. M. Crandall,Crandall,,,male,Director,Dist. No. 1,Wisconsin Tract and Missionary Society,State Tract and Missionary Societies,Wisconsin,,"Milton Junction, Wis.",United States
1886,20,Wm. Kerr,Kerr,,,male,Director,Dist. No. 2,Wisconsin Tract and Missionary Society,State Tract and Missionary Societies,Wisconsin,,"Monroe, Wis.",United States
1886,20,Geo. Sumner,Sumner,,,male,Director,Dist. No. 3,Wisconsin Tract and Missionary Society,State Tract and Missionary Societies,Wisconsin,,"Elm Dale, Wis.",United States
1886,20,C. Ackley,Ackley,,,male,Director,Dist. No. 4,Wisconsin Tract and Missionary Society,State Tract and Missionary Societies,Wisconsin,,"Port Andrew, Wis.",United States
1886,20,F. J. Brown,Brown,,,male,Director,Dist. No. 5,Wisconsin Tract and Missionary Society,State Tract and Missionary Societies,Wisconsin,,"Victory, Wis.",United States
1886,20,Wm. Sanders,Sanders,,,male,Director,Dist. No. 7,Wisconsin Tract and Missionary Society,State Tract and Missionary Societies,Wisconsin,,"Plainfield, Wis.",United States
1886,20,Eli Eaglesfield,Eaglesfield,,,male,Director,Dist. No. 8,Wisconsin Tract and Missionary Society,State Tract and Missionary Societies,Wisconsin,,"Poy Sippi, Wis.",United States
1886,20,A. Paton,Paton,,,male,Director,Dist. No. 9,Wisconsin Tract and Missionary Society,State Tract and Missionary Societies,Wisconsin,,"Lodi, Wis.",United States
1886,20,H. H. Fisher,Fisher,,,male,Director,Dist. No. 11,Wisconsin Tract and Missionary Society,State Tract and Missionary Societies,Wisconsin,,"Lind, Wis.",United States
1886,20,Thos. Plinge,Plinge,,,male,Director,Dist. No. 12,Wisconsin Tract and Missionary Society,State Tract and Missionary Societies,Wisconsin,,"Ft. Howard, Wis.",United States
1886,20,C. A. Smith,Smith,,,male,Director,Dist. No. 13,Wisconsin Tract and Missionary Society,State Tract and Missionary Societies,Wisconsin,,"Loyal, Wis.",United States
1886,20,C. F. Stilwell,Stilwell,,,male,Director,Dist. No. 14,Wisconsin Tract and Missionary Society,State Tract and Missionary Societies,Wisconsin,,"River Falls, Wis.",United States
1886,20,F. W. Field,Field,,,male,Director,Dist. No. 15,Wisconsin Tract and Missionary Society,State Tract and Missionary Societies,Wisconsin,,"Glendale, Wis.",United States
1886,20,Svend Christiansen,Christiansen,,,male,Director,Dist. No. 16,Wisconsin Tract and Missionary Society,State Tract and Missionary Societies,Wisconsin,,"North Cape, Wis.",United States
1886,20,B. L. Whitney,Whitney,,,male,President,,Switzerland Tract and Missionary Society,Foreign T. and M. Societies,Switzerland,,"Basle, Switzerland",Europe
1886,20,Addie S. Bowen,Bowen,,,female,Secretary,,Switzerland Tract and Missionary Society,Foreign T. and M. Societies,Switzerland,,"Basle, Switzerland",Europe
1886,20,Marie Roth,Roth,,,female,Assistant Secretary,,Switzerland Tract and Missionary Society,Foreign T. and M. Societies,Switzerland,,"Basle, Switzerland",Europe
1886,20,Chas. M. Andrews,Andrews,,,male,Director,Basle,Switzerland Tract and Missionary Society,Foreign T. and M. Societies,Switzerland,,"Basle, Switzerland",Europe
1886,20,Luc Vuillemnier,Vuillemnier,,,male,Director,Bienne,Switzerland Tract and Missionary Society,Foreign T. and M. Societies,Switzerland,,"Bienne, Switzerland",Europe
1886,20,Pierre Schild,Schild,,,male,Director,Locle,Switzerland Tract and Missionary Society,Foreign T. and M. Societies,Switzerland,,"Locle, Switzerland",Europe
1886,20,Paul Andinat,Andinat,,,male,Director,Neuchatel,Switzerland Tract and Missionary Society,Foreign T. and M. Societies,Switzerland,,"Neuchatel, Switzerland",Europe
1886,20,Oscar Roth,Roth,,,male,Director,Jura Bernois,Switzerland Tract and Missionary Society,Foreign T. and M. Societies,Switzerland,,"Jura Bernois, Switzerland",Europe
1886,20,Wilhelm Fleck,Fleck,,,male,Director,Prussia,Switzerland Tract and Missionary Society,Foreign T. and M. Societies,Switzerland,,Prussia,Europe
1886,20,Karl Kuller,Kuller,,,male,Director,Germany,Switzerland Tract and Missionary Society,Foreign T. and M. Societies,Switzerland,,Germany,Europe
1886,20,Jean Geymet,Geymet,,,male,Director,Piedmont,Switzerland Tract and Missionary Society,Foreign T. and M. Societies,Switzerland,,Piedmont,Europe
1886,20,Thos. G. Asian,Asian,,,male,Director,Roumania,Switzerland Tract and Missionary Society,Foreign T. and M. Societies,Switzerland,,Roumania,Europe
1886,20,Lydia Thivolet,Thivolet,,,female,Director,Valance,Switzerland Tract and Missionary Society,Foreign T. and M. Societies,Switzerland,,"Valance, France",Europe
1886,20,J. P. Badaut,Badaut,,,male,Director,Saone et Loire,Switzerland Tract and Missionary Society,Foreign T. and M. Societies,Switzerland,,"Saone et Loire, France",Europe
1886,20,D. Comte,Comte,,,male,Director,Corsica,Switzerland Tract and Missionary Society,Foreign T. and M. Societies,Switzerland,,Corsica,Europe
1886,20,C. H. Jones,Jones,,,male,President,Executive Committee,California Sabbath-School Association,State Sabbath-School Associations,California,,"Oakland, Cal.",United States
1886,20,W. L. Grainger,Grainger,,,male,Vice-President,Executive Committee,California Sabbath-School Association,State Sabbath-School Associations,California,,"Healdsburg, Cal.",United States
1886,20,E. J. Waggoner,Waggoner,,,male,Executive Committee Member,,California Sabbath-School Association,State Sabbath-School Associations,California,,"Oakland, Cal.",United States
1886,20,A. T. Jones,Jones,,,male,Executive Committee Member,,California Sabbath-School Association,State Sabbath-School Associations,California,,"Oakland, Cal.",United States
1886,20,R. S. Owen,Owen,,,male,Executive Committee Member,,California Sabbath-School Association,State Sabbath-School Associations,California,,"Oakland, Cal.",United States
1886,20,Josie L. Baker,Baker,,,female,Secretary,,California Sabbath-School Association,State Sabbath-School Associations,California,,"Oakland, Cal.",United States
1886,20,Alice Bartlett,Bartlett,,,female,Assistant Secretary,,California Sabbath-School Association,State Sabbath-School Associations,California,,"Oakland, Cal.",United States
1886,20,Darwin Dingman,Dingman,,,male,President,Executive Committee,Canada Sabbath-School Association,State Sabbath-School Associations,Canada,,"So. Bolton, P. Q.",Canada
1886,20,Andrew Blake,Blake,,,male,Executive Committee Member,,Canada Sabbath-School Association,State Sabbath-School Associations,Canada,,"So. Stokely, P. Q.",Canada
1886,20,D. M. Wilson,Wilson,,,male,Executive Committee Member,,Canada Sabbath-School Association,State Sabbath-School Associations,Canada,,"Moe's River, P. Q.",Canada
1886,20,Emma Dingman,Dingman,,,female,Secretary and Treasurer,,Canada Sabbath-School Association,State Sabbath-School Associations,Canada,,"So. Bolton, P. Q.",Canada
1886,20,A. P. Williams,Williams,,,male,President,,Colorado Sabbath-School Association,State Sabbath-School Associations,Colorado,,"Boulder, Colo.",United States
1886,20,C. P. Haskell,Haskell,,,male,Vice-President,,Colorado Sabbath-School Association,State Sabbath-School Associations,Colorado,,"Denver, Colo.",United States
1886,20,Cora M. Jones,Jones,,,female,Secretary and Treasurer,,Colorado Sabbath-School Association,State Sabbath-School Associations,Colorado,,"Longmont, Colo.",United States
1886,20,A. D. Olsen,Olsen,,,male,President,Executive Committee,Dakota Sabbath-School Association,State Sabbath-School Associations,Dakota,,"Vilas, Dakota",United States
1886,20,S. B. Whitney,Whitney,,,male,Executive Committee Member,,Dakota Sabbath-School Association,State Sabbath-School Associations,Dakota,,"Bridgewater, Dakota",United States
1886,20,M. H. Rutter,Rutter,,,male,Executive Committee Member,,Dakota Sabbath-School Association,State Sabbath-School Associations,Dakota,,"Battle Creek, Mich.",United States
1886,20,Vesta J. Olsen,Olsen,,,female,Secretary and Treasurer,,Dakota Sabbath-School Association,State Sabbath-School Associations,Dakota,,"Vilas, Dakota",United States
1886,20,O. Tait,Tait,,,male,President,Executive Committee,Illinois Sabbath-School Association,State Sabbath-School Associations,Illinois,,"Onarga, Ill.",United States
1886,20,C. E. Sil-,,,,male,Executive Committee Member,,Illinois Sabbath-School Association,State Sabbath-School Associations,Illinois,,,United States
1886,21,Edwin S. Ballenger,Ballenger,,,male,Executive Committee,Ridott,Illinois Conference,General Directories,Illinois,,"Ridott, Ill.",United States
1886,21,Jennie E. Owen,Owen,,,female,Secretary and Treasurer,Onarga,Illinois Conference,General Directories,Illinois,,"Onarga, Ill.",United States
1886,21,J. M. Rees,Rees,,,male,Executive Committee,New London,Indiana Conference,General Directories,Indiana,,"New London, Ind.",United States
1886,21,E. E. Marvin,Marvin,,,male,Executive Committee,Alto,Indiana Conference,General Directories,Indiana,,"Alto, Ind.",United States
1886,21,O. C. Godsmark,Godsmark,,,male,Executive Committee,"Battle Creek, Mich.",Indiana Conference,General Directories,Indiana,,"Battle Creek, Mich.",United States
1886,21,Leanna Morrell,Morrell,,,female,Secretary and Treasurer,Ligonier,Indiana Conference,General Directories,Indiana,,"Ligonier, Ind.",United States
1886,21,A. H. Daniells,Daniells,,,male,President,"1315 East Sycamore St., Des Moines",Iowa Conference,General Directories,Iowa,,"Des Moines, Iowa",United States
1886,21,A. C. Hart,Hart,,,male,Secretary and Treasurer,State Center,Iowa Conference,General Directories,Iowa,,"State Center, Iowa",United States
1886,21,Marshall Enoch,Enoch,,,male,President,Alton,Kansas Conference,General Directories,Kansas,,"Alton, Kan.",United States
1886,21,E. M. Kalloch,Kalloch,,,male,Vice-President,Ft. Scott,Kansas Conference,General Directories,Kansas,,"Ft. Scott, Kan.",United States
1886,21,Josephine Gibbs,Gibbs,,,female,Secretary and Treasurer,Ottawa,Kansas Conference,General Directories,Kansas,,"Ottawa, Kan.",United States
1886,21,Green Trent,Trent,,,male,President,Constantine,Kentucky Conference,General Directories,Kentucky,,"Constantine, Ky.",United States
1886,21,W. H. Saxby,Saxby,,,male,Executive Committee,Nolin,Kentucky Conference,General Directories,Kentucky,,"Nolin, Ky.",United States
1886,21,R. G. Garrett,Garrett,,,male,Executive Committee,Rio,Kentucky Conference,General Directories,Kentucky,,"Rio, Ky.",United States
1886,21,Ollie Trent,Trent,,,female,Secretary and Treasurer,Constantine,Kentucky Conference,General Directories,Kentucky,,"Constantine, Ky.",United States
1886,21,S. Hersum,Hersum,,,male,President,"113 Pearl St., Portland",Maine Conference,General Directories,Maine,,"Portland, Maine",United States
1886,21,J. E. Baker,Baker,,,male,Executive Committee,So. Norridgewock,Maine Conference,General Directories,Maine,,"So. Norridgewock, Maine",United States
1886,21,S. H. Linscott,Linscott,,,male,Executive Committee,"113 Pearl St., Portland",Maine Conference,General Directories,Maine,,"Portland, Maine",United States
1886,21,Mrs. A. K. Hersum,Hersum,Mrs.,,female,Secretary,"113 Pearl St., Portland",Maine Conference,General Directories,Maine,,"Portland, Maine",United States
1886,21,J. Fargo,Fargo,,,male,Executive Committee,Greenville,Michigan Conference,General Directories,Michigan,,"Greenville, Mich.",United States
1886,21,D. H. Lamson,Lamson,,,male,Executive Committee,Hillsdale,Michigan Conference,General Directories,Michigan,,"Hillsdale, Mich.",United States
1886,21,C. C. Lewis,Lewis,,,male,Executive Committee,Battle Creek,Michigan Conference,General Directories,Michigan,,"Battle Creek, Mich.",United States
1886,21,M. B. Miller,Miller,,,male,President,"Battle Creek, Mich.",Michigan Conference,General Directories,Michigan,,"Battle Creek, Mich.",United States
1886,21,G. W. Caviness,Caviness,,,male,Vice-President,"Battle Creek, Mich.",Michigan Conference,General Directories,Michigan,,"Battle Creek, Mich.",United States
1886,21,Carrie A. Wells,Wells,,,female,Secretary,"Battle Creek, Mich.",Michigan Conference,General Directories,Michigan,,"Battle Creek, Mich.",United States
1886,21,W. B. White,White,,,male,President,"273 Pleasant Ave., St. Paul",Minnesota Conference,General Directories,Minnesota,,"St. Paul, Minn.",United States
1886,21,E. W. Babcock,Babcock,,,male,Secretary,Eagle Lake,Minnesota Conference,General Directories,Minnesota,,"Eagle Lake, Minn.",United States
1886,21,H. F. Phelps,Phelps,,,male,Executive Committee,Crow Wing,Minnesota Conference,General Directories,Minnesota,,"Crow Wing, Minn.",United States
1886,21,Fred A. Lashier,Lashier,,,male,Executive Committee,Sauk Center,Minnesota Conference,General Directories,Minnesota,,"Sauk Center, Minn.",United States
1886,21,A. L. Curtis,Curtis,,,male,Executive Committee,"273 Pleasant Ave., St. Paul",Minnesota Conference,General Directories,Minnesota,,"St. Paul, Minn.",United States
1886,21,N. W. Allee,Allee,,,male,Executive Committee,Half Rock,Missouri Conference,General Directories,Missouri,,"Half Rock, Mo.",United States
1886,21,D. C. Hunter,Hunter,,,male,Executive Committee,Nevada,Missouri Conference,General Directories,Missouri,,"Nevada, Mo.",United States
1886,21,R. S. Donnell,Donnell,,,male,Executive Committee,Weston,Missouri Conference,General Directories,Missouri,,"Weston, Mo.",United States
1886,21,Vita Morrow,Morrow,,,female,Secretary and Treasurer,Salisbury,Missouri Conference,General Directories,Missouri,,"Salisbury, Mo.",United States
1886,21,O. A. Johnson,Johnson,,,male,President,Ft. Calhoun,Nebraska Conference,General Directories,Nebraska,,"Ft. Calhoun, Neb.",United States
1886,21,L. A. Hoopes,Hoopes,,,male,Executive Committee,Bloomington,Nebraska Conference,General Directories,Nebraska,,"Bloomington, Neb.",United States
1886,21,G. W. Lessenger,Lessenger,,,male,Executive Committee,Blair,Nebraska Conference,General Directories,Nebraska,,"Blair, Neb.",United States
1886,21,W. D. Chapman,Chapman,,,male,Secretary and Treasurer,Sett.,Nebraska Conference,General Directories,Nebraska,,"Sett., Neb.",United States
1886,21,A. T. Robinson,Robinson,,,male,President,"744 Broadway, New York City, N. Y.",New England Conference,General Directories,New England,,"New York City, N. Y.",United States
1886,21,D. A. Robinson,Robinson,,,male,Executive Committee,"South Lancaster, Mass.",New England Conference,General Directories,New England,,"South Lancaster, Mass.",United States
1886,21,O. O. Farnsworth,Farnsworth,,,male,Executive Committee,"South Lancaster, Mass.",New England Conference,General Directories,New England,,"South Lancaster, Mass.",United States
1886,21,Mrs. E. D. Robinson,Robinson,Mrs.,,female,Secretary and Treasurer,"South Lancaster, Mass.",New England Conference,General Directories,New England,,"South Lancaster, Mass.",United States
1886,21,A. E. Place,Place,,,male,President,So. West Oswego,New York Conference,General Directories,New York,,"So. West Oswego, N. Y.",United States
1886,21,J. F. Stureman,Stureman,,,male,Executive Committee,Syracuse,New York Conference,General Directories,New York,,"Syracuse, N. Y.",United States
1886,21,J. V. Willson,Willson,,,male,Executive Committee,Syracuse,New York Conference,General Directories,New York,,"Syracuse, N. Y.",United States
1886,21,E. E. Walsworth,Walsworth,,,male,Secretary and Treasurer,Syracuse,New York Conference,General Directories,New York,,"Syracuse, N. Y.",United States
1886,21,Chas. L. Boyd,Boyd,,,male,President,"East Portland, Or.",North Pacific Conference,General Directories,North Pacific,,"East Portland, Or.",United States
1886,21,R. D. Benham,Benham,,,male,Executive Committee,"Beaverton, Or.",North Pacific Conference,General Directories,North Pacific,,"Beaverton, Or.",United States
1886,21,J. M. Cole,Cole,,,male,Executive Committee,"East Portland, Or.",North Pacific Conference,General Directories,North Pacific,,"East Portland, Or.",United States
1886,21,Carrie L. Brooks,Brooks,,,female,Secretary,"East Portland, Or.",North Pacific Conference,General Directories,North Pacific,,"East Portland, Or.",United States
1886,21,O. J. Mason,Mason,,,male,President,Deleware,Ohio Conference,General Directories,Ohio,,"Deleware, Ohio",United States
1886,21,D. E. Lindsey,Lindsey,,,male,Vice-President,Clyde,Ohio Conference,General Directories,Ohio,,"Clyde, Ohio",United States
1886,21,E. C. Penn,Penn,,,male,Executive Committee,Mt. Gilead,Ohio Conference,General Directories,Ohio,,"Mt. Gilead, Ohio",United States
1886,21,Nellie Beebe,Beebe,,,female,Secretary and Treasurer,Norwalk,Ohio Conference,General Directories,Ohio,,"Norwalk, Ohio",United States
1886,21,L. C. Chadwick,Chadwick,,,male,President,"Wellsville, N. Y.",Pennsylvania Conference,General Directories,Pennsylvania,,"Wellsville, N. Y.",United States
1886,21,J. G. Saunders,Saunders,,,male,Executive Committee,"Roulette, Pa.",Pennsylvania Conference,General Directories,Pennsylvania,,"Roulette, Pa.",United States
1886,21,J. E. Robinson,Robinson,,,male,Executive Committee,"New Enterprise, Pa.",Pennsylvania Conference,General Directories,Pennsylvania,,"New Enterprise, Pa.",United States
1886,21,Mrs. E. C. Oviatt,Oviatt,Mrs.,,female,Secretary,"Wellsville, N. Y.",Pennsylvania Conference,General Directories,Pennsylvania,,"Wellsville, N. Y.",United States
1886,21,John Sisley,Sisley,,,male,President,Edgefield Junction,Tennessee Conference,General Directories,Tennessee,,"Edgefield Junction, Tenn.",United States
1886,21,B. A. Rogers,Rogers,,,male,Vice-President,Edgefield Junction,Tennessee Conference,General Directories,Tennessee,,"Edgefield Junction, Tenn.",United States
1886,21,W. D. Dortch,Dortch,,,male,Secretary and Treasurer,Springville,Tennessee Conference,General Directories,Tennessee,,"Springville, Tenn.",United States
1886,21,W. S. Cruzan,Cruzan,,,male,President,Corsicana,Texas Conference,General Directories,Texas,,"Corsicana, Texas",United States
1886,21,Mrs. Mamie M. Cruzan,Cruzan,Mrs.,,female,Secretary,Corsicana,Texas Conference,General Directories,Texas,,"Corsicana, Texas",United States
1886,21,H. W. Decker,Decker,,,male,President,"Walla Walla, Wash. Ter.",Upper Columbia Conference,General Directories,Upper Columbia,,"Walla Walla, Wash. Ter.",United States
1886,21,B. F. Winkler,Winkler,,,male,Executive Committee,"Walla Walla, Wash. Ter.",Upper Columbia Conference,General Directories,Upper Columbia,,"Walla Walla, Wash. Ter.",United States
1886,21,Mrs. Mary Good,Good,Mrs.,,female,Executive Committee,,Upper Columbia Conference,General Directories,Upper Columbia,,"Walla Walla, Wash. Ter.",United States
1886,22,Mrs. N. J. Decker,Decker,Mrs.,,female,Secretary and Treasurer,,Upper Columbia Tract Society,State Tract Societies,Upper Columbia,,"Walla Walla, Wash. Ter.",United States
1886,22,H. Peebles,Peebles,,,male,President,Executive Committee,Vermont Tract Society,State Tract Societies,Vermont,,"Burlington, Vt.",United States
1886,22,H. W. Pierce,Pierce,,,male,Committee Member,Executive Committee,Vermont Tract Society,State Tract Societies,Vermont,,"Bordoville, Vt.",United States
1886,22,F. J. White,White,,,male,Committee Member,Executive Committee,Vermont Tract Society,State Tract Societies,Vermont,,"Jamaica, Vt.",United States
1886,22,E. S. Porter,Porter,,,,Secretary and Treasurer,,Vermont Tract Society,State Tract Societies,Vermont,,"Brownington, Vt.",United States
1886,22,B. F. Purdham,Purdham,,,male,President,,Virginia Tract Society,State Tract Societies,Virginia,,"Sands, Va.",United States
1886,22,R. T. Fultz,Fultz,,,male,Vice-President,,Virginia Tract Society,State Tract Societies,Virginia,,"Quiasburg, Va.",United States
1886,22,Amy A. Neff,Neff,,,female,Secretary and Treasurer,,Virginia Tract Society,State Tract Societies,Virginia,,"Quicksburg, Va.",United States
1886,22,S. S. Smith,Smith,Eld.,,male,President,,Wisconsin Tract Society,State Tract Societies,Wisconsin,,"Mauston, Wis.",United States
1886,22,Nellie C. Taylor,Taylor,,,female,Secretary,,Wisconsin Tract Society,State Tract Societies,Wisconsin,,"Neilsville, Wis.",United States
1886,22,R. S. Owen,Owen,,,male,President,,Canada Health and Temperance Association,State Health and Temperance Associations,Canada,,"So. Stokely, P. Q.",Canada
1886,22,S. A. Owen,Owen,,,,Secretary,,Canada Health and Temperance Association,State Health and Temperance Associations,Canada,,"So. Stokely, P. Q.",Canada
1886,22,S. B. Whitney,Whitney,,,male,President,,Dakota Health and Temperance Association,State Health and Temperance Associations,Dakota,,"Bridgewater, Dakota",United States
1886,22,Wm. T. Hibben,Hibben,,,male,President,,Illinois Health and Temperance Association,State Health and Temperance Associations,Illinois,,"Sheridan, Ill.",United States
1886,22,Ida W. Hibben,Hibben,,,female,Secretary,,Illinois Health and Temperance Association,State Health and Temperance Associations,Illinois,,"Ridott, Ill.",United States
1886,22,Dr. Wm. Hill,Hill,Dr.,,male,President,,Indiana Health and Temperance Association,State Health and Temperance Associations,Indiana,,"Rochester, Ind.",United States
1886,22,Otho Godsmark,Godsmark,,,male,Secretary,,Indiana Health and Temperance Association,State Health and Temperance Associations,Indiana,,"Battle Creek, Mich.",United States
1886,22,A. G. Daniells,Daniells,,,male,President,,Iowa Health and Temperance Association,State Health and Temperance Associations,Iowa,,"Des Moines, Iowa",United States
1886,22,Mrs. S. A. Hodges,Hodges,Mrs.,,female,Secretary,,Iowa Health and Temperance Association,State Health and Temperance Associations,Iowa,,"Sandyville, Iowa",United States
1886,22,G. H. Rogers,Rogers,,,male,President,,Kansas Health and Temperance Association,State Health and Temperance Associations,Kansas,,"Emporia, Kan.",United States
1886,22,James Morrow,Morrow,,,male,Secretary,,Kansas Health and Temperance Association,State Health and Temperance Associations,Kansas,,"Moline, Kan.",United States
1886,22,J. B. Goodrich,Goodrich,,,male,President,,Maine Health and Temperance Association,State Health and Temperance Associations,Maine,,"Hartland, Maine",United States
1886,22,S. H. Linscott,Linscott,,,male,Secretary,,Maine Health and Temperance Association,State Health and Temperance Associations,Maine,,"Portland, Maine",United States
1886,22,H. M. Kenyon,Kenyon,,,male,President,,Michigan Health and Temperance Association,State Health and Temperance Associations,Michigan,,"Battle Creek, Mich.",United States
1886,22,Mrs. F. B. Lane,Lane,Mrs.,,female,Secretary,,Michigan Health and Temperance Association,State Health and Temperance Associations,Michigan,,"Coopersville, Mich.",United States
1886,22,Harrison Grant,Grant,,,male,President,,Minnesota Health and Temperance Association,State Health and Temperance Associations,Minnesota,,"Medford, Minn.",United States
1886,22,Mrs. Nettie G. White,White,Mrs.,,female,Secretary,,Minnesota Health and Temperance Association,State Health and Temperance Associations,Minnesota,,"St. Paul, Minn.",United States
1886,22,Daniel Nettleton,Nettleton,,,male,President,,Nebraska Health and Temperance Association,State Health and Temperance Associations,Nebraska,,"Fremont, Neb.",United States
1886,22,Edith Middaugh,Middaugh,,,female,Secretary,,Nebraska Health and Temperance Association,State Health and Temperance Associations,Nebraska,,"Fremont, Neb.",United States
1886,22,D. A. Robinson,Robinson,,,male,President,,New England Health and Temperance Association,State Health and Temperance Associations,New England,,"South Lancaster, Mass.",United States
1886,22,Mrs. E. D. Robinson,Robinson,Mrs.,,female,Secretary,,New England Health and Temperance Association,State Health and Temperance Associations,New England,,"South Lancaster, Mass.",United States
1886,22,J. E. Swift,Swift,,,male,President,,New York Health and Temperance Association,State Health and Temperance Associations,New York,,"Utica, N.Y.",United States
1886,22,Mrs. M. E. Swift,Swift,Mrs.,,female,Secretary,,New York Health and Temperance Association,State Health and Temperance Associations,New York,,"Utica, N.Y.",United States
1886,22,D. E. Lindsey,Lindsey,,,male,President,,Ohio Health and Temperance Association,State Health and Temperance Associations,Ohio,,"Clyde, Ohio",United States
1886,22,Mina Forsythe,Forsythe,,,female,Secretary,,Ohio Health and Temperance Association,State Health and Temperance Associations,Ohio,,"Bellefontaine, Ohio",United States
1886,22,D. T. Fero,Fero,,,male,President,Executive Committee,Pennsylvania Health and Temperance Association,State Health and Temperance Associations,Pennsylvania,,"Boise City, Idaho",United States
1886,22,Edgar Russell,Russell,,,male,Committee Member,Executive Committee,Pennsylvania Health and Temperance Association,State Health and Temperance Associations,Pennsylvania,,"Clear Creek, N.Y.",United States
1886,22,Wm. Morehouse,Morehouse,,,male,Committee Member,Executive Committee,Pennsylvania Health and Temperance Association,State Health and Temperance Associations,Pennsylvania,,"Wellsville, N.Y.",United States
1886,22,J. G. Saunders,Saunders,,,male,Vice-President,,Pennsylvania Health and Temperance Association,State Health and Temperance Associations,Pennsylvania,,"Roulette, Pa.",United States
1886,22,Mrs. L. A. Fero,Fero,Mrs.,,female,Secretary and Treasurer,,Pennsylvania Health and Temperance Association,State Health and Temperance Associations,Pennsylvania,,"Boise City, Idaho",United States
1886,22,J. F. Bahler,Bahler,,,male,President,,Texas Health and Temperance Association,State Health and Temperance Associations,Texas,,"Denison, Texas",United States
1886,22,Mrs. M. J. Bahler,Bahler,Mrs.,,female,Secretary,,Texas Health and Temperance Association,State Health and Temperance Associations,Texas,,"Denison, Texas",United States
1886,22,H. W. Pierce,Pierce,,,male,President,,Vermont Health and Temperance Association,State Health and Temperance Associations,Vermont,,"Bordoville, Vt.",United States
1886,22,A. W. Barton,Barton,,,male,Secretary,,Vermont Health and Temperance Association,State Health and Temperance Associations,Vermont,,"New Haven Mills, Vt.",United States
1886,24,G. G. Rupert,Rupert,,,male,Delegate,Prayer; reported on tour through the South,General Conference,,General Conference,,,United States
1886,24,W. C. Sisley,Sisley,,,male,Delegate,Michigan,General Conference,,Michigan,,,United States
1886,24,John Wilson,Wilson,,,male,Delegate,Iowa,General Conference,,Iowa,,,United States
1886,24,A. G. Daniells,Daniells,,,male,Delegate,Iowa,General Conference,,Iowa,,,United States
1886,24,M. H. Brown,Brown,,,male,Delegate,N. Y.,General Conference,,New York,,,United States
1886,24,J. B. Goodrich,Goodrich,,,male,Committee Member,On Nominations,General Conference,,General Conference,,,United States
1886,24,R. M. Kilgore,Kilgore,,,male,Committee Member,On Nominations,General Conference,,General Conference,,,United States
1886,24,C. H. Jones,Jones,,,male,Committee Member,On Nominations,General Conference,,General Conference,,,United States
1886,24,O. A. Olsen,Olsen,,,male,Committee Member,On Resolutions,General Conference,,General Conference,,,United States
1886,24,J. H. Waggoner,Waggoner,,,male,Committee Member,On Resolutions,General Conference,,General Conference,,,United States
1886,24,R. A. Underwood,Underwood,,,male,Committee Member,On Resolutions,General Conference,,General Conference,,,United States
1886,24,J. Fargo,Fargo,,,male,Committee Member,On Credentials and Licenses,General Conference,,General Conference,,,United States
1886,24,D. A. Robinson,Robinson,,,male,Committee Member,On Credentials and Licenses,General Conference,,General Conference,,,United States
1886,24,C. L. Boyd,Boyd,,,male,Committee Member,On Credentials and Licenses,General Conference,,General Conference,,,United States
1886,24,D. B. Oviatt,Oviatt,,,male,Committee Member,On Auditing,General Conference,,General Conference,,,United States
1886,24,H. W. Decker,Decker,,,male,Committee Member,On Auditing,General Conference,,General Conference,,,United States
1886,24,A. R. Henry,Henry,,,male,Treasurer,On Auditing; Treasurer's Report,General Conference,,General Conference,,,United States
1886,24,A. J. Breed,Breed,,,male,Committee Member,On Auditing,General Conference,,General Conference,,,United States
1886,24,Dan T. Jones,Jones,,,male,Committee Member,On Auditing,General Conference,,General Conference,,,United States
1886,24,Henry Nicola,Nicola,,,male,Committee Member,On Auditing,General Conference,,General Conference,,,United States
1886,24,D. M. Canright,Canright,,,male,Committee Member,On Distribution of Labor,General Conference,,General Conference,,,United States
1886,24,G. C. Tenney,Tenney,,,male,Committee Member,On Distribution of Labor,General Conference,,General Conference,,,United States
1886,24,E. W. Whitney,Whitney,,,male,Committee Member,On Distribution of Labor,General Conference,,General Conference,,,United States
1886,24,R. Conradi,Conradi,,,male,Committee Member,On Distribution of Labor; spoke on work in Russia,General Conference,,General Conference,,,United States
1886,24,T. M. Steward,Steward,,,male,Minister,Spoke on work in Ontario,General Conference,,General Conference,,Ontario,Canada
1886,26,A. S. Hutchins,Hutchins,,,male,Prayer,Fourth Meeting,General Conference,General Conference Session Minutes,General Conference,,,United States
1886,26,J. F. Hanson,Hanson,,,male,Member,Received as member of the Conference,General Conference,General Conference Session Minutes,General Conference,,,United States
1886,26,J. Fargo,Fargo,,,male,Committee Member,On Finances,General Conference,General Conference Session Minutes,General Conference,,,United States
1886,26,O. A. Olsen,Olsen,,,male,Committee Member,On Finances; On Sunday Labor; On Institutes,General Conference,General Conference Session Minutes,General Conference,,,United States
1886,26,A. R. Henry,Henry,,,male,Committee Member,On Finances,General Conference,General Conference Session Minutes,General Conference,,,United States
1886,26,C. L. Boyd,Boyd,,,male,Committee Member,On Finances,General Conference,General Conference Session Minutes,General Conference,,,United States
1886,26,J. L. Prescott,Prescott,,,male,Committee Member,On Finances,General Conference,General Conference Session Minutes,General Conference,,,United States
1886,26,W. S. Nelson,Nelson,,,male,Committee Member,On Finances,General Conference,General Conference Session Minutes,General Conference,,,United States
1886,26,Dan T. Jones,Jones,,,male,Committee Member,On Finances,General Conference,General Conference Session Minutes,General Conference,,,United States
1886,26,W. C. Sisley,Sisley,,,male,Committee Member,On Finances; On City Missions,General Conference,General Conference Session Minutes,General Conference,,,United States
1886,26,G. I. Butler,Butler,,,male,Committee Member,On Finances,General Conference,General Conference Session Minutes,General Conference,,,United States
1886,26,J. H. Waggoner,Waggoner,,,male,Committee Member,On City Missions; On Sunday Labor,General Conference,General Conference Session Minutes,General Conference,,,United States
1886,26,G. B. Starr,Starr,,,male,Committee Member,On City Missions,General Conference,General Conference Session Minutes,General Conference,,,United States
1886,26,M. H. Brown,Brown,,,male,Committee Member,On City Missions,General Conference,General Conference Session Minutes,General Conference,,,United States
1886,26,R. A. Underwood,Underwood,,,male,Committee Member,On City Missions; On Institutes,General Conference,General Conference Session Minutes,General Conference,,,United States
1886,26,A. G. Daniells,Daniells,,,male,Committee Member,On City Missions,General Conference,General Conference Session Minutes,General Conference,,,United States
1886,26,D. B. Oviatt,Oviatt,,,male,Committee Member,On City Missions,General Conference,General Conference Session Minutes,General Conference,,,United States
1886,26,D. A. Robinson,Robinson,,,male,Committee Member,On City Missions; On Institutes,General Conference,General Conference Session Minutes,General Conference,,,United States
1886,26,G. C. Tenney,Tenney,,,male,Committee Member,On City Missions,General Conference,General Conference Session Minutes,General Conference,,,United States
1886,26,E. W. Farnsworth,Farnsworth,,,male,Speaker,Description of trials of brethren in Arkansas,General Conference,General Conference Session Minutes,General Conference,,,United States
1886,26,S. Fulton,Fulton,,,male,Speaker,Statement of situation in Tennessee,General Conference,General Conference Session Minutes,Tennessee,,Tennessee,United States
1886,26,G. G. Rupert,Rupert,,,male,Speaker,Moved to appoint committee on Sunday labor,General Conference,General Conference Session Minutes,General Conference,,,United States
1886,26,U. Smith,Smith,,,male,Committee Member,On Sunday Labor,General Conference,General Conference Session Minutes,General Conference,,,United States
1886,26,Wm. Covert,Covert,,,male,Committee Member,On Sunday Labor,General Conference,General Conference Session Minutes,General Conference,,,United States
1886,26,D. M. Canright,Canright,,,male,Committee Member,On Institutes,General Conference,General Conference Session Minutes,General Conference,,,United States
1886,26,M. B. Miller,Miller,,,male,Speaker,Remarks on institutes,General Conference,General Conference Session Minutes,General Conference,,,United States
1886,26,H. W. Miller,Miller,,,male,Committee Member,On Institutes,General Conference,General Conference Session Minutes,General Conference,,,United States
1886,26,R. M. Kilgore,Kilgore,,,male,Committee Member,On Institutes,General Conference,General Conference Session Minutes,General Conference,,,United States
1886,26,H. W. Decker,Decker,,,male,Committee Member,On Institutes,General Conference,General Conference Session Minutes,General Conference,,,United States
1886,23,Geo. I. Butler,Butler,,,male,President,in the chair,General Conference,General Conference Proceedings,General Conference,,"Battle Creek, Mich.",United States
1886,23,U. Smith,Smith,,,male,Prayer,,General Conference,General Conference Proceedings,General Conference,,"Battle Creek, Mich.",United States
1886,23,J. H. Waggoner,Waggoner,,,male,Delegate,,General Conference,General Conference Proceedings,California,,"Battle Creek, Mich.",United States
1886,23,C. H. Jones,Jones,,,male,Delegate,,General Conference,General Conference Proceedings,California,,"Battle Creek, Mich.",United States
1886,23,Wm. Ostrander,Ostrander,,,male,Delegate,,General Conference,General Conference Proceedings,Colorado,,"Battle Creek, Mich.",United States
1886,23,S. B. Whitney,Whitney,,,male,Delegate,,General Conference,General Conference Proceedings,Dakota,,"Battle Creek, Mich.",United States
1886,23,R. M. Kilgore,Kilgore,,,male,Delegate,,General Conference,General Conference Proceedings,Illinois,,"Battle Creek, Mich.",United States
1886,23,A. O. Tait,Tait,,,male,Delegate,,General Conference,General Conference Proceedings,Illinois,,"Battle Creek, Mich.",United States
1886,23,J. F. Ballenger,Ballenger,,,male,Delegate,,General Conference,General Conference Proceedings,Illinois,,"Battle Creek, Mich.",United States
1886,23,Wm. Covert,Covert,,,male,Delegate,,General Conference,General Conference Proceedings,Indiana,,"Battle Creek, Mich.",United States
1886,23,J. M. Rees,Rees,,,male,Delegate,,General Conference,General Conference Proceedings,Indiana,,"Battle Creek, Mich.",United States
1886,23,H. Nicola,Nicola,,,male,Delegate,,General Conference,General Conference Proceedings,Iowa,,"Battle Creek, Mich.",United States
1886,23,J. H. Cook,Cook,,,male,Delegate,,General Conference,General Conference Proceedings,Kansas,,"Battle Creek, Mich.",United States
1886,23,R. F. Barton,Barton,,,male,Delegate,,General Conference,General Conference Proceedings,Kansas,,"Battle Creek, Mich.",United States
1886,23,S. S. Shrock,Shrock,,,male,Delegate,,General Conference,General Conference Proceedings,Kansas,,"Battle Creek, Mich.",United States
1886,23,E. M. Kalloch,Kalloch,,,male,Delegate,,General Conference,General Conference Proceedings,Kansas,,"Battle Creek, Mich.",United States
1886,23,G. G. Rupert,Rupert,,,male,Delegate,,General Conference,General Conference Proceedings,Kentucky,,"Battle Creek, Mich.",United States
1886,23,J. B. Goodrich,Goodrich,,,male,Delegate,,General Conference,General Conference Proceedings,Maine,,"Battle Creek, Mich.",United States
1886,23,J. L. Prescott,Prescott,,,male,Delegate,,General Conference,General Conference Proceedings,Maine,,"Battle Creek, Mich.",United States
1886,23,E. H. Root,Root,,,male,Delegate,,General Conference,General Conference Proceedings,Michigan,,"Battle Creek, Mich.",United States
1886,23,D. M. Canright,Canright,,,male,Delegate,,General Conference,General Conference Proceedings,Michigan,,"Battle Creek, Mich.",United States
1886,23,M. B. Miller,Miller,,,male,Delegate,,General Conference,General Conference Proceedings,Michigan,,"Battle Creek, Mich.",United States
1886,23,H. W. Miller,Miller,,,male,Delegate,,General Conference,General Conference Proceedings,Michigan,,"Battle Creek, Mich.",United States
1886,23,G. C. Tenney,Tenney,,,male,Delegate,,General Conference,General Conference Proceedings,Minnesota,,"Battle Creek, Mich.",United States
1886,23,Harrison Grant,Grant,,,male,Delegate,,General Conference,General Conference Proceedings,Minnesota,,"Battle Creek, Mich.",United States
1886,23,Lewis Johnson,Johnson,,,male,Delegate,,General Conference,General Conference Proceedings,Minnesota,,"Battle Creek, Mich.",United States
1886,23,W. B. White,White,,,male,Delegate,,General Conference,General Conference Proceedings,Minnesota,,"Battle Creek, Mich.",United States
1886,23,H. P. Holser,Holser,,,male,Delegate,,General Conference,General Conference Proceedings,Minnesota,,"Battle Creek, Mich.",United States
1886,23,D. T. Jones,Jones,,,male,Delegate,,General Conference,General Conference Proceedings,Missouri,,"Battle Creek, Mich.",United States
1886,23,N. W. Allee,Allee,,,male,Delegate,,General Conference,General Conference Proceedings,Missouri,,"Battle Creek, Mich.",United States
1886,23,A. J. Cudney,Cudney,,,male,Delegate,,General Conference,General Conference Proceedings,Nebraska,,"Battle Creek, Mich.",United States
1886,23,H. Shultz,Shultz,,,male,Delegate,,General Conference,General Conference Proceedings,Nebraska,,"Battle Creek, Mich.",United States
1886,23,D. A. Robinson,Robinson,,,male,Delegate,,General Conference,General Conference Proceedings,New England,,"Battle Creek, Mich.",United States
1886,23,A. T. Robinson,Robinson,,,male,Delegate,,General Conference,General Conference Proceedings,New England,,"Battle Creek, Mich.",United States
1886,23,E. W. Whitney,Whitney,,,male,Delegate,,General Conference,General Conference Proceedings,New York,,"Battle Creek, Mich.",United States
1886,23,Harmon Lindsay,Lindsay,,,male,Delegate,,General Conference,General Conference Proceedings,New York,,"Battle Creek, Mich.",United States
1886,23,E. E. Miles,Miles,,,male,Delegate,alternate,General Conference,General Conference Proceedings,New York,,"Battle Creek, Mich.",United States
1886,23,C. L. Boyd,Boyd,,,male,Delegate,,General Conference,General Conference Proceedings,North Pacific,,"Battle Creek, Mich.",United States
1886,23,R. A. Underwood,Underwood,,,male,Delegate,,General Conference,General Conference Proceedings,Ohio,,"Battle Creek, Mich.",United States
1886,23,W. J. Stone,Stone,,,male,Delegate,,General Conference,General Conference Proceedings,Ohio,,"Battle Creek, Mich.",United States
1886,23,E. H. Gates,Gates,,,male,Delegate,,General Conference,General Conference Proceedings,Ohio,,"Battle Creek, Mich.",United States
1886,23,D. B. Oviatt,Oviatt,,,male,Delegate,,General Conference,General Conference Proceedings,Pennsylvania,,"Battle Creek, Mich.",United States
1886,23,C. M. Andrews,Andrews,,,male,Delegate,,General Conference,General Conference Proceedings,Switzerland,,"Battle Creek, Mich.",Europe
1886,23,J. P. Rosqvist,Rosqvist,,,male,Delegate,,General Conference,General Conference Proceedings,Sweden,,"Battle Creek, Mich.",Europe
1886,23,Samuel Fulton,Fulton,,,male,Delegate,,General Conference,General Conference Proceedings,Tennessee,,"Battle Creek, Mich.",United States
1886,23,H. W. Decker,Decker,,,male,Delegate,,General Conference,General Conference Proceedings,Upper Columbia,,"Battle Creek, Mich.",United States
1886,23,A. S. Hutchins,Hutchins,,,male,Delegate,,General Conference,General Conference Proceedings,Vermont,,"Battle Creek, Mich.",United States
1886,23,I. E. Kimball,Kimball,,,male,Delegate,,General Conference,General Conference Proceedings,Vermont,,"Battle Creek, Mich.",United States
1886,23,A. J. Breed,Breed,,,male,Delegate,,General Conference,General Conference Proceedings,Wisconsin,,"Battle Creek, Mich.",United States
1886,23,P. H. Cady,Cady,,,male,Delegate,,General Conference,General Conference Proceedings,Wisconsin,,"Battle Creek, Mich.",United States
1886,23,T. B. Snow,Snow,,,male,Delegate,,General Conference,General Conference Proceedings,Wisconsin,,"Battle Creek, Mich.",United States
1886,23,I. D. Van Horn,Van Horn,,,male,Member,by virtue of laboring in the Conference the past year,General Conference,General Conference Proceedings,General Conference,,"Battle Creek, Mich.",United States
1886,23,G. B. Starr,Starr,,,male,Member,by virtue of laboring in the Conference the past year,General Conference,General Conference Proceedings,General Conference,,"Battle Creek, Mich.",United States
1886,23,T. M. Steward,Steward,,,male,Member,by virtue of laboring in the Conference the past year,General Conference,General Conference Proceedings,General Conference,,"Battle Creek, Mich.",United States
1886,23,J. D. Pegg,Pegg,,,male,Member,by virtue of laboring in the Conference the past year,General Conference,General Conference Proceedings,General Conference,,"Battle Creek, Mich.",United States
1886,23,R. Conradi,Conradi,,,male,Member,by virtue of laboring in the Conference the past year,General Conference,General Conference Proceedings,General Conference,,"Battle Creek, Mich.",United States
1886,27,A. S. Hutchins,Hutchins,,,male,Delegate,Motion to appoint committee of five,General Conference,General Conference Proceedings,General Conference,,,United States
1886,27,E. W. Farnsworth,Farnsworth,,,male,Delegate,Prayer; requested to return to New England to labor until return of S. N. Haskell from Australia,General Conference,General Conference Proceedings,General Conference,,,United States
1886,27,H. S. Lay,Lay,,,male,Delegate,Michigan,General Conference,General Conference Proceedings,Michigan,,,United States
1886,27,J. D. Dowell,Dowell,,,male,Delegate,Michigan,General Conference,General Conference Proceedings,Michigan,,,United States
1886,27,R. M. Kilgore,Kilgore,,,male,Delegate,Texas,General Conference,General Conference Proceedings,Texas,,,United States
1886,27,L. Mc Coy,Mc Coy,,,male,Delegate,Iowa,General Conference,General Conference Proceedings,Iowa,,,United States
1886,27,H. M. Kenyon,Kenyon,,,male,Delegate,Michigan,General Conference,General Conference Proceedings,Michigan,,,United States
1886,27,J. S. Burnham,Burnham,,,male,Delegate,Michigan,General Conference,General Conference Proceedings,Michigan,,,United States
1886,27,W. A. Towle,Towle,,,male,Delegate,Michigan,General Conference,General Conference Proceedings,Michigan,,,United States
1886,27,Richard Conradi,Conradi,,,male,Laborer,Recommended to go to Europe to labor among German-speaking people,General Conference,General Conference Proceedings,General Conference,,,Europe
1886,27,J. M. Rees,Rees,,,male,Laborer,Of Indiana; invited to locate in East Tennessee and labor in North Carolina and Southern field,General Conference,General Conference Proceedings,Indiana,,,United States
1886,27,G. G. Rupert,Rupert,,,male,Laborer,Recommended to devote time to the Southern field,General Conference,General Conference Proceedings,General Conference,,,United States
1886,27,J. D. Pegg,Pegg,,,male,Laborer,Of Iowa; requested to join Wm. Ostrander in labor in Colorado,General Conference,General Conference Proceedings,Iowa,,,United States
1886,27,Wm. Ostrander,Ostrander,,,male,Laborer,Laboring in Colorado,General Conference,General Conference Proceedings,Colorado,,,United States
1886,27,S. N. Haskell,Haskell,,,male,Laborer,In Australia,General Conference,General Conference Proceedings,General Conference,,Australia,Australia
1886,27,J. B. Goodrich,Goodrich,,,male,Laborer,Requested to remain in New England Conference until return of S. N. Haskell,General Conference,General Conference Proceedings,New England,,,United States
1886,27,C. H. Jones,Jones,,,male,Committee Member,Committee on camp-meeting advertising,General Conference,General Conference Proceedings,General Conference,,,United States
1886,27,J. L. Prescott,Prescott,,,male,Committee Member,Committee on camp-meeting advertising,General Conference,General Conference Proceedings,General Conference,,,United States
1886,27,A. R. Henry,Henry,,,male,Committee Member,Committee on camp-meeting advertising,General Conference,General Conference Proceedings,General Conference,,,United States
1886,34,L. McCoy,McCoy,,,male,,"Prayer at Eighth Meeting, Nov. 24",General Conference,,General Conference,,,United States
1886,35,S. N. Haskell,Haskell,,,male,,"$1,500 sent to for Australian mission",Australian Mission,General Conference Proceedings,General Conference,,,Australia
1886,35,Wm. Healey,Healey,,,male,,Requested to go to the Hawaiian Islands,General Conference,General Conference Proceedings,General Conference,,,
1886,35,O. A. Olsen,Olsen,,,male,,Go to Europe to assist in the Scandinavian mission for one year or more,General Conference,General Conference Proceedings,General Conference,,,Europe
1886,35,D. T. Fero,Fero,,,male,,"Of Pennsylvania, join H. W. Decker in the Upper Columbia Conference",General Conference,General Conference Proceedings,General Conference,,Pennsylvania,United States
1886,35,H. W. Decker,Decker,,,male,,In the Upper Columbia Conference,Upper Columbia Conference,General Conference Proceedings,General Conference,,,United States
1886,35,Wm. Ings,Ings,,,male,,Make England his field of labor,General Conference,General Conference Proceedings,General Conference,,,Europe
1886,35,J. H. Waggoner,Waggoner,,,male,,Requested to go to Europe to assist in publishing and counsel; moved for incorporation,General Conference,General Conference Proceedings,General Conference,,,Europe
1886,35,W. C. White,White,,,male,,Soon expected return from Europe,General Conference,General Conference Proceedings,General Conference,,,Europe
1886,35,J. P. Henderson,Henderson,,,male,,"Prayer at ninth meeting, Nov. 25",General Conference,General Conference Proceedings,General Conference,,,
1886,33,O. A. Olsen,Olsen,,,male,Committee Member,On providing more literary help for the various departments of our work,General Conference,,General Conference,,,
1886,33,D. A. Robinson,Robinson,,,male,Committee Member,On providing more literary help for the various departments of our work,General Conference,,General Conference,,,
1886,33,C. H. Jones,Jones,,,male,Committee Member,On providing more literary help for the various departments of our work,General Conference,,General Conference,,,
1886,33,W. C. Sisley,Sisley,,,male,Committee Member,On providing more literary help for the various departments of our work,General Conference,,General Conference,,,
1886,33,A. R. Henry,Henry,,,male,Committee Member,On providing more literary help for the various departments of our work,General Conference,,General Conference,,,
1886,33,U. Smith,Smith,,,male,Committee Member,On theological queries,General Conference,,General Conference,,,
1886,33,J. H. Waggoner,Waggoner,,,male,Committee Member,On theological queries,General Conference,,General Conference,,,
1886,33,A. S. Hutchins,Hutchins,,,male,Committee Member,On theological queries,General Conference,,General Conference,,,
1886,33,J. Fargo,Fargo,,,male,Committee Member,On theological queries,General Conference,,General Conference,,,
1886,33,D. M. Canright,Canright,,,male,Committee Member,On theological queries,General Conference,,General Conference,,,
1886,33,G. I. Butler,Butler,,,male,Committee Member,On theological queries,General Conference,,General Conference,,,
1886,33,J. D. Pegg,Pegg,,,male,Prayer,"Seventh Meeting, Nov. 23",General Conference,,General Conference,,,
1886,38,C. H. Jones,Jones,,,male,Committee Member,,General Conference,,General Conference,,,United States
1886,38,A. R. Henry,Henry,,,male,Committee Member,,General Conference,,General Conference,,,United States
1886,38,J. L. Prescott,Prescott,,,male,Committee Member,,General Conference,,General Conference,,,United States
1886,38,G. G. Rupert,Rupert,,,male,,Prayer at Tenth Meeting,General Conference,,General Conference,,,United States
1886,38,Asa Robinson,Robinson,,,male,,Recommended to take charge of work in New York City,General Conference,Committee on City Missions,General Conference,,"New York City, N.Y.",United States
1886,38,Howard Miller,Miller,,,male,,"Recommended to connect with work at Washington, D.C.",General Conference,Committee on City Missions,General Conference,,"Washington, D.C.",United States
1886,38,Chas. Parmelee,Parmelee,,,male,,"Recommended to connect with work at Washington, D.C.",General Conference,Committee on City Missions,General Conference,,"Washington, D.C.",United States
1886,38,Nellie Webber,Webber,,,female,,"Recommended to connect with work at Washington, D.C.",General Conference,Committee on City Missions,General Conference,,"Washington, D.C.",United States
1886,38,G. I. Butler,Butler,,,male,,"Recommended to visit Washington, D.C. field",General Conference,Committee on City Missions,General Conference,,,United States
1886,38,O. A. Olsen,Olsen,,,male,,"Recommended to visit Washington, D.C. field",General Conference,Committee on City Missions,General Conference,,,United States
1886,38,Thomas Gibbs,Gibbs,,,male,,Recommended to take charge of New Orleans mission,General Conference,Committee on City Missions,General Conference,,"New Orleans, La.",United States
1886,38,D. A. Owen,Owen,,,male,,Recommended for New Orleans mission,General Conference,Committee on City Missions,General Conference,,"New Orleans, La.",United States
1886,39,Daniel Thompson,Thompson,,,male,,recommended to devote time to ship mission work,General Conference,General Conference Proceedings,General Conference,,,United States
1886,40,W. C. Sisley,Sisley,,,male,Committee Member,,General Conference,,General Conference,,,United States
1886,40,J. E. Waggoner,Waggoner,,,male,Committee Member,,General Conference,,General Conference,,,United States
1886,40,Geo. B. Starr,Starr,,,male,Committee Member,,General Conference,,General Conference,,,United States
1886,40,M. H. Brown,Brown,,,male,Committee Member,,General Conference,,General Conference,,,United States
1886,40,R. A. Underwood,Underwood,,,male,Committee Member,,General Conference,,General Conference,,,United States
1886,40,A. G. Daniells,Daniells,,,male,Committee Member,,General Conference,,General Conference,,,United States
1886,40,D. B. Oviatt,Oviatt,,,male,Committee Member,,General Conference,,General Conference,,,United States
1886,40,D. A. Robinson,Robinson,,,male,Committee Member,,General Conference,,General Conference,,,United States
1886,40,Geo. C. Tenney,Tenney,,,male,Committee Member,,General Conference,,General Conference,,,United States
1886,40,Mrs. E. G. White,White,Mrs.,,female,,Address read to the Conference,General Conference,,General Conference,,,United States
1886,41,J. H. Waggoner,Waggoner,,,male,Committee Member,Committee to nominate five legal trustees for the General Conference,General Conference,General Conference Proceedings,General Conference,,,United States
1886,41,J. B. Goodrich,Goodrich,,,male,Committee Member,Committee to nominate five legal trustees for the General Conference,General Conference,General Conference Proceedings,General Conference,,,United States
1886,41,Harrison Grant,Grant,,,male,Committee Member,Committee to nominate five legal trustees for the General Conference,General Conference,General Conference Proceedings,General Conference,,,United States
1886,41,G. C. Tenney,Tenney,,,male,Committee Member,Committee on account books for city missions,General Conference,General Conference Proceedings,General Conference,,,United States
1886,41,D. A. Robinson,Robinson,,,male,Committee Member,Committee on account books for city missions,General Conference,General Conference Proceedings,General Conference,,,United States
1886,41,H. P. Holser,Holser,,,male,Committee Member,Committee on account books for city missions,General Conference,General Conference Proceedings,General Conference,,,United States
1886,41,G. B. Starr,Starr,,,male,Committee Member,Committee on account books for city missions; subsequently added,General Conference,General Conference Proceedings,General Conference,,,United States
1886,41,A. G. Daniells,Daniells,,,male,Committee Member,Committee on account books for city missions; subsequently added,General Conference,General Conference Proceedings,General Conference,,,United States
1886,41,A. R. Henry,Henry,,,male,Committee Member,Committee on financial settlement re transfer of Scandinavian church of Chicago from Wisconsin to Illinois,General Conference,General Conference Proceedings,General Conference,,,United States
1886,41,W. S. Nelson,Nelson,,,male,Committee Member,Committee on financial settlement re transfer of Scandinavian church of Chicago from Wisconsin to Illinois,General Conference,General Conference Proceedings,General Conference,,,United States
1886,41,J. L. Prescott,Prescott,,,male,Committee Member,Committee on financial settlement re transfer of Scandinavian church of Chicago from Wisconsin to Illinois,General Conference,General Conference Proceedings,General Conference,,,United States
1886,41,O. A. Olsen,Olsen,,,male,Committee Member,Committee on starting printing offices in different Conferences,General Conference,General Conference Proceedings,General Conference,,,United States
1886,41,Wm. Ostrander,Ostrander,,,male,Committee Member,Committee on starting printing offices in different Conferences,General Conference,General Conference Proceedings,General Conference,,,United States
1886,41,P. H. Cady,Cady,,,male,Committee Member,Committee on starting printing offices in different Conferences,General Conference,General Conference Proceedings,General Conference,,,United States
1886,41,A. J. Breed,Breed,,,male,Prayer,"Eleventh Meeting, Nov. 27",General Conference,General Conference Proceedings,General Conference,,,United States
1886,41,D. M. Canright,Canright,,,male,Committee Member,Committee on the Year Book,General Conference,General Conference Proceedings,General Conference,,,United States
1886,41,S. N. Haskell,Haskell,,,male,Trustee,General Conference Legal Association; not present,General Conference,General Conference Proceedings,General Conference,,,United States
1886,41,Uriah Smith,Smith,,,male,Trustee,General Conference Legal Association; nominated to act in place of S. N. Haskell,General Conference,General Conference Proceedings,General Conference,,,United States
1886,41,H. Grant,Grant,,,male,Committee Member,Committee to nominate five trustees for the General Conference Legal Association,General Conference,General Conference Proceedings,General Conference,,,United States
1886,43,D. M. Canright,Canright,,,male,Committee Member,Ministerial Improvement Committee,General Conference,General Conference Proceedings,General Conference,,,United States
1886,43,O. A. Olsen,Olsen,,,male,Committee Member,Ministerial Improvement Committee,General Conference,General Conference Proceedings,General Conference,,,United States
1886,43,E. W. Farnsworth,Farnsworth,,,male,Committee Member,Ministerial Improvement Committee,General Conference,General Conference Proceedings,General Conference,,,United States
1886,43,Wm. Ostrander,Ostrander,,,male,Committee Member,Ministerial Improvement Committee,General Conference,General Conference Proceedings,General Conference,,,United States
1886,43,R. A. Underwood,Underwood,,,male,Committee Member,Ministerial Improvement Committee,General Conference,General Conference Proceedings,General Conference,,,United States
1886,43,W. C. White,White,,,male,Delegate,Arrived from Europe; led Conference in prayer,General Conference,General Conference Proceedings,General Conference,,,United States
1886,43,Victor Thompson,Thompson,,,male,Delegate,Additional delegate from Ohio,General Conference,General Conference Proceedings,Ohio,,,United States
1886,44,G. G. Rupert,Rupert,,,male,,moved that N. Orcutt receive credentials,General Conference,,General Conference,,,United States
1886,44,N. Orcutt,Orcutt,,,male,Credentialed Minister,"Moultrie, Florida",General Conference,,General Conference,,"Moultrie, Fla.",United States
1886,44,A. R. Henry,Henry,,,male,Committee Member,financial settlement between Wisconsin and Illinois,General Conference,,General Conference,,,United States
1886,44,J. L. Prescott,Prescott,,,male,Committee Member,financial settlement between Wisconsin and Illinois,General Conference,,General Conference,,,United States
1886,44,W. S. Nelson,Nelson,,,male,Committee Member,financial settlement between Wisconsin and Illinois,General Conference,,General Conference,,,United States
1886,44,W. C. White,White,,,male,Committee Member,appointed to fill vacancy and added to committee,General Conference,,General Conference,,,United States
1886,44,R. A. Underwood,Underwood,,,male,Committee Member,appointed to fill vacancy and added to committee,General Conference,,General Conference,,,United States
1886,44,O. A. Olsen,Olsen,,,male,Committee Member,appointed to fill vacancy and added to committee,General Conference,,General Conference,,,United States
1886,46,H. W. Miller,Miller,,,male,,"Released from appointment at Washington, D.C. to fill place of President of the Michigan T. and M. Society",General Conference,,General Conference,,"Washington, D.C.",United States
1886,46,J. H. Waggoner,Waggoner,,,male,,Articles on the Church to be published in pamphlet form,General Conference,,General Conference,,,United States
1886,46,P. H. Cady,Cady,,,male,,"Prayer at fourteenth meeting, Dec. 2",General Conference,,General Conference,,,United States
1886,46,Wm. Ings,Ings,,,male,,Recommended to go to England to labor,General Conference,,General Conference,,,United States
1886,46,W. C. White,White,,,male,,Discussion on distribution of labor,General Conference,,General Conference,,,United States
1886,46,J. F. Ballenger,Ballenger,,,male,,"Of Illinois, to labor under the direction of the Michigan Conference",General Conference,,Illinois,,,United States
1886,46,C. H. Bliss,Bliss,,,male,,"Of Illinois, requested to labor in Georgia with counsel of G. G. Rupert",General Conference,,Illinois,,,United States
1886,46,G. G. Rupert,Rupert,,,male,,"Counsel for laborers in Georgia, Alabama and Mississippi",General Conference,,General Conference,,,United States
1886,46,J. I. Collins,Collins,,,male,,"Of Minnesota, to labor in Alabama and Mississippi with counsel of G. G. Rupert",General Conference,,Minnesota,,,United States
1886,46,Victor Thompson,Thompson,,,male,,"Of Ohio, to make Maryland his field of labor",General Conference,,Ohio,,,United States
1886,46,N. M. Jordan,Jordan,,,male,,"Of Wisconsin, to labor under direction of Michigan Conference in the Northern Peninsula",General Conference,,Wisconsin,,,United States
1886,46,I. D. Van Horn,Van Horn,,,male,,To assist R. M. Kilgore in Illinois for about six weeks before next camp-meeting season,General Conference,,General Conference,,,United States
1886,46,R. M. Kilgore,Kilgore,,,male,,"In Illinois, to be assisted by I. D. Van Horn",General Conference,,Illinois,,,United States
1886,8,P. A. Olsen,Olsen,,,male,Minister,"Battle Creek, Mich.",Minnesota Conference,State Conference Directories,Minnesota,,"Battle Creek, Mich.",United States
1886,8,John Fulton,Fulton,,,male,Minister,"Los Angeles, Cal.",Minnesota Conference,State Conference Directories,Minnesota,,"Los Angeles, Cal.",United States
1886,8,H. Grant,Grant,,,male,Minister,"Medford, Steele Co.",Minnesota Conference,State Conference Directories,Minnesota,,"Medford, Steele Co.",United States
1886,8,L. Johnson,Johnson,,,male,Minister,"Sleepy Eye, Brown Co.",Minnesota Conference,State Conference Directories,Minnesota,,"Sleepy Eye, Brown Co.",United States
1886,8,G. C. Tenney,Tenney,,,male,Minister,"Box 1076, Minneapolis",Minnesota Conference,State Conference Directories,Minnesota,,"Minneapolis, Minn.",United States
1886,8,J. L. Collins,Collins,,,male,Minister,"Verndale, Wadena Co.",Minnesota Conference,State Conference Directories,Minnesota,,"Verndale, Wadena Co.",United States
1886,8,N. M. Olsen,Olsen,,,male,Minister,"Portland, Traill Co., Dakota",Minnesota Conference,State Conference Directories,Minnesota,,"Portland, Traill Co., Dakota",United States
1886,8,W. B. Hill,Hill,,,male,Minister,"Eagle Lake, Blue Earth Co.",Minnesota Conference,State Conference Directories,Minnesota,,"Eagle Lake, Blue Earth Co.",United States
1886,8,D. P. Curtis,Curtis,,,male,Minister,"Hutchinson, McLeod Co.",Minnesota Conference,State Conference Directories,Minnesota,,"Hutchinson, McLeod Co.",United States
1886,8,H. W. Babcock,Babcock,,,male,Minister,"Hutchinson, McLeod Co.",Minnesota Conference,State Conference Directories,Minnesota,,"Hutchinson, McLeod Co.",United States
1886,8,H. P. Holser,Holser,,,male,Minister,"Box 1076, Minneapolis",Minnesota Conference,State Conference Directories,Minnesota,,"Minneapolis, Minn.",United States
1886,8,W. B. White,White,,,male,Minister,"Pleasant Ave., St. Paul",Minnesota Conference,State Conference Directories,Minnesota,,"St. Paul, Minn.",United States
1886,8,Wm. Schram,Schram,,,male,Minister,"Gresham, Otter Tail Co.",Minnesota Conference,State Conference Directories,Minnesota,,"Gresham, Otter Tail Co.",United States
1886,8,John W. Moore,Moore,,,male,Minister,"Crow Wing, Crow Wing Co.",Minnesota Conference,State Conference Directories,Minnesota,,"Crow Wing, Crow Wing Co.",United States
1886,8,Byron Tripp,Tripp,,,male,Licentiate,"West Union, Todd Co.",Minnesota Conference,State Conference Directories,Minnesota,,"West Union, Todd Co.",United States
1886,8,N. H. Gregory,Gregory,,,male,Licentiate,"Fair Haven, Stearns Co.",Minnesota Conference,State Conference Directories,Minnesota,,"Fair Haven, Stearns Co.",United States
1886,8,E. A. Merrell,Merrell,,,male,Licentiate,"Eagle Lake, Blue Earth Co.",Minnesota Conference,State Conference Directories,Minnesota,,"Eagle Lake, Blue Earth Co.",United States
1886,8,H. Lashier,Lashier,,,male,Licentiate,"Round Prairie, Todd Co.",Minnesota Conference,State Conference Directories,Minnesota,,"Round Prairie, Todd Co.",United States
1886,8,Frank Coon,Coon,,,male,Licentiate,"Eagle Lake, Blue Earth Co.",Minnesota Conference,State Conference Directories,Minnesota,,"Eagle Lake, Blue Earth Co.",United States
1886,8,E. A. Curtis,Curtis,,,male,Licentiate,"Alexandria, Douglas Co.",Minnesota Conference,State Conference Directories,Minnesota,,"Alexandria, Douglas Co.",United States
1886,8,I. F. Finley,Finley,,,male,Licentiate,"Beauford, Blue Earth Co.",Minnesota Conference,State Conference Directories,Minnesota,,"Beauford, Blue Earth Co.",United States
1886,8,H. F. Phelps,Phelps,,,male,Licentiate,"Crow Wing, Crow Wing Co.",Minnesota Conference,State Conference Directories,Minnesota,,"Crow Wing, Crow Wing Co.",United States
1886,8,F. L. Mead,Mead,,,male,Licentiate,Mankato,Minnesota Conference,State Conference Directories,Minnesota,,"Mankato, Minn.",United States
1886,8,Gustave Moilicke,Moilicke,,,male,Licentiate,"Mountain Lake, Cottonwood Co.",Minnesota Conference,State Conference Directories,Minnesota,,"Mountain Lake, Cottonwood Co.",United States
1886,8,Austin S. Coon,Coon,,,male,Licentiate,"Eagle Lake, Blue Earth Co.",Minnesota Conference,State Conference Directories,Minnesota,,"Eagle Lake, Blue Earth Co.",United States
1886,8,C. N. Chaffee,Chaffee,,,male,Licentiate,"Byron, Olmstead Co.",Minnesota Conference,State Conference Directories,Minnesota,,"Byron, Olmstead Co.",United States
1886,8,A. H. Vankirk,Vankirk,,,male,Licentiate,"Concord, Dodge Co.",Minnesota Conference,State Conference Directories,Minnesota,,"Concord, Dodge Co.",United States
1886,8,R. S. Donnell,Donnell,,,male,Minister,"Weston, Platte Co.",Missouri Conference,State Conference Directories,Missouri,,"Weston, Platte Co.",United States
1886,8,D. T. Jones,Jones,,,male,Minister,"Kingsville, Johnson Co.",Missouri Conference,State Conference Directories,Missouri,,"Kingsville, Johnson Co.",United States
1886,8,J. G. Wood,Wood,,,male,Minister,"Springdale, Washington Co., Ark.",Missouri Conference,State Conference Directories,Missouri,,"Springdale, Washington Co., Ark.",United States
1886,8,N. W. Allee,Allee,,,male,Minister,"Half Rock, Mercer Co.",Missouri Conference,State Conference Directories,Missouri,,"Half Rock, Mercer Co.",United States
1886,8,C. H. Chaffee,Chaffee,,,male,Minister,"Emporia, Daviess Co.",Missouri Conference,State Conference Directories,Missouri,,"Emporia, Daviess Co.",United States
1886,8,J. W. Watt,Watt,,,male,Minister,"Nevada, Vernon Co.",Missouri Conference,State Conference Directories,Missouri,,"Nevada, Vernon Co.",United States
1886,8,H. N. Wood,Wood,,,male,Minister,"Maple Grove, Jasper Co.",Missouri Conference,State Conference Directories,Missouri,,"Maple Grove, Jasper Co.",United States
1886,8,G. Blackmon,Blackmon,,,male,Minister,"Neosho, Newton Co.",Missouri Conference,State Conference Directories,Missouri,,"Neosho, Newton Co.",United States
1886,8,J. W. Balks,Balks,,,male,Minister,"Springdale, Washington Co., Ark.",Missouri Conference,State Conference Directories,Missouri,,"Springdale, Washington Co., Ark.",United States
1886,8,D. T. Shireman,Shireman,,,male,Colporteur,"2101 Highland Ave., Kansas City",Missouri Conference,State Conference Directories,Missouri,,"Kansas City, Mo.",United States
1886,8,Amelia Shireman,Shireman,,,female,Colporteur,"2101 Highland Ave., Kansas City",Missouri Conference,State Conference Directories,Missouri,,"Kansas City, Mo.",United States
1886,8,Rufus Low,Low,,,male,Colporteur,"Sedalia, Pettis Co.",Missouri Conference,State Conference Directories,Missouri,,"Sedalia, Pettis Co.",United States
1886,8,A. B. Flowers,Flowers,,,male,Colporteur,"Kingsville, Johnson Co.",Missouri Conference,State Conference Directories,Missouri,,"Kingsville, Johnson Co.",United States
1886,8,Joseph Clarke,Clarke,,,male,Colporteur,"2339 Chestnut St., St. Louis",Missouri Conference,State Conference Directories,Missouri,,"St. Louis, Mo.",United States
1886,8,Sarah Clarke,Clarke,,,female,Colporteur,"2339 Chestnut St., St. Louis",Missouri Conference,State Conference Directories,Missouri,,"St. Louis, Mo.",United States
1886,8,Harvey L. Hoover,Hoover,,,male,Colporteur,"Gunn City, Cass Co.",Missouri Conference,State Conference Directories,Missouri,,"Gunn City, Cass Co.",United States
1886,8,Amy Welch,Welch,,,female,Colporteur,"2101 Highland Ave., Kansas City",Missouri Conference,State Conference Directories,Missouri,,"Kansas City, Mo.",United States
1886,8,S. K. Felts,Felts,,,male,Colporteur,"Sedalia, Pettis Co.",Missouri Conference,State Conference Directories,Missouri,,"Sedalia, Pettis Co.",United States
1886,8,Eli Witt,Witt,,,male,Colporteur,"Carthage, Jasper Co.",Missouri Conference,State Conference Directories,Missouri,,"Carthage, Jasper Co.",United States
1886,8,A. J. Cudney,Cudney,,,male,Minister,"Cor. 10th and East St., Lincoln",Nebraska Conference,State Conference Directories,Nebraska,,"Lincoln, Neb.",United States
1886,8,O. A. Johnson,Johnson,,,male,Minister,"Fort Calhoun, Washington Co.",Nebraska Conference,State Conference Directories,Nebraska,,"Fort Calhoun, Washington Co.",United States
1886,8,H. Shultz,Shultz,,,male,Minister,"Stromsburg, Polk Co.",Nebraska Conference,State Conference Directories,Nebraska,,"Stromsburg, Polk Co.",United States
1886,8,D. Nettleton,Nettleton,,,male,Minister,"Fremont, Dodge Co.",Nebraska Conference,State Conference Directories,Nebraska,,"Fremont, Dodge Co.",United States
1886,8,Frederick Jorg,Jorg,,,male,Minister,"Sutton, Clay Co.",Nebraska Conference,State Conference Directories,Nebraska,,"Sutton, Clay Co.",United States
1886,8,L. A. Hoopes,Hoopes,,,male,Minister,"Bloomington, Franklin Co.",Nebraska Conference,State Conference Directories,Nebraska,,"Bloomington, Franklin Co.",United States
1886,8,G. W. Lessenger,Lessenger,,,male,Licentiate,"Blair, Washington Co.",Nebraska Conference,State Conference Directories,Nebraska,,"Blair, Washington Co.",United States
1886,8,Charles Harr,Harr,,,male,Colporteur,"Schuyler, Colfax Co.",Nebraska Conference,State Conference Directories,Nebraska,,"Schuyler, Colfax Co.",United States
1886,8,O. W. Bent,Bent,,,male,Colporteur,"Lincoln, Lancaster Co.",Nebraska Conference,State Conference Directories,Nebraska,,"Lincoln, Lancaster Co.",United States
1886,8,Lizzie Shappenfield,Shappenfield,,,female,Colporteur,"Blair, Washington Co.",Nebraska Conference,State Conference Directories,Nebraska,,"Blair, Washington Co.",United States
1886,8,John Gardner,Gardner,,,male,Colporteur,Halifax,Nebraska Conference,State Conference Directories,Nebraska,,"Halifax, Neb.",United States
1886,8,F. H. Lick,Lick,,,male,Colporteur,"Lineville, Boone Co.",Nebraska Conference,State Conference Directories,Nebraska,,"Lineville, Boone Co.",United States
1886,8,S. N. Haskell,Haskell,,,male,Minister,"So. Lancaster, Mass.",New England Conference,State Conference Directories,New England,,"So. Lancaster, Mass.",United States
1886,8,A. T. Robinson,Robinson,,,male,Minister,"So. Lancaster, Mass.",New England Conference,State Conference Directories,New England,,"So. Lancaster, Mass.",United States
1886,8,John R. Israel,Israel,,,male,Minister,"Windsor, Nova Scotia",New England Conference,State Conference Directories,New England,,"Windsor, Nova Scotia",United States
1886,8,Asa T. Robinson,Robinson,,,male,Minister,"744 Broadway, New York, N. Y.",New England Conference,State Conference Directories,New England,,"New York, N. Y.",United States
1886,8,Wm. J. Boynton,Boynton,,,male,Minister,"403 Arch St., Camden, New Jersey",New England Conference,State Conference Directories,New England,,"Camden, New Jersey",United States
1886,8,P. F. Bicknell,Bicknell,,,male,Minister,"So. Lancaster, Mass.",New England Conference,State Conference Directories,New England,,"So. Lancaster, Mass.",United States
1886,8,O. O. Farnsworth,Farnsworth,,,male,Minister,"So. Lancaster, Mass.",New England Conference,State Conference Directories,New England,,"So. Lancaster, Mass.",United States
1886,8,G. D. Mansfield,Mansfield,,,male,Minister,"So. Lancaster, Mass.",New England Conference,State Conference Directories,New England,,"So. Lancaster, Mass.",United States
1886,8,R. A. Whittier,Whittier,,,male,Minister,"Reading, Mass.",New England Conference,State Conference Directories,New England,,"Reading, Mass.",United States
1886,8,R. F. Cottrell,Cottrell,,,male,Minister,"Ridgeway, Orleans Co.",New York Conference,State Conference Directories,New York,,"Ridgeway, Orleans Co.",United States
1886,8,E. W. Brown,Brown,,,male,Minister,"Adams Center, Jefferson Co.",New York Conference,State Conference Directories,New York,,"Adams Center, Jefferson Co.",United States
1886,8,N. W. Whitney,Whitney,,,male,Minister,"Rome, Oneida Co.",New York Conference,State Conference Directories,New York,,"Rome, Oneida Co.",United States
1886,8,H. E. Miles,Miles,,,male,Minister,"Rome, Oneida Co.",New York Conference,State Conference Directories,New York,,"Rome, Oneida Co.",United States
1886,8,G. E. Robinson,Robinson,,,male,Minister,"Batavia, Genesee Co.",New York Conference,State Conference Directories,New York,,"Batavia, Genesee Co.",United States
1886,8,A. E. Place,Place,,,male,Minister,"So. West Oswego, Oswego Co.",New York Conference,State Conference Directories,New York,,"So. West Oswego, Oswego Co.",United States
1886,8,R. H. Wilcox,Wilcox,,,male,Minister,"Gouverneur, St. Lawrence Co.",New York Conference,State Conference Directories,New York,,"Gouverneur, St. Lawrence Co.",United States
1886,8,G. W. Bliss,Bliss,,,male,Minister,"Rome, Oneida Co.",New York Conference,State Conference Directories,New York,,"Rome, Oneida Co.",United States
1886,8,O. D. Ballou,Ballou,,,male,Minister,"Pacific Press, Oakland, Cal.",New York Conference,State Conference Directories,New York,,"Oakland, Cal.",United States
1886,8,C. O. Taylor,Taylor,,,male,Minister,"Norfolk, St. Lawrence Co.",New York Conference,State Conference Directories,New York,,"Norfolk, St. Lawrence Co.",United States
1886,8,J. E. Swift,Swift,,,male,Minister,"28 Henry St., Utica",New York Conference,State Conference Directories,New York,,"Utica, N. Y.",United States
1886,8,F. Wheeler,Wheeler,,,male,Minister,"West Monroe, Oswego Co.",New York Conference,State Conference Directories,New York,,"West Monroe, Oswego Co.",United States
1886,8,J. F. Stureman,Stureman,,,male,Minister,"Crouse Building, Syracuse",New York Conference,State Conference Directories,New York,,"Syracuse, N. Y.",United States
1886,8,J. V. Willson,Willson,,,male,Minister,"Crouse Building, Syracuse",New York Conference,State Conference Directories,New York,,"Syracuse, N. Y.",United States
1886,8,Wm. Hurd,Hurd,,,male,Minister,"18 West Huron St., Buffalo",New York Conference,State Conference Directories,New York,,"Buffalo, N. Y.",United States
1886,8,W. H. Wild,Wild,,,male,Colporteur,"316 State St., Albany",New York Conference,State Conference Directories,New York,,"Albany, N. Y.",United States
1886,8,Wm. Seelis,Seelis,,,male,Colporteur,"316 State St., Albany",New York Conference,State Conference Directories,New York,,"Albany, N. Y.",United States
1886,8,P. N. Walsworth,Walsworth,,,male,Colporteur,"2 Cherry St., Syracuse",New York Conference,State Conference Directories,New York,,"Syracuse, N. Y.",United States
1886,8,B. L. Bristol,Bristol,,,male,Colporteur,"11 Fountain St., Syracuse",New York Conference,State Conference Directories,New York,,"Syracuse, N. Y.",United States
1886,8,W. D. Blount,Blount,,,male,Colporteur,"Williamstown, Oswego Co.",New York Conference,State Conference Directories,New York,,"Williamstown, Oswego Co.",United States
1886,8,E. S. Lane,Lane,,,male,Colporteur,"Cortland, Cortland Co.",New York Conference,State Conference Directories,New York,,"Cortland, Cortland Co.",United States
1886,8,J. H. Lindsay,Lindsay,,,male,Colporteur,"Newfane Station, Niagara Co.",New York Conference,State Conference Directories,New York,,"Newfane Station, Niagara Co.",United States
1886,8,S. Tyrel,Tyrel,,,male,Colporteur,"28 Henry St., Utica",New York Conference,State Conference Directories,New York,,"Utica, N. Y.",United States
1886,8,Wm. R. Tyrel,Tyrel,,,male,Colporteur,"18 West Huron St., Buffalo",New York Conference,State Conference Directories,New York,,"Buffalo, N. Y.",United States
1886,8,C. D. Russ,Russ,,,male,Colporteur,"Russell, St. Lawrence Co.",New York Conference,State Conference Directories,New York,,"Russell, St. Lawrence Co.",United States
1886,8,E. A. Morey,Morey,,,male,Colporteur,"Cortland, Cortland Co.",New York Conference,State Conference Directories,New York,,"Cortland, Cortland Co.",United States
1886,8,Wm. Holbank,Holbank,,,male,Colporteur,"Union Square, Nano Co.",New York Conference,State Conference Directories,New York,,"Union Square, N. Y.",United States
1886,7,M. Enoch,Enoch,,,male,Minister,,Kansas Conference,Ministers' Directory,Kansas,,"Alton, Osborne Co.",United States
1886,7,H. F. Barton,Barton,,,male,Minister,,Kansas Conference,Ministers' Directory,Kansas,,"Ft. Scott, Bourbon Co.",United States
1886,7,G. H. Rogers,Rogers,,,male,Minister,,Kansas Conference,Ministers' Directory,Kansas,,"Emporia, Lyon Co.",United States
1886,7,J. C. Mikkelson,Mikkelson,,,male,Minister,,Kansas Conference,Ministers' Directory,Kansas,,"Beresford, Union Co., Dak.",United States
1886,7,L. D. Santee,Santee,,,male,Minister,,Kansas Conference,Ministers' Directory,Kansas,,"Oswego, Labette Co.",United States
1886,7,John Gibbs,Gibbs,,,male,Minister,,Kansas Conference,Ministers' Directory,Kansas,,"Ottawa, Franklin Co.",United States
1886,7,Will D. Curtis,Curtis,,,male,Minister,,Kansas Conference,Ministers' Directory,Kansas,,"Topeka, Shawnee Co.",United States
1886,7,S. S. Shrock,Shrock,,,male,Minister,,Kansas Conference,Ministers' Directory,Kansas,,"Lehigh, Marion Co.",United States
1886,7,G. H. Smith,Smith,,,male,Minister,,Kansas Conference,Ministers' Directory,Kansas,,"Vila, Miner Co., Dak.",United States
1886,7,T. H. Gibbs,Gibbs,,,male,Minister,,Kansas Conference,Ministers' Directory,Kansas,,"733 Magazine St., New Orleans, La.",United States
1886,7,S. K. Gibson,Gibson,,,male,Licentiate,,Kansas Conference,Ministers' Directory,Kansas,,Topeka,United States
1886,7,C. Flaiz,Flaiz,,,male,Licentiate,,Kansas Conference,Ministers' Directory,Kansas,,"Denet, Washington Co.",United States
1886,7,J. W. Bagby,Bagby,,,male,Licentiate,,Kansas Conference,Ministers' Directory,Kansas,,"Mound City, Linn Co.",United States
1886,7,R. H. Brock,Brock,,,male,Licentiate,,Kansas Conference,Ministers' Directory,Kansas,,"Grenola, Elk Co.",United States
1886,7,Hattie Enoch,Enoch,,,female,Licentiate,,Kansas Conference,Ministers' Directory,Kansas,,"Alton, Osborne Co.",United States
1886,7,Rule Hill,Hill,,,male,Licentiate,,Kansas Conference,Ministers' Directory,Kansas,,"Grenola, Elk Co.",United States
1886,7,E. M. Kalloch,Kalloch,,,male,Licentiate,,Kansas Conference,Ministers' Directory,Kansas,,"Ft. Scott, Bourbon Co.",United States
1886,7,John Riley,Riley,,,male,Licentiate,,Kansas Conference,Ministers' Directory,Kansas,,"Council Grove, Morris Co.",United States
1886,7,Dimes Morrow,Morrow,,,male,Licentiate,,Kansas Conference,Ministers' Directory,Kansas,,"Moline, Elk Co.",United States
1886,7,Geo. Stagg,Stagg,,,male,Licentiate,,Kansas Conference,Ministers' Directory,Kansas,,"Ozawkie, Jefferson Co.",United States
1886,7,Gerhardt Mathieson,Mathieson,,,male,Licentiate,,Kansas Conference,Ministers' Directory,Kansas,,"Barnes, Washington Co.",United States
1886,7,L. J. Rosseau,Rosseau,,,male,Licentiate,,Kansas Conference,Ministers' Directory,Kansas,,"Topeka, Shawnee Co.",United States
1886,7,Conrad D. Laubhan,Laubhan,,,male,Licentiate,,Kansas Conference,Ministers' Directory,Kansas,,"Lehigh, Marion Co.",United States
1886,7,Mrs. Mary Riley,Riley,Mrs.,,female,Colporter,,Kansas Conference,Ministers' Directory,Kansas,,"Council Grove, Morris Co.",United States
1886,7,Mrs. Laura Beach,Beach,Mrs.,,female,Colporter,,Kansas Conference,Ministers' Directory,Kansas,,"391 East 6th St., Topeka",United States
1886,7,Lou Kirby,Kirby,,,,Colporter,,Kansas Conference,Ministers' Directory,Kansas,,"Box 69, Ft. Scott, Bourbon Co.",United States
1886,7,Emma Enoch,Enoch,,,female,Colporter,,Kansas Conference,Ministers' Directory,Kansas,,"Alton, Osborne Co.",United States
1886,7,Sadie Miles,Miles,,,female,Colporter,,Kansas Conference,Ministers' Directory,Kansas,,"Clay Centre, Clay Co.",United States
1886,7,Della Miles,Miles,,,female,Colporter,,Kansas Conference,Ministers' Directory,Kansas,,"Clay Centre, Clay Co.",United States
1886,7,Ada Crowthers,Crowthers,,,female,Colporter,,Kansas Conference,Ministers' Directory,Kansas,,"Salina, Saline Co.",United States
1886,7,Alpha Seward,Seward,,,,Colporter,,Kansas Conference,Ministers' Directory,Kansas,,"Stirling, Rice Co.",United States
1886,7,G. G. Rupert,Rupert,,,male,Minister,,Kentucky Conference,Ministers' Directory,Kentucky,,"West Clifty, Grayson Co.",United States
1886,7,S. Osborn,Osborn,,,male,Minister,,Kentucky Conference,Ministers' Directory,Kentucky,,"Shepherdsville, Bullitt Co.",United States
1886,7,W. H. Saxby,Saxby,,,male,Minister,,Kentucky Conference,Ministers' Directory,Kentucky,,"Nolin, Hardin Co.",United States
1886,7,R. G. Garrett,Garrett,,,male,Minister,,Kentucky Conference,Ministers' Directory,Kentucky,,"Rio, Hart Co.",United States
1886,7,R. M. J. Pound,Pound,,,male,Licentiate,,Kentucky Conference,Ministers' Directory,Kentucky,,"Mt. Washington, Bullitt Co.",United States
1886,7,J. B. Goodrich,Goodrich,,,male,Minister,,Maine Conference,Ministers' Directory,Maine,,"Hartland, Somerset Co.",United States
1886,7,A. O. Burrill,Burrill,,,male,Minister,,Maine Conference,Ministers' Directory,Maine,,"113 Pearl St., Portland",United States
1886,7,S. J. Hersum,Hersum,,,male,Minister,,Maine Conference,Ministers' Directory,Maine,,"113 Pearl St., Portland",United States
1886,7,R. S. Webber,Webber,,,male,Minister,,Maine Conference,Ministers' Directory,Maine,,"Richmond, Sagadahoc Co.",United States
1886,7,S. H. Linscott,Linscott,,,male,Minister,,Maine Conference,Ministers' Directory,Maine,,"113 Pearl St., Portland",United States
1886,7,Geo. W. Howard,Howard,,,male,Minister,,Maine Conference,Ministers' Directory,Maine,,"East Fryeburg, Oxford Co.",United States
1886,7,P. B. Osborn,Osborn,,,male,Minister,,Maine Conference,Ministers' Directory,Maine,,"Hartland, Somerset Co.",United States
1886,7,F. B. Goodrich,Goodrich,,,male,Minister,,Maine Conference,Ministers' Directory,Maine,,"Hartland, Somerset Co.",United States
1886,7,A. Barnes,Barnes,,,male,Minister,,Maine Conference,Ministers' Directory,Maine,,"Hartland, Somerset Co.",United States
1886,7,Henry Davis,Davis,,,male,Minister,,Maine Conference,Ministers' Directory,Maine,,"Rumford, Oxford Co.",United States
1886,7,Samuel Leighton,Leighton,,,male,Minister,,Maine Conference,Ministers' Directory,Maine,,Woodland,United States
1886,7,B. F. Davis,Davis,,,male,Minister,,Maine Conference,Ministers' Directory,Maine,,"South Lancaster, Mass.",United States
1886,7,Ida Grant,Grant,,,female,Minister,,Maine Conference,Ministers' Directory,Maine,,"Hartland, Somerset Co.",United States
1886,7,Geo. W. Whitman,Whitman,,,male,Minister,,Maine Conference,Ministers' Directory,Maine,,"113 Pearl St., Portland",United States
1886,7,Mrs. J. W. Keniston,Keniston,Mrs.,,female,Minister,,Maine Conference,Ministers' Directory,Maine,,"Houlton, Aroostook Co.",United States
1886,7,P. Nickerson,Nickerson,,,male,Minister,,Maine Conference,Ministers' Directory,Maine,,"Houlton, Aroostook Co.",United States
1886,7,A. K. Hersum,Hersum,,,male,Minister,,Maine Conference,Ministers' Directory,Maine,,"113 Pearl St., Portland",United States
1886,7,Effie Hobbs,Hobbs,,,female,Minister,,Maine Conference,Ministers' Directory,Maine,,"Somerset Mills, Somerset Co.",United States
1886,7,Carrie Dow,Dow,,,female,Minister,,Maine Conference,Ministers' Directory,Maine,,"Waterville, Kennebec Co.",United States
1886,7,Lizzie M. Atkins,Atkins,,,female,Minister,,Maine Conference,Ministers' Directory,Maine,,"615 Congress St., Portland",United States
1886,7,Sarah Caine,Caine,,,female,Minister,,Maine Conference,Ministers' Directory,Maine,,"Lewiston, Androscoggin Co.",United States
1886,7,J. A. Davis,Davis,,,male,Minister,,Maine Conference,Ministers' Directory,Maine,,"Hartland, Somerset Co.",United States
1886,7,Mrs. E. G. White,White,Mrs.,,female,Minister,,Michigan Conference,Ministers' Directory,Michigan,,"Pacific Press, Oakland, Cal.",United States
1886,7,Geo. I. Butler,Butler,,,male,Minister,,Michigan Conference,Ministers' Directory,Michigan,,Battle Creek,United States
1886,7,U. Smith,Smith,,,male,Minister,,Michigan Conference,Ministers' Directory,Michigan,,Battle Creek,United States
1886,7,J. Fargo,Fargo,,,male,Minister,,Michigan Conference,Ministers' Directory,Michigan,,"Greenville, Montcalm Co.",United States
1886,7,J. Byington,Byington,,,male,Minister,,Michigan Conference,Ministers' Directory,Michigan,,Battle Creek,United States
1886,7,I. O. Van Horn,Van Horn,,,male,Minister,,Michigan Conference,Ministers' Directory,Michigan,,"Charlotte, Eaton Co.",United States
1886,7,W. H. Littlejohn,Littlejohn,,,male,Minister,,Michigan Conference,Ministers' Directory,Michigan,,Battle Creek,United States
1886,7,D. M. Canright,Canright,,,male,Minister,,Michigan Conference,Ministers' Directory,Michigan,,"Otsego, Allegan Co.",United States
1886,7,R. J. Lawrence,Lawrence,,,male,Minister,,Michigan Conference,Ministers' Directory,Michigan,,"Rochester, Oakland Co.",United States
1886,7,D. H. Lamson,Lamson,,,male,Minister,,Michigan Conference,Ministers' Directory,Michigan,,"Hillsdale, Hillsdale Co.",United States
1886,7,H. M. Kenyon,Kenyon,,,male,Minister,,Michigan Conference,Ministers' Directory,Michigan,,Battle Creek,United States
1886,7,M. B. Miller,Miller,,,male,Minister,,Michigan Conference,Ministers' Directory,Michigan,,Battle Creek,United States
1886,7,E. Van Deusen,Van Deusen,,,male,Minister,,Michigan Conference,Ministers' Directory,Michigan,,"Lowell, Kent Co.",United States
1886,7,G. K. Owen,Owen,,,male,Minister,,Michigan Conference,Ministers' Directory,Michigan,,Battle Creek,United States
1886,7,R. C. Horton,Horton,,,male,Minister,,Michigan Conference,Ministers' Directory,Michigan,,"Meauwataka, Wexford Co.",United States
1886,7,J. L. Edgar,Edgar,,,male,Minister,,Michigan Conference,Ministers' Directory,Michigan,,"Coopersville, Ottawa Co.",United States
1886,7,M. S. Burnham,Burnham,,,male,Minister,,Michigan Conference,Ministers' Directory,Michigan,,"Hillsdale, Hillsdale Co.",United States
1886,7,Jas. Sawyer,Sawyer,,,male,Minister,,Michigan Conference,Ministers' Directory,Michigan,,"3652 Vincennes Ave., Chicago, Ill.",United States
1886,7,W. C. Gage,Gage,,,male,Minister,,Michigan Conference,Ministers' Directory,Michigan,,Battle Creek,United States
1886,7,E. H. Root,Root,,,male,Minister,,Michigan Conference,Ministers' Directory,Michigan,,"Coopersville, Ottawa Co.",United States
1886,7,N. Clausen,Clausen,,,male,Minister,,Michigan Conference,Ministers' Directory,Michigan,,Battle Creek,United States
1886,7,A. Weeks,Weeks,,,male,Minister,,Michigan Conference,Ministers' Directory,Michigan,,"Memphis, Macomb Co.",United States
1886,7,C. Stoddard,Stoddard,,,male,Minister,,Michigan Conference,Ministers' Directory,Michigan,,"St. Charles, Saginaw Co.",United States
1886,7,H. S. Guilford,Guilford,,,male,Minister,,Michigan Conference,Ministers' Directory,Michigan,,Battle Creek,United States
1886,7,H. W. Miller,Miller,,,male,Minister,,Michigan Conference,Ministers' Directory,Michigan,,Battle Creek,United States
1886,7,L. G. Moore,Moore,,,male,Minister,,Michigan Conference,Ministers' Directory,Michigan,,"Hastings, Barry Co.",United States
1886,7,Mrs. E. B. Lane,Lane,Mrs.,,female,Minister,,Michigan Conference,Ministers' Directory,Michigan,,"Coopersville, Ottawa Co.",United States
1886,7,Mrs. G. K. Owen,Owen,Mrs.,,female,Minister,,Michigan Conference,Ministers' Directory,Michigan,,Battle Creek,United States
1886,7,Geo. O. States,States,,,male,Minister,,Michigan Conference,Ministers' Directory,Michigan,,"Delta, Delta Co., Col.",United States
1886,7,Geo. H. Randall,Randall,,,male,Minister,,Michigan Conference,Ministers' Directory,Michigan,,"Flint, Genesee Co.",United States
1886,7,T. S. Parmelee,Parmelee,,,male,Minister,,Michigan Conference,Ministers' Directory,Michigan,,"Decatur, Van Buren Co.",United States
1886,7,A. W. Bather,Bather,,,male,Minister,,Michigan Conference,Ministers' Directory,Michigan,,"West Liberty, Jackson Co.",United States
1886,7,G. W. Caviness,Caviness,,,male,Minister,,Michigan Conference,Ministers' Directory,Michigan,,Battle Creek,United States
1886,7,E. S. Griggs,Griggs,,,male,Minister,,Michigan Conference,Ministers' Directory,Michigan,,"St. Charles, Saginaw Co.",United States
1886,7,A. Marsh,Marsh,,,male,Minister,,Michigan Conference,Ministers' Directory,Michigan,,"Edenville, Montcalm Co.",United States
1886,7,W. C. Wales,Wales,,,male,Minister,,Michigan Conference,Ministers' Directory,Michigan,,Battle Creek,United States
1886,7,Geo. O. Wellman,Wellman,,,male,Minister,,Michigan Conference,Ministers' Directory,Michigan,,"Hillsdale, Hillsdale Co.",United States
1886,7,I. H. Evans,Evans,,,male,Minister,,Michigan Conference,Ministers' Directory,Michigan,,"Carson City, Montcalm Co.",United States
1886,7,Eugene Leland,Leland,,,male,Minister,,Michigan Conference,Ministers' Directory,Michigan,,Grand Rapids,United States
1886,7,T. M. Lane,Lane,,,male,Minister,,Michigan Conference,Ministers' Directory,Michigan,,Battle Creek,United States
1886,7,S. M. Butler,Butler,,,male,Minister,,Michigan Conference,Ministers' Directory,Michigan,,"Sumner, Gratiot Co.",United States
1886,7,L. O. Moore,Moore,,,male,Minister,,Michigan Conference,Ministers' Directory,Michigan,,"Charlotte, Eaton Co.",United States
1886,7,C. C. Lewis,Lewis,,,male,Minister,,Michigan Conference,Ministers' Directory,Michigan,,Battle Creek,United States
1886,7,A. Kunz,Kunz,,,male,Minister,,Michigan Conference,Ministers' Directory,Michigan,,Battle Creek,United States
1886,7,Fred I. Richardson,Richardson,,,male,Minister,,Michigan Conference,Ministers' Directory,Michigan,,"Harbor Springs, Emmet Co.",United States
1886,7,J. B. Gowell,Gowell,,,male,Minister,,Michigan Conference,Ministers' Directory,Michigan,,"Hesperia, Oceana Co.",United States
1886,7,Frank Carr,Carr,,,male,Minister,,Michigan Conference,Ministers' Directory,Michigan,,"Box 1232, Muskegon",United States
1886,7,Dr. H. S. Lay,Lay,Dr.,,male,Minister,,Michigan Conference,Ministers' Directory,Michigan,,"Petoskey, Emmet Co.",United States
1886,7,Thad Waters,Waters,,,male,Minister,,Michigan Conference,Ministers' Directory,Michigan,,"Fremont Center, Newaygo Co.",United States
1886,7,Marcus Carpenter,Carpenter,,,male,Minister,,Michigan Conference,Ministers' Directory,Michigan,,"Fremont Center, Newaygo Co.",United States
1886,6,H. C. Wilcox,Wilcox,,,male,Minister,,General Conference,,General Conference,,"Great Grimsby, England",Europe
1886,6,J. H. Durland,Durland,,,male,Minister,,General Conference,,General Conference,,"Riseley, Bedfordshire, England",Europe
1886,6,A. C. Bourdeau,Bourdeau,,,male,Minister,,General Conference,,General Conference,,"Torre Pellice, Italy",Europe
1886,6,J. P. Ita,Ita,,,male,Minister,,General Conference,,General Conference,,"Clyde, Cloud Co., Kan.",United States
1886,6,J. O. Corliss,Corliss,,,male,Minister,,General Conference,,General Conference,,"Richmond, Melbourne, Australia",Australia
1886,6,B. L. Whitney,Whitney,,,male,Minister,,General Conference,,General Conference,,"Basle, Switzerland",Europe
1886,6,R. F. Andrews,Andrews,,,male,Minister,,General Conference,,General Conference,,"Great Grimsby, England",Europe
1886,6,S. H. Lane,Lane,,,male,Minister,,General Conference,,General Conference,,England,Europe
1886,6,H. C. Israel,Israel,,,male,Minister,,General Conference,,General Conference,,"Richmond, Melbourne, Australia",Australia
1886,6,J. H. Waggoner,Waggoner,,,male,Minister,,General Conference,,General Conference,,"Oakland, Cal.",United States
1886,6,Wm. Ings,Ings,,,male,Minister,,General Conference,,General Conference,,"Healdsburg, Cal.",United States
1886,6,R. A. Underwood,Underwood,,,male,Minister,,General Conference,,General Conference,,"Mesopotamia, Ohio",United States
1886,6,T. M. Steward,Steward,,,male,Minister,,General Conference,,General Conference,,"Battle Creek, Mich.",United States
1886,6,U. U. Rupert,Rupert,,,male,Minister,,General Conference,,General Conference,,"West Clifty, Kentucky",United States
1886,6,J. N. Rees,Rees,,,male,Minister,,General Conference,,General Conference,,"New London, Ind.",United States
1886,6,N. Orcutt,Orcutt,,,male,Minister,,General Conference,,General Conference,,"Moultrie, Florida",United States
1886,6,Henry Scott,Scott,,,male,Licentiate,,General Conference,,General Conference,,"Richmond, Melbourne, Australia",Australia
1886,6,Geo. R. Drew,Drew,,,male,Licentiate,,General Conference,,General Conference,,"Birkenhead, Cheshire, England",Europe
1886,6,N. B. England,England,,,male,Licentiate,,General Conference,,General Conference,,"Newton, Catawba Co., N. C.",United States
1886,6,L. H. Ohnsted,Ohnsted,,,male,Licentiate,,General Conference,,General Conference,,"Melbourne, Australia",Australia
1886,6,R. M. Kilgore,Kilgore,,,male,Minister,,Illinois Conference,State Conference Directories,Illinois,,"Chicago, Ill.",United States
1886,6,Geo. B. Starr,Starr,,,male,Minister,,Illinois Conference,State Conference Directories,Illinois,,"Chicago, Ill.",United States
1886,6,J. F. Hanson,Hanson,,,male,Minister,,Illinois Conference,State Conference Directories,Illinois,,"Chicago, Ill.",United States
1886,6,C. H. Bliss,Bliss,,,male,Minister,,Illinois Conference,State Conference Directories,Illinois,,,United States
1886,6,A. O. Tait,Tait,,,male,Minister,,Illinois Conference,State Conference Directories,Illinois,,"Onarga, Iroquois Co., Ill.",United States
1886,6,B. F. Merritt,Merritt,,,male,Minister,,Illinois Conference,State Conference Directories,Illinois,,"Dana, Henry Co., Ill.",United States
1886,6,J. E. Ballenger,Ballenger,,,male,Minister,,Illinois Conference,State Conference Directories,Illinois,,"Ridott, Stephenson Co., Ill.",United States
1886,6,N. O. Hannaford,Hannaford,,,male,Minister,,Illinois Conference,State Conference Directories,Illinois,,"Iowa, Livingston Co., Ill.",United States
1886,6,D. F. Sturns,Sturns,,,male,Minister,,Illinois Conference,State Conference Directories,Illinois,,"Claremont, Clark Co., Ill.",United States
1886,6,Chas. E. Sturdevant,Sturdevant,,,male,Minister,,Illinois Conference,State Conference Directories,Illinois,,"Onarga, Iroquois Co., Ill.",United States
1886,6,A. K. Atteberry,Atteberry,,,male,Minister,,Illinois Conference,State Conference Directories,Illinois,,"Keeneville, Ill.",United States
1886,6,A. V. Ballenger,Ballenger,,,male,Minister,,Illinois Conference,State Conference Directories,Illinois,,"Ridott, Stephenson Co., Ill.",United States
1886,6,Ida W. Hibben,Hibben,,,female,Minister,,Illinois Conference,State Conference Directories,Illinois,,"Ridott, Stephenson Co., Ill.",United States
1886,6,Jennie E. Owen,Owen,,,female,Colporteur,,Illinois Conference,State Conference Directories,Illinois,,"Onarga, Iroquois Co., Ill.",United States
1886,6,Mrs. B. F. Merritt,Merritt,Mrs.,,female,Colporteur,,Illinois Conference,State Conference Directories,Illinois,,"Dana, Henry Co., Ill.",United States
1886,6,Fannie Bolton,Bolton,,,female,Colporteur,,Illinois Conference,State Conference Directories,Illinois,,"Chicago, Ill.",United States
1886,6,Geo. B. Starr,Starr,,,male,Colporteur,,Illinois Conference,State Conference Directories,Illinois,,"Chicago, Ill.",United States
1886,6,E. Eliza Mart,Mart,,,female,Colporteur,,Illinois Conference,State Conference Directories,Illinois,,"Chicago, Ill.",United States
1886,6,Robert Vickery,Vickery,,,male,Colporteur,,Illinois Conference,State Conference Directories,Illinois,,"Chicago, Ill.",United States
1886,6,Lydia Main Robert,Robert,,,female,Colporteur,,Illinois Conference,State Conference Directories,Illinois,,"Chicago, Ill.",United States
1886,6,Iris Bowen,Bowen,,,,Colporteur,,Illinois Conference,State Conference Directories,Illinois,,"Battle Creek, Mich.",United States
1886,6,L. A. Logan,Logan,,,male,Colporteur,,Illinois Conference,State Conference Directories,Illinois,,"Talford, Jefferson Co., Ill.",United States
1886,6,C. M. Clay,Clay,,,male,Colporteur,,Illinois Conference,State Conference Directories,Illinois,,"Rockford, Winnebago Co., Ill.",United States
1886,6,Belle Stassen,Stassen,,,female,Colporteur,,Illinois Conference,State Conference Directories,Illinois,,"Ridott, Stephenson Co., Ill.",United States
1886,6,Mrs. J. F. Hanson,Hanson,Mrs.,,female,Colporteur,,Illinois Conference,State Conference Directories,Illinois,,"Chicago, Ill.",United States
1886,6,Wm. Covert,Covert,,,male,Minister,,Indiana Conference,State Conference Directories,Indiana,,"New London, Howard Co., Ind.",United States
1886,6,J. N. Rees,Rees,,,male,Minister,,Indiana Conference,State Conference Directories,Indiana,,"New London, Howard Co., Ind.",United States
1886,6,A. W. Bartlett,Bartlett,,,male,Minister,,Indiana Conference,State Conference Directories,Indiana,,"Monticello, White Co., Ind.",United States
1886,6,J. P. Henderson,Henderson,,,male,Minister,,Indiana Conference,State Conference Directories,Indiana,,"Goodland, Newton Co., Ind.",United States
1886,6,Wm. Hill,Hill,,,male,Minister,,Indiana Conference,State Conference Directories,Indiana,,"Rochester, Fulton Co., Ind.",United States
1886,6,D. H. Oberholtzer,Oberholtzer,,,male,Minister,,Indiana Conference,State Conference Directories,Indiana,,"Farmersburg, Sullivan Co., Ind.",United States
1886,6,M. I. Marvin,Marvin,,,male,Minister,,Indiana Conference,State Conference Directories,Indiana,,"Alto, Howard Co., Ind.",United States
1886,6,M. G. Huffman,Huffman,,,male,Minister,,Indiana Conference,State Conference Directories,Indiana,,"New Marion, Ripley Co., Ind.",United States
1886,6,J. W. Covert,Covert,,,male,Licentiate,,Indiana Conference,State Conference Directories,Indiana,,"New London, Howard Co., Ind.",United States
1886,6,Thomas Denison,Denison,,,male,Licentiate,,Indiana Conference,State Conference Directories,Indiana,,"Big Indian, Cass Co., Ind.",United States
1886,6,N. W. Kauble,Kauble,,,male,Licentiate,,Indiana Conference,State Conference Directories,Indiana,,"Patricksburg, Owen Co., Ind.",United States
1886,6,O. C. Godsmark,Godsmark,,,male,Licentiate,,Indiana Conference,State Conference Directories,Indiana,,"Battle Creek, Mich.",United States
1886,6,Wm. Willimer,Willimer,,,male,Licentiate,,Indiana Conference,State Conference Directories,Indiana,,"Patricksburg, Owen Co., Ind.",United States
1886,6,F. M. Roberts,Roberts,,,male,Licentiate,,Indiana Conference,State Conference Directories,Indiana,,"West Liberty, Howard Co., Ind.",United States
1886,6,Wm. Bennet,Bennet,,,male,Licentiate,,Indiana Conference,State Conference Directories,Indiana,,"Farmersburg, Sullivan Co., Ind.",United States
1886,6,John Ellis,Ellis,,,male,Licentiate,,Indiana Conference,State Conference Directories,Indiana,,"Monticello, White Co., Ind.",United States
1886,6,H. L. Doty,Doty,,,male,Licentiate,,Indiana Conference,State Conference Directories,Indiana,,"Salem Center, Steuben Co., Ind.",United States
1886,6,E. W. Farnsworth,Farnsworth,,,male,Minister,,Iowa Conference,State Conference Directories,Iowa,,"Des Moines, Iowa",United States
1886,6,H. Nicola,Nicola,,,male,Minister,,Iowa Conference,State Conference Directories,Iowa,,"New Sharon, Mahaska Co., Iowa",United States
1886,6,C. A. Washburn,Washburn,,,male,Minister,,Iowa Conference,State Conference Directories,Iowa,,"Mt. Pleasant, Henry Co., Iowa",United States
1886,6,L. McCoy,McCoy,,,male,Minister,,Iowa Conference,State Conference Directories,Iowa,,"Sigourney, Keokuk Co., Iowa",United States
1886,6,J. H. Morrison,Morrison,,,male,Minister,,Iowa Conference,State Conference Directories,Iowa,,"Milo, Warren Co., Iowa",United States
1886,6,J. T. Mitchell,Mitchell,,,male,Minister,,Iowa Conference,State Conference Directories,Iowa,,"Lisbon, Linn Co., Iowa",United States
1886,6,I. J. Hankins,Hankins,,,male,Minister,,Iowa Conference,State Conference Directories,Iowa,,"Mt. Pleasant, Henry Co., Iowa",United States
1886,6,J. D. Pegg,Pegg,,,male,Minister,,Iowa Conference,State Conference Directories,Iowa,,"State Center, Marshall Co., Iowa",United States
1886,6,J. S. Hart,Hart,,,male,Minister,,Iowa Conference,State Conference Directories,Iowa,,"State Center, Marshall Co., Iowa",United States
1886,6,A. G. Daniells,Daniells,,,male,Minister,,Iowa Conference,State Conference Directories,Iowa,,"Des Moines, Iowa",United States
1886,6,John Wilson,Wilson,,,male,Minister,,Iowa Conference,State Conference Directories,Iowa,,"Council Bluffs, Iowa",United States
1886,6,R. C. Porter,Porter,,,male,Licentiate,,Iowa Conference,State Conference Directories,Iowa,,"Winston, Iowa",United States
1886,6,J. Willoughby,Willoughby,,,male,Licentiate,,Iowa Conference,State Conference Directories,Iowa,,"Smithland, Woodbury Co., Iowa",United States
1886,6,L. T. Nicola,Nicola,,,male,Licentiate,,Iowa Conference,State Conference Directories,Iowa,,"New Sharon, Mahaska Co., Iowa",United States
1886,6,Judson Washburn,Washburn,,,male,Licentiate,,Iowa Conference,State Conference Directories,Iowa,,"Mt. Pleasant, Henry Co., Iowa",United States
1886,6,J. O. Beard,Beard,,,male,Licentiate,,Iowa Conference,State Conference Directories,Iowa,,"Boone, Boone Co., Iowa",United States
1886,6,Amos Heacock,Heacock,,,male,Licentiate,,Iowa Conference,State Conference Directories,Iowa,,"Oskaloosa, Wapello Co., Iowa",United States
1886,6,Matthew Larson,Larson,,,male,Licentiate,,Iowa Conference,State Conference Directories,Iowa,,"Ruthven, Palo Alto Co., Iowa",United States
1886,6,W. H. Wakelin,Wakelin,,,male,Licentiate,,Iowa Conference,State Conference Directories,Iowa,,"Sloan, Woodbury Co., Iowa",United States
1886,6,P. L. Hoen,Hoen,,,male,Colporteur,,Iowa Conference,State Conference Directories,Iowa,,"Hampton, Franklin Co., Iowa",United States
1886,6,H. Mandan,Mandan,,,male,Colporteur,,Iowa Conference,State Conference Directories,Iowa,,"Mt. Pleasant, Henry Co., Iowa",United States
1886,6,Smith Sharp,Sharp,,,male,Colporteur,,Iowa Conference,State Conference Directories,Iowa,,Iowa,United States
1886,6,S. B. McLaughlin,McLaughlin,,,male,Colporteur,,Iowa Conference,State Conference Directories,Iowa,,"Mt. Pleasant, Henry Co., Iowa",United States
1886,6,E. R. Yining,Yining,,,male,Colporteur,,Iowa Conference,State Conference Directories,Iowa,,"Battle Creek, Ida Co., Iowa",United States
1886,6,T. Olsen,Olsen,,,male,Colporteur,,Iowa Conference,State Conference Directories,Iowa,,"Quasqueton, Buchanan Co., Iowa",United States
1886,6,L. Hendrickson,Hendrickson,,,male,Colporteur,,Iowa Conference,State Conference Directories,Iowa,,"Council Bluffs, Iowa",United States
1886,6,P. Christofferson,Christofferson,,,male,Colporteur,,Iowa Conference,State Conference Directories,Iowa,,"Ames, Story Co., Iowa",United States
1886,6,James Lesan,Lesan,,,male,Colporteur,,Iowa Conference,State Conference Directories,Iowa,,"Sigourney, Keokuk Co., Iowa",United States
1886,6,Charles Lincoln,Lincoln,,,male,Colporteur,,Iowa Conference,State Conference Directories,Iowa,,"Clarke Co., Iowa",United States
1886,6,A. E. Rea,Rea,,,male,Colporteur,,Iowa Conference,State Conference Directories,Iowa,,"Jamaica, Guthrie Co., Iowa",United States
1886,6,H. O. Hollenbeck,Hollenbeck,,,male,Colporteur,,Iowa Conference,State Conference Directories,Iowa,,"Marion, Linn Co., Iowa",United States
1886,6,S. M. Holly,Holly,,,male,Colporteur,,Iowa Conference,State Conference Directories,Iowa,,"State Center, Marshall Co., Iowa",United States
1886,6,Andrew Peterson,Peterson,,,male,Colporteur,,Iowa Conference,State Conference Directories,Iowa,,"Council Bluffs, Iowa",United States
1886,6,John Nelson,Nelson,,,male,Colporteur,,Iowa Conference,State Conference Directories,Iowa,,"Council Bluffs, Iowa",United States
1886,6,Peter Johnson,Johnson,,,male,Colporteur,,Iowa Conference,State Conference Directories,Iowa,,"Dayton, Webster Co., Iowa",United States
1886,6,J. H. Cook,Cook,,,male,Minister,,Kansas Conference,State Conference Directories,Kansas,,"Ft. Scott, Bourbon Co., Kan.",United States
