yearbook_year,page,name,last_name,prefix,suffix,gender,position,position_information,organization,group,conference,institution_name,location,region
1893,9,S. P. Adams,Adams,,,male,Sabbath-school work,,Workers' Directory,,Arkansas,,"Russelville, Ark.",United States
1893,9,H. V. Adams,Adams,,,male,Licentiate,,Workers' Directory,,Iowa,,"Davis City, Iowa",United States
1893,9,J. W. Adams,Adams,,,male,Licentiate,,Workers' Directory,,Iowa,,"Atalissa, Iowa",United States
1893,9,Edith Adams,Adams,,,female,Licensed missionary,,Workers' Directory,,General Conference,,"Tufnell Park, London, N., England",England
1893,9,Grant Adkins,Adkins,,,male,Licentiate,,Workers' Directory,,Tennessee,,"Graysville, Tenn.",United States
1893,9,Mrs. Lillie Adkins,Adkins,Mrs.,,female,Licensed missionary,,Workers' Directory,,Tennessee,,"Graysville, Tenn.",United States
1893,9,Anna Agee,Agee,,,female,Licensed missionary,,Workers' Directory,,Kansas,,"Kansas City, Kansas",United States
1893,9,E. J. Ahren,Ahren,,,male,Minister,,Workers' Directory,,General Conference,,"Stockholm, Sweden",Scandinavia
1893,9,Mrs. P. Alderman,Alderman,Mrs.,,female,Licensed missionary,,Workers' Directory,,Ohio,,"Cleveland, Ohio",United States
1893,9,N. W. Allee,Allee,,,male,Minister,,Workers' Directory,,Minnesota,,"Minneapolis, Minn.",United States
1893,9,Miss Louise Alsberge,Alsberge,Miss,,female,Licensed missionary,,Workers' Directory,,Illinois,,"Springfield, Ill.",United States
1893,9,W. A. Alway,Alway,,,male,Licentiate,,Workers' Directory,,Minnesota,,"Tivoli, Minn.",United States
1893,9,A. C. Anderson,Anderson,,,male,Teacher,,Workers' Directory,,Nebraska,,"College View, Neb.",United States
1893,9,C. S. Anderson,Anderson,,,male,Licensed missionary,,Workers' Directory,,Nebraska,,"Fremont, Neb.",United States
1893,9,Caroline Anderson,Anderson,,,female,Matron,,Workers' Directory,,Nebraska,,"College View, Neb.",United States
1893,9,J. N. Anderson,Anderson,,,male,Licentiate,,Workers' Directory,,Wisconsin,,"Poy Sippi, Wis.",United States
1893,9,Miss Hattie Andre,Andre,Miss,,female,Teacher,,Workers' Directory,,General Conference,,"Pitcairn Island, Pacific Ocean",Pacific Islands
1893,9,E. E. Andross,Andross,,,male,Minister,,Workers' Directory,,California,,"Los Angeles, Cal.",United States
1893,9,G. W. Anglebarger,Anglebarger,,,male,Minister,,Workers' Directory,,Wyoming,,"Cheyenne, Wyoming",United States
1893,9,S. W. Armor,Armor,,,male,Director,,Workers' Directory,,Pennsylvania,,"Pittsburg, Pa.",United States
1893,9,D. C. Babcock,Babcock,,,male,Minister,,Workers' Directory,,West Virginia,,"Newburg, W. Va.",United States
1893,9,Theophil Babienko,Babienko,,,male,Licentiate,exiled,Workers' Directory,,General Conference,,Russia,Russia
1893,9,Miss Anna L. Baer,Baer,Miss,,female,Secretary,,Workers' Directory,,Pennsylvania,,"Williamsport, Pa.",United States
1893,9,J. W. Bagby,Bagby,,,male,Minister,,Workers' Directory,,Washington,,"College Place, Wash.",United States
1893,9,Z. G. Baharian,Baharian,,,male,,,Workers' Directory,,General Conference,,"Basel, Switzerland",Europe
1893,9,P. W. Baker,Baker,,,male,Licensed missionary,,Workers' Directory,,Iowa,,"Grinnell, Iowa",United States
1893,9,W. L. H. Baker,Baker,,,male,Minister,,Workers' Directory,,General Conference,Echo Pub. Co.,"North Fitzroy, Victoria, Australia",Australia
1893,9,Miss Jeannette Baldwin,Baldwin,Miss,,female,Teacher,,Workers' Directory,,Michigan,College,"Battle Creek, Mich.",United States
1893,9,A. F. Ballenger,Ballenger,,,male,Licentiate,,Workers' Directory,,Illinois,,"Chicago, Ill.",United States
1893,9,J. F. Ballenger,Ballenger,,,male,Minister,,Workers' Directory,,Michigan,,"Battle Creek, Mich.",United States
1893,9,D. A. Ball,Ball,,,male,Minister,,Workers' Directory,,New York,,"Ellicottville, N. Y.",United States
1893,9,Edwin E. Barnes,Barnes,,,male,Teacher,,Workers' Directory,,Michigan,College,"Battle Creek, Mich.",United States
1893,9,Mrs. Ada Barnes,Barnes,Mrs.,,female,Sabbath-school work,,Workers' Directory,,Colorado,,"Denver, Colo.",United States
1893,9,A. W. Bartlett,Bartlett,,,male,Minister,,Workers' Directory,,Indiana,,"Indianapolis, Ind.",United States
1893,9,J. Bartlett,Bartlett,,,male,Minister,,Workers' Directory,,Oregon,,"Milton, Or.",United States
1893,9,Jennie Bartlett,Bartlett,,,female,Licensed missionary,,Workers' Directory,,General Conference,,"Tufnell Park, London, N., England",England
1893,9,A. Barry,Barry,,,male,Minister,,Workers' Directory,,Kentucky,,"Lexington, Ky.",United States
1893,9,H. C. Bewley,Bewley,,,male,Minister,,Workers' Directory,,Michigan,,"Bay City, Mich.",United States
1893,9,J. O. Beard,Beard,,,male,Minister,,Workers' Directory,,Iowa,,"Des Moines, Iowa",United States
1893,9,Mary Beatty,Beatty,,,female,Licensed missionary,,Workers' Directory,,Nebraska,,"Lincoln, Neb.",United States
1893,9,Miss Eleanor Beavan,Beavan,Miss,,female,Secretary,,Workers' Directory,,New York,,"New York, N. Y.",United States
1893,9,J. B. Beckner,Beckner,,,male,Minister,,Workers' Directory,,Missouri,,"Rich Hill, Mo.",United States
1893,9,Laura C. Bee,Bee,,,female,Health and temperance,,Workers' Directory,,California,Health Retreat,"St. Helena, Cal.",United States
1893,9,E. I. Beebe,Beebe,,,male,Licensed missionary,,Workers' Directory,,Michigan,,"Ovid, Mich.",United States
1893,9,John H. Behrens,Behrens,,,male,Licensed missionary,,Workers' Directory,,North Dakota,,"Sperry, N. Dak.",United States
1893,9,Isaac Bell,Bell,,,male,Editor,,Workers' Directory,,General Conference,,"Banbridge, Ireland",Europe
1893,9,W. Bell,Bell,,,male,Director,,Workers' Directory,,General Conference,Echo Pub. Co.,"North Fitzroy, Victoria, Australia",Australia
1893,9,C. Benecke,Benecke,,,male,Licensed missionary,,Workers' Directory,,General Conference,,"Hamburg, Germany",Europe
1893,9,R. D. Benham,Benham,,,male,Licentiate,,Workers' Directory,,Oregon,,"Beaverton, Or.",United States
1893,9,W. S. Bennett,Bennett,,,male,Licentiate,,Workers' Directory,,Michigan,,"Chesaning, Mich.",United States
1893,9,T. L. Berge,Berge,,,male,Licensed missionary,,Workers' Directory,,South Dakota,,"Madison, S. Dak.",United States
1893,9,N. C. Bergersen,Bergersen,,,male,Licensed missionary,,Workers' Directory,,Iowa,,"Des Moines, Iowa",United States
1893,13,Frank Gravelle,Gravelle,,,male,m 1,,Workers' Directory,,General Conference,,"Bridgewater, S. Dak.",United States
1893,13,Elbridge Green,Green,,,male,tr,,Workers' Directory,,General Conference,,"Boulder, Colo.",United States
1893,13,Miss Hattie Green,Green,Miss,,female,s a,,Workers' Directory,,General Conference,,"Boulder, Colo.",United States
1893,13,W. S. Greer,Greer,,,male,m,,Workers' Directory,,General Conference,,"Savoy, Fannin Co., Texas",United States
1893,13,M. H. Gregory,Gregory,,,male,m,,Workers' Directory,,General Conference,,"Independence, Kan.",United States
1893,13,H. Clay Griffin,Griffin,,,male,a,,Workers' Directory,,General Conference,,"Van Buren, Ark.",United States
1893,13,Millie Griffis,Griffis,,,female,m 1,,Workers' Directory,,General Conference,,"Oakland, Cal.",United States
1893,13,F. Griggs,Griggs,,,male,t,,Workers' Directory,,General Conference,College,"Battle Creek, Mich.",United States
1893,13,Miss Emma D. Griggs,Griggs,Miss,,female,t,,Workers' Directory,,General Conference,College,"Battle Creek, Mich.",United States
1893,13,Paul E. Gros,Gros,,,male,n,,Workers' Directory,,General Conference,,"Battle Creek, Mich.",United States
1893,13,O. F. Guilford,Guilford,,,male,m,,Workers' Directory,,General Conference,,"Clyde, Ohio",United States
1893,13,A. D. Guthrie,Guthrie,,,male,a,,Workers' Directory,,General Conference,,"Seattle, Wash.",United States
1893,13,Robert Habenicht,Habenicht,,,male,m 1,,Workers' Directory,,General Conference,,"Des Moines, Iowa",United States
1893,13,James Hackett,Hackett,,,male,l,,Workers' Directory,,General Conference,,"Verndale, Minn.",United States
1893,13,Mrs. Ida Hadley,Hadley,Mrs.,,female,m 1,,Workers' Directory,,General Conference,,"Indianapolis, Ind.",United States
1893,13,O. S. Hadley,Hadley,,,male,l,,Workers' Directory,,General Conference,,"Indianapolis, Ind.",United States
1893,13,Miss Katie Haffner,Haffner,Miss,,female,s s,,Workers' Directory,,General Conference,,"Lehigh, Marion Co., Kan.",United States
1893,13,F. S. Hafford,Hafford,,,male,t,,Workers' Directory,,General Conference,,"Healdsburg, Cal.",United States
1893,13,Byron Hagle,Hagle,,,male,a,,Workers' Directory,,General Conference,,"Toronto, Ont.",Canada
1893,13,D. U. Hale,Hale,,,male,l,,Workers' Directory,,General Conference,,"Ladonia, Fannin Co., Texas",United States
1893,13,J. S. Hall,Hall,,,male,s,,Workers' Directory,,General Conference,Review and Herald,"Battle Creek, Mich.",United States
1893,13,Leonard Hall,Hall,,,male,t,,Workers' Directory,,General Conference,,"College View, Neb.",United States
1893,13,W. H. Hall,Hall,,,male,b,,Workers' Directory,,General Conference,Sanitarium,"Battle Creek, Mich.",United States
1893,13,Mrs. L. M. Hall,Hall,Mrs.,,female,ma,,Workers' Directory,,General Conference,Sanitarium,"Battle Creek, Mich.",United States
1893,13,C. A. Hall,Hall,,,male,m,,Workers' Directory,,General Conference,,"Woodston, Rooks Co., Kan.",United States
1893,13,Mrs. Sara J. Hall,Hall,Mrs.,,female,t,,Workers' Directory,,General Conference,,"South Lancaster, Mass.",United States
1893,13,Miss Susie M. Hall,Hall,Miss,,female,t,,Workers' Directory,,General Conference,,"South Lancaster, Mass.",United States
1893,13,Miss Lulu Hallock,Hallock,Miss,,female,m 1,,Workers' Directory,,General Conference,,"Madison, Wis.",United States
1893,13,I. J. Hankins,Hankins,,,male,m,,Workers' Directory,,General Conference,,"Cape Town, South Africa",Africa
1893,13,J. F. Hansen,Hansen,,,male,c,,Workers' Directory,,General Conference,,"Chicago, Ill.",United States
1893,13,H. J. Hansen,Hansen,,,male,c,,Workers' Directory,,General Conference,,"Christiania, Norway",Scandinavia
1893,13,C. C. Hansen,Hansen,,,male,m 1,,Workers' Directory,,General Conference,,"Copenhagen, K., Denmark",Scandinavia
1893,13,J. P. Hansen,Hansen,,,male,n,,Workers' Directory,,General Conference,,"Ske, Old pr Hvalso, Denmark",Scandinavia
1893,13,R. P. Hansen,Hansen,,,male,m 1,,Workers' Directory,,General Conference,,"Eau Claire, Wis.",United States
1893,13,P. A. Hanson,Hanson,,,male,m,,Workers' Directory,,General Conference,,"Ruthven, Iowa",United States
1893,13,R. Hare,Hare,,,male,m,,Workers' Directory,,General Conference,,"Glebe, Sydney, Australia",Australia
1893,13,Wesley Hare,Hare,,,male,d,,Workers' Directory,,General Conference,,"Wellington, New Zealand",Australia
1893,13,C. N. Harr,Harr,,,male,l,,Workers' Directory,,General Conference,,"College View, Neb.",United States
1893,13,T. Harriman,Harriman,,,male,l,,Workers' Directory,,General Conference,,"Spencer Creek, Mich.",United States
1893,13,Jasper Harris,Harris,,,male,l,,Workers' Directory,,General Conference,,"Midland, Midland Co., Mich.",United States
1893,13,James Harris,Harris,,,male,a,,Workers' Directory,,General Conference,,"Wellington, New Zealand",Australia
1893,13,A. F. Harrison,Harrison,,,male,a,,Workers' Directory,,General Conference,,"Graysville, Tenn.",United States
1893,13,Thomas Harrison,Harrison,,,male,s s,,Workers' Directory,,General Conference,,"Kawanna, Ind.",United States
1893,13,J. S. Hart,Hart,,,male,m,,Workers' Directory,,General Conference,,"College View, Neb.",United States
1893,13,S. D. Hartwell,Hartwell,,,male,m 1,,Workers' Directory,,General Conference,,"Milton Junction, Wis.",United States
1893,13,Chas. S. Hartwell,Hartwell,,,male,t,,Workers' Directory,,General Conference,College,"Battle Creek, Mich.",United States
1893,13,Mrs. C. M. L. Hartwell,Hartwell,Mrs.,,female,t,,Workers' Directory,,General Conference,College,"Battle Creek, Mich.",United States
1893,13,Nora E. Harvey,Harvey,,,female,m 1,,Workers' Directory,,General Conference,,"College View, Neb.",United States
1893,13,S. N. Haskell,Haskell,,,male,m,,Workers' Directory,,General Conference,,"Retreat, St. Helena, Cal.",United States
1893,13,C. P. Haskell,Haskell,,,male,m,,Workers' Directory,,General Conference,,"Geneva, Ohio",United States
1893,13,J. H. Haughey,Haughey,,,male,t,,Workers' Directory,,General Conference,College,"Battle Creek, Mich.",United States
1893,13,E. B. Haughey,Haughey,,,male,d,,Workers' Directory,,General Conference,,"Yellow Springs, Green Co., Ohio",United States
1893,13,S. G. Haughey,Haughey,,,male,a,,Workers' Directory,,General Conference,,"Cleveland, Ohio",United States
1893,13,Henry Hagen,Hagen,,,male,m 1,,Workers' Directory,,General Conference,,"Galveston, Texas",United States
1893,13,A. J. Haysmer,Haysmer,,,male,l,,Workers' Directory,,General Conference,,"Kingston, Jamaica, W. Indies",West Indies
1893,13,J. W. Hazeltine,Hazeltine,,,male,a,,Workers' Directory,,General Conference,,"West Palmyra, Maine",United States
1893,13,A. P. Heacock,Heacock,,,male,m,,Workers' Directory,,General Conference,,"Huntsville, Ala.",United States
1893,13,Mrs. A. P. Heacock,Heacock,Mrs.,,female,m 1,,Workers' Directory,,General Conference,,"Huntsville, Ala.",United States
1893,13,W. M. Healey,Healey,,,male,m,,Workers' Directory,,General Conference,,"Healdsburg, Cal.",United States
1893,13,W. C. Hebner,Hebner,,,male,d,,Workers' Directory,,General Conference,,"Cedar Lake, Mich.",United States
1893,13,Mina Hedlund,Hedlund,,,female,s,,Workers' Directory,,General Conference,,"Stockholm, Sweden",Scandinavia
1893,13,John Heligass,Heligass,,,male,c,,Workers' Directory,,General Conference,,"Moline, Kan.",United States
1893,13,A. Hellgren,Hellgren,,,male,l,,Workers' Directory,,General Conference,,"Stockholm, Sweden",Scandinavia
1893,13,Miss Ella Helm,Helm,Miss,,female,s,,Workers' Directory,,General Conference,,"Kansas City, Mo.",United States
1893,13,Anna Hemming,Hemming,,,female,m 1,,Workers' Directory,,General Conference,,"San Jose, Cal.",United States
1893,13,J. P. Henderson,Henderson,,,male,n,,Workers' Directory,,General Conference,,"Des Moines, Iowa",United States
1893,13,W. A. Hennig,Hennig,,,male,l,,Workers' Directory,,General Conference,,"Lincoln, Neb.",United States
1893,13,H. L. Henriksen,Henriksen,,,male,c,,Workers' Directory,,General Conference,,"Christiania, Norway",Scandinavia
1893,13,A. R. Henry,Henry,,,male,b,,Workers' Directory,,General Conference,Review and Herald,"Battle Creek, Mich.",United States
1893,13,Geo. E. Henton,Henton,,,male,s,,Workers' Directory,,General Conference,,"Portland, Or.",United States
1893,13,Chas. H. Herrmann,Herrmann,,,male,l,,Workers' Directory,,General Conference,,"Antigo, Wis.",United States
1893,13,S. J. Hersum,Hersum,,,male,m,,Workers' Directory,,General Conference,,"New York City, N. Y.",United States
1893,13,E. J. Hibbard,Hibbard,,,male,m,,Workers' Directory,,General Conference,,"Williamsport, Pa.",United States
1893,13,A. S. Hickox,Hickox,,,male,l,,Workers' Directory,,General Conference,,"Glebe, Sydney, Australia",Australia
1893,13,F. W. Hiddleson,Hiddleson,,,male,t,,Workers' Directory,,General Conference,,"College Place, Wash.",United States
1893,13,Chas. Hicks,Hicks,,,male,m 1,,Workers' Directory,,General Conference,,"San Bernardino, Cal.",United States
1893,13,E. E. Hicks,Hicks,,,male,m 1,,Workers' Directory,,General Conference,,"San Francisco, Cal.",United States
1893,13,R. A. Hiett,Hiett,,,male,c,,Workers' Directory,,General Conference,,"Winchester, Va.",United States
1893,13,John Higgins,Higgins,,,male,d,,Workers' Directory,,General Conference,,"Parkside, Tasmania, South Australia",Australia
1893,13,Oscar Hill,Hill,,,male,m,,Workers' Directory,,General Conference,,"Kansas City, Kan.",United States
1893,13,Mrs. Rule Hill,Hill,Mrs.,,female,l,,Workers' Directory,,General Conference,,"Kansas City, Kan.",United States
1893,13,W. B. Hill,Hill,,,male,m,,Workers' Directory,,General Conference,,"Osakis, Minn.",United States
1893,13,Wm. Hill,Hill,,,male,m,,Workers' Directory,,General Conference,,"Rochester, Ind.",United States
1893,14,E. Hilliard,Hilliard,,,male,,l,Workers' Directory,,General Conference,,"426 Lake Ave., N. Duluth, Minn.",United States
1893,14,Mrs. Ida Hilliard,Hilliard,Mrs.,,female,,m l,Workers' Directory,,General Conference,,"426 Lake Ave., N. Duluth, Minn.",United States
1893,14,Miss Ethel Hobbs,Hobbs,Miss,,female,,t,Workers' Directory,,General Conference,,"College, Battle Creek, Mich.",United States
1893,14,Mrs. Angelia W. Hobbs,Hobbs,Mrs.,,female,,t,Workers' Directory,,General Conference,,"College, Battle Creek, Mich.",United States
1893,14,Jessie Hocker,Hocker,,,,,t,Workers' Directory,,General Conference,,"College Place, Wash.",United States
1893,14,A. Hoeft,Hoeft,,,male,,s,Workers' Directory,,General Conference,,"Sophienstr. 41, St. Pauli, Hamburg, Germany",Europe
1893,14,P. L. Hoen,Hoen,,,male,,m l,Workers' Directory,,General Conference,,"43 Bond St., New York City, N. Y.",United States
1893,14,A. J. Hoeues,Hoeues,,M.D.,male,,,Workers' Directory,,General Conference,Sanitarium,"Battle Creek, Mich.",United States
1893,14,E. B. Hoff,Hoff,,,male,,d,Workers' Directory,,General Conference,,"Newark, Wirt Co., W. Va.",United States
1893,14,John Hoffman,Hoffman,,,male,,m,Workers' Directory,,General Conference,,"Box 989, Minneapolis, Minn.",United States
1893,14,L. E. Haldeman,Haldeman,,,male,,s,Workers' Directory,,General Conference,,"Vilas, S. Dak.",United States
1893,14,Greenville Holbrook,Holbrook,,,male,,b,Workers' Directory,,General Conference,,"College Place, Wash.",United States
1893,14,W. S. Holbrook,Holbrook,,,male,,d,Workers' Directory,,General Conference,,"College Place, Wash.",United States
1893,14,John A. Holbrook,Holbrook,,,male,,l,Workers' Directory,,General Conference,,"Oak Cliff, Dallas Co., Texas",United States
1893,14,Geo. E. Holister,Holister,,,male,,m l,Workers' Directory,,General Conference,,"Santa Rosa, Cal.",United States
1893,14,Mrs. P. A. Holly,Holly,Mrs.,,female,,m l,Workers' Directory,,General Conference,,"Boone, Iowa",United States
1893,14,S. M. Holly,Holly,,,male,,m l,Workers' Directory,,General Conference,,"Boone, Iowa",United States
1893,14,H. P. Raiser,Raiser,,,male,,m,Workers' Directory,,General Conference,,"Weiherweg 48, Basel, Switzerland",Europe
1893,14,Francis Hope,Hope,,,male,,n,Workers' Directory,,General Conference,,"32 Clifton Park Ave., Belfast, Ireland",Europe
1893,14,L. A. Hoopes,Hoopes,,,male,,m,Workers' Directory,,General Conference,,"Hastings, Neb.",United States
1893,14,H. L. Hoover,Hoover,,,male,,l,Workers' Directory,,General Conference,,"Gunn City, Mo.",United States
1893,14,R. C. Horton,Horton,,,male,,m,Workers' Directory,,General Conference,,"Brookfield, Mich.",United States
1893,14,S. B. Horton,Horton,,,male,,l,Workers' Directory,,General Conference,,"43 Bond St., New York City, N. Y.",United States
1893,14,R. D. Hottel,Hottel,,,male,,m,Workers' Directory,,General Conference,,"43 Bond St., New York City, N. Y.",United States
1893,14,Estella Houser,Houser,,,female,,m l,Workers' Directory,,General Conference,,"74 Kinsman St., Cleveland, Ohio",United States
1893,14,Homer Howe,Howe,,,male,,d,Workers' Directory,,General Conference,,"Portville, N. Y.",United States
1893,14,L. L. Howard Jr.,Howard,,Jr.,male,,d,Workers' Directory,,General Conference,,"Norway, Maine",United States
1893,14,A. J. Howard,Howard,,,male,,l,Workers' Directory,,General Conference,,"43 Bond St., New York City, N. Y.",United States
1893,14,G. W. Howard,Howard,,,male,,l,Workers' Directory,,General Conference,,"Canaan, Maine",United States
1893,14,Peter Howe,Howe,,,male,,l,Workers' Directory,,General Conference,,"Lyons, Mich.",United States
1893,14,M. G. Huffman,Huffman,,,male,,m,Workers' Directory,,General Conference,,"Auburn, Me.",United States
1893,14,Mrs. Josie Huffman,Huffman,Mrs.,,female,,m l,Workers' Directory,,General Conference,,"Auburn, Me.",United States
1893,14,Cassius B. Hughes,Hughes,,,male,,t,Workers' Directory,,General Conference,,"College Place, Wash.",United States
1893,14,Miss Florence Hughes,Hughes,Miss,,female,,t,Workers' Directory,,General Conference,,"College, Battle Creek, Mich.",United States
1893,14,D. C. Hunter,Hunter,,,male,,m,Workers' Directory,,General Conference,Pacific Press,"Oakland, Cal.",United States
1893,14,Miss Hetty Hurd,Hurd,Miss,,female,,m l,Workers' Directory,,General Conference,,"28 A Roeland St., Cape Town, South Africa",Africa
1893,14,Anna Hunt,Hunt,,,female,,l,Workers' Directory,,General Conference,,"175 Central Ave., Indianapolis, Ind.",United States
1893,14,Jennie Hunt,Hunt,,,female,,m l,Workers' Directory,,General Conference,,"St. Helena, Cal.",United States
1893,14,Mrs. Arthur Hunt,Hunt,Mrs.,,female,,a s,Workers' Directory,,General Conference,,"20 Broyles St., Atlanta, Ga.",United States
1893,14,E. D. Hurlburt,Hurlburt,,,male,,m l,Workers' Directory,,General Conference,,"St. Johns, Or.",United States
1893,14,A. S. Hutchins,Hutchins,,,male,,m,Workers' Directory,,General Conference,,"Essex Junction, Vt.",United States
1893,14,F. J. Hutchins,Hutchins,,,male,,m,Workers' Directory,,General Conference,,"Coxen Hole, Ruatan, Bay Islands",Central America
1893,14,Mrs. F. J. Hutchins,Hutchins,Mrs.,,female,,m l,Workers' Directory,,General Conference,,"Coxen Hole, Ruatan, Bay Islands",Central America
1893,14,Mrs. E. J. Hutchinson,Hutchinson,Mrs.,,female,,m l,Workers' Directory,,General Conference,,"Newburg, W. Va.",United States
1893,14,Wm. Hutchinson,Hutchinson,,,male,,l,Workers' Directory,,General Conference,,"Newburg, W. Va.",United States
1893,14,W. S. Hyatt,Hyatt,,,male,,n,Workers' Directory,,General Conference,,"2010 E. 23d St., Kansas City, Mo.",United States
1893,14,J. S. Iles,Iles,,,male,,m,Workers' Directory,,General Conference,,"Chesterville, Ohio",United States
1893,14,W. L. Iles,Iles,,,male,,l,Workers' Directory,,General Conference,,"Chesterville, Ohio",United States
1893,14,Anna L. Ingels,Ingels,,,female,,s,Workers' Directory,,General Conference,,"76 Pyrmont Bridge Road, Glebe, Sydney, Australia",Australia
1893,14,E. A. Ingle,Ingle,,,male,,b,Workers' Directory,,General Conference,,"28 A Roeland St., Cape Town, South Africa",Africa
1893,14,Wm. Ings,Ings,,,male,,m,Workers' Directory,,General Conference,,"St. Helena, Cal.",United States
1893,14,Mrs. Wm. Ings,Ings,Mrs.,,female,,ma,Workers' Directory,,General Conference,Rural Health Retreat,"St. Helena, Cal.",United States
1893,14,J. J. Ireland,Ireland,,,male,,b,Workers' Directory,,General Conference,Pacific Press,"Oakland, Cal.",United States
1893,14,C. W. Irwin,Irwin,,,male,,t,Workers' Directory,,General Conference,,"College View, Neb.",United States
1893,14,Geo. A. Irwin,Irwin,,,male,,m,Workers' Directory,,General Conference,,"468 E. Rich St., Columbus, Ohio",United States
1893,14,G. Isaak,Isaak,,,male,,c,Workers' Directory,,General Conference,,"Bogoslowskaja, Alexanderfeld, South Russia",Europe
1893,14,M. C. Israel,Israel,,,male,,m,Workers' Directory,,General Conference,,"Bank's Terrace, Wellington, New Zealand",Australia
1893,14,Jessie Israel,Israel,,,female,,s,Workers' Directory,,General Conference,,"Bank's Terrace, Wellington, New Zealand",Australia
1893,14,L. P. Jacobson,Jacobson,,,male,,l,Workers' Directory,,General Conference,,"Underwood, Iowa",United States
1893,14,S. M. Jacobs,Jacobs,,,male,,l,Workers' Directory,,General Conference,,"Fontanelle, Iowa",United States
1893,14,B. Jaeschke,Jaeschke,,,male,,l,Workers' Directory,,General Conference,,"Sophienstr. 41, St. Pauli, Hamburg, Germany",Europe
1893,14,J. E. Jayne,Jayne,,,male,,m,Workers' Directory,,General Conference,,"Hartland, Me.",United States
1893,14,J. Jensen,Jensen,,,male,,m l,Workers' Directory,,General Conference,,"Cor. 8th and 22d Sts., Council Bluffs, Iowa",United States
1893,14,Miss Sadie Jensen,Jensen,Miss,,female,,m l,Workers' Directory,,General Conference,,"865 5th St., Milwaukee, Wis.",United States
1893,14,Maren Johansen,Johansen,,,female,,t,Workers' Directory,,General Conference,,"College View, Neb.",United States
1893,14,A. Allen John,John,,,male,,m,Workers' Directory,,General Conference,,"603 E. 12th St., Des Moines, Iowa",United States
1893,14,Mrs. A. Allen John,John,Mrs.,,female,,m l,Workers' Directory,,General Conference,,"603 E. 12th St., Des Moines, Iowa",United States
1893,14,O. A. Johnson,Johnson,,,male,,m & t,Workers' Directory,,General Conference,,"College View, Neb.",United States
1893,14,Mrs. O. A. Johnson,Johnson,Mrs.,,female,,ma,Workers' Directory,,General Conference,,"College View, Neb.",United States
1893,14,F. B. Johnson,Johnson,,,male,,m l,Workers' Directory,,General Conference,,"Redwood Falls, Minn.",United States
1893,14,Geo. G. Johnson,Johnson,,,male,,m l,Workers' Directory,,General Conference,,"756 Jessamine St., St. Paul, Minn.",United States
1893,14,Miss Mattie Johnson,Johnson,Miss,,female,,m l,Workers' Directory,,General Conference,,"727 E. Taylor St., Portland, Or.",United States
1893,14,B. B. Johnson,Johnson,,,male,,c,Workers' Directory,,General Conference,,"Newark, Wirt Co., W. Va.",United States
1893,14,H. R. Johnson,Johnson,,,male,,m,Workers' Directory,,General Conference,,"Neenah, Wis.",United States
1893,14,L. Johnson,Johnson,,,male,,m,Workers' Directory,,General Conference,,"Akersgaden 74, Christiania, Norway",Scandinavia
1893,14,Miss Olive Johnson,Johnson,Miss,,female,,m l,Workers' Directory,,General Conference,,"309 Poplar St., Seattle, Wash.",United States
1893,14,O. Johnson,Johnson,,,male,,m,Workers' Directory,,General Conference,,"Batsmansgatan 25, Helsingfors, Finland",Scandinavia
1893,14,Addie Johnson,Johnson,,M.D.,female,,,Workers' Directory,,General Conference,,"Battle Creek, Mich.",United States
1893,14,J. O. Johnston,Johnston,,,male,,l,Workers' Directory,,General Conference,,"Greenville, S. C.",United States
1893,14,A. T. Jones,Jones,,,male,,m & e,Workers' Directory,,General Conference,,"Battle Creek, Mich.",United States
1893,14,D. T. Jones,Jones,,,male,,n,Workers' Directory,,General Conference,,"Walla Walla, Wash.",United States
1893,14,C. H. Jones,Jones,,,male,,b,Workers' Directory,,General Conference,Pacific Press,"Oakland, Cal.",United States
1893,14,John F. Jones,Jones,,,male,,m,Workers' Directory,,General Conference,,"2841 W. Lanvale St., Baltimore, Md.",United States
1893,14,Friedr. Jorg,Jorg,,,male,,m,Workers' Directory,,General Conference,,"852 Strafer St., Station B., Portland, Or.",United States
1893,14,Nelse Jorgenson,Jorgenson,,,male,,m l,Workers' Directory,,General Conference,,"603 E. 12th St., Des Moines, Iowa",United States
1893,12,W. C. Eaton,Eaton,,,male,Worker,d,Workers' Directory,,General Conference,,"Jeddo, N. Y.",United States
1893,12,J. L. Edgar,Edgar,,,male,Worker,n,Workers' Directory,,General Conference,,"Kalamazoo, Mich.",United States
1893,12,W. H. Edwards,Edwards,,,male,Worker,tr,Workers' Directory,,General Conference,Review and Herald,"Battle Creek, Mich.",United States
1893,12,C. H. Edwards,Edwards,,,male,Worker,l,Workers' Directory,,General Conference,,"South Lancaster, Mass.",United States
1893,12,J. B. Eitel,Eitel,,,male,Worker,l,Workers' Directory,,General Conference,,"Baraboo, Wis.",United States
1893,12,C. Eldridge,Eldridge,,,male,Worker,c,Workers' Directory,,General Conference,,"Chicago, Ill.",United States
1893,12,M. H. Ellis,Ellis,,,male,Worker,m l,Workers' Directory,,General Conference,,"Minneapolis, Minn.",United States
1893,12,Mrs. E. A. Ellis,Ellis,Mrs.,,female,Worker,m l,Workers' Directory,,General Conference,,"Minneapolis, Minn.",United States
1893,12,John M. Ellis,Ellis,,,male,Worker,l,Workers' Directory,,General Conference,,"Monticello, Ind.",United States
1893,12,George M. Ellis,Ellis,,,male,Worker,l,Workers' Directory,,General Conference,,"Pacific, Mo.",United States
1893,12,L. Enebo,Enebo,,,male,Worker,l,Workers' Directory,,General Conference,,"Christiania, Norway",Scandinavia
1893,12,David Engle,Engle,,,male,Worker,d,Workers' Directory,,General Conference,,"Amos, Marion Co., W. Va.",United States
1893,12,J. M. Eriksson,Eriksson,,,male,Worker,m & t,Workers' Directory,,General Conference,,"College View, Neb.",United States
1893,12,J. Erzenberger,Erzenberger,,,male,Worker,m,Workers' Directory,,General Conference,,"Basel, Switzerland",Europe
1893,12,I. H. Evans,Evans,,,male,Worker,m,Workers' Directory,,General Conference,,"Ovid, Mich.",United States
1893,12,J. E. Evans,Evans,,,male,Worker,l,Workers' Directory,,General Conference,,"Battle Creek, Mich.",United States
1893,12,Mary S. Evans,Evans,,,female,Worker,s,Workers' Directory,,General Conference,,"Carson City, Mich.",United States
1893,12,Minnie Evans,Evans,,,female,Worker,m l,Workers' Directory,,General Conference,,"Battle Creek, Mich.",United States
1893,12,Ella Evans,Evans,,,female,Worker,t,Workers' Directory,,General Conference,,"College Place, Wash.",United States
1893,12,C. M. Everest,Everest,,,male,Worker,a,Workers' Directory,,General Conference,,"Minneapolis, Minn.",United States
1893,12,W. B. Everhart,Everhart,,,male,Worker,l,Workers' Directory,,General Conference,,"Grant City, Iowa",United States
1893,12,W. H. Falconer,Falconer,,,male,Worker,m,Workers' Directory,,General Conference,,"Battle Creek, Mich.",United States
1893,12,J. Fargo,Fargo,,,male,Worker,m,Workers' Directory,,General Conference,,"Greenville, Mich.",United States
1893,12,H. J. Farman,Farman,,,male,Worker,m,Workers' Directory,,General Conference,,"South Lancaster, Mass.",United States
1893,12,O. O. Farnsworth,Farnsworth,,,male,Worker,m,Workers' Directory,,General Conference,,"Belfast, Ireland",Europe
1893,12,E. P. Farnsworth,Farnsworth,,,male,Worker,c,Workers' Directory,,General Conference,,"South Lancaster, Mass.",United States
1893,12,S. A. Farnsworth,Farnsworth,,,,Worker,m l,Workers' Directory,,General Conference,,"South Lancaster, Mass.",United States
1893,12,E. W. Farnsworth,Farnsworth,,,male,Worker,m,Workers' Directory,,General Conference,,"College View, Neb.",United States
1893,12,Miss Lottie Ewell,Ewell,Miss,,female,Worker,m l,Workers' Directory,,General Conference,,"Milwaukee, Wis.",United States
1893,12,W. M. Fee,Fee,,,male,Worker,l,Workers' Directory,,General Conference,,"Lewiston, Idaho",United States
1893,12,K. A. Fernström,Fernström,,,male,Worker,m,Workers' Directory,,General Conference,,"Grythyttehed, Sweden",Scandinavia
1893,12,D. T. Fero,Fero,,,male,Worker,n,Workers' Directory,,General Conference,,"Portland, Or.",United States
1893,12,O. S. Ferren,Ferren,,,male,Worker,m,Workers' Directory,,General Conference,,"Marvin, Phillips Co., Kan.",United States
1893,12,P. E. Ferrin,Ferrin,,,male,Worker,m l,Workers' Directory,,General Conference,,"Carthage, Mo.",United States
1893,12,A. E. Field,Field,,,male,Worker,d,Workers' Directory,,General Conference,,"Ottawa, Kan.",United States
1893,12,G. E. Fifield,Fifield,,,male,Worker,"m, c & t",Workers' Directory,,General Conference,,"Battle Creek, Mich.",United States
1893,12,Miss Alice Finch,Finch,Miss,,female,Worker,m l,Workers' Directory,,General Conference,,"Chicago, Ill.",United States
1893,12,Mrs. Flora Fish,Fish,Mrs.,,female,Worker,s,Workers' Directory,,General Conference,,"Healdsburg, Cal.",United States
1893,12,Mrs. D. A. Fitch,Fitch,Mrs.,,female,Worker,h,Workers' Directory,,General Conference,Sanitarium,"Battle Creek, Mich.",United States
1893,12,C. W. Flaiz,Flaiz,,,male,Worker,m,Workers' Directory,,General Conference,,"Dodge Center, Minn.",United States
1893,12,C. C. Flatt,Flatt,,M.D.,male,Worker,M. D.,Workers' Directory,,General Conference,,"Corydon, Pa.",United States
1893,12,Wm. Fleck,Fleck,,,male,Worker,l,Workers' Directory,,General Conference,,"Bonnenbroich, bei Rheydt, Rhenish Prussia, Germany",Europe
1893,12,A. E. Flowers,Flowers,,,male,Worker,l,Workers' Directory,,General Conference,,"Kingsville, Mo.",United States
1893,12,Mrs. R. E. Flowers,Flowers,Mrs.,,female,Worker,m l,Workers' Directory,,General Conference,,"Kingsville, Mo.",United States
1893,12,C. L. Ford,Ford,,,male,Worker,l,Workers' Directory,,General Conference,,"College Place, Wash.",United States
1893,12,E. L. Fortner,Fortner,,,male,Worker,l,Workers' Directory,,General Conference,,"Shawnee, Kan.",United States
1893,12,Mrs. M. E. Ford,Ford,Mrs.,,female,Worker,s,Workers' Directory,,General Conference,,"College Place, Wash.",United States
1893,12,Miss Addie J. Foster,Foster,Miss,,female,Worker,m l,Workers' Directory,,General Conference,,"Portland, Or.",United States
1893,12,J. C. Foster,Foster,,,male,Worker,l,Workers' Directory,,General Conference,,"Cawker City, Kan.",United States
1893,12,E. E. Franke,Franke,,,male,Worker,m,Workers' Directory,,General Conference,,"New York, N. Y.",United States
1893,12,E. Frauchiger,Frauchiger,,,male,Worker,n,Workers' Directory,,General Conference,,"Hamburg, Germany",Europe
1893,12,C. P. Frederickson,Frederickson,,,male,Worker,m,Workers' Directory,,General Conference,,"Vilas, S. Dak.",United States
1893,12,H. B. French,French,,,male,Worker,c,Workers' Directory,,General Conference,,"Wills Point, Texas",United States
1893,12,J. E. Froom,Froom,,,male,Worker,m l,Workers' Directory,,General Conference,,"Battle Creek, Mich.",United States
1893,12,Miss Ada Fromader,Fromader,Miss,,female,Worker,m l,Workers' Directory,,General Conference,,"Milwaukee, Wis.",United States
1893,12,Bert Fullmer,Fullmer,,,male,Worker,m l,Workers' Directory,,General Conference,,"Marshalltown, Iowa",United States
1893,12,J. E. Fulton,Fulton,,,male,Worker,m,Workers' Directory,,General Conference,,"Portland, Or.",United States
1893,12,John Fulton,Fulton,,,male,Worker,m,Workers' Directory,,General Conference,Rural Health Retreat,"St. Helena, Cal.",United States
1893,12,R. T. Fultz,Fultz,,,male,Worker,s s,Workers' Directory,,General Conference,,"Timberville, Rockingham Co., Va.",United States
1893,12,Miss Maggie Gabel,Gabel,Miss,,female,Worker,m l,Workers' Directory,,General Conference,,"San Francisco, Cal.",United States
1893,12,Miss Nellie Gains,Gains,Miss,,female,Worker,s s,Workers' Directory,,General Conference,,"Nashville, Tenn.",United States
1893,12,J. P. Gardiner,Gardiner,,,male,Worker,n,Workers' Directory,,General Conference,,"College View, Neb.",United States
1893,12,E. E. Gardner,Gardner,,,male,Worker,l,Workers' Directory,,General Conference,,"Osceola, Iowa",United States
1893,12,C. M. Gardner,Gardner,,,male,Worker,l,Workers' Directory,,General Conference,,"Osceola, Iowa",United States
1893,12,R. G. Garrett,Garrett,,,male,Worker,m,Workers' Directory,,General Conference,,"Linwood, Hart Co., Ky.",United States
1893,12,E. H. Gates,Gates,,,male,Worker,m,Workers' Directory,,General Conference,,"Pitcairn Island, Pacific Ocean",Pacific
1893,12,Mrs. E. H. Gates,Gates,Mrs.,,female,Worker,m l,Workers' Directory,,General Conference,,"Pitcairn Island, Pacific Ocean",Pacific
1893,12,Miss Elsie Gates,Gates,Miss,,female,Worker,m l,Workers' Directory,,General Conference,,"Sacramento, Cal.",United States
1893,12,J. I. Gibson,Gibson,,,male,Worker,h,Workers' Directory,,General Conference,,"London, N., England",Europe
1893,12,H. E. Giddings,Giddings,,,male,Worker,l,Workers' Directory,,General Conference,,"Gunn City, Mo.",United States
1893,12,C. Gilbert,Gilbert,,,male,Worker,d,Workers' Directory,,General Conference,,"Syracuse, N. Y.",United States
1893,12,H. C. Giles,Giles,,,male,Worker,l & t,Workers' Directory,,General Conference,,"South Lancaster, Mass.",United States
1893,12,Miss Laura Ginley,Ginley,Miss,,female,Worker,m l,Workers' Directory,,General Conference,,"London, N., England",Europe
1893,12,J. R. Glass,Glass,,,male,Worker,a,Workers' Directory,,General Conference,Pacific Press,"Oakland, Cal.",United States
1893,12,W. N. Glenn,Glenn,,,male,Worker,e,Workers' Directory,,General Conference,Pacific Press,"Oakland, Cal.",United States
1893,12,Miss Cora Glout,Glout,Miss,,female,Worker,m l,Workers' Directory,,General Conference,,"Terre Haute, Ind.",United States
1893,12,Louis Gobielle,Gobielle,,,male,Worker,d,Workers' Directory,,General Conference,,"Angers, Q.",Canada
1893,12,H. C. Goodrich,Goodrich,,,male,Worker,d,Workers' Directory,,General Conference,,"Colon, Mich.",United States
1893,12,J. B. Goodrich,Goodrich,,,male,Worker,m,Workers' Directory,,General Conference,,"South Stukely, P. Q.",Canada
1893,12,Daniel Graber,Graber,,,male,Worker,a,Workers' Directory,,General Conference,,"New Decatur, Alabama",United States
1893,12,H. F. Graf,Graf,,,male,Worker,m & t,Workers' Directory,,General Conference,,"College View, Neb.",United States
1893,12,J. J. Graf,Graf,,,male,Worker,m,Workers' Directory,,General Conference,,"Good Thunder, Minn.",United States
1893,12,Wm. Graff,Graff,,,male,Worker,,Workers' Directory,,General Conference,,"Rome, New York",United States
1893,12,J. E. Graham,Graham,,,male,Worker,l,Workers' Directory,,General Conference,,"Portland, Or.",United States
1893,12,Mrs. Belle Graham,Graham,Mrs.,,female,Worker,s s,Workers' Directory,,General Conference,,"Des Moines, Iowa",United States
1893,12,Harrison Grant,Grant,,,male,Worker,m,Workers' Directory,,General Conference,,"College View, Neb.",United States
1893,12,Ida L. Grant,Grant,,,female,Worker,s s,Workers' Directory,,General Conference,,"Hartland, Maine",United States
1893,12,W. C. Grainger,Grainger,,,male,Worker,t,Workers' Directory,,General Conference,,"Healdsburg, Cal.",United States
1893,11,A. H. Clark,Clark,,,male,m l,,Workers' Directory,,General Conference,,"Hartford, Conn.",United States
1893,11,F. S. Clark,Clark,,,male,d,,Workers' Directory,,General Conference,,"Hastings, Mich.",United States
1893,11,N. Clausen,Clausen,,,male,m,,Workers' Directory,,General Conference,,"Copenhagen, K., Denmark",Scandinavia
1893,11,John Clayton,Clayton,,,male,d,,Workers' Directory,,General Conference,,"Jamaica, Vt.",United States
1893,11,J. B. Clymer,Clymer,,,male,b,,Workers' Directory,,General Conference,College,"Battle Creek, Mich.",United States
1893,11,Mrs. A. F. Coats,Coats,Mrs.,,female,m l,,Workers' Directory,,General Conference,,"Seattle, Wash.",United States
1893,11,S. M. Cobb,Cobb,,,male,l,,Workers' Directory,,General Conference,,"South Russell, N. Y.",United States
1893,11,N. O. Coffman,Coffman,,,male,d,,Workers' Directory,,General Conference,,"Mendon, Ohio",United States
1893,11,W. A. Colcord,Colcord,,,male,l,,Workers' Directory,,General Conference,Review and Herald,"Battle Creek, Mich.",United States
1893,11,G. W. Colcord,Colcord,,,male,m. & t,,Workers' Directory,,General Conference,,"Graysville, Tenn.",United States
1893,11,Mrs. Ada Colcord,Colcord,Mrs.,,female,t,,Workers' Directory,,General Conference,,"Graysville, Tenn.",United States
1893,11,Celian C. Colcord,Colcord,,,,t,,Workers' Directory,,General Conference,,"Graysville, Tenn.",United States
1893,11,John M. Cole,Cole,,,male,m,,Workers' Directory,,General Conference,,"Papeete, Tahiti, Pacific Ocean",Pacific Islands
1893,11,Mrs. J. M. Cole,Cole,Mrs.,,female,m l,,Workers' Directory,,General Conference,,"Papeete, Tahiti, Pacific Ocean",Pacific Islands
1893,11,J. W. Collie,Collie,,,male,l,,Workers' Directory,,General Conference,,"Orlando, Fla.",United States
1893,11,G. N. Collins,Collins,,,male,c,,Workers' Directory,,General Conference,,"Shawmut, Mass.",United States
1893,11,Mrs. S. M. Comstock,Comstock,Mrs.,,female,m l,,Workers' Directory,,General Conference,,"Los Angeles, Cal.",United States
1893,11,J. D. Comte,Comte,,,male,m,,Workers' Directory,,General Conference,,"Basel, Switzerland",Europe
1893,11,L. R. Conradi,Conradi,,,male,m,,Workers' Directory,,General Conference,,"Hamburg, Germany",Europe
1893,11,Miss Alice Conway,Conway,Miss,,female,a 5,,Workers' Directory,,General Conference,,"Derden, Hill Co., Texas",United States
1893,11,H. A. Cook,Cook,,,male,l,,Workers' Directory,,General Conference,,"Gallipolis, Ohio",United States
1893,11,J. H. Cook,Cook,,,male,m,,Workers' Directory,,General Conference,,"Fresno, Cal.",United States
1893,11,Amelia Cook,Cook,,,female,s,,Workers' Directory,,General Conference,,"Williamsport, Pa.",United States
1893,11,Mrs. E. F. Cook,Cook,Mrs.,,female,m l,,Workers' Directory,,General Conference,,"Seattle, Wash.",United States
1893,11,J. O. Corliss,Corliss,,,male,n,,Workers' Directory,,General Conference,Review and Herald,"Battle Creek, Mich.",United States
1893,11,Miss Florence Cornell,Cornell,Miss,,female,s,,Workers' Directory,,General Conference,,"Boulder, Colo.",United States
1893,11,M. E. Cornell,Cornell,,,male,m,,Workers' Directory,,General Conference,,"Battle Creek, Mich.",United States
1893,11,Clara Coney,Coney,,,female,es,,Workers' Directory,,General Conference,,"Fresno, Cal.",United States
1893,11,Mrs. M. D. Counselman,Counselman,Mrs.,,female,t,,Workers' Directory,,General Conference,College,,United States
1893,11,Nettie Covey,Covey,,,female,a,,Workers' Directory,,General Conference,,"Tancook Island, Lunenberg Co., N. S.",Canada
1893,11,Wm. Covert,Covert,,,male,m,,Workers' Directory,,General Conference,,"Essex Junction, Vt.",United States
1893,11,J. W. Covert,Covert,,,male,m,,Workers' Directory,,General Conference,,"Maple City, Mich.",United States
1893,11,Mrs. I. H. Cowie,Cowie,Mrs.,,female,s,,Workers' Directory,,General Conference,,"Moncton, New Brunswick",Canada
1893,11,R. B. Craig,Craig,,,male,a,,Workers' Directory,,General Conference,,"Indianapolis, Ind.",United States
1893,11,Mrs. R. B. Craig,Craig,Mrs.,,female,s s,,Workers' Directory,,General Conference,,"Indianapolis, Ind.",United States
1893,11,J. M. Craig,Craig,,,male,a,,Workers' Directory,,General Conference,,"Cape Town, South Africa",Africa
1893,11,Miss May Craig,Craig,Miss,,female,m l,,Workers' Directory,,General Conference,,"Indianapolis, Ind.",United States
1893,11,L. H. Crisler,Crisler,,,male,m,,Workers' Directory,,General Conference,,"Orlando, Fla.",United States
1893,11,Miss Carrie Crook,Crook,Miss,,female,m l,,Workers' Directory,,General Conference,,"Chicago, Ill.",United States
1893,11,W. M. Crothers,Crothers,,,male,a,,Workers' Directory,,General Conference,,"Kansas City, Mo.",United States
1893,11,L. M. Crowther,Crowther,,,male,l,,Workers' Directory,,General Conference,,"Hill City, S. Dak.",United States
1893,11,W. S. Cruzan,Cruzan,,,male,m,,Workers' Directory,,General Conference,,"Sulphur Springs, Texas",United States
1893,11,Mrs. Mamie Cruzan,Cruzan,Mrs.,,female,s s,,Workers' Directory,,General Conference,,"Sulphur Springs, Texas",United States
1893,11,J. Curdy,Curdy,,,male,l,,Workers' Directory,,General Conference,,"Geneva, Switzerland",Europe
1893,11,D. P. Curtis,Curtis,,,male,m,,Workers' Directory,,General Conference,,"West Concord, Minn.",United States
1893,11,E. A. Curtis,Curtis,,,male,m,,Workers' Directory,,General Conference,,"Sauk Centre, Minn.",United States
1893,11,W. D. Curtis,Curtis,,,male,n,,Workers' Directory,,General Conference,,"Rockford, Ill.",United States
1893,11,C. F. Curtis,Curtis,,,male,b,,Workers' Directory,,General Conference,,"Atlanta, Ga.",United States
1893,11,Geo. A. Cushing,Cushing,,,male,s,,Workers' Directory,,General Conference,,"Dixville, P. Q.",Canada
1893,11,Miss Laura Cushing,Cushing,Miss,,female,m l,,Workers' Directory,,General Conference,,"Denver, Colo.",United States
1893,11,A. G. Daniells,Daniells,,,male,m,,Workers' Directory,,General Conference,,"Glebe, Sydney, Australia",Australia
1893,11,Mrs. M. E. Daniells,Daniells,Mrs.,,female,s,,Workers' Directory,,General Conference,,"Glebe, Sydney, Australia",Australia
1893,11,C. F. Dart,Dart,,,male,d,,Workers' Directory,,General Conference,,"Welsh, La.",United States
1893,11,Henry Davis,Davis,,,male,d,,Workers' Directory,,General Conference,,"Rumford, Maine",United States
1893,11,G. W. Davis,Davis,,,male,m,,Workers' Directory,,General Conference,,"Seattle, Wash.",United States
1893,11,B. F. Davis,Davis,,,male,s,,Workers' Directory,,General Conference,,"Hartland, Maine",United States
1893,11,E. May Davies,Davies,,,female,s,,Workers' Directory,,General Conference,,"Williamsport, Pa.",United States
1893,11,S. S. Davis,Davis,,,male,l,,Workers' Directory,,General Conference,,"Dugger, Ind.",United States
1893,11,Homer Day,Day,,,male,l,,Workers' Directory,,General Conference,,"Fairgrove, Mich.",United States
1893,11,Paul J. Deane,Deane,,,male,m l,,Workers' Directory,,General Conference,,"Papeete, Tahiti, Pacific Ocean",Pacific Islands
1893,11,H. W. Decker,Decker,,,male,m,,Workers' Directory,,General Conference,,"Du Quoin, Ill.",United States
1893,11,G. H. Derrick,Derrick,,,male,m,,Workers' Directory,,General Conference,,"San Francisco, Cal.",United States
1893,11,J. J. Devereaux,Devereaux,,,male,a,,Workers' Directory,,General Conference,,"Lincoln, Neb.",United States
1893,11,J. M. Dickerson,Dickerson,,,male,a,,Workers' Directory,,General Conference,,"Oklahoma City, O. T.",United States
1893,11,Miss Fannie M. Dickerson,Dickerson,Miss,,female,t,,Workers' Directory,,General Conference,,"South Lancaster, Mass.",United States
1893,11,B. L. Diffenbacher,Diffenbacher,,,male,l,,Workers' Directory,,General Conference,,"Lake Charles, La.",United States
1893,11,D. Dingman,Dingman,,,male,c,,Workers' Directory,,General Conference,,"South Bolton, P. Q.",Canada
1893,11,Jonas Divelbiss,Divelbiss,,,male,l,,Workers' Directory,,General Conference,,"Viola, Ark.",United States
1893,11,N. P. Dixon,Dixon,,,male,a,,Workers' Directory,,General Conference,,"Denver, Colo.",United States
1893,11,Mary L. Doan,Doan,,,female,m l,,Workers' Directory,,General Conference,,"Kansas City, Kan.",United States
1893,11,R. S. Donnell,Donnell,,,male,n,,Workers' Directory,,General Conference,,"College Place, Wash.",United States
1893,11,J. W. Dortch,Dortch,,,male,c,,Workers' Directory,,General Conference,,"Springville, Henry Co., Tenn.",United States
1893,11,Richard Dowsett,Dowsett,,,male,m l,,Workers' Directory,,General Conference,,"La Crosse, Wis.",United States
1893,11,Geo. R. Drew,Drew,,,male,m l,,Workers' Directory,,General Conference,,"Higher Tranmere, Birkenhead, England",Europe
1893,11,George A. Droll,Droll,,,male,t,,Workers' Directory,,General Conference,College,"Battle Creek, Mich.",United States
1893,11,Mrs. Lydia M. Droll,Droll,Mrs.,,female,t,,Workers' Directory,,General Conference,College,"Battle Creek, Mich.",United States
1893,11,C. C. Drown,Drown,,,male,d,,Workers' Directory,,General Conference,,"Johnson, Vt.",United States
1893,11,A. Druillard,Druillard,,,male,m l,,Workers' Directory,,General Conference,,"Cape Town, South Africa",Africa
1893,11,Mrs. N. H. Druillard,Druillard,Mrs.,,female,s,,Workers' Directory,,General Conference,,"Cape Town, South Africa",Africa
1893,11,W. T. Drummond,Drummond,,,male,m,,Workers' Directory,,General Conference,,"Peoria, Texas",United States
1893,11,H. J. Duerkson,Duerkson,,,male,l,,Workers' Directory,,General Conference,,"Richville, Logan Co., N. Dak.",United States
1893,11,I. A. Dunlap,Dunlap,,,male,b,,Workers' Directory,,General Conference,,"College Place, Wash.",United States
1893,11,H. M. Dunlap,Dunlap,,M.D.,male,,,Workers' Directory,,General Conference,Sanitarium,"Battle Creek, Mich.",United States
1893,11,W. J. Dunscomb,Dunscomb,,,male,d,,Workers' Directory,,General Conference,,"Portland, Maine",United States
1893,11,J. H. Durland,Durland,,,male,m,,Workers' Directory,,General Conference,,"College View, Neb.",United States
1893,11,L. T. Dysert,Dysert,,,male,s,,Workers' Directory,,General Conference,,"Cleveland, Ohio",United States
1893,17,A. C. Neff,Neff,,,male,,m,Workers' Directory,,General Conference,,"Quicksburg, Va.",United States
1893,17,A. M. Neff,Neff,,,male,,a,Workers' Directory,,General Conference,,"Winchester, Va.",United States
1893,17,Miss Amy A. Neff,Neff,Miss,,female,,s,Workers' Directory,,General Conference,,"Winchester, Va.",United States
1893,17,S. W. Nellis,Nellis,,,male,,m l,Workers' Directory,,General Conference,,"309 Poplar St., Seattle, Wash.",United States
1893,17,N. P. Nelson,Nelson,,,male,,m,Workers' Directory,,General Conference,,"Hurley, S. Dak.",United States
1893,17,J. N. Nelson,Nelson,,,male,,5,Workers' Directory,,General Conference,,"Review and Herald, Battle Creek, Mich.",United States
1893,17,Lars Nelson,Nelson,,,male,,b,Workers' Directory,,General Conference,,"College View, Neb.",United States
1893,17,Ella Nesmith,Nesmith,,,female,,m l,Workers' Directory,,General Conference,,"Watertown, S. Dak.",United States
1893,17,Daniel Nettleton,Nettleton,,,male,,m,Workers' Directory,,General Conference,,"Brownville, Neb.",United States
1893,17,Mrs. M. W. Newton,Newton,Mrs.,,female,,t,Workers' Directory,,General Conference,,"College View, Neb.",United States
1893,17,C. M. Nichols,Nichols,,,male,,d,Workers' Directory,,General Conference,,"Cottage Grove, Cal.",United States
1893,17,H. Nicola,Nicola,,,male,,n,Workers' Directory,,General Conference,,"Battle Creek, Mich.",United States
1893,17,L. T. Nicola,Nicola,,,male,,s,Workers' Directory,,General Conference,,"Battle Creek, Mich.",United States
1893,17,Ben. E. Nicola,Nicola,,,male,,m l,Workers' Directory,,General Conference,,"603 E. 12th St., Des Moines, Iowa",United States
1893,17,J. C. Nielson,Nielson,,,male,,m,Workers' Directory,,General Conference,,"Neenah, Wis.",United States
1893,17,N. P. Nilsen,Nilsen,,,male,,l,Workers' Directory,,General Conference,,"Akeregaden 74, Christiania, Norway",Scandinavia
1893,17,Christina Nielson,Nielson,,,female,,t,Workers' Directory,,General Conference,,"College View, Neb.",United States
1893,17,Miss Annie S. Nixon,Nixon,Miss,,female,,t,Workers' Directory,,General Conference,,"Claremont, Cape Colony, South Africa",Africa
1893,17,O. P. Norderhus,Norderhus,,,male,,l,Workers' Directory,,General Conference,,"Box 105, Murdock, Minn.",United States
1893,17,Fred Norton,Norton,,,male,,m l,Workers' Directory,,General Conference,,"Wasioji, Minn.",United States
1893,17,D. H. Oberholtzer,Oberholtzer,,,male,,n,Workers' Directory,,General Conference,,"175 Central Ave., Indianapolis, Ind.",United States
1893,17,J. Geo. Oblander,Oblander,,,male,,m,Workers' Directory,,General Conference,,"Sophienstr. 41, St. Pauli, Hamburg, Germany",Europe
1893,17,F. Oberg,Oberg,,,male,,m,Workers' Directory,,General Conference,,"Smalandsgatan 15, Stockholm, Sweden",Scandinavia
1893,17,Hattie Ohm,Ohm,,,female,,m l,Workers' Directory,,General Conference,,"51 Ashland Boulevard, Chicago, Ill.",United States
1893,17,C. W. Olds,Olds,,,male,,m,Workers' Directory,,General Conference,,"Box 32, Milton, Wis.",United States
1893,17,Miss Lucy M. Olds,Olds,Miss,,female,,s,Workers' Directory,,General Conference,,"821 West 5th St., Topeka, Kan.",United States
1893,17,Miss Tillie Olds,Olds,Miss,,female,,m l,Workers' Directory,,General Conference,,"865 5th St., Milwaukee, Wis.",United States
1893,17,Henry Oliver,Oliver,,,male,,l,Workers' Directory,,General Conference,,"College Place, Wash.",United States
1893,17,O. A. Olsen,Olsen,,,male,,m,Workers' Directory,,General Conference,,"Review and Herald, Battle Creek, Mich.",United States
1893,17,E. G. Olsen,Olsen,,,male,,m,Workers' Directory,,General Conference,,"Atlantic, Iowa",United States
1893,17,A. J. Olsen,Olsen,,,male,,a,Workers' Directory,,General Conference,,"Lansing, Mich.",United States
1893,17,O. J. Olsen,Olsen,,,male,,l,Workers' Directory,,General Conference,,"Akersgaden 74, Christiania, Norway",Scandinavia
1893,17,M. M. Olsen,Olsen,,,male,,m,Workers' Directory,,General Conference,,"Vestervoldgade 17, Copenhagen, K., Denmark",Scandinavia
1893,17,Mrs. Vesta J. Olsen,Olsen,Mrs.,,female,,s,Workers' Directory,,General Conference,,"Box 548, Oakland, Cal.",United States
1893,17,L. Olson,Olson,,,male,,m l,Workers' Directory,,General Conference,,"Smalandsgatan 15, Stockholm, Sweden",Scandinavia
1893,17,O. Oppegard,Oppegard,,,male,,m l,Workers' Directory,,General Conference,,"365 5th St., Milwaukee, Wis.",United States
1893,17,J. A. Osborn,Osborn,,,male,,m l,Workers' Directory,,General Conference,,"Woodland, Cal.",United States
1893,17,S. C. Osborne,Osborne,,,male,,a,Workers' Directory,,General Conference,,"Ottawa, Kan.",United States
1893,17,P. B. Osborn,Osborn,,,male,,m,Workers' Directory,,General Conference,,"Hartland, Me.",United States
1893,17,Miss Ora A. Osborn,Osborn,Miss,,female,,t,Workers' Directory,,General Conference,,"College, Battle Creek, Mich.",United States
1893,17,D. W. Ostlund,Ostlund,,,male,,m l,Workers' Directory,,General Conference,,"Akersgaden 74, Christiania, Norway",Scandinavia
1893,17,Wm. Ostrander,Ostrander,,,male,,m,Workers' Directory,,General Conference,,"284 Washington St., Battle Creek, Mich.",United States
1893,17,J. C. Ottosen,Ottosen,,,male,,l,Workers' Directory,,General Conference,,"Vestervoldgade 17, Copenhagen, K., Denmark",Scandinavia
1893,17,H. A. Owen,Owen,,,male,,t,Workers' Directory,,General Conference,,"College View, Neb.",United States
1893,17,Roderick S. Owen,Owen,,,male,,m & t,Workers' Directory,,General Conference,,"Healdsburg, Cal.",United States
1893,17,Rodney S. Owen,Owen,,,male,,m,Workers' Directory,,General Conference,,"Review and Herald, Cor. S. Boulevard and Bryan Sts., Atlanta, Ga.",United States
1893,17,Jennie Owen,Owen,,,female,,m l,Workers' Directory,,General Conference,,"The Chaloners, Anson Road, Tufnell Park, London, N., England",Europe
1893,17,G. K. Owen,Owen,,,male,,m,Workers' Directory,,General Conference,,"Pacific Press, Oakland, Cal.",United States
1893,17,Mrs. J. A. Owen,Owen,Mrs.,,female,,l,Workers' Directory,,General Conference,,"Pacific Press, Oakland, Cal.",United States
1893,17,Geo. W. Page,Page,,,male,,m,Workers' Directory,,General Conference,,"Heber, Cleburn Co., Ark.",United States
1893,17,T. H. Painter,Painter,,,male,,s,Workers' Directory,,General Conference,,"Stanleyton, Va.",United States
1893,17,Jesse Pallant,Pallant,,,male,,m l,Workers' Directory,,General Conference,,"76 Pyrmont Bridge Road, Glebe, Sydney, Australia",Australia
1893,17,E. R. Palmer,Palmer,,,male,,a,Workers' Directory,,General Conference,,"Essex Junction, Vt.",United States
1893,17,Mrs. E. T. Palmer,Palmer,Mrs.,,female,,s,Workers' Directory,,General Conference,,"South Lancaster, Mass.",United States
1893,17,J. R. Palmer,Palmer,,,male,,m,Workers' Directory,,General Conference,,"920 W. 6th Ave., Denver, Colo.",United States
1893,17,J. A. Parker,Parker,,,male,,a,Workers' Directory,,General Conference,,"46 South 5th St., Nashville, Tenn.",United States
1893,17,C. F. Parmele,Parmele,,,male,,a,Workers' Directory,,General Conference,,"43 Bond St., New York, N.Y.",United States
1893,17,Julia A. Parmele,Parmele,,,female,,m l,Workers' Directory,,General Conference,,"The Chaloners, Anson Road, Tufnell Park, London, N., England",Europe
1893,17,Miss C. A. Patchen,Patchen,Miss,,female,,m l,Workers' Directory,,General Conference,,"346 W. 4th St., Cincinnati, Ohio",United States
1893,17,Samuel Parret,Parret,,,male,,m l,Workers' Directory,,General Conference,,"Santa Anna, Cal.",United States
1893,17,N. W. Paulson,Paulson,,,male,,d,Workers' Directory,,General Conference,,"Beresford, So. Dak.",United States
1893,17,W. L. Payne,Payne,,,male,,c,Workers' Directory,,General Conference,,"Charlemont, Mass.",United States
1893,17,Frank Peabody,Peabody,,,male,,s,Workers' Directory,,General Conference,,"Freewater, Or.",United States
1893,17,F. Peabody,Peabody,,,male,,n,Workers' Directory,,General Conference,,"West Valley, N.Y.",United States
1893,17,Miss Sarah E. Peck,Peck,Miss,,female,,t,Workers' Directory,,General Conference,Union College,"Claremont, Cape Colony, S. Africa",Africa
1893,17,J. D. Peg,Peg,,,male,,n,Workers' Directory,,General Conference,,"Fort Collins, Colo.",United States
1893,17,E. E. Pennington,Pennington,,,male,,l,Workers' Directory,,General Conference,,"43 Bond St., New York, N.Y.",United States
1893,17,R. Peterson,Peterson,,,male,,tr,Workers' Directory,,General Conference,,"Akeregaden 74, Christiania, Norway",Scandinavia
1893,17,Phelps,Phelps,,,,,m,Workers' Directory,,General Conference,,"470 Martin St., St. Paul, Minn.",United States
1893,17,F. W. Phelps,Phelps,,,male,,m l,Workers' Directory,,General Conference,,"La Crosse, Wis.",United States
1893,17,G. Phillips,Phillips,,,male,,c,Workers' Directory,,General Conference,,"Hindeville, Ark.",United States
1893,17,Miss Jean Phillips,Phillips,Miss,,female,,m l,Workers' Directory,,General Conference,,"51 Ashland Boulevard, Chicago, Ill.",United States
1893,17,E. Piednue,Piednue,,,male,,c,Workers' Directory,,General Conference,,"35 Tabley Road, Tufnell Park, London, N., England",Europe
1893,17,H. W. Pierce,Pierce,,,male,,m,Workers' Directory,,General Conference,,"West Enosburg, Vt.",United States
1893,17,A. E. Place,Place,,,male,,m,Workers' Directory,,General Conference,,"333 Mohawk St., Rome, N.Y.",United States
1893,17,Mrs. Flora Plummer,Plummer,Mrs.,,female,,l,Workers' Directory,,General Conference,,"603 E. 12th St., Des Moines, Ia.",United States
1893,17,R. C. Porter,Porter,,,male,,m,Workers' Directory,,General Conference,,"South Lancaster, Mass.",United States
1893,17,Miss Lucy B. Post,Post,Miss,,female,,m l,Workers' Directory,,General Conference,,"74 Kinsman St., Cleveland, Ohio",United States
1893,17,Mrs. M. T. Poston,Poston,Mrs.,,female,,m l,Workers' Directory,,General Conference,,"143 Carr St., Los Angeles, Cal.",United States
1893,17,E. B. Potts,Potts,,,male,,l,Workers' Directory,,General Conference,,,
1893,17,W. A. Pratt,Pratt,,,male,,tr,Workers' Directory,,General Conference,Health Retreat,"St. Helena, Cal.",United States
1893,17,W. W. Prescott,Prescott,,,male,,m,Workers' Directory,,General Conference,,"College, Battle Creek, Mich.",United States
1893,17,Wm. Prismall,Prismall,,,male,,b,Workers' Directory,,General Conference,Echo Pub. Co.,"North Fitzroy, Melbourne, Australia",Australia
1893,18,J. W. Pugh,Pugh,,,male,Worker,d,Workers' Directory,,General Conference,,"Grass Creek, Ind.",United States
1893,18,Rowena E. Pardon,Pardon,Miss,,female,Worker,l,Workers' Directory,,General Conference,,"South Lancaster, Mass.",United States
1893,18,Thos. H. Pardon,Pardon,,,male,Worker,m,Workers' Directory,,General Conference,,"Rutland, Vt.",United States
1893,18,W. W. Pyle,Pyle,,,male,Worker,d,Workers' Directory,,General Conference,,"Blaine, Maine",United States
1893,18,J. N. Quinn,Quinn,,,male,Worker,d,Workers' Directory,,General Conference,,"Philadelphia, Pa.",United States
1893,18,T. L. Ragsdale,Ragsdale,,,male,Worker,c,Workers' Directory,,General Conference,,"College Place, Wash.",United States
1893,18,J. W. Rambo,Rambo,,,male,Worker,d,Workers' Directory,,General Conference,,"Camden, N. J.",United States
1893,18,Ida E. Rankin,Rankin,,,female,Worker,t,Workers' Directory,,General Conference,Union College,"College View, Neb.",United States
1893,18,Effie M. Rankin,Rankin,,,female,Worker,m a,Workers' Directory,,General Conference,Union College,"College View, Neb.",United States
1893,18,Isalina Ransom,Ransom,,,female,Worker,m l,Workers' Directory,,General Conference,,"Lincoln, Neb.",United States
1893,18,C. Rasmussen,Rasmussen,,,male,Worker,l,Workers' Directory,,General Conference,,"Hadersleben, Schleswig, Germany",Europe
1893,18,J. W. Raymond,Raymond,,,male,Worker,m,Workers' Directory,,General Conference,,"Wheeler, N. Y.",United States
1893,18,A. J. Read,Read,,,male,Worker,m,Workers' Directory,,General Conference,,"Papeete, Tahiti, Pacific Ocean",Pacific Islands
1893,18,Mrs. Hattie W. Read,Read,Mrs.,,female,Worker,m l,Workers' Directory,,General Conference,,"Papeete, Tahiti, Pacific Ocean",Pacific Islands
1893,18,G. W. Reaser,Reaser,,,male,Worker,s s,Workers' Directory,,General Conference,Pacific Press,"Oakland, Cal.",United States
1893,18,Fred Reed,Reed,,,male,Worker,b,Workers' Directory,,General Conference,,"Cape Town, South Africa",Africa
1893,18,H. W. Reed,Reed,,,male,Worker,m,Workers' Directory,,General Conference,,"Nashville, Tenn.",United States
1893,18,J. R. Reed,Reed,,,male,Worker,d,Workers' Directory,,General Conference,,"Healdsburg, Cal.",United States
1893,18,P. A. Reed,Reed,,,male,Worker,s s,Workers' Directory,,General Conference,,"Farmersburg, Ind.",United States
1893,18,F. B. Reed,Reed,,,male,Worker,c,Workers' Directory,,General Conference,,"Lakeville, Conn.",United States
1893,18,S. F. Reeder,Reeder,,,male,Worker,m l,Workers' Directory,,General Conference,,"Kanawha Station, W. Va.",United States
1893,18,A. Reekie,Reekie,,,male,Worker,a,Workers' Directory,,General Conference,,"Glebe, Sydney, Australia",Australia
1893,18,J. M. Rees,Rees,,,male,Worker,m,Workers' Directory,,General Conference,,"Springdale, Ark.",United States
1893,18,G. S. Reichard,Reichard,,,male,Worker,m l,Workers' Directory,,General Conference,,"Selma, Cal.",United States
1893,18,Conrad Reimche,Reimche,,,male,Worker,l,Workers' Directory,,General Conference,,"Milltown, S. Dak.",United States
1893,18,Sine Henley,Henley,,,,Worker,l,Workers' Directory,,General Conference,,"Copenhagen, K., Denmark",Scandinavia
1893,18,H. S. Reynolds,Reynolds,,,male,Worker,t,Workers' Directory,,General Conference,,"College View, Neb.",United States
1893,18,H. Revilly,Revilly,,,male,Worker,tr,Workers' Directory,,General Conference,,"Basel, Switzerland",Europe
1893,18,J. D. Rice,Rice,,,male,Worker,m,Workers' Directory,,General Conference,,"Ogden, Utah",United States
1893,18,Mrs. J. D. Rice,Rice,Mrs.,,female,Worker,m l,Workers' Directory,,General Conference,,"Ogden, Utah",United States
1893,18,H. M. J. Richards,Richards,,,male,Worker,l,Workers' Directory,,General Conference,,"Des Moines, Iowa",United States
1893,18,F. I. Richardson,Richardson,,,male,Worker,m,Workers' Directory,,General Conference,,"Moncton, N. B.",Canada
1893,18,H. E. Rickard,Rickard,,,male,Worker,l,Workers' Directory,,General Conference,,"Fitch Bay, P. Q.",Canada
1893,18,W. H. Riley,Riley,,M.D.,male,Worker,M. D.,Workers' Directory,,General Conference,Sanitarium,"Battle Creek, Mich.",United States
1893,18,Geo. W. Rine,Rine,,,male,Worker,t,Workers' Directory,,General Conference,,"Healdsburg, Cal.",United States
1893,18,R. W. Roberson,Roberson,,,male,Worker,s s,Workers' Directory,,General Conference,,"Dallas, Texas",United States
1893,18,F. M. Roberts,Roberts,,,male,Worker,n,Workers' Directory,,General Conference,,"Winchester, Va.",United States
1893,18,Mrs. E. Robert,Robert,Mrs.,,female,Worker,s,Workers' Directory,,General Conference,,"Basel, Switzerland",Europe
1893,18,J. Robert,Robert,,,male,Worker,s,Workers' Directory,,General Conference,,"Basel, Switzerland",Europe
1893,18,Carrie E. Robie,Robie,Miss,,female,Worker,s s,Workers' Directory,,General Conference,,"Kensington, N. H.",United States
1893,18,A. H. Robinson,Robinson,,,male,Worker,tr,Workers' Directory,,General Conference,,"Vilas, S. Dak.",United States
1893,18,Alice H. Robinson,Robinson,,,female,Worker,s,Workers' Directory,,General Conference,,"Vilas, S. Dak.",United States
1893,18,F. H. Robinson,Robinson,,,male,Worker,m l,Workers' Directory,,General Conference,,"Vilas, S. Dak.",United States
1893,18,H. E. Robinson,Robinson,,,male,Worker,m,Workers' Directory,,General Conference,,"New York, N. Y.",United States
1893,18,Mrs. Mattie C. Robinson,Robinson,Mrs.,,female,Worker,m l,Workers' Directory,,General Conference,,"New York City, N. Y.",United States
1893,18,Miss Mina Robinson,Robinson,Miss,,female,Worker,m l,Workers' Directory,,General Conference,,"London, N., England",Europe
1893,18,A. T. Robinson,Robinson,,,male,Worker,m,Workers' Directory,,General Conference,,"Cape Town, South Africa",Africa
1893,18,D. A. Robinson,Robinson,,,male,Worker,m,Workers' Directory,,General Conference,,"London, N., England",Europe
1893,18,Ellery Robinson,Robinson,,,male,Worker,l,Workers' Directory,,General Conference,,"London, N., England",Europe
1893,18,T. I. Roffe,Roffe,,,male,Worker,l,Workers' Directory,,General Conference,,"Avoca, Ark.",United States
1893,18,Estella Rogers,Rogers,,,female,Worker,m l,Workers' Directory,,General Conference,,"Kansas City, Kan.",United States
1893,18,J. H. Rogers,Rogers,,,male,Worker,m,Workers' Directory,,General Conference,,"College View, Neb.",United States
1893,18,Nellie Rogers,Rogers,,,female,Worker,m l,Workers' Directory,,General Conference,,"London, N., England",Europe
1893,18,Joel C. Rogers,Rogers,,,male,Worker,t,Workers' Directory,,General Conference,Review and Herald,"Battle Creek, Mich.",United States
1893,18,E. H. Root,Root,,,male,Worker,m,Workers' Directory,,General Conference,,"Coopersville, Mich.",United States
1893,18,J. E. Rose,Rose,,,male,Worker,d,Workers' Directory,,General Conference,,"Weedsport, N. Y.",United States
1893,18,Kate D. Ross,Ross,,,female,Worker,s,Workers' Directory,,General Conference,,"Battle Creek, Mich.",United States
1893,18,O. Roth,Roth,,,male,Worker,l,Workers' Directory,,General Conference,,"Tramelan, Switzerland",Europe
1893,18,G. Roth,Roth,,,male,Worker,a,Workers' Directory,,General Conference,,"Basel, Switzerland",Europe
1893,18,A. W. Rothwell,Rothwell,,,male,Worker,s,Workers' Directory,,General Conference,,"Springfield, Ill.",United States
1893,18,Marie Rottmaier,Rottmaier,,,female,Worker,s,Workers' Directory,,General Conference,,"Hamburg, Germany",Europe
1893,18,L. J. Rousseau,Rousseau,,,male,Worker,m R t,Workers' Directory,,General Conference,,"Melbourne, Australia",Australia
1893,18,Mrs. L. J. Rousseau,Rousseau,Mrs.,,female,Worker,t,Workers' Directory,,General Conference,,"Melbourne, Australia",Australia
1893,18,I. N. Russell,Russell,,,male,Worker,c,Workers' Directory,,General Conference,,"Newark, W. Va.",United States
1893,18,K. C. Russell,Russell,,,male,Worker,m,Workers' Directory,,General Conference,,"Northumberland, Pa.",United States
1893,18,E. T. Russell,Russell,,,male,Worker,m,Workers' Directory,,General Conference,,"Hendrysburg, Ohio",United States
1893,18,J. Salathe,Salathe,,,male,Worker,s s,Workers' Directory,,General Conference,,"Basel, Switzerland",Europe
1893,18,W. D. Salisbury,Salisbury,,,male,Worker,l,Workers' Directory,,General Conference,Echo Pub. Co.,"North Fitzroy, Victoria, Australia",Australia
1893,18,I. Sanborn,Sanborn,,,male,Worker,m,Workers' Directory,,General Conference,,"Sparta, Wis.",United States
1893,18,K. Sandberg,Sandberg,,,male,Worker,m l,Workers' Directory,,General Conference,,"Stockholm, Sweden",Scandinavia
1893,18,Wm. Sanders,Sanders,,,male,Worker,l,Workers' Directory,,General Conference,,"Moon, Wis.",United States
1893,18,Chas. N. Sanders,Sanders,,,male,Worker,l,Workers' Directory,,General Conference,,"Battle Creek, Mich.",United States
1893,18,Mrs. Ella R. Sanders,Sanders,Mrs.,,female,Worker,t,Workers' Directory,,General Conference,College,"Battle Creek, Mich.",United States
1893,18,A. J. Sanderson,Sanderson,,M.D.,male,Worker,M. D.,Workers' Directory,,General Conference,Health Retreat,"Oakland, Cal.",United States
1893,18,E. L. Sanford,Sanford,,,male,Worker,d,Workers' Directory,,General Conference,,"Vassar, Mich.",United States
1893,18,C. Santee,Santee,,,male,Worker,m,Workers' Directory,,General Conference,,"Carthage, Mo.",United States
1893,18,L. D. Santee,Santee,,,male,Worker,m,Workers' Directory,,General Conference,,"Princeville, Ill.",United States
1893,18,Wm. Saunders,Saunders,,,male,Worker,b,Workers' Directory,,General Conference,Pacific Press,"Oakland, Cal.",United States
1893,18,J. G. Saunders,Saunders,,,male,Worker,m,Workers' Directory,,General Conference,,"Roulette, Pa.",United States
1893,18,W. H. Saxby,Saxby,,,male,Worker,m,Workers' Directory,,General Conference,,"Cincinnati, Ohio",United States
1893,18,J. E. Scanlan,Scanlan,,,male,Worker,d,Workers' Directory,,General Conference,,"Cincinnati, Ohio",United States
1893,18,H. J. Schneppe,Schneppe,,,male,Worker,l,Workers' Directory,,General Conference,,"Parkersburg, Iowa",United States
1893,19,H. F. Schuberth,Schuberth,,,male,Worker,t,Workers' Directory,,General Conference,,"College View, Neb.",United States
1893,19,Chas. A. Scholl,Scholl,,,male,Worker,l,Workers' Directory,,General Conference,,"Milwaukee, Wis.",United States
1893,19,D. E. Scoles,Scoles,,,male,Worker,l,Workers' Directory,,General Conference,,"Walla Walla, Wash.",United States
1893,19,J. W. Scoles,Scoles,,,male,Worker,m,Workers' Directory,,General Conference,,"West Salem, Ill.",United States
1893,19,G. D. J. Sholtz,Sholtz,,,male,Worker,l,Workers' Directory,,General Conference,,"Claremont, Cape Colony, South Africa",Africa
1893,19,D. G. Scott,Scott,,,male,Worker,c,Workers' Directory,,General Conference,,"Montcalm, N. B.",Canada
1893,19,B. J. Scott,Scott,,,male,Worker,l,Workers' Directory,,General Conference,,"Shamrock, Wis.",United States
1893,19,L. A. Scott,Scott,,,male,Worker,tu l,Workers' Directory,,General Conference,,"San Bernardino, Cal.",United States
1893,19,T. J. Sellards,Sellards,,,male,Worker,m l,Workers' Directory,,General Conference,,"Fredericktown, Madison Co., Mo.",United States
1893,19,A. J. Settergren,Settergren,,,male,Worker,m l,Workers' Directory,,General Conference,,"Stockholm, Sweden",Scandinavia
1893,19,Bertha Severin,Severin,,,female,Worker,tr,Workers' Directory,,General Conference,,"St. Pauli, Hamburg, Germany",Europe
1893,19,Emil Severin,Severin,,,male,Worker,t,Workers' Directory,,General Conference,,"College View, Neb.",United States
1893,19,Chas. E. Shafer,Shafer,,,male,Worker,m l,Workers' Directory,,General Conference,,"Denver, Colo.",United States
1893,19,Mrs. Emma Shafer,Shafer,Mrs.,,female,Worker,m l,Workers' Directory,,General Conference,,"Denver, Colo.",United States
1893,19,F. R. Shaffer,Shaffer,,,male,Worker,m l,Workers' Directory,,General Conference,,"Salt Lake City, Utah",United States
1893,19,Mrs. Ella Shaffer,Shaffer,Mrs.,,female,Worker,m l,Workers' Directory,,General Conference,,"Salt Lake City, Utah",United States
1893,19,J. G. Shannan,Shannan,,,male,Worker,d,Workers' Directory,,General Conference,,"Hobart, Tasmania",Australasia
1893,19,A. C. Shannon,Shannon,,,male,Worker,l,Workers' Directory,,General Conference,,"Seventy-Six, Beaver Co., Pa.",United States
1893,19,W. W. Sharp,Sharp,,,male,Worker,m,Workers' Directory,,General Conference,,"Eugene City, Or.",United States
1893,19,Smith Sharp,Sharp,,,male,Worker,m,Workers' Directory,,General Conference,,"Tufnell Park, London, N., England",Europe
1893,19,Mettle Sharp,Sharp,,,female,Worker,m l,Workers' Directory,,General Conference,,"Tufnell Park, London, N., England",Europe
1893,19,Mrs. Susan B. Shaw,Shaw,Mrs.,,female,Worker,m l,Workers' Directory,,General Conference,,"Colorado City, Colo.",United States
1893,19,Henry S. Shaw,Shaw,,,male,Worker,m,Workers' Directory,,General Conference,,"Welsh, La.",United States
1893,19,Mrs. A. E. Shepherd,Shepherd,Mrs.,,female,Worker,t,Workers' Directory,,General Conference,,"College View, Neb.",United States
1893,19,Zach. Sherrig,Sherrig,,,male,Worker,a,Workers' Directory,,General Conference,,"Chicago, Ill.",United States
1893,19,D. T. Shireman,Shireman,,,male,Worker,m,Workers' Directory,,General Conference,,"Asheville, N. C.",United States
1893,19,Mrs. Amelia Shireman,Shireman,Mrs.,,female,Worker,m l,Workers' Directory,,General Conference,,"Asheville, N. C.",United States
1893,19,W. S. Shreve,Shreve,,,male,Worker,l,Workers' Directory,,General Conference,,"Debello, Wis.",United States
1893,19,S. S. Shrock,Shrock,,,male,Worker,m,Workers' Directory,,General Conference,,"College View, Neb.",United States
1893,19,J. S. Shrock,Shrock,,,male,Worker,m,Workers' Directory,,General Conference,,"Minneapolis, Minn.",United States
1893,19,H. Shultz,Shultz,,,male,Worker,m,Workers' Directory,,General Conference,,"Stromsburg, Neb.",United States
1893,19,Mary E. Simkin,Simkin,,,female,Worker,s,Workers' Directory,,General Conference,,"Battle Creek, Mich.",United States
1893,19,Wm. Simkin,Simkin,,,male,Worker,d,Workers' Directory,,General Conference,,"Wellsville, N. Y.",United States
1893,19,Mrs. L. M. Sisley,Sisley,Mrs.,,female,Worker,m l,Workers' Directory,,General Conference,,"Du Quoin, Ill.",United States
1893,19,W. C. Sisley,Sisley,,,male,Worker,b,Workers' Directory,,General Conference,,"Battle Creek, Mich.",United States
1893,19,E. Sjebom,Sjebom,,,male,Worker,d,Workers' Directory,,General Conference,,"New Sweden, Maine",United States
1893,19,J. A. Skinner,Skinner,,,male,Worker,l,Workers' Directory,,General Conference,,"Lincoln, Neb.",United States
1893,19,L. M. Slocum,Slocum,,,male,Worker,m l,Workers' Directory,,General Conference,,"New York City, N. Y.",United States
1893,19,Pardon Smailes,Smailes,,,male,Worker,m l,Workers' Directory,,General Conference,,"Cape Town, South Africa",Africa
1893,19,Uriah Smith,Smith,,,male,Worker,e & m,Workers' Directory,,General Conference,Review and Herald,"Battle Creek, Mich.",United States
1893,19,Ester Smith,Smith,,,female,Worker,m l,Workers' Directory,,General Conference,,"Lincoln, Neb.",United States
1893,19,James Smith,Smith,,,male,Worker,s,Workers' Directory,,General Conference,Echo Pub. Co.,"North Fitzroy, Victoria, Australia",Australasia
1893,19,Miss Olive Smith,Smith,Miss,,female,Worker,m l,Workers' Directory,,General Conference,,"Portland, Or.",United States
1893,19,S. S. Smith,Smith,,,male,Worker,n,Workers' Directory,,General Conference,,"Mauston, Wis.",United States
1893,19,C. A. Smith,Smith,,,male,Worker,m,Workers' Directory,,General Conference,,"Knapp, Wis.",United States
1893,19,L. A. Smith,Smith,,,male,Worker,e,Workers' Directory,,General Conference,,"London, N., England",Europe
1893,19,C. W. Smouse,Smouse,,,male,Worker,s,Workers' Directory,,General Conference,,"Mt. Pleasant, Ia.",United States
1893,19,J. A. Sommerville,Sommerville,,,male,Worker,l,Workers' Directory,,General Conference,,"Springdale, Ark.",United States
1893,19,L. C. Sommerville,Sommerville,,,male,Worker,m l,Workers' Directory,,General Conference,,"Springdale, Ark.",United States
1893,19,Miss Marthina Sorenson,Sorenson,Miss,,female,Worker,m l,Workers' Directory,,General Conference,,"Chicago, Ill.",United States
1893,19,F. W. Spies,Spies,,,male,Worker,l,Workers' Directory,,General Conference,,"St. Pauli, Hamburg, Germany",Europe
1893,19,W. A. Spicer,Spicer,,,male,Worker,s,Workers' Directory,,General Conference,Review and Herald,"Battle Creek, Mich.",United States
1893,19,T. H. Starbuck,Starbuck,,,male,Worker,m,Workers' Directory,,General Conference,,,United States
1893,19,F. D. Starr,Starr,,,male,Worker,m,Workers' Directory,,General Conference,,"Indianapolis, Ind.",United States
1893,19,Geo. B. Starr,Starr,,,male,Worker,m,Workers' Directory,,General Conference,,"Melbourne, Australia",Australasia
1893,19,E. Hiva Starr,Starr,,,,Worker,m l,Workers' Directory,,General Conference,,"Cape Town, South Africa",Africa
1893,19,L. F. Starr,Starr,,,male,Worker,l,Workers' Directory,,General Conference,,"Waverly, Ia.",United States
1893,19,Geo. O. States,States,,,male,Worker,m,Workers' Directory,,General Conference,,"Delta, Colo.",United States
1893,19,W. W. Stebbins,Stebbins,,,male,Worker,m,Workers' Directory,,General Conference,,"Newton, Kan.",United States
1893,19,David Steed,Steed,,,male,Worker,n,Workers' Directory,,General Conference,,"Glebe, Sydney, Australia",Australasia
1893,19,Lena Steinel,Steinel,,,female,Worker,s,Workers' Directory,,General Conference,,"Battle Creek, Mich.",United States
1893,19,Tena J. Stensgaard,Stensgaard,,,female,Worker,s,Workers' Directory,,General Conference,,"Battle Creek, Mich.",United States
1893,19,C. F. Stevens,Stevens,,,male,Worker,n,Workers' Directory,,General Conference,,"Des Moines, Iowa",United States
1893,19,Miss Anna B. Stevens,Stevens,Miss,,female,Worker,m l,Workers' Directory,,General Conference,,"Columbus, Ohio",United States
1893,19,Geo. B. Stevens,Stevens,,,male,Worker,d,Workers' Directory,,General Conference,,"Keene Center, N. Y.",United States
1893,19,T. T. Stevenson,Stevenson,,,male,Worker,tr,Workers' Directory,,General Conference,,"Oak Cliff, Dallas Co., Texas",United States
1893,19,T. M. Stewart,Stewart,,,male,Worker,m,Workers' Directory,,General Conference,,,United States
1893,19,W. W. Steward,Steward,,,male,Worker,m,Workers' Directory,,General Conference,,"Milton, Or.",United States
1893,19,E. L. Stewart,Stewart,,,male,Worker,t,Workers' Directory,,General Conference,,"College View, Neb.",United States
1893,19,H. M. Stewart,Stewart,,,male,Worker,m,Workers' Directory,,General Conference,,"Brookston, White Co., Ind.",United States
1893,19,S. C. Stickney,Stickney,,,male,Worker,tr,Workers' Directory,,General Conference,Pacific Press,"Oakland, Cal.",United States
1893,19,G. A. Stillwell,Stillwell,,,male,Worker,m,Workers' Directory,,General Conference,,"Stanleyton, Va.",United States
1893,19,H. A. St. John,St. John,,,male,Worker,m,Workers' Directory,,General Conference,,"Los Angeles, Cal.",United States
1893,19,A. J. Stone,Stone,,,male,Worker,l,Workers' Directory,,General Conference,,"Englewood, Ill.",United States
1893,19,F. S. Stone,Stone,,,male,Worker,d,Workers' Directory,,General Conference,,"South Lancaster, Mass.",United States
1893,19,Albert Stone,Stone,,,male,Worker,m,Workers' Directory,,General Conference,,"Montpelier, Vt.",United States
1893,19,Lizzie A. Stone,Stone,,,female,Worker,s,Workers' Directory,,General Conference,,"Essex Junction, Vt.",United States
1893,19,W. J. Stone,Stone,,,male,Worker,m,Workers' Directory,,General Conference,,"Helena, Mont.",United States
1893,19,W. W. Stoner,Stoner,,,male,Worker,m l,Workers' Directory,,General Conference,,"Mt. Pleasant, Titus Co., Texas",United States
1893,19,Mrs. Inez Stoops,Stoops,Mrs.,,female,Worker,s s,Workers' Directory,,General Conference,,"Norman, Oklahoma Ter.",United States
1893,19,J. B. Stow,Stow,,,male,Worker,l,Workers' Directory,,General Conference,,"Falconer, N. Y.",United States
1893,19,Mrs. S. L. Strong,Strong,Mrs.,,female,Worker,s,Workers' Directory,,General Conference,,"Battle Creek, Mich.",United States
1893,19,Marcus Stremann,Stremann,,,male,Worker,m,Workers' Directory,,General Conference,,"Daneville, S. D.",United States
1893,19,Martin Stueckrath,Stueckrath,,,male,Worker,m l,Workers' Directory,,General Conference,,"Des Moines, Iowa",United States
1893,19,Hansigna Strunge,Strunge,,,female,Worker,s,Workers' Directory,,General Conference,,"Copenhagen, Denmark",Scandinavia
1893,20,C. E. Sturdevant,Sturdevant,,,male,Worker,d,Workers' Directory,,General Conference,,"Graysville, Tenn.",United States
1893,20,A. Sulser,Sulser,,,male,Worker,s,Workers' Directory,,General Conference,,"Weiherweg 48, Basel, Switzerland",Europe
1893,20,G. Sunden,Sunden,,,male,Worker,ti,Workers' Directory,,General Conference,,"Stockholm, Sweden",Scandinavia
1893,20,E. A. Sutherland,Sutherland,,,male,Worker,t,Workers' Directory,,General Conference,,"College Place, Wash.",United States
1893,20,Mrs. Sallie V. Sutherland,Sutherland,Mrs.,,female,Worker,6,Workers' Directory,,General Conference,,"College Place, Wash.",United States
1893,20,A. Swedberg,Swedberg,,,male,Worker,e,Workers' Directory,,General Conference,Review and Herald,"Battle Creek, Mich.",United States
1893,20,W. A. Sweeney,Sweeney,,,male,Worker,m 1,Workers' Directory,,General Conference,,"Eden Valley, Minn.",United States
1893,20,Miss Jessie B. Sweet,Sweet,Miss,,female,Worker,m,Workers' Directory,,General Conference,,"Cincinnati, Ohio",United States
1893,20,Mrs. E. M. Swift,Swift,Mrs.,,female,Worker,m 1,Workers' Directory,,General Conference,,"Columbus, Ohio",United States
1893,20,B. C. Tabor,Tabor,,,male,Worker,d,Workers' Directory,,General Conference,,"Salem, Or.",United States
1893,20,C. L. Taggart,Taggart,,,male,Worker,a,Workers' Directory,,General Conference,,"Decatur, Ill.",United States
1893,20,A. O. Tait,Tait,,,male,Worker,s,Workers' Directory,,General Conference,Review and Herald,"Battle Creek, Mich.",United States
1893,20,Miss Ella M. Talmage,Talmage,Miss,,female,Worker,m 1,Workers' Directory,,General Conference,,"Cleveland, Ohio",United States
1893,20,D. H. Tanner,Tanner,,,male,Worker,m 1,Workers' Directory,,General Conference,,"Hale, Jones Co., Iowa",United States
1893,20,J. H. Tarr,Tarr,,,male,Worker,c,Workers' Directory,,General Conference,,"Cathcart, South Africa",Africa
1893,20,A. E. Taylor,Taylor,,,male,Worker,a,Workers' Directory,,General Conference,,"South Stukely, P. Q., Canada",Canada
1893,20,Mrs. A. E. Taylor,Taylor,Mrs.,,female,Worker,5,Workers' Directory,,General Conference,,"South Stukely, P. Q., Canada",Canada
1893,20,C. L. Taylor,Taylor,,,male,Worker,1,Workers' Directory,,General Conference,,"College Place, Wash.",United States
1893,20,C. O. Taylor,Taylor,,,male,Worker,m,Workers' Directory,,General Conference,,"Norfolk, N. Y.",United States
1893,20,Elijah Taylor,Taylor,,,male,Worker,m 1,Workers' Directory,,General Conference,,"Corsicana, Texas",United States
1893,20,Elisha Taylor,Taylor,,,male,Worker,m 1,Workers' Directory,,General Conference,,"Corsicana, Texas",United States
1893,20,May Taylor,Taylor,,,female,Worker,m 1,Workers' Directory,,General Conference,,"Tufnell Park, London, N., England",Europe
1893,20,E. C. Taylor,Taylor,,,male,Worker,c,Workers' Directory,,General Conference,,"South Norridgewock, Maine",United States
1893,20,G. C. Tenney,Tenney,,,male,Worker,e & m,Workers' Directory,,General Conference,Echo Pub. Co.,"North Fitzroy, Victoria, Australia",Australia
1893,20,Jennie Thayer,Thayer,,,female,Worker,s,Workers' Directory,,General Conference,,"Battle Creek, Mich.",United States
1893,20,E. Theobold,Theobold,,,male,Worker,b,Workers' Directory,,General Conference,Echo Pub. Co.,"North Fitzroy, Melbourne, Australia",Australia
1893,20,Victor Thompson,Thompson,,,male,Worker,n,Workers' Directory,,General Conference,,"Russiaville, Ind.",United States
1893,20,Luzerne Thompson,Thompson,,,male,Worker,1,Workers' Directory,,General Conference,,"Northfield, Boone Co., Ind.",United States
1893,20,Miss Emma Thompson,Thompson,Miss,,female,Worker,m 1,Workers' Directory,,General Conference,,"Milwaukee, Wis.",United States
1893,20,G. B. Thompson,Thompson,,,male,Worker,m,Workers' Directory,,General Conference,,"Cape Town, South Africa",Africa
1893,20,Mrs. Della A. Thompson,Thompson,Mrs.,,female,Worker,m1,Workers' Directory,,General Conference,,"Cape Town, South Africa",Africa
1893,20,Theresa Thompson,Thompson,,,female,Worker,s 5,Workers' Directory,,General Conference,,"Terre Haute, Ind.",United States
1893,20,Mrs. Myrtle Thorn,Thorn,Mrs.,,female,Worker,s 5,Workers' Directory,,General Conference,,"Chetopa, Kan.",United States
1893,20,T. M. Thorn,Thorn,,,male,Worker,1,Workers' Directory,,General Conference,,"Oswego, Kan.",United States
1893,20,Mrs. W. H. Thurston,Thurston,Mrs.,,female,Worker,s a,Workers' Directory,,General Conference,,"Stevens Point, Wis.",United States
1893,20,W. H. Thurston,Thurston,,,male,Worker,s s,Workers' Directory,,General Conference,,"Stevens Point, Wis.",United States
1893,20,H. G. Thurston,Thurston,,,male,Worker,tr,Workers' Directory,,General Conference,,"Jamestown, N. Y.",United States
1893,20,S. Thurston,Thurston,,,,Worker,1,Workers' Directory,,General Conference,,"Jamestown, N. Y.",United States
1893,20,Mrs. E. S. Tovey,Tovey,Mrs.,,female,Worker,m 1,Workers' Directory,,General Conference,,"Kansas City, Mo.",United States
1893,20,W. B. Tovey,Tovey,,,male,Worker,tr,Workers' Directory,,General Conference,,"Kansas City, Mo.",United States
1893,20,N. Z. Town,Town,,,male,Worker,a,Workers' Directory,,General Conference,,"London N., England",Europe
1893,20,G. Byron Tripp,Tripp,,,male,Worker,m,Workers' Directory,,General Conference,,"West Union, Iowa",United States
1893,20,F. L. Trubey,Trubey,,,male,Worker,m 1,Workers' Directory,,General Conference,,"Maher, Colo.",United States
1893,20,H. B. Tucker,Tucker,,,male,Worker,s,Workers' Directory,,General Conference,,"South Lancaster, Mass.",United States
1893,20,Mrs. M. H. Tuxford,Tuxford,Mrs.,,female,Worker,s,Workers' Directory,,General Conference,,"Wellington, New Zealand",Australia
1893,20,Miss Kittie Tyler,Tyler,Miss,,female,Worker,m 1,Workers' Directory,,General Conference,,"Milwaukee, Wis.",United States
1893,20,Sine Tylstrup,Tylstrup,,,female,Worker,m 1,Workers' Directory,,General Conference,,"Copenhagen, K., Denmark",Scandinavia
1893,20,G. E. Tyszkiewicz,Tyszkiewicz,,,male,Worker,c,Workers' Directory,,General Conference,Sanitarium,"Battle Creek, Mich.",United States
1893,20,E. A. Underwood,Underwood,,,male,Worker,m,Workers' Directory,,General Conference,,"Milwaukee, Wis.",United States
1893,20,T. Valentiner,Valentiner,,,male,Worker,e,Workers' Directory,,General Conference,Review and Herald,"Battle Creek, Mich.",United States
1893,20,Miss Leah E. Vandermark,Vandermark,Miss,,female,Worker,s,Workers' Directory,,General Conference,,"Denver, Colo.",United States
1893,20,M. J. Van Der Schuur,Van Der Schuur,,,male,Worker,,Workers' Directory,,General Conference,,,
1893,20,E. Van Deusen,Van Deusen,,,male,Worker,m,Workers' Directory,,General Conference,,"Lowell, Mich.",United States
1893,20,E. J. Van Horn,Van Horn,,,male,Worker,m,Workers' Directory,,General Conference,,"Cleveland, Ohio",United States
1893,20,I. D. Van Horn,Van Horn,,,male,Worker,m,Workers' Directory,,General Conference,,"Charlotte, Mich.",United States
1893,20,Abraham Voth,Voth,,,male,Worker,1,Workers' Directory,,General Conference,,"Parker, S. Dak.",United States
1893,20,A. Vuilleumier,Vuilleumier,,,male,Worker,m,Workers' Directory,,General Conference,,"Geneva, Switzerland",Europe
1893,20,John Vuilleumier,Vuilleumier,,,male,Worker,m 1,Workers' Directory,,General Conference,,"Worcester, Mass.",United States
1893,20,E. J. Waggoner,Waggoner,,,male,Worker,m & e,Workers' Directory,,General Conference,,"London, N., England",Europe
1893,20,George Wagner,Wagner,,,male,Worker,1,Workers' Directory,,General Conference,,"St. Pauli, Hamburg, Germany",Europe
1893,20,J. T. Wakeham,Wakeham,,,male,Worker,m 1,Workers' Directory,,General Conference,,"Fremont, Neb.",United States
1893,20,W. H. Wakeham,Wakeham,,,male,Worker,m,Workers' Directory,,General Conference,Sanitarium,"Battle Creek, Mich.",United States
1893,20,Miss Ellis Waldemer,Waldemer,Miss,,female,Worker,m 1,Workers' Directory,,General Conference,,"Boulder, Colo.",United States
1893,20,Mrs. Emma R. Wales,Wales,Mrs.,,female,Worker,t,Workers' Directory,,General Conference,College,"Battle Creek, Mich.",United States
1893,20,F. W. Wallenkampf,Wallenkampf,,,male,Worker,m 1,Workers' Directory,,General Conference,,"Orebro, Sweden",Scandinavia
1893,20,J. Wallenkampf,Wallenkampf,,,male,Worker,m 1,Workers' Directory,,General Conference,,"Stockholm, Sweden",Scandinavia
1893,20,Ida M. Walters,Walters,,,female,Worker,s s,Workers' Directory,,General Conference,,"Columbus, Ohio",United States
1893,20,W. C. Walston,Walston,,,male,Worker,1,Workers' Directory,,General Conference,,"Essex Junction, Vt.",United States
1893,20,Ira L. Ward,Ward,,,male,Worker,s,Workers' Directory,,General Conference,,"Des Moines, Ia.",United States
1893,20,W. C. Ward,Ward,,,male,Worker,m,Workers' Directory,,General Conference,,"Portland, Or.",United States
1893,20,Mrs. Luella Ward,Ward,Mrs.,,female,Worker,s,Workers' Directory,,General Conference,,"Portland, Or.",United States
1893,20,Luther Warren,Warren,,,male,Worker,n,Workers' Directory,,General Conference,,"Madison, S. Dak.",United States
1893,20,N. S. Washbond,Washbond,,,male,Worker,c,Workers' Directory,,General Conference,,"Rome, N. Y.",United States
1893,20,C. A. Washburn,Washburn,,,male,Worker,m,Workers' Directory,,General Conference,,"Mt. Pleasant, Ia.",United States
1893,20,J. S. Washburn,Washburn,,,male,Worker,m,Workers' Directory,,General Conference,,"Bath, England",Europe
1893,20,Frank A. Washburn,Washburn,,,male,Worker,m 1,Workers' Directory,,General Conference,,"Mt. Pleasant, Iowa",United States
1893,20,Mrs. M. A. Washburn,Washburn,Mrs.,,female,Worker,m 1,Workers' Directory,,General Conference,,"Mt. Pleasant, Iowa",United States
1893,20,Geo. F. Watson,Watson,,,male,Worker,1,Workers' Directory,,General Conference,,"Mt. Pleasant, Iowa",United States
1893,21,J. W. Watt,Watt,,,male,Minister,,Workers' Directory,,General Conference,,"Helena, Mont.",United States
1893,21,Orville Watts,Watts,,,male,Director,,Workers' Directory,,General Conference,,"Spokane, Wash.",United States
1893,21,R. S. Webber,Webber,,,male,Minister,,Workers' Directory,,General Conference,,"Moncton, N. B.",Canada
1893,21,E. W. Webster,Webster,,,male,Minister,,Workers' Directory,,General Conference,,"Spartanburg, N. C.",United States
1893,21,D. E. Wellman,Wellman,,,male,Minister & Licentiate,,Workers' Directory,,General Conference,,"Hillsdale, Mich.",United States
1893,21,Miss Ammy Welsh,Welsh,Miss,,female,Minister & Licentiate,,Workers' Directory,,General Conference,,"Cleveland, Ohio",United States
1893,21,Peter J. D. Wessels,Wessels,,,male,Licentiate,,Workers' Directory,,General Conference,,"Cape Town, South Africa",Africa
1893,21,Philip W. B. Wessels,Wessels,,,male,Licentiate,,Workers' Directory,,General Conference,,"Cape Town, South Africa",Africa
1893,21,Mrs. J. J. Wessels,Wessels,Mrs.,,female,Bible Worker,,Workers' Directory,,General Conference,,"Cape Town, South Africa",Africa
1893,21,A. D. West,West,,,male,Minister & Licentiate,,Workers' Directory,,General Conference,,"Litchfield, Minn.",United States
1893,21,F. H. Westphal,Westphal,,,male,Minister,,Workers' Directory,,General Conference,,"Freeport, Ill.",United States
1893,21,J. W. Westphal,Westphal,,,male,Minister,,Workers' Directory,,General Conference,,"New London, Wis.",United States
1893,21,Miss Elsie M. Westphal,Westphal,Miss,,female,Teacher,,Workers' Directory,,General Conference,"College, Battle Creek","Battle Creek, Mich.",United States
1893,21,Geo. A. Wheeler,Wheeler,,,male,Agent,,Workers' Directory,,General Conference,,"Vilas, S. Dak.",United States
1893,21,F. Wheeler,Wheeler,,,male,Minister,,Workers' Directory,,General Conference,,"West Monroe, N. Y.",United States
1893,21,T. T. Wheeler,Wheeler,,,male,Director,,Workers' Directory,,General Conference,,"Brookfield, N. Y.",United States
1893,21,Mrs. E. G. White,White,Mrs.,,female,Minister,,Workers' Directory,,General Conference,Echo Pub. Co.,"North Fitzroy, Victoria, Australia",Australia
1893,21,W. C. White,White,,,male,General Worker,,Workers' Directory,,General Conference,Echo Pub. Co.,"North Fitzroy, Victoria, Australia",Australia
1893,21,W. B. White,White,,,male,Minister,,Workers' Directory,,General Conference,,"College View, Neb.",United States
1893,21,Mrs. Nettie G. White,White,Mrs.,,female,General Worker,,Workers' Directory,,General Conference,,"College View, Neb.",United States
1893,21,W. E. White,White,,,male,Licentiate,,Workers' Directory,,General Conference,,"New York City, N. Y.",United States
1893,21,Thos. S. Whitelock,Whitelock,,,male,Licentiate,,Workers' Directory,,General Conference,,"Hutchinson, Minn.",United States
1893,21,E. W. Whitney,Whitney,,,male,Minister,,Workers' Directory,,General Conference,,"Boulder, Colo.",United States
1893,21,S. B. Whitney,Whitney,,,male,Minister,,Workers' Directory,,General Conference,,"Bridgewater, S. Dak.",United States
1893,21,Mrs. S. B. Whitney,Whitney,Mrs.,,female,Minister & Licentiate,,Workers' Directory,,General Conference,,"Bridgewater, S. Dak.",United States
1893,21,Mrs. E. H. Whitney,Whitney,Mrs.,,female,Sanitarium Worker,,Workers' Directory,,General Conference,Sanitarium,"Battle Creek, Mich.",United States
1893,21,Thos. Whittle,Whittle,,,male,Director,,Workers' Directory,,General Conference,,"Glebe, Sydney, Australia",Australia
1893,21,Miss Eva Wick,Wick,Miss,,female,Minister & Licentiate,,Workers' Directory,,General Conference,,"Carthage, Mo.",United States
1893,21,A. G. Wilbur,Wilbur,,,male,Director,,Workers' Directory,,General Conference,,"St. Helena, Cal.",United States
1893,21,F. M. Wilcox,Wilcox,,,male,Editor & Minister,,Workers' Directory,,General Conference,Pacific Press,"Oakland, Cal.",United States
1893,21,M. C. Wilcox,Wilcox,,,male,Editor & Minister,,Workers' Directory,,General Conference,Pacific Press,"Oakland, Cal.",United States
1893,21,H. H. Wilcox,Wilcox,,,male,Minister,,Workers' Directory,,General Conference,,"Gouverneur, N. Y.",United States
1893,21,W. H. Wild,Wild,,,male,Director,,Workers' Directory,,General Conference,,"Sing Sing, New York",United States
1893,21,E. R. Williams,Williams,,,male,Licentiate,,Workers' Directory,,General Conference,,"Comma, Mich.",United States
1893,21,I. N. Williams,Williams,,,male,Licentiate,,Workers' Directory,,General Conference,,"Corydon, Warren Co., Pa.",United States
1893,21,Miss Bette Wilkins,Wilkins,Miss,,female,Minister & Licentiate,,Workers' Directory,,General Conference,,"Stockton, Cal.",United States
1893,21,Miss Clara C. Williams,Williams,Miss,,female,Teacher,,Workers' Directory,,General Conference,"College, Battle Creek","Battle Creek, Mich.",United States
1893,21,Mrs. Flora Williams,Williams,Mrs.,,female,Teacher,,Workers' Directory,,General Conference,"College, Battle Creek","Battle Creek, Mich.",United States
1893,21,H. K. Willis,Willis,,,male,Minister,,Workers' Directory,,General Conference,,"Rich Hill, Mo.",United States
1893,21,J. V. Willson,Willson,,,male,Sanitarium Worker,,Workers' Directory,,General Conference,,"Rome, N. Y.",United States
1893,21,G. T. Wilson,Wilson,,,male,General Worker,,Workers' Directory,,General Conference,,"Wellington, New Zealand",New Zealand
1893,21,J. B. Wilson,Wilson,,,male,Minister & Licentiate,,Workers' Directory,,General Conference,,"Pueblo, Colo.",United States
1893,21,J. L. Wilson,Wilson,,,male,Minister & Licentiate,,Workers' Directory,,General Conference,,"Victoria, B. C.",Canada
1893,21,J. M. Willoughby,Willoughby,,,male,Minister,,Workers' Directory,,General Conference,,"Smithland, Iowa",United States
1893,21,M. A. Winchell,Winchell,,,male,Minister & Licentiate,,Workers' Directory,,General Conference,,"Dodge Center, Minn.",United States
1893,21,L. A. Wing,Wing,,,male,Minister,,Workers' Directory,,General Conference,,"Blockville, N. Y.",United States
1893,21,M. Wintzen,Wintzen,,,male,Sanitarium Worker,,Workers' Directory,,General Conference,,"St. Pauli, Hamburg, Germany",Europe
1893,21,C. D. Wolf,Wolf,,,male,Minister,,Workers' Directory,,General Conference,,"Graysville, Tenn.",United States
1893,21,J. G. Wood,Wood,,,male,Minister,,Workers' Directory,,General Conference,,"Washington, C. H., Ohio",United States
1893,21,Lillis A. Wood,Wood,,M.D.,,Physician,,Workers' Directory,,General Conference,Sanitarium,"Battle Creek, Mich.",United States
1893,21,Minard Wood,Wood,,,male,,,Workers' Directory,,General Conference,,"Worcester, Mass.",United States
1893,21,Wm. Woodford,Woodford,,,male,Director,,Workers' Directory,,General Conference,,"Mt. Vernon, Ohio",United States
1893,21,H. W. Woodruff,Woodruff,,,male,Minister & Licentiate,,Workers' Directory,,General Conference,,"Springdale, Ark.",United States
1893,21,C. N. Woodward,Woodward,,,male,Sanitarium Worker,,Workers' Directory,,General Conference,,"Minneapolis, Minn.",United States
1893,21,Miss Helen Wright,Wright,Miss,,female,Minister & Licentiate,,Workers' Directory,,General Conference,,"Chicago, Ill.",United States
1893,21,Joel Yeager,Yeager,,,male,Director,,Workers' Directory,,General Conference,,"Ligonier, Noble Co., Ind.",United States
1893,21,W. A. Young,Young,,,male,Minister,,Workers' Directory,,General Conference,,"Terre Haute, Ind.",United States
1893,21,Chas. D. Zirkle,Zirkle,,,male,Licentiate,,Workers' Directory,,General Conference,,"New Market, Va.",United States
1893,21,W. H. Zirkle,Zirkle,,,male,Treasurer,,Workers' Directory,,General Conference,,"New Market, Va.",United States
1893,22,J. M. Rees,Rees,,,male,President,Springdale,Arkansas Conference,Conference Presidents,Arkansas,,"Springdale, Ark.",United States
1893,22,H. E. Robinson,Robinson,,,male,President,"43 Bond St., New York, N. Y.",Atlantic Conference,Conference Presidents,Atlantic,,"New York, N. Y.",United States
1893,22,A. G. Daniells,Daniells,,,male,President,"76 Pyrmont Bridge Road, Glebe, Sydney",Australia Conference,Conference Presidents,Australia,,"Glebe, Sydney, Australia",Australia
1893,22,S. N. Haskell,Haskell,,,male,President,St. Helena,California Conference,Conference Presidents,California,,"St. Helena, Cal.",United States
1893,22,H. P. Holser,Holser,,,male,President,"48 Weiherweg, Basel, Switzerland",Central Europe Conference,Conference Presidents,Central Europe,,"Basel, Switzerland",Europe
1893,22,J. R. Palmer,Palmer,,,male,President,"920 W. 6th Ave., Denver",Colorado Conference,Conference Presidents,Colorado,,"Denver, Colo.",United States
1893,22,L. Johnson,Johnson,,,male,President,"Akersgaden 74, Christiania, Norway",Denmark Conference,Conference Presidents,Denmark,,"Christiania, Norway",Scandinavia
1893,22,J. N. Loughborough,Loughborough,,,male,President,"51 Ashland Boulevard, Chicago",Illinois Conference,Conference Presidents,Illinois,,"Chicago, Ill.",United States
1893,22,F. D. Starr,Starr,,,male,President,"175 Central Ave., Indianapolis",Indiana Conference,Conference Presidents,Indiana,,"Indianapolis, Ind.",United States
1893,22,C. A. Washburn,Washburn,,,male,President,Mt. Pleasant,Iowa Conference,Conference Presidents,Iowa,,"Mt. Pleasant, Iowa",United States
1893,22,C. Mc Reynolds,McReynolds,,,male,President,"821 W. 5th St., Topeka",Kansas Conference,Conference Presidents,Kansas,,"Topeka, Kan.",United States
1893,22,J. E. Jayne,Jayne,,,male,President,Hartland,Maine Conference,Conference Presidents,Maine,,"Hartland, Maine",United States
1893,22,I. H. Evans,Evans,,,male,President,Ovid,Michigan Conference,Conference Presidents,Michigan,,"Ovid, Mich.",United States
1893,22,N. W. Allee,Allee,,,male,President,"Box 989, Minneapolis",Minnesota Conference,Conference Presidents,Minnesota,,"Minneapolis, Minn.",United States
1893,22,W. S. Hyatt,Hyatt,,,male,President,"2010 E. 23rd St., Kansas City",Missouri Conference,Conference Presidents,Missouri,,"Kansas City, Mo.",United States
1893,22,W. B. White,White,,,male,President,"Box 350, College View",Nebraska Conference,Conference Presidents,Nebraska,,"College View, Neb.",United States
1893,22,R. C. Porter,Porter,,,male,President,"South Lancaster, Mass.",New England Conference,Conference Presidents,New England,,"South Lancaster, Mass.",United States
1893,22,S. H. Lane,Lane,,,male,President,"317 W. Bloomfield St., Rome",New York Conference,Conference Presidents,New York,,"Rome, N. Y.",United States
1893,22,M. C. Israel,Israel,,,male,President,"Bank's Terrace, Wellington",New Zealand Conference,Conference Presidents,New Zealand,,"Wellington, New Zealand",Australasia
1893,22,J. E. Graham,Graham,,,male,President,"Box 721 E. Taylor St., Portland, Or.",North Pacific Conference,Conference Presidents,North Pacific,,"Portland, Or.",United States
1893,22,L. Johnson,Johnson,,,male,President,"Akersgaden 74, Christiania",Norway Conference,Conference Presidents,Norway,,"Christiania, Norway",Scandinavia
1893,22,Geo. A. Irwin,Irwin,,,male,President,"468 East Rich St., Columbus",Ohio Conference,Conference Presidents,Ohio,,"Columbus, Ohio",United States
1893,22,I. N. Williams,Williams,,,male,President,Corydon,Pennsylvania Conference,Conference Presidents,Pennsylvania,,"Corydon, Pa.",United States
1893,22,J. B. Goodrich,Goodrich,,,male,President,"South Stukely, P. Q.",Quebec Conference,Conference Presidents,Quebec,,"South Stukely, P. Q.",Canada
1893,22,Asa T. Robinson,Robinson,,,male,President,"28 A Roeland St., Cape Town",South Africa Conference,Conference Presidents,South Africa,,"Cape Town, South Africa",Africa
1893,22,N. P. Nelson,Nelson,,,male,President,Hurley,South Dakota Conference,Conference Presidents,South Dakota,,"Hurley, S. D.",United States
1893,22,L. Johnson,Johnson,,,male,President,"Akersgaden 74, Christiania, Norway",Sweden Conference,Conference Presidents,Sweden,,"Christiania, Norway",Scandinavia
1893,22,C. L. Boyd,Boyd,,,male,President,"46 S. 5th St., Nashville, Tenn.",Tennessee River Conference,Conference Presidents,Tennessee River,,"Nashville, Tenn.",United States
1893,22,W. S. Green,Green,,,male,President,Savoy,Texas Conference,Conference Presidents,Texas,,"Savoy, Tex.",United States
1893,22,R. S. Donnell,Donnell,,,male,President,"College Place, Wash.",Upper Columbia Conference,Conference Presidents,Upper Columbia,,"College Place, Wash.",United States
1893,22,T. H. Pardon,Pardon,,,male,President,"10 Crescent St., Rutland",Vermont Conference,Conference Presidents,Vermont,,"Rutland, Vt.",United States
1893,22,F. M. Roberts,Roberts,,,male,President,Winchester,Virginia Conference,Conference Presidents,Virginia,,"Winchester, Va.",United States
1893,22,D. C. Babcock,Babcock,,,male,President,Newburg,West Virginia Conference,Conference Presidents,West Virginia,,"Newburg, W. Va.",United States
1893,22,R. A. Underwood,Underwood,,,male,President,"865 5th St., Milwaukee",Wisconsin Conference,Conference Presidents,Wisconsin,,"Milwaukee, Wis.",United States
1893,22,W. F. Martin,Martin,,,male,Secretary,Springdale,Arkansas Conference,Conference Secretaries,Arkansas,,"Springdale, Ark.",United States
1893,22,S. B. Horton,Horton,,,male,Secretary,"43 Bond St., New York City, N. Y.",Atlantic Conference,Conference Secretaries,Atlantic,,"New York City, N. Y.",United States
1893,22,Jas. Smith,Smith,,,male,Secretary,"Echo Pub. Co., North Fitzroy, Victoria",Australia Conference,Conference Secretaries,Australia,,"North Fitzroy, Victoria, Australia",Australia
1893,22,E. A. Chapman,Chapman,,,male,Secretary,"Pacific Press, Oakland",California Conference,Conference Secretaries,California,,"Oakland, Cal.",United States
1893,22,J. Curdy,Curdy,,,male,Secretary (French),"rue Amat 6, Geneva, Switz.",Central Europe Conference,Conference Secretaries,Central Europe,,"Geneva, Switzerland",Europe
1893,22,W. Killy,Killy,,,male,Secretary (German),"48 Weiherweg, Basel, Switz.",Central Europe Conference,Conference Secretaries,Central Europe,,"Basel, Switzerland",Europe
1893,22,Leah E. Vandermark,Vandermark,,,female,Secretary,"920 W. 6th Ave., Denver",Colorado Conference,Conference Secretaries,Colorado,,"Denver, Colo.",United States
1893,22,C. C. Hansen,Hansen,,,male,Secretary,"Vestervoldgade 17, Copenhagen",Denmark Conference,Conference Secretaries,Denmark,,"Copenhagen, Denmark",Scandinavia
1893,22,Maria H. Loughborough,Loughborough,,,female,Secretary,"51 Ashland Boulevard, Chicago",Illinois Conference,Conference Secretaries,Illinois,,"Chicago, Ill.",United States
1893,22,W. A. Young,Young,,,male,Secretary,"1529 N. 9th St., Terre Haute",Indiana Conference,Conference Secretaries,Indiana,,"Terre Haute, Ind.",United States
1893,22,C. W. Smouse,Smouse,,,male,Secretary,Mt. Pleasant,Iowa Conference,Conference Secretaries,Iowa,,"Mt. Pleasant, Iowa",United States
1893,22,Wm. H. Mills,Mills,,,male,Secretary,"113 Walnut St., Emporia",Kansas Conference,Conference Secretaries,Kansas,,"Emporia, Kan.",United States
1893,22,B. F. Davis,Davis,,,male,Secretary,Hartland,Maine Conference,Conference Secretaries,Maine,,"Hartland, Maine",United States
1893,22,J. S. Hall,Hall,,,male,Secretary,"Review & Herald, Battle Creek",Michigan Conference,Conference Secretaries,Michigan,,"Battle Creek, Mich.",United States
1893,22,H. F. Phelps,Phelps,,,male,Secretary,"470 Martin St., St. Paul",Minnesota Conference,Conference Secretaries,Minnesota,,"St. Paul, Minn.",United States
1893,22,J. J. Nichols,Nichols,,,male,Secretary,"Pleasant Hill, Cass Co.",Missouri Conference,Conference Secretaries,Missouri,,"Pleasant Hill, Mo.",United States
1893,22,Mrs. Nettie G. White,White,Mrs.,,female,Secretary,"Box 350, College View",Nebraska Conference,Conference Secretaries,Nebraska,,"College View, Neb.",United States
1893,22,H. B. Tucker,Tucker,,,male,Secretary,"South Lancaster, Mass.",New England Conference,Conference Secretaries,New England,,"South Lancaster, Mass.",United States
1893,22,S. M. Cobb,Cobb,,,male,Secretary,"South Russell, St. Lawrence Co.",New York Conference,Conference Secretaries,New York,,"South Russell, N. Y.",United States
1893,22,Geo. E. Henton,Henton,,,male,Secretary,"727 East Taylor St., Portland, Or.",North Pacific Conference,Conference Secretaries,North Pacific,,"Portland, Or.",United States
1893,22,N. Clausen,Clausen,,,male,Secretary,Akersgaden 74,Norway Conference,Conference Secretaries,Norway,,"Christiania, Norway",Scandinavia
1893,22,Jas. Harris,Harris,,,male,Secretary,"Bank's Terrace, Wellington",New Zealand Conference,Conference Secretaries,New Zealand,,"Wellington, New Zealand",Australasia
1893,22,L. T. Dysert,Dysert,,,male,Secretary,"74 Kinsman St., Cleveland",Ohio Conference,Conference Secretaries,Ohio,,"Cleveland, Ohio",United States
1893,22,W. M. Lee,Lee,,,male,Secretary,Box 644 Williamsport,Pennsylvania Conference,Conference Secretaries,Pennsylvania,,"Williamsport, Pa.",United States
1893,22,Mrs. A. E. Taylor,Taylor,Mrs.,,female,Secretary,"South Stukely, P. Q.",Quebec Conference,Conference Secretaries,Quebec,,"South Stukely, P. Q.",Canada
1893,22,I. J. Hankins,Hankins,,,male,Secretary,"28 A Roeland St., Cape Town",South Africa Conference,Conference Secretaries,South Africa,,"Cape Town, South Africa",Africa
1893,22,L. E. Holdeman,Holdeman,,,male,Secretary,Vilas,South Dakota Conference,Conference Secretaries,South Dakota,,"Vilas, S. D.",United States
1893,22,K. Sandberg,Sandberg,,,male,Secretary,"Smidandsgatan 15, Stockholm",Sweden Conference,Conference Secretaries,Sweden,,"Stockholm, Sweden",Scandinavia
1893,22,H. W. Reed,Reed,,,male,Secretary,"17 12th St., Nashville, Tenn.",Tennessee River Conference,Conference Secretaries,Tennessee River,,"Nashville, Tenn.",United States
1893,22,W. S. Cruzan,Cruzan,,,male,Secretary,Sulphur Springs,Texas Conference,Conference Secretaries,Texas,,"Sulphur Springs, Tex.",United States
1893,22,Frank Peabody,Peabody,,,male,Secretary,"Freewater, Or.",Upper Columbia Conference,Conference Secretaries,Upper Columbia,,"Freewater, Or.",United States
1893,22,W. H. Pierce,Pierce,,,male,Secretary,West Enosburg,Vermont Conference,Conference Secretaries,Vermont,,"West Enosburg, Vt.",United States
1893,22,T. H. Painter,Painter,,,male,Secretary,Stanleyton,Virginia Conference,Conference Secretaries,Virginia,,"Stanleyton, Va.",United States
1893,22,T. E. Bowen,Bowen,,,male,Secretary,Newburg,West Virginia Conference,Conference Secretaries,West Virginia,,"Newburg, W. Va.",United States
1893,22,Geo. M. Brown,Brown,,,male,Secretary,865 5th St.,Wisconsin Conference,Conference Secretaries,Wisconsin,,"Milwaukee, Wis.",United States
1893,24,W. F. Martin,Martin,,,male,Sabbath-School Association President,Springdale,Arkansas Sabbath-School Association,Sabbath-School Association Presidents,Arkansas,,"Springdale, Ark.",United States
1893,24,C. P. Bollman,Bollman,,,male,Sabbath-School Association President,"43 Bond St., New York City, N. Y.",Atlantic Sabbath-School Association,Sabbath-School Association Presidents,Atlantic,,"New York City, N. Y.",United States
1893,24,W. L. H. Baker,Baker,,,male,Sabbath-School Association President,"Echo Pub. Co., North Fitzroy, Victoria",Australia Sabbath-School Association,Sabbath-School Association Presidents,Australia,,"North Fitzroy, Victoria",Australia
1893,24,R. S. Owen,Owen,,,male,Sabbath-School Association President,Healdsburg,California Sabbath-School Association,Sabbath-School Association Presidents,California,,"Healdsburg, Cal.",United States
1893,24,J. Curdy,Curdy,,,male,Sabbath-School Association President,"rue Amat 6, Geneva, Switzerland",Central Europe Sabbath-School Association,Sabbath-School Association Presidents,Central Europe,,"Geneva, Switzerland",Central Europe
1893,24,Susan B. Shaw,Shaw,Mrs.,,female,Sabbath-School Association President,Colorado City,Colorado Sabbath-School Association,Sabbath-School Association Presidents,Colorado,,"Colorado City, Colo.",United States
1893,24,L. Johnson,Johnson,,,male,Sabbath-School Association President,"Akersgaden 74, Christiania, Norway",Denmark Sabbath-School Association,Sabbath-School Association Presidents,Denmark,,"Christiania, Norway",Scandinavia
1893,24,E. A. Merrell,Merrell,,,male,Sabbath-School Association President,"202 E. Graham St., Bloomington",Illinois Sabbath-School Association,Sabbath-School Association Presidents,Illinois,,"Bloomington, Ill.",United States
1893,24,R. B. Craig,Craig,,,male,Sabbath-School Association President,"187 Archer St., Indianapolis",Indiana Sabbath-School Association,Sabbath-School Association Presidents,Indiana,,"Indianapolis, Ind.",United States
1893,24,Flora Plummer,Plummer,Mrs.,,female,Sabbath-School Association President,"1639 Fourth St., Des Moines",Iowa Sabbath-School Association,Sabbath-School Association Presidents,Iowa,,"Des Moines, Iowa",United States
1893,24,W. W. Stebbins,Stebbins,,,male,Sabbath-School Association President,"1345 N. Main St., Newton",Kansas Sabbath-School Association,Sabbath-School Association Presidents,Kansas,,"Newton, Kan.",United States
1893,24,R. S. Webber,Webber,,,male,Sabbath-School Association President,"Moncton, N. B.",Maritime Provinces Sabbath-School Association,Sabbath-School Association Presidents,Maritime Provinces,,"Moncton, N. B.",Canada
1893,24,P. B. Osborn,Osborn,,,male,Sabbath-School Association President,Hartland,Maine Sabbath-School Association,Sabbath-School Association Presidents,Maine,,"Hartland, Maine",United States
1893,24,J. O. Corliss,Corliss,,,male,Sabbath-School Association President,"Battle Creek, care S. H.",Michigan Sabbath-School Association,Sabbath-School Association Presidents,Michigan,,"Battle Creek, Mich.",United States
1893,24,H. K. Willis,Willis,,,male,Sabbath-School Association President,Rich Hill,Missouri Sabbath-School Association,Sabbath-School Association Presidents,Missouri,,"Rich Hill, Mo.",United States
1893,24,W. A. Hennig,Hennig,,,male,Sabbath-School Association President,"1505 E. St., Lincoln",Nebraska Sabbath-School Association,Sabbath-School Association Presidents,Nebraska,,"Lincoln, Neb.",United States
1893,24,S. A. Farnsworth,Farnsworth,,,male,Sabbath-School Association President,"South Lancaster, Mass.",New England Sabbath-School Association,Sabbath-School Association Presidents,New England,,"South Lancaster, Mass.",United States
1893,24,Luther Warren,Warren,,,male,Sabbath-School Association President,"317 W. Bloomfield St., Rome",New York Sabbath-School Association,Sabbath-School Association Presidents,New York,,"Rome, N. Y.",United States
1893,24,J. E. Fulton,Fulton,,,male,Sabbath-School Association President,"727 E. Taylor St., Portland, Or.",North Pacific Sabbath-School Association,Sabbath-School Association Presidents,North Pacific,,"Portland, Or.",United States
1893,24,L. Johnson,Johnson,,,male,Sabbath-School Association President,"Akersgaden 74, Christiania",Norway Sabbath-School Association,Sabbath-School Association Presidents,Norway,,"Christiania, Norway",Scandinavia
1893,24,S. McCullagh,McCullagh,,,male,Sabbath-School Association President,"Bank's Terrace, Wellington",New Zealand Sabbath-School Association,Sabbath-School Association Presidents,New Zealand,,"Wellington, New Zealand",New Zealand
1893,24,H. H. Burkholder,Burkholder,,,male,Sabbath-School Association President,Belleville,Ohio Sabbath-School Association,Sabbath-School Association Presidents,Ohio,,"Belleville, Ohio",United States
1893,24,R. H. Brock,Brock,,,male,Sabbath-School Association President,"Oklahoma City, O. T.",Oklahoma and Indian Territory Sabbath-School Association,Sabbath-School Association Presidents,Oklahoma and Indian Territory,,"Oklahoma City, O. T.",United States
1893,24,John Quinn,Quinn,,,male,Sabbath-School Association President,"2135 Bolton St., Philadelphia",Pennsylvania Sabbath-School Association,Sabbath-School Association Presidents,Pennsylvania,,"Philadelphia, Pa.",United States
1893,24,W. A. McCutchen,McCutchen,,,male,Sabbath-School Association President,"Cor. S. Boulevard and Bryan Sts., Atlanta, Ga.",Southern District Sabbath-School Association,Sabbath-School Association Presidents,Southern District,,"Atlanta, Ga.",United States
1893,24,Hattie E. Kanble,Kanble,,,female,Sabbath-School Association President,Sioux Falls,South Dakota Sabbath-School Association,Sabbath-School Association Presidents,South Dakota,,"Sioux Falls, S. D.",United States
1893,24,L. Johnson,Johnson,,,male,Sabbath-School Association President,Akersgaden 74,Sweden Sabbath-School Association,Sabbath-School Association Presidents,Sweden,,"Christiania, Norway",Scandinavia
1893,24,W. S. Lowry,Lowry,,,male,Sabbath-School Association President,"Springville, Tenn.",Tennessee River Sabbath-School Association,Sabbath-School Association Presidents,Tennessee River,,"Springville, Tenn.",United States
1893,24,W. S. Cruzan,Cruzan,,,male,Sabbath-School Association President,Sulphur Springs,Texas Sabbath-School Association,Sabbath-School Association Presidents,Texas,,"Sulphur Springs, Tex.",United States
1893,24,D. T. Fero,Fero,,,male,Sabbath-School Association President,"College Place, Wash.",Upper Columbia Sabbath-School Association,Sabbath-School Association Presidents,Upper Columbia,,"College Place, Wash.",United States
1893,24,E. R. Palmer,Palmer,,,male,Sabbath-School Association President,Essex Junction,Vermont Sabbath-School Association,Sabbath-School Association Presidents,Vermont,,"Essex Junction, Vt.",United States
1893,24,A. C. Neff,Neff,,,male,Sabbath-School Association President,Quicksburg,Virginia Sabbath-School Association,Sabbath-School Association Presidents,Virginia,,"Quicksburg, Va.",United States
1893,24,T. E. Bowen,Bowen,,,male,Sabbath-School Association President,Newburg,West Virginia Sabbath-School Association,Sabbath-School Association Presidents,West Virginia,,"Newburg, W. Va.",United States
1893,24,Emma Thompson,Thompson,,,female,Sabbath-School Association President,"865 5th St., Milwaukee",Wisconsin Sabbath-School Association,Sabbath-School Association Presidents,Wisconsin,,"Milwaukee, Wis.",United States
1893,24,Minnie A. Martin,Martin,Mrs.,,female,Sabbath-School Association Secretary,Springdale,Arkansas Sabbath-School Association,Sabbath-School Association Secretaries,Arkansas,,"Springdale, Ark.",United States
1893,24,J. H. Neall,Neall,,,male,Sabbath-School Association Secretary,"43 Bond St., New York",Atlantic Sabbath-School Association,Sabbath-School Association Secretaries,Atlantic,,"New York, N. Y.",United States
1893,24,Josie L. Baker,Baker,,,female,Sabbath-School Association Secretary,"Echo Pub. Co., North Fitzroy, Victoria",Australia Sabbath-School Association,Sabbath-School Association Secretaries,Australia,,"North Fitzroy, Victoria",Australia
1893,24,Lucy Fish,Fish,Mrs.,,female,Sabbath-School Association Secretary,Healdsburg,California Sabbath-School Association,Sabbath-School Association Secretaries,California,,"Healdsburg, Cal.",United States
1893,24,J. Robert,Robert,,,male,Sabbath-School Association Secretary,"48 Weiherweg, Basel, Switzerland",Central Europe Sabbath-School Association,Sabbath-School Association Secretaries,Central Europe,,"Basel, Switzerland",Central Europe
1893,24,Florence Cornell,Cornell,,,female,Sabbath-School Association Secretary,Boulder,Colorado Sabbath-School Association,Sabbath-School Association Secretaries,Colorado,,"Boulder, Colo.",United States
1893,24,M. M. Olsen,Olsen,,,male,Sabbath-School Association Secretary,"Vestervoldgade 17, Copenhagen, K., Denmark",Denmark Sabbath-School Association,Sabbath-School Association Secretaries,Denmark,,"Copenhagen, Denmark",Scandinavia
1893,24,Maria H. Loughborough,Loughborough,Mrs.,,female,Sabbath-School Association Secretary,"51 Ashland Boulevard, Chicago",Illinois Sabbath-School Association,Sabbath-School Association Secretaries,Illinois,,"Chicago, Ill.",United States
1893,24,R. B. Craig,Craig,Mrs.,,female,Sabbath-School Association Secretary,"187 Archer St., Indianapolis",Indiana Sabbath-School Association,Sabbath-School Association Secretaries,Indiana,,"Indianapolis, Ind.",United States
1893,24,Belle Graham,Graham,Mrs.,,female,Sabbath-School Association Secretary,"603 E. 12th St., Des Moines",Iowa Sabbath-School Association,Sabbath-School Association Secretaries,Iowa,,"Des Moines, Iowa",United States
1893,24,Katie L. Haffner,Haffner,,,female,Sabbath-School Association Secretary,Lehigh,Kansas Sabbath-School Association,Sabbath-School Association Secretaries,Kansas,,"Lehigh, Kan.",United States
1893,24,Ida L. Grant,Grant,,,female,Sabbath-School Association Secretary,Hartland,Maine Sabbath-School Association,Sabbath-School Association Secretaries,Maine,,"Hartland, Maine",United States
1893,24,Nettie Covey,Covey,,,female,Sabbath-School Association Secretary,"Tancook Island, Lunenburg, Nova Scotia",Maritime Provinces Sabbath-School Association,Sabbath-School Association Secretaries,Maritime Provinces,,"Tancook Island, Nova Scotia",Canada
1893,24,Mary S. Evans,Evans,,,female,Sabbath-School Association Secretary,Carson City,Michigan Sabbath-School Association,Sabbath-School Association Secretaries,Michigan,,"Carson City, Mich.",United States
1893,24,Alberta L. Little,Little,,,female,Sabbath-School Association Secretary,"3339 Columbus Ave., Minneapolis",Minnesota Sabbath-School Association,Sabbath-School Association Secretaries,Minnesota,,"Minneapolis, Minn.",United States
1893,24,Ella Helm,Helm,Miss,,female,Sabbath-School Association Secretary,"200 Cary Ave., Kansas City",Missouri Sabbath-School Association,Sabbath-School Association Secretaries,Missouri,,"Kansas City, Mo.",United States
1893,24,Nettie G. White,White,Mrs.,,female,Sabbath-School Association Secretary,"Box 350, College View",Nebraska Sabbath-School Association,Sabbath-School Association Secretaries,Nebraska,,"College View, Neb.",United States
1893,24,Carle E. Robie,Robie,,,,Sabbath-School Association Secretary,"Kensington, N. H.",New England Sabbath-School Association,Sabbath-School Association Secretaries,New England,,"Kensington, N. H.",United States
1893,24,Luther Warren,Warren,Mrs.,,female,Sabbath-School Association Secretary,"317 W. Bloomfield St., Rome",New York Sabbath-School Association,Sabbath-School Association Secretaries,New York,,"Rome, N. Y.",United States
1893,24,Esther Kelly,Kelly,,,female,Sabbath-School Association Secretary,"Bank's Terrace, Wellington",New Zealand Sabbath-School Association,Sabbath-School Association Secretaries,New Zealand,,"Wellington, New Zealand",New Zealand
1893,24,Luella Ward,Ward,Mrs.,,female,Sabbath-School Association Secretary,"727 E. Taylor St., Portland, Or.",North Pacific Sabbath-School Association,Sabbath-School Association Secretaries,North Pacific,,"Portland, Or.",United States
1893,24,M. M. Olsen,Olsen,,,male,Sabbath-School Association Secretary,"Vestervoldgade 17, Copenhagen, K., Denmark",Norway Sabbath-School Association,Sabbath-School Association Secretaries,Norway,,"Copenhagen, Denmark",Scandinavia
1893,24,Ida H. Walters,Walters,,,female,Sabbath-School Association Secretary,"149 N. Washington Ave., Columbus",Ohio Sabbath-School Association,Sabbath-School Association Secretaries,Ohio,,"Columbus, Ohio",United States
1893,24,Inez Stoops,Stoops,Mrs.,,female,Sabbath-School Association Secretary,"Norman, O. T.",Oklahoma and Indian Territory Sabbath-School Association,Sabbath-School Association Secretaries,Oklahoma and Indian Territory,,"Norman, O. T.",United States
1893,24,Anna L. Baer,Baer,,,female,Sabbath-School Association Secretary,"Box 644, Williamsport",Pennsylvania Sabbath-School Association,Sabbath-School Association Secretaries,Pennsylvania,,"Williamsport, Pa.",United States
1893,24,Hetty Hurd,Hurd,,,female,Sabbath-School Association Secretary,"28 A Roeland St., Cape Town",South Africa Sabbath-School Association,Sabbath-School Association Secretaries,South Africa,,"Cape Town, South Africa",Africa
1893,24,Arthur Hunt,Hunt,Mrs.,,female,Sabbath-School Association Secretary,"20 Broyles St., Atlanta, Ga.",Southern District Sabbath-School Association,Sabbath-School Association Secretaries,Southern District,,"Atlanta, Ga.",United States
1893,24,L. E. Holdeman,Holdeman,Mrs.,,female,Sabbath-School Association Secretary,Niles,South Dakota Sabbath-School Association,Sabbath-School Association Secretaries,South Dakota,,"Niles, S. D.",United States
1893,24,M. M. Olsen,Olsen,,,male,Sabbath-School Association Secretary,"Vestervoldgade 17, Copenhagen, K., Denmark",Sweden Sabbath-School Association,Sabbath-School Association Secretaries,Sweden,,"Copenhagen, Denmark",Scandinavia
1893,24,Nellie Gains,Gains,Miss,,female,Sabbath-School Association Secretary,"46 S. 5th St., Nashville",Tennessee River Sabbath-School Association,Sabbath-School Association Secretaries,Tennessee River,,"Nashville, Tenn.",United States
1893,24,Alice Conway,Conway,,,female,Sabbath-School Association Secretary,Derden,Texas Sabbath-School Association,Sabbath-School Association Secretaries,Texas,,"Derden, Tex.",United States
1893,24,Hattie A. Kerr,Kerr,Mrs.,,female,Sabbath-School Association Secretary,"Milton, Or.",Upper Columbia Sabbath-School Association,Sabbath-School Association Secretaries,Upper Columbia,,"Milton, Or.",United States
1893,24,Alice Maynard,Maynard,,,female,Sabbath-School Association Secretary,"92 St. Paul St., Burlington",Vermont Sabbath-School Association,Sabbath-School Association Secretaries,Vermont,,"Burlington, Vt.",United States
1893,24,Amy A. Neff,Neff,,,female,Sabbath-School Association Secretary,Winchester,Virginia Sabbath-School Association,Sabbath-School Association Secretaries,Virginia,,"Winchester, Va.",United States
1893,24,H. L. Meredith,Meredith,Mrs.,,female,Sabbath-School Association Secretary,Newburg,West Virginia Sabbath-School Association,Sabbath-School Association Secretaries,West Virginia,,"Newburg, W. Va.",United States
1893,24,W. H. Thurston,Thurston,Mrs.,,female,Sabbath-School Association Secretary,"1204 Church St., Stevens Point",Wisconsin Sabbath-School Association,Sabbath-School Association Secretaries,Wisconsin,,"Stevens Point, Wis.",United States
1893,25,F. L. Mead,Mead,,,male,General Agent,"R. & H., Battle Creek, Mich.",Canvassing Agents,,General Conference,,"Battle Creek, Mich.",United States
1893,25,E. E. Miles,Miles,,,male,State Agent,New England,"Canvassing Agents, District No. 1",Canvassing Agents,New England,,"South Lancaster, Mass.",United States
1893,25,J. W. Hazeltine,Hazeltine,,,male,State Agent,Maine,"Canvassing Agents, District No. 1",Canvassing Agents,Maine,,"Burnham, Maine",United States
1893,25,E. R. Palmer,Palmer,,,male,State Agent,Vermont,"Canvassing Agents, District No. 1",Canvassing Agents,Vermont,,"Essex Junction, Vt.",United States
1893,25,J. R. Calkins,Calkins,,,male,State Agent,New York,"Canvassing Agents, District No. 1",Canvassing Agents,New York,,"Rome, N.Y.",United States
1893,25,A. E. Taylor,Taylor,,,male,State Agent,Quebec,"Canvassing Agents, District No. 1",Canvassing Agents,Quebec,,"So. Stukely, Quebec",Canada
1893,25,C. F. Parmele,Parmele,,,male,State Agent,Atlantic,"Canvassing Agents, District No. 1",Canvassing Agents,Atlantic,,"New York City, N.Y.",United States
1893,25,A. M. Neff,Neff,,,male,State Agent,Virginia,"Canvassing Agents, District No. 1",Canvassing Agents,Virginia,,"Winchester, Va.",United States
1893,25,B. P. Long,Long,,,male,State Agent,West Virginia,"Canvassing Agents, District No. 1",Canvassing Agents,West Virginia,,"Newburg, W. Va.",United States
1893,25,A. F. Harrison,Harrison,,,male,District Agent,District No. 2,"Canvassing Agents, District No. 2",Canvassing Agents,General Conference,,"Graysville, Tenn.",United States
1893,25,W. L. Killen,Killen,,,male,State Agent,Southern District,"Canvassing Agents, District No. 2",Canvassing Agents,Southern District,,"Asheville, N.C.",United States
1893,25,W. R. Burrow,Burrow,,,male,State Agent,Southern District,"Canvassing Agents, District No. 2",Canvassing Agents,Southern District,,"Atlanta, Ga.",United States
1893,25,C. F. Dart,Dart,,,male,State Agent,Southern District,"Canvassing Agents, District No. 2",Canvassing Agents,Southern District,,"Welsh, La.",United States
1893,25,David Graber,Graber,,,male,State Agent,Southern District,"Canvassing Agents, District No. 2",Canvassing Agents,Southern District,,"New Decatur, Ala.",United States
1893,25,J. A. Parker,Parker,,,male,State Agent,Tennessee River,"Canvassing Agents, District No. 2",Canvassing Agents,Tennessee River,,"Nashville, Tenn.",United States
1893,25,C. L. Taggart,Taggart,,,male,State Agent,Illinois,"Canvassing Agents, District No. 3",Canvassing Agents,Illinois,,"Decatur, Ill.",United States
1893,25,I. S. Lloyd,Lloyd,,,male,State Agent,Indiana,"Canvassing Agents, District No. 3",Canvassing Agents,Indiana,,"Indianapolis, Ind.",United States
1893,25,S. G. Haughey,Haughey,,,male,State Agent,Ohio,"Canvassing Agents, District No. 3",Canvassing Agents,Ohio,,"Cleveland, Ohio",United States
1893,25,A. J. Olsen,Olsen,,,male,State Agent,Michigan,"Canvassing Agents, District No. 3",Canvassing Agents,Michigan,,"Lansing, Mich.",United States
1893,25,Byron Hagle,Hagle,,,male,State Agent,Ontario,"Canvassing Agents, District No. 3",Canvassing Agents,Ontario,,"Toronto, Ontario",Canada
1893,25,S. M. Jacobs,Jacobs,,,male,State Agent,Iowa,"Canvassing Agents, District No. 4",Canvassing Agents,Iowa,,"Fontanelle, Iowa",United States
1893,25,James Hackett,Hackett,,,male,State Agent,Manitoba,"Canvassing Agents, District No. 4",Canvassing Agents,Manitoba,,"Verndale, Minn.",United States
1893,25,J. J. Devereaux,Devereaux,,,male,State Agent,Nebraska,"Canvassing Agents, District No. 4",Canvassing Agents,Nebraska,,"Lincoln, Neb.",United States
1893,25,G. A. Wheeler,Wheeler,,,male,State Agent,South Dakota,"Canvassing Agents, District No. 4",Canvassing Agents,South Dakota,,"Vilas, S.D.",United States
1893,25,C. M. Everest,Everest,,,male,State Agent,Minnesota,"Canvassing Agents, District No. 4",Canvassing Agents,Minnesota,,"Minneapolis, Minn.",United States
1893,25,S. D. Hartwell,Hartwell,,,male,State Agent,Wisconsin,"Canvassing Agents, District No. 4",Canvassing Agents,Wisconsin,,"Milwaukee, Wis.",United States
1893,25,S. C. Osborne,Osborne,,,male,State Agent,Kansas,"Canvassing Agents, District No. 5",Canvassing Agents,Kansas,,"Van Buren, Kan.",United States
1893,25,H. L. Hoover,Hoover,,,male,State Agent,Missouri,"Canvassing Agents, District No. 5",Canvassing Agents,Missouri,,"Gunn City, Mo.",United States
1893,25,Jas. M. Dickerson,Dickerson,,,male,State Agent,Oklahoma and Indian Territories,"Canvassing Agents, District No. 5",Canvassing Agents,Oklahoma,,"Oklahoma City, Okla.",United States
1893,25,L. C. Sommerville,Sommerville,,,male,State Agent,Arkansas,"Canvassing Agents, District No. 5",Canvassing Agents,Arkansas,,"Springdale, Ark.",United States
1893,25,W. W. Eastman,Eastman,,,male,State Agent,Texas,"Canvassing Agents, District No. 5",Canvassing Agents,Texas,,"Oak Cliff, Texas",United States
1893,25,N. P. Dixon,Dixon,,,male,State Agent,Colorado,"Canvassing Agents, District No. 5",Canvassing Agents,Colorado,,"Denver, Colo.",United States
1893,25,J. R. Glass,Glass,,,male,State Agent,California,"Canvassing Agents, District No. 6",Canvassing Agents,California,Pacific Press,"Oakland, Cal.",United States
1893,25,A. D. Guthrie,Guthrie,,,male,State Agent,North Pacific,"Canvassing Agents, District No. 6",Canvassing Agents,North Pacific,,"Seattle, Wash.",United States
1893,25,I. R. Bliven,Bliven,,,male,State Agent,Upper Columbia,"Canvassing Agents, District No. 6",Canvassing Agents,Upper Columbia,,"Milton, Or.",United States
1893,25,James Harris,Harris,,,male,State Agent,New Zealand,"Canvassing Agents, District No. 7",Canvassing Agents,New Zealand,,"Wellington, New Zealand",Australasia
1893,25,Chas. Michaels,Michaels,,,male,State Agent,Australia,"Canvassing Agents, District No. 7",Canvassing Agents,Australia,Echo Pub. Co.,"North Fitzroy, Victoria",Australasia
1893,25,T. Whittle,Whittle,,,male,State Agent,Australia,"Canvassing Agents, District No. 7",Canvassing Agents,Australia,,"Glebe, Sydney, N.S.W.",Australasia
1893,25,G. Roth,Roth,,,male,State Agent,Central Europe,"Canvassing Agents, District No. 8",Canvassing Agents,Central Europe,,"Basel, Switzerland",Europe
1893,25,F. W. Spies,Spies,,,male,State Agent,Germany,"Canvassing Agents, District No. 8",Canvassing Agents,Germany,,"St. Pauli, Hamburg, Germany",Europe
1893,25,H. L. Henricksen,Henricksen,,,male,State Agent,Norway and Denmark,"Canvassing Agents, District No. 8",Canvassing Agents,Norway and Denmark,,"Christiania, Norway",Europe
1893,25,Emil Lind,Lind,,,male,State Agent,Sweden,"Canvassing Agents, District No. 8",Canvassing Agents,Sweden,,"Stockholm, Sweden",Europe
1893,25,N. Z. Town,Town,,,male,State Agent,Great Britain,"Canvassing Agents, District No. 8",Canvassing Agents,Great Britain,,"London, N., England",Europe
1893,25,J. M. Craig,Craig,,,male,State Agent,South Africa,"Canvassing Agents, Outside District Lines",Canvassing Agents,South Africa,,"Cape Town, South Africa",Africa
1893,25,R. B. Craig,Craig,,,male,State Agent,South America,"Canvassing Agents, Outside District Lines",Canvassing Agents,South America,,,South America
1893,23,J. M. Rees,Rees,,,male,Tract Society President,Springdale,Arkansas Tract Society,Tract Society Presidents,Arkansas,,"Springdale, Ark.",United States
1893,23,H. E. Robinson,Robinson,,,male,Tract Society President,"43 Bond St., New York City, N. Y.",Atlantic Tract Society,Tract Society Presidents,Atlantic,,"New York City, N. Y.",United States
1893,23,A. G. Daniells,Daniells,,,male,Tract Society President,"76 Pyrmont Bridge Road, Glebe, Sydney",Australia Tract Society,Tract Society Presidents,Australia,,"Glebe, Sydney, Australia",Australia
1893,23,S. N. Haskell,Haskell,,,male,Tract Society President,St. Helena,California Tract Society,Tract Society Presidents,California,,"St. Helena, Cal.",United States
1893,23,J. Erzeuberger,Erzeuberger,,,male,Tract Society President,"Weiherweg 48, Basel, Switzerland",Central Europe Tract Society,Tract Society Presidents,Central Europe,,"Basel, Switzerland",Europe
1893,23,J. R. Palmer,Palmer,,,male,Tract Society President,"920 W. 6th Ave., Denver",Colorado Tract Society,Tract Society Presidents,Colorado,,"Denver, Colo.",United States
1893,23,L. Johnson,Johnson,,,male,Tract Society President,"Akersgaden 74, Christiania, Norway",Denmark Tract Society,Tract Society Presidents,Denmark,,"Christiania, Norway",Scandinavia
1893,23,J. N. Loughborough,Loughborough,,,male,Tract Society President,"51 Ashland Boulevard, Chicago",Illinois Tract Society,Tract Society Presidents,Illinois,,"Chicago, Ill.",United States
1893,23,F. D. Starr,Starr,,,male,Tract Society President,"175 Central Ave., Indianapolis",Indiana Tract Society,Tract Society Presidents,Indiana,,"Indianapolis, Ind.",United States
1893,23,C. A. Washburn,Washburn,,,male,Tract Society President,Mt. Pleasant,Iowa Tract Society,Tract Society Presidents,Iowa,,"Mt. Pleasant, Iowa",United States
1893,23,C. McReynolds,McReynolds,,,male,Tract Society President,"821 West 5th St., Topeka",Kansas Tract Society,Tract Society Presidents,Kansas,,"Topeka, Kan.",United States
1893,23,J. E. Jayne,Jayne,,,male,Tract Society President,Hartland,Maine Tract Society,Tract Society Presidents,Maine,,"Hartland, Maine",United States
1893,23,I. H. Evans,Evans,,,male,Tract Society President,Ovid,Michigan Tract Society,Tract Society Presidents,Michigan,,"Ovid, Mich.",United States
1893,23,N. W. Allee,Allee,,,male,Tract Society President,"Box 989, Minneapolis",Minnesota Tract Society,Tract Society Presidents,Minnesota,,"Minneapolis, Minn.",United States
1893,23,W. S. Hyatt,Hyatt,,,male,Tract Society President,"2010 E. 23rd St., Kansas City",Missouri Tract Society,Tract Society Presidents,Missouri,,"Kansas City, Mo.",United States
1893,23,J. W. Watt,Watt,,,male,Tract Society President,"Box 150, Livingston",Montana Tract Society,Tract Society Presidents,Montana,,"Livingston, Mont.",United States
1893,23,W. B. White,White,,,male,Tract Society President,"Box 350, College View",Nebraska Tract Society,Tract Society Presidents,Nebraska,,"College View, Neb.",United States
1893,23,R. C. Porter,Porter,,,male,Tract Society President,"South Lancaster, Mass.",New England Tract Society,Tract Society Presidents,New England,,"South Lancaster, Mass.",United States
1893,23,S. H. Lane,Lane,,,male,Tract Society President,"317 W. Bloomfield St., Rome",New York Tract Society,Tract Society Presidents,New York,,"Rome, N. Y.",United States
1893,23,J. E. Graham,Graham,,,male,Tract Society President,"721 E. Taylor St., Portland, Or.",North Pacific Tract Society,Tract Society Presidents,North Pacific,,"Portland, Or.",United States
1893,23,L. Johnson,Johnson,,,male,Tract Society President,"Akersgaden 74, Christiania",Norway Tract Society,Tract Society Presidents,Norway,,"Christiania, Norway",Scandinavia
1893,23,M. C. Israel,Israel,,,male,Tract Society President,"Bank's Terrace, Wellington",New Zealand Tract Society,Tract Society Presidents,New Zealand,,"Wellington, New Zealand",New Zealand
1893,23,H. M. Mitchell,Mitchell,,,male,Tract Society President,"Box 266, Clyde",Ohio Tract Society,Tract Society Presidents,Ohio,,"Clyde, Ohio",United States
1893,23,E. J. Hibbard,Hibbard,,,male,Tract Society President,"Box 644, Williamsport",Pennsylvania Tract Society,Tract Society Presidents,Pennsylvania,,"Williamsport, Pa.",United States
1893,23,H. E. Rickland,Rickland,,,male,Tract Society President,"Fitch Bay, P. Q.",Quebec Tract Society,Tract Society Presidents,Quebec,,"Fitch Bay, P. Q.",Canada
1893,23,N. P. Nelson,Nelson,,,male,Tract Society President,Hurley,South Dakota Tract Society,Tract Society Presidents,South Dakota,,"Hurley, S. D.",United States
1893,23,R. M. Kilgore,Kilgore,,,male,Tract Society President,"Cor. S. Boulevard and Bryan Sts., Atlanta, Ga.",Southern Mission Tract Society,Tract Society Presidents,Southern Mission,,"Atlanta, Ga.",United States
1893,23,L. Johnson,Johnson,,,male,Tract Society President,"Akersgaden 74, Christiania, Norway",Sweden Tract Society,Tract Society Presidents,Sweden,,"Christiania, Norway",Scandinavia
1893,23,C. L. Boyd,Boyd,,,male,Tract Society President,"46 S. 5th St., Nashville, Tenn.",Tennessee River Tract Society,Tract Society Presidents,Tennessee River,,"Nashville, Tenn.",United States
1893,23,W. S. Greer,Greer,,,male,Tract Society President,Savoy,Texas Tract Society,Tract Society Presidents,Texas,,"Savoy, Tex.",United States
1893,23,R. S. Donnell,Donnell,,,male,Tract Society President,"College Place, Wash.",Upper Columbia Tract Society,Tract Society Presidents,Upper Columbia,,"College Place, Wash.",United States
1893,23,P. F. Bicknell,Bicknell,,,male,Tract Society President,Burlington,Vermont Tract Society,Tract Society Presidents,Vermont,,"Burlington, Vt.",United States
1893,23,F. M. Roberts,Roberts,,,male,Tract Society President,Winchester,Virginia Tract Society,Tract Society Presidents,Virginia,,"Winchester, Va.",United States
1893,23,D. C. Babcock,Babcock,,,male,Tract Society President,Newburg,West Virginia Tract Society,Tract Society Presidents,West Virginia,,"Newburg, W. Va.",United States
1893,23,R. A. Underwood,Underwood,,,male,Tract Society President,"865 5th St., Milwaukee",Wisconsin Tract Society,Tract Society Presidents,Wisconsin,,"Milwaukee, Wis.",United States
1893,23,H. Clay Griffin,Griffin,,,male,Tract Society Secretary and Depository,Van Buren,Arkansas Tract Society,Tract Society Secretaries and Depositories,Arkansas,,"Van Buren, Ark.",United States
1893,23,T. A. Kilgore,Kilgore,,,male,Tract Society Secretary and Depository,"43 Bond St., New York City, N. Y.",Atlantic Tract Society,Tract Society Secretaries and Depositories,Atlantic,,"New York City, N. Y.",United States
1893,23,A. Reekie,Reekie,,,male,Tract Society Secretary and Depository,"76 Pyrmont Bridge Road, Glebe, Sydney",Australia Tract Society,Tract Society Secretaries and Depositories,Australia,,"Glebe, Sydney, Australia",Australia
1893,23,Anna L. Ingels,Ingels,,,female,Tract Society Secretary and Depository,"Pacific Press, Oakland",California Tract Society,Tract Society Secretaries and Depositories,California,,"Oakland, Cal.",United States
1893,23,Mrs. E. Robert,Robert,Mrs.,,female,Tract Society Secretary and Depository,"48 Weiherweg, Basel, Switzerland",Central Europe Tract Society,Tract Society Secretaries and Depositories,Central Europe,,"Basel, Switzerland",Europe
1893,23,Leah E. Vandermark,Vandermark,,,female,Tract Society Secretary and Depository,"920 W. 6th Ave., Denver",Colorado Tract Society,Tract Society Secretaries and Depositories,Colorado,,"Denver, Colo.",United States
1893,23,M. M. Olsen,Olsen,,,male,Tract Society Secretary and Depository,"Vestervoldgade 17, Copenhagen, K., Denmark",Denmark Tract Society,Tract Society Secretaries and Depositories,Denmark,,"Copenhagen, Denmark",Scandinavia
1893,23,M. May Taylor,Taylor,,,female,Tract Society Secretary and Depository,"The Chaloners, Anson Road, Tufnell Park, London, N.",England Tract Society,Tract Society Secretaries and Depositories,England,,"London, England",Europe
1893,23,A. W. Bothwell,Bothwell,,,male,Tract Society Secretary and Depository,51 Ashland,Illinois Tract Society,Tract Society Secretaries and Depositories,Illinois,,"Chicago, Ill.",United States
1893,23,J. W. Moore,Moore,,,male,Tract Society Secretary and Depository,"175 Central Ave., Indianapolis",Indiana Tract Society,Tract Society Secretaries and Depositories,Indiana,,"Indianapolis, Ind.",United States
1893,23,C. F. Stevens,Stevens,,,male,Tract Society Secretary and Depository,"603 E. 12th St., Des Moines",Iowa Tract Society,Tract Society Secretaries and Depositories,Iowa,,"Des Moines, Iowa",United States
1893,23,Lucy M. Olds,Olds,,,female,Tract Society Secretary and Depository,"821 W. 5th St., Topeka",Kansas Tract Society,Tract Society Secretaries and Depositories,Kansas,,"Topeka, Kan.",United States
1893,23,B. F. Davis,Davis,,,male,Tract Society Secretary and Depository,Hartland,Maine Tract Society,Tract Society Secretaries and Depositories,Maine,,"Hartland, Maine",United States
1893,23,Mrs. I. H. Cowie,Cowie,Mrs.,,female,Tract Society Secretary and Depository,"Moncton, N. B.",Maritime Provinces Tract Society,Tract Society Secretaries and Depositories,Maritime Provinces,,"Moncton, N. B.",Canada
1893,23,J. S. Hall,Hall,,,male,Tract Society Secretary and Depository,"Review and Herald, Battle Creek",Michigan Tract Society,Tract Society Secretaries and Depositories,Michigan,,"Battle Creek, Mich.",United States
1893,23,C. N. Woodward,Woodward,,,male,Tract Society Secretary and Depository,"Box 989, Minneapolis",Minnesota Tract Society,Tract Society Secretaries and Depositories,Minnesota,,"Minneapolis, Minn.",United States
1893,23,Vita Morrow,Morrow,,,female,Tract Society Secretary and Depository,"2010 E. 23d St., Kansas City",Missouri Tract Society,Tract Society Secretaries and Depositories,Missouri,,"Kansas City, Mo.",United States
1893,23,Miss Mary Beatty,Beatty,Miss,,female,Tract Society Secretary and Depository,"1505 E. St., Lincoln",Nebraska Tract Society,Tract Society Secretaries and Depositories,Nebraska,,"Lincoln, Neb.",United States
1893,23,Mrs. E. T. Palmer,Palmer,Mrs.,,female,Tract Society Secretary and Depository,"South Lancaster, Mass.",New England Tract Society,Tract Society Secretaries and Depositories,New England,,"South Lancaster, Mass.",United States
1893,23,J. V. Willson,Willson,,,male,Tract Society Secretary and Depository,"317 W. Bloomfield St., Rome",New York Tract Society,Tract Society Secretaries and Depositories,New York,,"Rome, N. Y.",United States
1893,23,Mrs. M. H. Tuxford,Tuxford,Mrs.,,female,Tract Society Secretary and Depository,"Bank's Terrace, Wellington",New Zealand Tract Society,Tract Society Secretaries and Depositories,New Zealand,,"Wellington, New Zealand",New Zealand
1893,23,Geo. E. Henton,Henton,,,male,Tract Society Secretary and Depository,"727 E. Taylor St., Portland, Or.",North Pacific Tract Society,Tract Society Secretaries and Depositories,North Pacific,,"Portland, Or.",United States
1893,23,M. M. Olsen,Olsen,,,male,Tract Society Secretary and Depository,"Vestervoldgade 17, Copenhagen, K., Denmark",Norway Tract Society,Tract Society Secretaries and Depositories,Norway,,"Copenhagen, Denmark",Scandinavia
1893,23,L. T. Dysert,Dysert,,,male,Tract Society Secretary and Depository,"74 Kinsman St., Cleveland",Ohio Tract Society,Tract Society Secretaries and Depositories,Ohio,,"Cleveland, Ohio",United States
1893,23,W. M. Lee,Lee,,,male,Tract Society Secretary and Depository,"Box 644, Williamsport",Pennsylvania Tract Society,Tract Society Secretaries and Depositories,Pennsylvania,,"Williamsport, Pa.",United States
1893,23,Mrs. A. E. Taylor,Taylor,Mrs.,,female,Tract Society Secretary and Depository,So. Stukely,Quebec Tract Society,Tract Society Secretaries and Depositories,Quebec,,"So. Stukely, P. Q.",Canada
1893,23,Mrs. N. H. Druillard,Druillard,Mrs.,,female,Tract Society Secretary and Depository,"28 A Roeland St., Cape Town",South Africa Tract Society,Tract Society Secretaries and Depositories,South Africa,,"Cape Town, South Africa",Africa
1893,23,L. Dyo Chambers,Chambers,,,male,Tract Society Secretary and Depository,"Chattanooga, Tenn.",Southern District Tract Society,Tract Society Secretaries and Depositories,Southern District,,"Chattanooga, Tenn.",United States
1893,23,Alice H. Robinson,Robinson,,,female,Tract Society Secretary and Depository,"Vilas, Miner Co.",South Dakota Tract Society,Tract Society Secretaries and Depositories,South Dakota,,"Vilas, Miner Co., S. D.",United States
1893,23,M. M. Olsen,Olsen,,,male,Tract Society Secretary and Depository,"Vestervoldgade 17, Copenhagen, K., Denmark",Sweden Tract Society,Tract Society Secretaries and Depositories,Sweden,,"Copenhagen, Denmark",Scandinavia
1893,23,Miss M. G. Mason,Mason,Miss,,female,Tract Society Secretary and Depository,"46 S. 5th St., Nashville, Tenn.",Tennessee River Tract Society,Tract Society Secretaries and Depositories,Tennessee River,,"Nashville, Tenn.",United States
1893,23,T. T. Stevenson,Stevenson,,,male,Tract Society Secretary and Depository,"Box 9, Oak-Cliff, Dallas Co.",Texas Tract Society,Tract Society Secretaries and Depositories,Texas,,"Oak-Cliff, Dallas Co., Tex.",United States
1893,23,Mrs. M. E. Ford,Ford,Mrs.,,female,Tract Society Secretary and Depository,"College Place, Wash.",Upper Columbia Tract Society,Tract Society Secretaries and Depositories,Upper Columbia,,"College Place, Wash.",United States
1893,23,Lizzie A. Stone,Stone,,,female,Tract Society Secretary and Depository,Essex Junction,Vermont Tract Society,Tract Society Secretaries and Depositories,Vermont,,"Essex Junction, Vt.",United States
1893,23,Amy A. Neff,Neff,,,female,Tract Society Secretary and Depository,Winchester,Virginia Tract Society,Tract Society Secretaries and Depositories,Virginia,,"Winchester, Va.",United States
1893,23,T. E. Bowen,Bowen,,,male,Tract Society Secretary and Depository,Newburg,West Virginia Tract Society,Tract Society Secretaries and Depositories,West Virginia,,"Newburg, W. Va.",United States
1893,23,G. M. Brown,Brown,,,male,Tract Society Secretary and Depository,"865 5th St., Milwaukee",Wisconsin Tract Society,Tract Society Secretaries and Depositories,Wisconsin,,"Milwaukee, Wis.",United States
1893,28,Allen Moon,Moon,,,male,Executive Board Member,,International Religious Liberty Association,,General Conference,,,
1893,28,A. T. Jones,Jones,,,male,Executive Board Member,,International Religious Liberty Association,,General Conference,,,
1893,28,O. A. Olsen,Olsen,,,male,Executive Board Member,,International Religious Liberty Association,,General Conference,,,
1893,28,A. F. Ballenger,Ballenger,,,male,Executive Board Member,,International Religious Liberty Association,,General Conference,,,
1893,28,A. O. Tait,Tait,,,male,Executive Board Member,,International Religious Liberty Association,,General Conference,,,
1893,28,C. P. Bollman,Bollman,,,male,Executive Board Member,,International Religious Liberty Association,,General Conference,,,
1893,28,W. A. Colcord,Colcord,,,male,Executive Board Member,,International Religious Liberty Association,,General Conference,,,
1893,28,Allen Moon,Moon,,,male,President,,International Religious Liberty Association,,General Conference,,,
1893,28,A. T. Jones,Jones,,,male,Vice-President,,International Religious Liberty Association,,General Conference,,,
1893,28,A. F. Ballenger,Ballenger,,,male,Recording Secretary,,International Religious Liberty Association,,General Conference,,,
1893,28,A. O. Tait,Tait,,,male,Corresponding Secretary,,International Religious Liberty Association,,General Conference,,,
1893,28,Lena Steinel,Steinel,,,female,Treasurer,,International Religious Liberty Association,,General Conference,,,
1893,28,C. H. Jones,Jones,,,male,Executive Board Member,,International Sabbath-School Association,,General Conference,,,
1893,28,J. H. Durland,Durland,,,male,Executive Board Member,,International Sabbath-School Association,,General Conference,,,
1893,28,M. H. Brown,Brown,,,male,Executive Board Member,,International Sabbath-School Association,,General Conference,,,
1893,28,J. O. Corliss,Corliss,,,male,Executive Board Member,,International Sabbath-School Association,,General Conference,,,
1893,28,W. A. Colcord,Colcord,,,male,Executive Board Member,,International Sabbath-School Association,,General Conference,,,
1893,28,F. M. Wilcox,Wilcox,,,male,Executive Board Member,,International Sabbath-School Association,,General Conference,,,
1893,28,W. N. Glenn,Glenn,,,male,Executive Board Member,,International Sabbath-School Association,,General Conference,,,
1893,28,G. W. Reaser,Reaser,,,male,Executive Board Member,,International Sabbath-School Association,,General Conference,,,
1893,28,C. H. Jones,Jones,,,male,President,,International Sabbath-School Association,,General Conference,,,
1893,28,J. H. Durland,Durland,,,male,Vice-President,,International Sabbath-School Association,,General Conference,,,
1893,28,M. H. Brown,Brown,,,male,Secretary and Treasurer,,International Sabbath-School Association,,General Conference,,,
1893,28,Mrs. Vesta J. Olsen,Olsen,Mrs.,,female,Corresponding Secretary,,International Sabbath-School Association,,General Conference,,,
1893,28,O. A. Olsen,Olsen,,,male,Trustee,,Medical Missionary and Benevolent Association,,General Conference,,,
1893,28,J. H. Kellogg,Kellogg,,,male,Trustee,,Medical Missionary and Benevolent Association,,General Conference,,,
1893,28,S. N. Haskell,Haskell,,,male,Trustee,,Medical Missionary and Benevolent Association,,General Conference,,,
1893,28,G. E. Tyszkiewicz,Tyszkiewicz,,,male,Trustee,,Medical Missionary and Benevolent Association,,General Conference,,,
1893,28,J. N. Loughborough,Loughborough,,,male,Trustee,,Medical Missionary and Benevolent Association,,General Conference,,,
1893,28,W. C. White,White,,,male,Trustee,,Medical Missionary and Benevolent Association,,General Conference,,,
1893,28,L. McCoy,McCoy,,,male,Trustee,,Medical Missionary and Benevolent Association,,General Conference,,,
1893,28,A. R. Henry,Henry,,,male,Trustee,,Medical Missionary and Benevolent Association,,General Conference,,,
1893,28,J. Fargo,Fargo,,,male,Trustee,,Medical Missionary and Benevolent Association,,General Conference,,,
1893,28,J. H. Kellogg,Kellogg,,,male,President,,Medical Missionary and Benevolent Association,,General Conference,,,
1893,28,Lycurgus McCoy,McCoy,,,male,Secretary and Treasurer,,Medical Missionary and Benevolent Association,,General Conference,,,
1893,28,J. H. Kellogg,Kellogg,,,male,Promoter,,Medical Missionary and Benevolent Association,,General Conference,,,
1893,28,A. R. Henry,Henry,,,male,Promoter,,Medical Missionary and Benevolent Association,,General Conference,,,
1893,28,L. McCoy,McCoy,,,male,Promoter,,Medical Missionary and Benevolent Association,,General Conference,,,
1893,26,O. A. Olsen,Olsen,,,male,Executive Committee Member,,General Conference,General Organizations,General Conference,,,
1893,26,S. N. Haskell,Haskell,,,male,Executive Committee Member,,General Conference,General Organizations,General Conference,,,
1893,26,W. W. Prescott,Prescott,,,male,Executive Committee Member,,General Conference,General Organizations,General Conference,,,
1893,26,J. N. Loughborough,Loughborough,,,male,Executive Committee Member,,General Conference,General Organizations,General Conference,,,
1893,26,W. C. White,White,,,male,Executive Committee Member,,General Conference,General Organizations,General Conference,,,
1893,26,A. J. Breed,Breed,,,male,Executive Committee Member,,General Conference,General Organizations,General Conference,,,
1893,26,E. W. Farnsworth,Farnsworth,,,male,Executive Committee Member,,General Conference,General Organizations,General Conference,,,
1893,26,R. M. Kilgore,Kilgore,,,male,Executive Committee Member,,General Conference,General Organizations,General Conference,,,
1893,26,J. H. Durland,Durland,,,male,Executive Committee Member,,General Conference,General Organizations,General Conference,,,
1893,26,I. D. Van Horn,Van Horn,,,male,Executive Committee Member,,General Conference,General Organizations,General Conference,,,
1893,26,D. A. Robinson,Robinson,,,male,Executive Committee Member,,General Conference,General Organizations,General Conference,,,
1893,26,O. A. Olsen,Olsen,,,male,President,,General Conference,General Organizations,General Conference,,,
1893,26,L. T. Nicola,Nicola,,,male,Corresponding Secretary,,General Conference,General Organizations,General Conference,,,
1893,26,W. H. Edwards,Edwards,,,male,Recording Secretary,,General Conference,General Organizations,General Conference,,,
1893,26,W. A. Spicer,Spicer,,,male,Foreign Mission Secretary,,General Conference,General Organizations,General Conference,,,
1893,26,W. W. Prescott,Prescott,,,male,Educational Secretary,,General Conference,General Organizations,General Conference,,,
1893,26,W. H. Edwards,Edwards,,,male,Treasurer,,General Conference,General Organizations,General Conference,,,
1893,26,I. D. Van Horn,Van Horn,,,male,District Superintendent,Dist. No. 1,General Conference,General Organizations,General Conference,,,
1893,26,R. M. Kilgore,Kilgore,,,male,District Superintendent,Dist. No. 2,General Conference,General Organizations,General Conference,,,
1893,26,J. N. Loughborough,Loughborough,,,male,District Superintendent,Dist. No. 3,General Conference,General Organizations,General Conference,,,
1893,26,J. H. Durland,Durland,,,male,District Superintendent,Dist. No. 4,General Conference,General Organizations,General Conference,,,
1893,26,A. J. Breed,Breed,,,male,District Superintendent,Dist. No. 5,General Conference,General Organizations,General Conference,,,
1893,26,E. W. Farnsworth,Farnsworth,,,male,District Superintendent,Dist. No. 6,General Conference,General Organizations,General Conference,,,
1893,26,W. C. White,White,,,male,District Superintendent,Dist. No. 7,General Conference,General Organizations,General Conference,,,
1893,26,D. A. Robinson,Robinson,,,male,District Superintendent,Dist. No. 8,General Conference,General Organizations,General Conference,,,
1893,26,O. A. Olsen,Olsen,,,male,Board of Foreign Missions Member,,Board of Foreign Missions,General Organizations,General Conference,,,
1893,26,S. N. Haskell,Haskell,,,male,Board of Foreign Missions Member,,Board of Foreign Missions,General Organizations,General Conference,,,
1893,26,W. W. Prescott,Prescott,,,male,Board of Foreign Missions Member,,Board of Foreign Missions,General Organizations,General Conference,,,
1893,26,J. N. Loughborough,Loughborough,,,male,Board of Foreign Missions Member,,Board of Foreign Missions,General Organizations,General Conference,,,
1893,26,W. C. White,White,,,male,Board of Foreign Missions Member,,Board of Foreign Missions,General Organizations,General Conference,,,
1893,26,A. J. Breed,Breed,,,male,Board of Foreign Missions Member,,Board of Foreign Missions,General Organizations,General Conference,,,
1893,26,E. W. Farnsworth,Farnsworth,,,male,Board of Foreign Missions Member,,Board of Foreign Missions,General Organizations,General Conference,,,
1893,26,R. M. Kilgore,Kilgore,,,male,Board of Foreign Missions Member,,Board of Foreign Missions,General Organizations,General Conference,,,
1893,26,J. H. Durland,Durland,,,male,Board of Foreign Missions Member,,Board of Foreign Missions,General Organizations,General Conference,,,
1893,26,I. D. Van Horn,Van Horn,,,male,Board of Foreign Missions Member,,Board of Foreign Missions,General Organizations,General Conference,,,
1893,26,D. A. Robinson,Robinson,,,male,Board of Foreign Missions Member,,Board of Foreign Missions,General Organizations,General Conference,,,
1893,26,U. Smith,Smith,,,male,Board of Foreign Missions Member,,Board of Foreign Missions,General Organizations,General Conference,,,
1893,26,W. A. Spicer,Spicer,,,male,Board of Foreign Missions Member,,Board of Foreign Missions,General Organizations,General Conference,,,
1893,26,A. R. Henry,Henry,,,male,Board of Foreign Missions Member,,Board of Foreign Missions,General Organizations,General Conference,,,
1893,26,J. N. Nelson,Nelson,,,male,Board of Foreign Missions Member,,Board of Foreign Missions,General Organizations,General Conference,,,
1893,26,H. Lindsay,Lindsay,,,male,Board of Foreign Missions Member,,Board of Foreign Missions,General Organizations,General Conference,,,
1893,26,N. O. Tait,Tait,,,male,Board of Foreign Missions Member,,Board of Foreign Missions,General Organizations,General Conference,,,
1893,26,O. A. Olsen,Olsen,,,male,President,,Board of Foreign Missions,General Organizations,General Conference,,,
1893,26,W. A. Spicer,Spicer,,,male,Secretary,,Board of Foreign Missions,General Organizations,General Conference,,,
1893,26,W. H. Edwards,Edwards,,,male,Treasurer,,Board of Foreign Missions,General Organizations,General Conference,,,
1893,26,O. A. Olsen,Olsen,,,male,Book Committee Member,,Book Committee,General Organizations,General Conference,,,
1893,26,U. Smith,Smith,,,male,Book Committee Member,,Book Committee,General Organizations,General Conference,,,
1893,26,A. T. Jones,Jones,,,male,Book Committee Member,,Book Committee,General Organizations,General Conference,,,
1893,26,W. W. Prescott,Prescott,,,male,Book Committee Member,,Book Committee,General Organizations,General Conference,,,
1893,26,M. C. Wilcox,Wilcox,,,male,Book Committee Member,,Book Committee,General Organizations,General Conference,,,
1893,26,J. G. Matteson,Matteson,,,male,Book Committee Member,,Book Committee,General Organizations,General Conference,,,
1893,26,C. H. Jones,Jones,,,male,Book Committee Member,,Book Committee,General Organizations,General Conference,,,
1893,26,F. D. Starr,Starr,,,male,Book Committee Member,,Book Committee,General Organizations,General Conference,,,
1893,26,W. A. Spicer,Spicer,,,male,Book Committee Member,,Book Committee,General Organizations,General Conference,,,
1893,26,W. A. Colcord,Colcord,,,male,Book Committee Member,,Book Committee,General Organizations,General Conference,,,
1893,26,M. E. Kellogg,Kellogg,,,male,Book Committee Member,,Book Committee,General Organizations,General Conference,,,
1893,26,W. N. Glenn,Glenn,,,male,Book Committee Member,,Book Committee,General Organizations,General Conference,,,
1893,26,J. Kolvoord,Kolvoord,,,male,Book Committee Member,,Book Committee,General Organizations,General Conference,,,
1893,26,O. A. Olsen,Olsen,,,male,Chairman,,Book Committee,General Organizations,General Conference,,,
1893,26,M. E. Kellogg,Kellogg,,,male,Secretary,,Book Committee,General Organizations,General Conference,,,
1893,26,M. C. Wilcox,Wilcox,,,male,Assistant Secretary,,Book Committee,General Organizations,General Conference,,,
1893,26,W. A. Colcord,Colcord,,,male,Assistant Secretary,,Book Committee,General Organizations,General Conference,,,
1893,26,H. P. Holser,Holser,,,male,Auxiliary Book Committee Member,Central European,Auxiliary Book Committee,General Organizations,General Conference,,,Europe
1893,26,L. R. Conradi,Conradi,,,male,Auxiliary Book Committee Member,Central European,Auxiliary Book Committee,General Organizations,General Conference,,,Europe
1893,26,J. Erzenberger,Erzenberger,,,male,Auxiliary Book Committee Member,Central European,Auxiliary Book Committee,General Organizations,General Conference,,,Europe
1893,26,J. Curdy,Curdy,,,male,Auxiliary Book Committee Member,Central European,Auxiliary Book Committee,General Organizations,General Conference,,,Europe
1893,26,H. Revilly,Revilly,,,male,Auxiliary Book Committee Member,Central European,Auxiliary Book Committee,General Organizations,General Conference,,,Europe
1893,26,L. Johnson,Johnson,,,male,Auxiliary Book Committee Member,Scandinavian,Auxiliary Book Committee,General Organizations,General Conference,,,Scandinavia
1893,26,N. Clausen,Clausen,,,male,Auxiliary Book Committee Member,Scandinavian,Auxiliary Book Committee,General Organizations,General Conference,,,Scandinavia
1893,26,G. O. Melin,Melin,,,male,Auxiliary Book Committee Member,Scandinavian,Auxiliary Book Committee,General Organizations,General Conference,,,Scandinavia
1893,26,Emil J. Ahren,Ahren,,,male,Auxiliary Book Committee Member,Scandinavian,Auxiliary Book Committee,General Organizations,General Conference,,,Scandinavia
1893,26,D. A. Robinson,Robinson,,,male,Auxiliary Book Committee Member,British,Auxiliary Book Committee,General Organizations,General Conference,,,Europe
1893,26,E. J. Waggoner,Waggoner,,,male,Auxiliary Book Committee Member,British,Auxiliary Book Committee,General Organizations,General Conference,,,Europe
1893,26,L. A. Smith,Smith,,,male,Auxiliary Book Committee Member,British,Auxiliary Book Committee,General Organizations,General Conference,,,Europe
1893,26,John I. Gibson,Gibson,,,male,Auxiliary Book Committee Member,British,Auxiliary Book Committee,General Organizations,General Conference,,,Europe
1893,26,E. Piednue,Piednue,,,male,Auxiliary Book Committee Member,British,Auxiliary Book Committee,General Organizations,General Conference,,,Europe
1893,26,W. C. White,White,,,male,Auxiliary Book Committee Member,Australian,Auxiliary Book Committee,General Organizations,General Conference,,,Australia
1893,26,A. G. Daniells,Daniells,,,male,Auxiliary Book Committee Member,Australian,Auxiliary Book Committee,General Organizations,General Conference,,,Australia
1893,26,G. B. Starr,Starr,,,male,Auxiliary Book Committee Member,Australian,Auxiliary Book Committee,General Organizations,General Conference,,,Australia
1893,26,C. Michaels,Michaels,,,male,Auxiliary Book Committee Member,Australian,Auxiliary Book Committee,General Organizations,General Conference,,,Australia
1893,26,W. D. Salisbury,Salisbury,,,male,Auxiliary Book Committee Member,Australian,Auxiliary Book Committee,General Organizations,General Conference,,,Australia
1893,26,Miss E. J. Burnham,Burnham,Miss,,female,Auxiliary Book Committee Member,Australian,Auxiliary Book Committee,General Organizations,General Conference,,,Australia
1893,26,James Smith,Smith,,,male,Auxiliary Book Committee Member,Australian,Auxiliary Book Committee,General Organizations,General Conference,,,Australia
1893,26,T. Valentiner,Valentiner,,,male,Auxiliary Book Committee Member,American German,Auxiliary Book Committee,General Organizations,General Conference,,,United States
1893,26,J. Kolvoord,Kolvoord,,,male,Auxiliary Book Committee Member,American German,Auxiliary Book Committee,General Organizations,General Conference,,,United States
1893,26,F. D. Starr,Starr,,,male,Auxiliary Book Committee Member,American German,Auxiliary Book Committee,General Organizations,General Conference,,,United States
1893,26,A. Kunz,Kunz,,,male,Auxiliary Book Committee Member,American German,Auxiliary Book Committee,General Organizations,General Conference,,,United States
1893,26,Emil Severin,Severin,,,male,Auxiliary Book Committee Member,American German,Auxiliary Book Committee,General Organizations,General Conference,,,United States
1893,26,A. Swedberg,Swedberg,,,male,Auxiliary Book Committee Member,American Scandinavian,Auxiliary Book Committee,General Organizations,General Conference,,,United States
1893,26,J. G. Matteson,Matteson,,,male,Auxiliary Book Committee Member,American Scandinavian,Auxiliary Book Committee,General Organizations,General Conference,,,United States
1893,26,O. A. Johnson,Johnson,,,male,Auxiliary Book Committee Member,American Scandinavian,Auxiliary Book Committee,General Organizations,General Conference,,,United States
1893,26,E. G. Olsen,Olsen,,,male,Auxiliary Book Committee Member,American Scandinavian,Auxiliary Book Committee,General Organizations,General Conference,,,United States
1893,26,Emil J. Ahren,Ahren,,,male,Auxiliary Book Committee Member,American Scandinavian,Auxiliary Book Committee,General Organizations,General Conference,,,United States
1893,26,D. T. Bourdeau,Bourdeau,,,male,Auxiliary Book Committee Member,American French,Auxiliary Book Committee,General Organizations,General Conference,,,United States
1893,26,C. Eldridge,Eldridge,,,male,Auxiliary Book Committee Member,American French,Auxiliary Book Committee,General Organizations,General Conference,,,United States
1893,26,J. Vuilleumier,Vuilleumier,,,male,Auxiliary Book Committee Member,American French,Auxiliary Book Committee,General Organizations,General Conference,,,United States
1893,26,Mrs. E. H. Whitney,Whitney,Mrs.,,female,Auxiliary Book Committee Member,American French,Auxiliary Book Committee,General Organizations,General Conference,,,United States
1893,26,A. C. Bourdeau,Bourdeau,,,male,Auxiliary Book Committee Member,American French,Auxiliary Book Committee,General Organizations,General Conference,,,United States
1893,26,W. W. Prescott,Prescott,,,male,Board of Managers Member,,Board of Managers of Union College,General Organizations,General Conference,Union College,,United States
1893,26,A. R. Henry,Henry,,,male,Board of Managers Member,,Board of Managers of Union College,General Organizations,General Conference,Union College,,United States
1893,26,C. McReynolds,McReynolds,,,male,Board of Managers Member,,Board of Managers of Union College,General Organizations,General Conference,Union College,,United States
1893,26,W. B. White,White,,,male,Board of Managers Member,,Board of Managers of Union College,General Organizations,General Conference,Union College,,United States
1893,26,J. Sutherland,Sutherland,,,male,Board of Managers Member,,Board of Managers of Union College,General Organizations,General Conference,Union College,,United States
1893,26,N. P. Nelson,Nelson,,,male,Board of Managers Member,,Board of Managers of Union College,General Organizations,General Conference,Union College,,United States
1893,26,C. F. Stevens,Stevens,,,male,Board of Managers Member,,Board of Managers of Union College,General Organizations,General Conference,Union College,,United States
1893,26,W. W. Prescott,Prescott,,,male,Board of Managers Member,,Board of Managers of Walla Walla College,General Organizations,General Conference,Walla Walla College,,United States
1893,26,R. S. Donnell,Donnell,,,male,Board of Managers Member,,Board of Managers of Walla Walla College,General Organizations,General Conference,Walla Walla College,,United States
1893,26,J. E. Graham,Graham,,,male,Board of Managers Member,,Board of Managers of Walla Walla College,General Organizations,General Conference,Walla Walla College,,United States
1893,26,Greenville Holbrook,Holbrook,,,male,Board of Managers Member,,Board of Managers of Walla Walla College,General Organizations,General Conference,Walla Walla College,,United States
1893,26,T. H. Starbuck,Starbuck,,,male,Board of Managers Member,,Board of Managers of Walla Walla College,General Organizations,General Conference,Walla Walla College,,United States
1893,26,T. L. Ragsdale,Ragsdale,,,male,Board of Managers Member,,Board of Managers of Walla Walla College,General Organizations,General Conference,Walla Walla College,,United States
1893,26,George A. Nichols,Nichols,,,male,Board of Managers Member,,Board of Managers of Walla Walla College,General Organizations,General Conference,Walla Walla College,,United States
1893,26,Allen Moon,Moon,,,male,Committee on Transportation Member,,Committee on Transportation,General Organizations,General Conference,,,United States
1893,26,A. R. Henry,Henry,,,male,Committee on Transportation Member,,Committee on Transportation,General Organizations,General Conference,,,United States
1893,26,C. H. Jones,Jones,,,male,Committee on Transportation Member,,Committee on Transportation,General Organizations,General Conference,,,United States
1893,26,R. S. Donnell,Donnell,,,male,Committee on Transportation Member,,Committee on Transportation,General Organizations,General Conference,,,United States
1893,26,R. M. Kilgore,Kilgore,,,male,Committee on Transportation Member,,Committee on Transportation,General Organizations,General Conference,,,United States
1893,26,T. A. Kilgore,Kilgore,,,male,Committee on Transportation Member,,Committee on Transportation,General Organizations,General Conference,,,United States
1893,26,R. C. Porter,Porter,,,male,Committee on Transportation Member,,Committee on Transportation,General Organizations,General Conference,,,United States
1893,26,A. O. Tait,Tait,,,male,Labor Bureau Member,,Labor Bureau,General Organizations,General Conference,,,United States
1893,26,W. H. Edwards,Edwards,,,male,Labor Bureau Member,,Labor Bureau,General Organizations,General Conference,,,United States
1893,26,A. R. Henry,Henry,,,male,Labor Bureau Member,,Labor Bureau,General Organizations,General Conference,,,United States
1893,27,O. A. Olsen,Olsen,,,male,Minister,,General Conference,General Organizations,General Conference,,,
1893,27,S. N. Haskell,Haskell,,,male,Minister,,General Conference,General Organizations,General Conference,,,
1893,27,W. C. White,White,,,male,Minister,,General Conference,General Organizations,General Conference,,,
1893,27,R. M. Kilgore,Kilgore,,,male,Minister,,General Conference,General Organizations,General Conference,,,
1893,27,D. T. Jones,Jones,,,male,Minister,,General Conference,General Organizations,General Conference,,,
1893,27,J. N. Loughborough,Loughborough,,,male,Minister,,General Conference,General Organizations,General Conference,,,
1893,27,W. W. Prescott,Prescott,,,male,Minister,,General Conference,General Organizations,General Conference,,,
1893,27,George I. Butler,Butler,,,male,Minister,,General Conference,General Organizations,General Conference,,,
1893,27,U. Smith,Smith,,,male,Minister,,General Conference,General Organizations,General Conference,,,
1893,27,Mrs. E. G. White,White,Mrs.,,female,Minister,,General Conference,General Organizations,General Conference,,,
1893,27,E. W. Farnsworth,Farnsworth,,,male,Minister,,General Conference,General Organizations,General Conference,,,
1893,27,A. T. Jones,Jones,,,male,Minister,,General Conference,General Organizations,General Conference,,,
1893,27,E. J. Waggoner,Waggoner,,,male,Minister,,General Conference,General Organizations,General Conference,,,
1893,27,J. G. Matteson,Matteson,,,male,Minister,,General Conference,General Organizations,General Conference,,,
1893,27,Henry Shultz,Shultz,,,male,Minister,,General Conference,General Organizations,General Conference,,,
1893,27,L. H. Crisler,Crisler,,,male,Minister,,General Conference,General Organizations,General Conference,,,
1893,27,C. M. Kinny,Kinny,,,male,Minister,,General Conference,General Organizations,General Conference,,,
1893,27,G. W. Colcord,Colcord,,,male,Minister,,General Conference,General Organizations,General Conference,,,
1893,27,A. P. Heacock,Heacock,,,male,Minister,,General Conference,General Organizations,General Conference,,,
1893,27,W. A. Mc Cutchen,Mc Cutchen,,,male,Minister,,General Conference,General Organizations,General Conference,,,
1893,27,W. H. Wakeham,Wakeham,,,male,Minister,,General Conference,General Organizations,General Conference,,,
1893,27,A. O. Tait,Tait,,,male,Minister,,General Conference,General Organizations,General Conference,,,
1893,27,D. A. Robinson,Robinson,,,male,Minister,,General Conference,General Organizations,General Conference,,,
1893,27,J. S. Washburn,Washburn,,,male,Minister,,General Conference,General Organizations,General Conference,,,
1893,27,O. O. Farnsworth,Farnsworth,,,male,Minister,,General Conference,General Organizations,General Conference,,,
1893,27,Francis Hope,Hope,,,male,Minister,,General Conference,General Organizations,General Conference,,,
1893,27,H. P. Holser,Holser,,,male,Minister,,General Conference,General Organizations,General Conference,,,
1893,27,L. R. Conradi,Conradi,,,male,Minister,,General Conference,General Organizations,General Conference,,,
1893,27,J. T. Boettcher,Boettcher,,,male,Minister,,General Conference,General Organizations,General Conference,,,
1893,27,C. Laubhan,Laubhan,,,male,Minister,,General Conference,General Organizations,General Conference,,,
1893,27,J. Klein,Klein,,,male,Minister,,General Conference,General Organizations,General Conference,,,
1893,27,Frank J. Hutchins,Hutchins,,,male,Minister,,General Conference,General Organizations,General Conference,,,
1893,27,E. H. Gates,Gates,,,male,Minister,,General Conference,General Organizations,General Conference,,,
1893,27,A. J. Read,Read,,,male,Minister,,General Conference,General Organizations,General Conference,,,
1893,27,B. J. Cady,Cady,,,male,Minister,,General Conference,General Organizations,General Conference,,,
1893,27,J. M. Cole,Cole,,,male,Minister,,General Conference,General Organizations,General Conference,,,
1893,27,O. A. Johnson,Johnson,,,male,Minister,,General Conference,General Organizations,General Conference,,,
1893,27,J. H. Durland,Durland,,,male,Minister,,General Conference,General Organizations,General Conference,,,
1893,27,L. T. Nicola,Nicola,,,male,Minister,,General Conference,General Organizations,General Conference,,,
1893,27,A. J. Breed,Breed,,,male,Minister,,General Conference,General Organizations,General Conference,,,
1893,27,W. J. Stone,Stone,,,male,Minister,,General Conference,General Organizations,General Conference,,,
1893,27,E. T. Russell,Russell,,,male,Minister,,General Conference,General Organizations,General Conference,,,
1893,27,R. S. Webber,Webber,,,male,Minister,,General Conference,General Organizations,General Conference,,,
1893,27,F. I. Richardson,Richardson,,,male,Minister,,General Conference,General Organizations,General Conference,,,
1893,27,C. H. Keslake,Keslake,,,male,Minister,,General Conference,General Organizations,General Conference,,,
1893,27,Rodney S. Owen,Owen,,,male,Minister,,General Conference,General Organizations,General Conference,,,
1893,27,J. M. Eriksson,Eriksson,,,male,Minister,,General Conference,General Organizations,General Conference,,,
1893,27,C. N. Martin,Martin,,,male,Minister,,General Conference,General Organizations,General Conference,,,
1893,27,I. D. Van Horn,Van Horn,,,male,Minister,,General Conference,General Organizations,General Conference,,,
1893,27,L. Mc Coy,Mc Coy,,,male,Minister,,General Conference,General Organizations,General Conference,,,
1893,27,C. C. Lewis,Lewis,,,male,Minister,,General Conference,General Organizations,General Conference,,,
1893,27,R. H. Brock,Brock,,,male,Minister,,General Conference,General Organizations,General Conference,,,
1893,27,J. W. Watt,Watt,,,male,Minister,,General Conference,General Organizations,General Conference,,,
1893,27,C. W. Flaiz,Flaiz,,,male,Minister,,General Conference,General Organizations,General Conference,,,
1893,27,D. T. Shireman,Shireman,,,male,Minister,,General Conference,General Organizations,General Conference,,,
1893,27,Allen Moon,Moon,,,male,Minister,,General Conference,General Organizations,General Conference,,,
1893,27,Geo. B. Thompson,Thompson,,,male,Minister,,General Conference,General Organizations,General Conference,,,
1893,27,H. S. Shaw,Shaw,,,male,Minister,,General Conference,General Organizations,General Conference,,,
1893,27,A. Barry,Barry,,,male,Minister,,General Conference,General Organizations,General Conference,,,
1893,27,J. G. Oblander,Oblander,,,male,Minister,,General Conference,General Organizations,General Conference,,,
1893,27,E. Frauchiger,Frauchiger,,,male,Minister,,General Conference,General Organizations,General Conference,,,
1893,27,J. J. Graf,Graf,,,male,Minister,,General Conference,General Organizations,General Conference,,,
1893,27,E. W. Webster,Webster,,,male,Minister,,General Conference,General Organizations,General Conference,,,
1893,27,W. A. Spicer,Spicer,,,male,Licentiate,,General Conference,General Organizations,General Conference,,,
1893,27,A. F. Ballenger,Ballenger,,,male,Licentiate,,General Conference,General Organizations,General Conference,,,
1893,27,J. O. Johnston,Johnston,,,male,Licentiate,,General Conference,General Organizations,General Conference,,,
1893,27,W. A. Colcord,Colcord,,,male,Licentiate,,General Conference,General Organizations,General Conference,,,
1893,27,Grant Adkins,Adkins,,,male,Licentiate,,General Conference,General Organizations,General Conference,,,
1893,27,B. L. Diffenbacher,Diffenbacher,,,male,Licentiate,,General Conference,General Organizations,General Conference,,,
1893,27,F. W. Morse,Morse,,,male,Licentiate,,General Conference,General Organizations,General Conference,,,
1893,27,E. B. Potts,Potts,,,male,Licentiate,,General Conference,General Organizations,General Conference,,,
1893,27,Emily Robinson,Robinson,,,female,Licentiate,,General Conference,General Organizations,General Conference,,,
1893,27,G. Wagner,Wagner,,,male,Licentiate,,General Conference,General Organizations,General Conference,,,
1893,27,C. Rasmussen,Rasmussen,,,male,Licentiate,,General Conference,General Organizations,General Conference,,,
1893,27,B. Jaeschke,Jaeschke,,,male,Licentiate,,General Conference,General Organizations,General Conference,,,
1893,27,T. Babienko,Babienko,,,male,Licentiate,,General Conference,General Organizations,General Conference,,,
1893,27,J. Loebsack,Loebsack,,,male,Licentiate,,General Conference,General Organizations,General Conference,,,
1893,27,Z. G. Baharian,Baharian,,,male,Licentiate,,General Conference,General Organizations,General Conference,,,
1893,27,A. S. Hickox,Hickox,,,male,Licentiate,,General Conference,General Organizations,General Conference,,,
1893,27,Delos Lake,Lake,,,male,Licentiate,,General Conference,General Organizations,General Conference,,,
1893,27,J. W. Collie,Collie,,,male,Licentiate,,General Conference,General Organizations,General Conference,,,
1893,27,J. C. Rogers,Rogers,,,male,Licentiate,,General Conference,General Organizations,General Conference,,,
1893,27,J. E. Caldwell,Caldwell,,,male,Licentiate,,General Conference,General Organizations,General Conference,,,
1893,27,M. E. Cady,Cady,,,male,Licentiate,,General Conference,General Organizations,General Conference,,,
1893,27,A. La Rue,La Rue,,,male,Missionary License,,General Conference,General Organizations,General Conference,,,
1893,27,Mrs. Grant Adkins,Adkins,Mrs.,,female,Missionary License,,General Conference,General Organizations,General Conference,,,
1893,27,Mrs. Amelia Shireman,Shireman,Mrs.,,female,Missionary License,,General Conference,General Organizations,General Conference,,,
1893,27,Mrs. A. P. Heacock,Heacock,Mrs.,,female,Missionary License,,General Conference,General Organizations,General Conference,,,
1893,27,Mrs. F. J. Hutchins,Hutchins,Mrs.,,female,Missionary License,,General Conference,General Organizations,General Conference,,,
1893,27,Mrs. E. H. Gates,Gates,Mrs.,,female,Missionary License,,General Conference,General Organizations,General Conference,,,
1893,27,Mrs. A. J. Read,Read,Mrs.,,female,Missionary License,,General Conference,General Organizations,General Conference,,,
1893,27,Mrs. B. J. Cady,Cady,Mrs.,,female,Missionary License,,General Conference,General Organizations,General Conference,,,
1893,27,Mrs. J. M. Cole,Cole,Mrs.,,female,Missionary License,,General Conference,General Organizations,General Conference,,,
1893,27,E. C. Chapman,Chapman,,,male,Missionary License,,General Conference,General Organizations,General Conference,,,
1893,27,Mrs. E. C. Chapman,Chapman,Mrs.,,female,Missionary License,,General Conference,General Organizations,General Conference,,,
1893,27,J. R. Mc Coy,Mc Coy,,,male,Missionary License,,General Conference,General Organizations,General Conference,,,
1893,27,Dr. M. G. Kellogg,Kellogg,Dr.,,male,Missionary License,,General Conference,General Organizations,General Conference,,,
1893,27,Miss Georgia A. Burrus,Burrus,Miss,,female,Missionary License,,General Conference,General Organizations,General Conference,,,
1893,27,Miss Myrtle G. Griffis,Griffis,Miss,,female,Missionary License,,General Conference,General Organizations,General Conference,,,
1893,27,F. L. Mead,Mead,,,male,Missionary License,,General Conference,General Organizations,General Conference,,,
1893,27,A. F. Harrison,Harrison,,,male,Missionary License,,General Conference,General Organizations,General Conference,,,
1893,27,Z. Sherrig,Sherrig,,,male,Missionary License,,General Conference,General Organizations,General Conference,,,
1893,27,R. B. Craig,Craig,,,male,Missionary License,,General Conference,General Organizations,General Conference,,,
1893,27,J. E. Froom,Froom,,,male,Missionary License,,General Conference,General Organizations,General Conference,,,
1893,27,L. Dyo Chambers,Chambers,,,male,Missionary License,,General Conference,General Organizations,General Conference,,,
1893,27,C. D. Wolf,Wolf,,,male,Missionary License,,General Conference,General Organizations,General Conference,,,
1893,27,Paul J. Dean,Dean,,,male,Missionary License,,General Conference,General Organizations,General Conference,,,
1893,27,O. P. Norderhus,Norderhus,,,male,Missionary License,,General Conference,General Organizations,General Conference,,,
1893,27,Anna L. Ingels,Ingels,,,female,Missionary License,,General Conference,General Organizations,General Conference,,,
1893,27,F. W. Spies,Spies,,,male,Missionary License,,General Conference,General Organizations,General Conference,,,
1893,27,O. A. Olsen,Olsen,,,male,Trustee,,General Conference Association,General Organizations,General Conference,,,
1893,27,A. R. Henry,Henry,,,male,Trustee,,General Conference Association,General Organizations,General Conference,,,
1893,27,W. W. Prescott,Prescott,,,male,Trustee,,General Conference Association,General Organizations,General Conference,,,
1893,27,H. Lindsay,Lindsay,,,male,Trustee,,General Conference Association,General Organizations,General Conference,,,
1893,27,Geo. A. Irwin,Irwin,,,male,Trustee,,General Conference Association,General Organizations,General Conference,,,
1893,27,F. D. Starr,Starr,,,male,Trustee,,General Conference Association,General Organizations,General Conference,,,
1893,27,J. N. Nelson,Nelson,,,male,Trustee,,General Conference Association,General Organizations,General Conference,,,
1893,27,R. A. Underwood,Underwood,,,male,Trustee,,General Conference Association,General Organizations,General Conference,,,
1893,27,A. J. Breed,Breed,,,male,Trustee,,General Conference Association,General Organizations,General Conference,,,
1893,27,W. B. White,White,,,male,Trustee,,General Conference Association,General Organizations,General Conference,,,
1893,27,Henry Nicola,Nicola,,,male,Trustee,,General Conference Association,General Organizations,General Conference,,,
1893,27,I. H. Evans,Evans,,,male,Trustee,,General Conference Association,General Organizations,General Conference,,,
1893,27,C. H. Jones,Jones,,,male,Trustee,,General Conference Association,General Organizations,General Conference,,,
1893,27,S. H. Lane,Lane,,,male,Trustee,,General Conference Association,General Organizations,General Conference,,,
1893,27,D. T. Jones,Jones,,,male,Trustee,,General Conference Association,General Organizations,General Conference,,,
1893,27,R. S. Donnell,Donnell,,,male,Trustee,,General Conference Association,General Organizations,General Conference,,,
1893,27,J. H. Morrison,Morrison,,,male,Trustee,,General Conference Association,General Organizations,General Conference,,,
1893,27,C. Mc Reynolds,Mc Reynolds,,,male,Trustee,,General Conference Association,General Organizations,General Conference,,,
1893,27,I. N. Williams,Williams,,,male,Trustee,,General Conference Association,General Organizations,General Conference,,,
1893,27,R. C. Porter,Porter,,,male,Trustee,,General Conference Association,General Organizations,General Conference,,,
1893,27,John R. Eastman,Eastman,,,male,Trustee,,General Conference Association,General Organizations,General Conference,,,
1893,27,O. A. Olsen,Olsen,,,male,President,,General Conference Association,General Organizations,General Conference,,,
1893,27,A. R. Henry,Henry,,,male,Vice-President,,General Conference Association,General Organizations,General Conference,,,
1893,27,John N. Nelson,Nelson,,,male,Secretary,,General Conference Association,General Organizations,General Conference,,,
1893,27,W. H. Edwards,Edwards,,,male,Assistant Secretary,,General Conference Association,General Organizations,General Conference,,,
1893,27,Harmon Lindsay,Lindsay,,,male,Treasurer,,General Conference Association,General Organizations,General Conference,,,
1893,27,D. T. Jones,Jones,,,male,Auditor,,General Conference Association,General Organizations,General Conference,,,
1893,27,O. A. Olsen,Olsen,,,male,Executive Committee Member,,General Conference Association,General Organizations,General Conference,,,
1893,27,A. R. Henry,Henry,,,male,Executive Committee Member,,General Conference Association,General Organizations,General Conference,,,
1893,27,H. Lindsay,Lindsay,,,male,Executive Committee Member,,General Conference Association,General Organizations,General Conference,,,
1893,27,W. W. Prescott,Prescott,,,male,Executive Committee Member,,General Conference Association,General Organizations,General Conference,,,
1893,27,J. N. Nelson,Nelson,,,male,Executive Committee Member,,General Conference Association,General Organizations,General Conference,,,
1893,27,F. L. Mead,Mead,,,male,General Canvassing Agent,,General Conference Association,General Organizations,General Conference,,,
1893,27,Zachariah Sherrig,Sherrig,,,male,Scandinavian Canvassing Agent,,General Conference Association,General Organizations,General Conference,,,
1893,29,J. M. Rees,Rees,,,male,Minister,,Arkansas Conference,American Conferences,Arkansas,,,United States
1893,29,Geo. W. Page,Page,,,male,Minister,,Arkansas Conference,American Conferences,Arkansas,,,United States
1893,29,J. A. Sommerville,Sommerville,,,male,Licentiate,,Arkansas Conference,American Conferences,Arkansas,,,United States
1893,29,Win. F. Martin,Martin,,,male,Licentiate,,Arkansas Conference,American Conferences,Arkansas,,,United States
1893,29,T. I. Roffe,Roffe,,,male,Licentiate,,Arkansas Conference,American Conferences,Arkansas,,,United States
1893,29,Jonas Divelbiss,Divelbiss,,,male,Licentiate,,Arkansas Conference,American Conferences,Arkansas,,,United States
1893,29,H. Clay Griffin,Griffin,,,male,Missionary License,,Arkansas Conference,American Conferences,Arkansas,,,United States
1893,29,L. C. Sommerville,Sommerville,,,male,Missionary License,,Arkansas Conference,American Conferences,Arkansas,,,United States
1893,29,H. W. Woodruff,Woodruff,,,male,Missionary License,,Arkansas Conference,American Conferences,Arkansas,,,United States
1893,29,J. M. Rees,Rees,,,male,President,,Arkansas Conference,American Conferences,Arkansas,,,United States
1893,29,W. F. Martin,Martin,,,male,Secretary,,Arkansas Conference,American Conferences,Arkansas,,,United States
1893,29,Wm. Martin,Martin,,,male,Treasurer,,Arkansas Conference,American Conferences,Arkansas,,,United States
1893,29,J. M. Rees,Rees,,,male,Executive Committee Member,,Arkansas Conference,American Conferences,Arkansas,,,United States
1893,29,J. A. Sommerville,Sommerville,,,male,Executive Committee Member,,Arkansas Conference,American Conferences,Arkansas,,,United States
1893,29,H. Clay Griffin,Griffin,,,male,Executive Committee Member,,Arkansas Conference,American Conferences,Arkansas,,,United States
1893,29,G. Phillips,Phillips,,,male,Executive Committee Member,,Arkansas Conference,American Conferences,Arkansas,,,United States
1893,29,Allen Meeks,Meeks,,,male,Executive Committee Member,,Arkansas Conference,American Conferences,Arkansas,,,United States
1893,29,J. M. Rees,Rees,,,male,President,,Arkansas Tract Society,American Conferences,Arkansas,,,United States
1893,29,H. Clay Griffin,Griffin,,,male,Secretary and Treasurer,,Arkansas Tract Society,American Conferences,Arkansas,,,United States
1893,29,L. C. Sommerville,Sommerville,,,male,State Canvassing Agent,,Arkansas Tract Society,American Conferences,Arkansas,,,United States
1893,29,Mrs. E. D. Lamberson,Lamberson,Mrs.,,female,Director,Dist. No. 1,Arkansas Tract Society,American Conferences,Arkansas,,,United States
1893,29,W. F. Martin,Martin,,,male,Director,Dist. No. 2,Arkansas Tract Society,American Conferences,Arkansas,,,United States
1893,29,Jonas Divelbiss,Divelbiss,,,male,Director,Dist. No. 3,Arkansas Tract Society,American Conferences,Arkansas,,,United States
1893,29,John L. Shockey,Shockey,,,male,Director,Dist. No. 4,Arkansas Tract Society,American Conferences,Arkansas,,,United States
1893,29,J. W. Hawkins,Hawkins,,,male,Director,"Dist. No. 5, Deceased",Arkansas Tract Society,American Conferences,Arkansas,,,United States
1893,29,W. F. Martin,Martin,,,male,President,,Arkansas Sabbath-School Association,American Conferences,Arkansas,,,United States
1893,29,S. P. Adams,Adams,,,male,Vice-President,,Arkansas Sabbath-School Association,American Conferences,Arkansas,,,United States
1893,29,Mrs. Minnie A. Martin,Martin,Mrs.,,female,Secretary and Treasurer,,Arkansas Sabbath-School Association,American Conferences,Arkansas,,,United States
1893,29,W. F. Martin,Martin,,,male,Executive Committee Member,,Arkansas Sabbath-School Association,American Conferences,Arkansas,,,United States
1893,29,S. P. Adams,Adams,,,male,Executive Committee Member,,Arkansas Sabbath-School Association,American Conferences,Arkansas,,,United States
1893,29,Mrs. Minnie A. Martin,Martin,Mrs.,,female,Executive Committee Member,,Arkansas Sabbath-School Association,American Conferences,Arkansas,,,United States
1893,29,H. E. Robinson,Robinson,,,male,Minister,,Atlantic Conference,American Conferences,Atlantic,,,United States
1893,29,S. J. Hersum,Hersum,,,male,Minister,,Atlantic Conference,American Conferences,Atlantic,,,United States
1893,29,J. O. Corliss,Corliss,,,male,Minister,,Atlantic Conference,American Conferences,Atlantic,,,United States
1893,29,R. D. Hottel,Hottel,,,male,Minister,,Atlantic Conference,American Conferences,Atlantic,,,United States
1893,29,E. E. Franke,Franke,,,male,Minister,,Atlantic Conference,American Conferences,Atlantic,,,United States
1893,29,A. J. Howard,Howard,,,male,Licentiate,,Atlantic Conference,American Conferences,Atlantic,,,United States
1893,29,S. B. Horton,Horton,,,male,Licentiate,,Atlantic Conference,American Conferences,Atlantic,,,United States
1893,29,E. E. Pennington,Pennington,,,male,Licentiate,,Atlantic Conference,American Conferences,Atlantic,,,United States
1893,29,J. H. Neall,Neall,,,male,Licentiate,,Atlantic Conference,American Conferences,Atlantic,,,United States
1893,29,W. E. White,White,,,male,Licentiate,,Atlantic Conference,American Conferences,Atlantic,,,United States
1893,29,L. M. Slocum,Slocum,,,male,Missionary License,,Atlantic Conference,American Conferences,Atlantic,,,United States
1893,29,Mrs. Mattie C. Robinson,Robinson,Mrs.,,female,Missionary License,,Atlantic Conference,American Conferences,Atlantic,,,United States
1893,29,J. F. Jones,Jones,,,male,Missionary License,,Atlantic Conference,American Conferences,Atlantic,,,United States
1893,29,Mrs. Mary A. Neale,Neale,Mrs.,,female,Missionary License,,Atlantic Conference,American Conferences,Atlantic,,,United States
1893,29,P. L. Hoen,Hoen,,,male,Missionary License,,Atlantic Conference,American Conferences,Atlantic,,,United States
1893,29,H. E. Robinson,Robinson,,,male,President,,Atlantic Conference,American Conferences,Atlantic,,,United States
1893,29,S. B. Horton,Horton,,,male,Secretary,,Atlantic Conference,American Conferences,Atlantic,,,United States
1893,29,T. A. Kilgore,Kilgore,,,male,Treasurer,,Atlantic Conference,American Conferences,Atlantic,,,United States
1893,29,H. E. Robinson,Robinson,,,male,Executive Committee Member,,Atlantic Conference,American Conferences,Atlantic,,,United States
1893,29,C. P. Bollman,Bollman,,,male,Executive Committee Member,,Atlantic Conference,American Conferences,Atlantic,,,United States
1893,29,R. D. Hottel,Hottel,,,male,Executive Committee Member,,Atlantic Conference,American Conferences,Atlantic,,,United States
1893,29,J. F. Jones,Jones,,,male,Executive Committee Member,,Atlantic Conference,American Conferences,Atlantic,,,United States
1893,29,W. S. Mc Farlan,Mc Farlan,,,male,Executive Committee Member,,Atlantic Conference,American Conferences,Atlantic,,,United States
1893,29,H. E. Robinson,Robinson,,,male,President,,Atlantic Tract Society,American Conferences,Atlantic,,,United States
1893,29,S. B. Horton,Horton,,,male,Vice-President,,Atlantic Tract Society,American Conferences,Atlantic,,,United States
1893,29,T. A. Kilgore,Kilgore,,,male,Secretary and Treasurer,,Atlantic Tract Society,American Conferences,Atlantic,,,United States
1893,29,Eleanor Beavan,Beavan,Miss,,female,Corresponding Secretary,,Atlantic Tract Society,American Conferences,Atlantic,,,United States
1893,29,C. F. Parmele,Parmele,,,male,Canvassing Agent,,Atlantic Tract Society,American Conferences,Atlantic,,,United States
1893,29,H. E. Robinson,Robinson,,,male,Executive Committee Member,,Atlantic Tract Society,American Conferences,Atlantic,,,United States
1893,29,C. P. Bollman,Bollman,,,male,Executive Committee Member,,Atlantic Tract Society,American Conferences,Atlantic,,,United States
1893,29,R. D. Hottel,Hottel,,,male,Executive Committee Member,,Atlantic Tract Society,American Conferences,Atlantic,,,United States
1893,29,J. F. Jones,Jones,,,male,Executive Committee Member,,Atlantic Tract Society,American Conferences,Atlantic,,,United States
1893,29,W. S. Mc Farlan,Mc Farlan,,,male,Executive Committee Member,,Atlantic Tract Society,American Conferences,Atlantic,,,United States
1893,29,T. A. Kilgore,Kilgore,,,male,Executive Committee Member,,Atlantic Tract Society,American Conferences,Atlantic,,,United States
1893,29,C. F. Parmele,Parmele,,,male,Executive Committee Member,,Atlantic Tract Society,American Conferences,Atlantic,,,United States
1893,29,W. H. Wild,Wild,,,male,Director,Dist. No. 1,Atlantic Tract Society,American Conferences,Atlantic,,,United States
1893,29,J. W. Rambo,Rambo,,,male,Director,Dist. No. 2,Atlantic Tract Society,American Conferences,Atlantic,,,United States
1893,29,S. H. Lister,Lister,,,male,Director,Dist. No. 3,Atlantic Tract Society,American Conferences,Atlantic,,,United States
1893,29,John F. Jones,Jones,,,male,Director,Dist. No. 4,Atlantic Tract Society,American Conferences,Atlantic,,,United States
1893,29,C. P. Bollman,Bollman,,,male,President,,Atlantic Sabbath-School Association,American Conferences,Atlantic,,,United States
1893,29,T. A. Kilgore,Kilgore,,,male,Vice-President,,Atlantic Sabbath-School Association,American Conferences,Atlantic,,,United States
1893,29,J. H. Neall,Neall,,,male,Secretary,,Atlantic Sabbath-School Association,American Conferences,Atlantic,,,United States
1893,29,C. P. Bollman,Bollman,,,male,Executive Committee Member,,Atlantic Sabbath-School Association,American Conferences,Atlantic,,,United States
1893,29,T. A. Kilgore,Kilgore,,,male,Executive Committee Member,,Atlantic Sabbath-School Association,American Conferences,Atlantic,,,United States
1893,29,J. H. Neall,Neall,,,male,Executive Committee Member,,Atlantic Sabbath-School Association,American Conferences,Atlantic,,,United States
1893,29,Miss Emily Kirwood,Kirwood,Miss,,female,Executive Committee Member,,Atlantic Sabbath-School Association,American Conferences,Atlantic,,,United States
1893,29,Mrs. Mattie C. Robinson,Robinson,Mrs.,,female,Executive Committee Member,,Atlantic Sabbath-School Association,American Conferences,Atlantic,,,United States
1893,29,S. N. Haskell,Haskell,,,male,Minister,,California Conference,American Conferences,California,,,United States
1893,29,N. C. Mc Clure,Mc Clure,,,male,Minister,,California Conference,American Conferences,California,,,United States
1893,29,R. S. Owen,Owen,,,male,Minister,,California Conference,American Conferences,California,,,United States
1893,29,W. M. Healey,Healey,,,male,Minister,,California Conference,American Conferences,California,,,United States
1893,29,H. A. St. John,St. John,,,male,Minister,,California Conference,American Conferences,California,,,United States
1893,29,J. H. Cook,Cook,,,male,Minister,,California Conference,American Conferences,California,,,United States
1893,29,G. H. Derrick,Derrick,,,male,Minister,,California Conference,American Conferences,California,,,United States
1893,29,E. E. Andross,Andross,,,male,Minister,,California Conference,American Conferences,California,,,United States
1893,29,G. K. Owen,Owen,,,male,Minister,,California Conference,American Conferences,California,,,United States
1893,29,M. C. Wilcox,Wilcox,,,male,Minister,,California Conference,American Conferences,California,,,United States
1893,29,F. M. Wilcox,Wilcox,,,male,Minister,,California Conference,American Conferences,California,,,United States
1893,29,Wm. Ings,Ings,,,male,Minister,,California Conference,American Conferences,California,,,United States
1893,29,John Fulton,Fulton,,,male,Minister,,California Conference,American Conferences,California,,,United States
1893,29,J. D. Rice,Rice,,,male,Minister,,California Conference,American Conferences,California,,,United States
1893,29,D. C. Hunter,Hunter,,,male,Minister,,California Conference,American Conferences,California,,,United States
1893,30,Mrs. J. A. Owen,Owen,Mrs.,,female,Licentiate,,California Conference,American Conferences,California,,,United States
1893,30,Frank T. Lamb,Lamb,,,male,Licentiate,,California Conference,American Conferences,California,,,United States
1893,30,L. H. Church,Church,,,male,Licentiate,,California Conference,American Conferences,California,,,United States
1893,30,J. A. Osborn,Osborn,,,male,Licentiate,,California Conference,American Conferences,California,,,United States
1893,30,W. G. Buckner,Buckner,,,male,Missionary License,,California Conference,American Conferences,California,,,United States
1893,30,Sam'l Parrett,Parrett,,,male,Missionary License,,California Conference,American Conferences,California,,,United States
1893,30,L. A. Scott,Scott,,,,Missionary License,,California Conference,American Conferences,California,,,United States
1893,30,Chas. Hicks,Hicks,,,male,Missionary License,,California Conference,American Conferences,California,,,United States
1893,30,E. E. Hicks,Hicks,,,,Missionary License,,California Conference,American Conferences,California,,,United States
1893,30,Geo. E. Hollister,Hollister,,,male,Missionary License,,California Conference,American Conferences,California,,,United States
1893,30,F. R. Shaffer,Shaffer,,,male,Missionary License,,California Conference,American Conferences,California,,,United States
1893,30,C. C. Lillie,Lillie,,,male,Missionary License,,California Conference,American Conferences,California,,,United States
1893,30,Mrs. F. L. Mc Clure,Mc Clure,Mrs.,,female,Missionary License,,California Conference,American Conferences,California,,,United States
1893,30,Maggie Gabel,Gabel,,,female,Missionary License,,California Conference,American Conferences,California,,,United States
1893,30,Miss Elsie Gates,Gates,Miss,,female,Missionary License,,California Conference,American Conferences,California,,,United States
1893,30,Mrs. M. T. Poston,Poston,Mrs.,,female,Missionary License,,California Conference,American Conferences,California,,,United States
1893,30,Miss Ella Brown,Brown,Miss,,female,Missionary License,,California Conference,American Conferences,California,,,United States
1893,30,Miss Anna Hemming,Hemming,Miss,,female,Missionary License,,California Conference,American Conferences,California,,,United States
1893,30,Miss Florence Burrows,Burrows,Miss,,female,Missionary License,,California Conference,American Conferences,California,,,United States
1893,30,Miss Jennie Hunt,Hunt,Miss,,female,Missionary License,,California Conference,American Conferences,California,,,United States
1893,30,Miss Florence Miller,Miller,Miss,,female,Missionary License,,California Conference,American Conferences,California,,,United States
1893,30,Miss Retta Wilkins,Wilkins,Miss,,female,Missionary License,,California Conference,American Conferences,California,,,United States
1893,30,Zoe Montgomery,Montgomery,,,female,Missionary License,,California Conference,American Conferences,California,,,United States
1893,30,Mrs. S. M. Comstock,Comstock,Mrs.,,female,Missionary License,,California Conference,American Conferences,California,,,United States
1893,30,Mrs. Ella Shafer,Shafer,Mrs.,,female,Missionary License,,California Conference,American Conferences,California,,,United States
1893,30,Miss Rosa Buckner,Buckner,Miss,,female,Missionary License,,California Conference,American Conferences,California,,,United States
1893,30,Mrs. J. D. Rice,Rice,Mrs.,,female,Missionary License,,California Conference,American Conferences,California,,,United States
1893,30,Mrs. Lottie Lamb,Lamb,Mrs.,,female,Missionary License,,California Conference,American Conferences,California,,,United States
1893,30,S. N. Haskell,Haskell,,,male,President,,California Conference,American Conferences,California,,,United States
1893,30,N. C. Mc Clure,Mc Clure,,,male,Vice-President,,California Conference,American Conferences,California,,,United States
1893,30,E. A. Chapman,Chapman,,,male,Secretary,,California Conference,American Conferences,California,,,United States
1893,30,S. N. Haskell,Haskell,,,male,Executive Committee Member,,California Conference,American Conferences,California,,,United States
1893,30,N. C. Mc Clure,Mc Clure,,,male,Executive Committee Member,,California Conference,American Conferences,California,,,United States
1893,30,W. M. Healey,Healey,,,male,Executive Committee Member,,California Conference,American Conferences,California,,,United States
1893,30,H. A. St. John,St. John,,,male,Executive Committee Member,,California Conference,American Conferences,California,,,United States
1893,30,R. S. Owen,Owen,,,male,Executive Committee Member,,California Conference,American Conferences,California,,,United States
1893,30,S. N. Haskell,Haskell,,,male,President,,California Tract Society,American Conferences,California,,,United States
1893,30,D. T. Jones,Jones,,,male,Vice-President,,California Tract Society,American Conferences,California,,,United States
1893,30,Anna L. Ingels,Ingels,,,female,Secretary and Treasurer,,California Tract Society,American Conferences,California,,,United States
1893,30,J. R. Glass,Glass,,,male,Canvassing Agent,,California Tract Society,American Conferences,California,,,United States
1893,30,J. J. Ireland,Ireland,,,male,Business Agent,,California Tract Society,American Conferences,California,,,United States
1893,30,A. J. Wilbur,Wilbur,,,male,Director,District No. 1,California Tract Society,American Conferences,California,,,United States
1893,30,J. R. Reed,Reed,,,male,Director,District No. 2,California Tract Society,American Conferences,California,,,United States
1893,30,E. S. Butz,Butz,,,male,Director,District No. 3,California Tract Society,American Conferences,California,,,United States
1893,30,C. M. Nichols,Nichols,,,male,Director,District No. 4,California Tract Society,American Conferences,California,,,United States
1893,30,W. T. Knox,Knox,,,male,Director,District No. 5,California Tract Society,American Conferences,California,,,United States
1893,30,G. S. Reichard,Reichard,,,male,Director,District No. 6,California Tract Society,American Conferences,California,,,United States
1893,30,F. R. Shaffer,Shaffer,,,male,Director,District No. 7,California Tract Society,American Conferences,California,,,United States
1893,30,R. S. Owen,Owen,,,male,President,,California Sabbath-School Association,American Conferences,California,,,United States
1893,30,G. W. Rine,Rine,,,male,Vice-President,,California Sabbath-School Association,American Conferences,California,,,United States
1893,30,Mrs. Flora Fish,Fish,Mrs.,,female,Secretary,,California Sabbath-School Association,American Conferences,California,,,United States
1893,30,R. S. Owen,Owen,,,male,Executive Committee Member,,California Sabbath-School Association,American Conferences,California,,,United States
1893,30,G. W. Rine,Rine,,,male,Executive Committee Member,,California Sabbath-School Association,American Conferences,California,,,United States
1893,30,Clara Couey,Couey,,,female,Executive Committee Member,,California Sabbath-School Association,American Conferences,California,,,United States
1893,30,F. M. Wilcox,Wilcox,,,male,Executive Committee Member,,California Sabbath-School Association,American Conferences,California,,,United States
1893,30,G. W. Reaser,Reaser,,,male,Executive Committee Member,,California Sabbath-School Association,American Conferences,California,,,United States
1893,30,J. R. Palmer,Palmer,,,male,Minister,,Colorado Conference,American Conferences,Colorado,,,United States
1893,30,Geo. O. States,States,,,male,Minister,,Colorado Conference,American Conferences,Colorado,,,United States
1893,30,Geo. W. Anglebarger,Anglebarger,,,male,Minister,,Colorado Conference,American Conferences,Colorado,,,United States
1893,30,J. D. Pegg,Pegg,,,male,Minister,,Colorado Conference,American Conferences,Colorado,,,United States
1893,30,J. G. Matteson,Matteson,,,male,Minister,,Colorado Conference,American Conferences,Colorado,,,United States
1893,30,E. W. Whitney,Whitney,,,male,Minister,,Colorado Conference,American Conferences,Colorado,,,United States
1893,30,Volney H. Lucas,Lucas,,,male,Licentiate,,Colorado Conference,American Conferences,Colorado,,,United States
1893,30,Laura Cushing,Cushing,,,female,Missionary License,,Colorado Conference,American Conferences,Colorado,,,United States
1893,30,Chas. E. Shafer,Shafer,,,male,Missionary License,,Colorado Conference,American Conferences,Colorado,,,United States
1893,30,Mrs. Emma Shafer,Shafer,Mrs.,,female,Missionary License,,Colorado Conference,American Conferences,Colorado,,,United States
1893,30,Miss Ellis Waldemer,Waldemer,Miss,,female,Missionary License,,Colorado Conference,American Conferences,Colorado,,,United States
1893,30,Florence Cornell,Cornell,,,female,Missionary License,,Colorado Conference,American Conferences,Colorado,,,United States
1893,30,L. F. Trubey,Trubey,,,male,Missionary License,,Colorado Conference,American Conferences,Colorado,,,United States
1893,30,Mrs. Susan B. Shaw,Shaw,Mrs.,,female,Missionary License,,Colorado Conference,American Conferences,Colorado,,,United States
1893,30,Miss Hattie Green,Green,Miss,,female,Missionary License,,Colorado Conference,American Conferences,Colorado,,,United States
1893,30,Leah E. Vandermark,Vandermark,,,female,Missionary License,,Colorado Conference,American Conferences,Colorado,,,United States
1893,30,J. B. Wilson,Wilson,,,male,Missionary License,,Colorado Conference,American Conferences,Colorado,,,United States
1893,30,J. R. Palmer,Palmer,,,male,President,,Colorado Conference,American Conferences,Colorado,,,United States
1893,30,Leah Vandermark,Vandermark,,,female,Secretary,,Colorado Conference,American Conferences,Colorado,,,United States
1893,30,Elbridge Green,Green,,,male,Treasurer,,Colorado Conference,American Conferences,Colorado,,,United States
1893,30,J. R. Palmer,Palmer,,,male,Executive Committee Member,,Colorado Conference,American Conferences,Colorado,,,United States
1893,30,G. O. States,States,,,male,Executive Committee Member,,Colorado Conference,American Conferences,Colorado,,,United States
1893,30,J. G. Matteson,Matteson,,,male,Executive Committee Member,,Colorado Conference,American Conferences,Colorado,,,United States
1893,30,J. D. Pegg,Pegg,,,male,Executive Committee Member,,Colorado Conference,American Conferences,Colorado,,,United States
1893,30,G. W. Anglebarger,Anglebarger,,,male,Executive Committee Member,,Colorado Conference,American Conferences,Colorado,,,United States
1893,30,J. R. Palmer,Palmer,,,male,President,,Colorado Tract Society,American Conferences,Colorado,,,United States
1893,30,G. O. States,States,,,male,Vice-President,,Colorado Tract Society,American Conferences,Colorado,,,United States
1893,30,Leah Vandermark,Vandermark,,,female,Secretary and Treasurer,,Colorado Tract Society,American Conferences,Colorado,,,United States
1893,30,N. P. Dixon,Dixon,,,male,Canvassing Agent,,Colorado Tract Society,American Conferences,Colorado,,,United States
1893,30,Mrs. Susan B. Shaw,Shaw,Mrs.,,female,President,,Colorado Sabbath-School Association,American Conferences,Colorado,,,United States
1893,30,Mrs. Ada Barnes,Barnes,Mrs.,,female,Vice-President,,Colorado Sabbath-School Association,American Conferences,Colorado,,,United States
1893,30,Miss Florence Cornell,Cornell,Miss,,female,Secretary and Treasurer,,Colorado Sabbath-School Association,American Conferences,Colorado,,,United States
1893,30,Miss Hattie Green,Green,Miss,,female,Assistant Secretary,,Colorado Sabbath-School Association,American Conferences,Colorado,,,United States
1893,30,Mrs. Susan B. Shaw,Shaw,Mrs.,,female,Executive Committee Member,,Colorado Sabbath-School Association,American Conferences,Colorado,,,United States
1893,30,Mrs. Ada Barnes,Barnes,Mrs.,,female,Executive Committee Member,,Colorado Sabbath-School Association,American Conferences,Colorado,,,United States
1893,30,Florence Cornell,Cornell,,,female,Executive Committee Member,,Colorado Sabbath-School Association,American Conferences,Colorado,,,United States
1893,30,Hattie Green,Green,,,female,Executive Committee Member,,Colorado Sabbath-School Association,American Conferences,Colorado,,,United States
1893,30,J. D. Pegg,Pegg,,,male,Executive Committee Member,,Colorado Sabbath-School Association,American Conferences,Colorado,,,United States
1893,30,J. N. Loughborough,Loughborough,,,male,Minister,,Illinois Conference,American Conferences,Illinois,,,United States
1893,30,O. J. Mason,Mason,,,male,Minister,,Illinois Conference,American Conferences,Illinois,,,United States
1893,30,E. A. Merrell,Merrell,,,male,Minister,,Illinois Conference,American Conferences,Illinois,,,United States
1893,30,H. W. Decker,Decker,,,male,Minister,,Illinois Conference,American Conferences,Illinois,,,United States
1893,30,J. W. Scoles,Scoles,,,male,Minister,,Illinois Conference,American Conferences,Illinois,,,United States
1893,30,Will D. Curtis,Curtis,,,male,Minister,,Illinois Conference,American Conferences,Illinois,,,United States
1893,30,L. D. Santee,Santee,,,male,Minister,,Illinois Conference,American Conferences,Illinois,,,United States
1893,30,J. F. Hanson,Hanson,,,male,Minister,,Illinois Conference,American Conferences,Illinois,,,United States
1893,30,F. H. Westphal,Westphal,,,male,Minister,,Illinois Conference,American Conferences,Illinois,,,United States
1893,30,Allen Moon,Moon,,,male,Minister,,Illinois Conference,American Conferences,Illinois,,,United States
1893,30,A. J. Stone,Stone,,,male,Licentiate,,Illinois Conference,American Conferences,Illinois,,,United States
1893,30,D. N. Loughborough,Loughborough,,,male,Licentiate,,Illinois Conference,American Conferences,Illinois,,,United States
1893,30,Mrs. A. M. Loughborough,Loughborough,Mrs.,,female,Missionary License,,Illinois Conference,American Conferences,Illinois,,,United States
1893,30,Mrs. Maria Loughborough,Loughborough,Mrs.,,female,Missionary License,,Illinois Conference,American Conferences,Illinois,,,United States
1893,30,E. Louise Alsberge,Alsberge,,,female,Missionary License,,Illinois Conference,American Conferences,Illinois,,,United States
1893,30,Mrs. L. M. Sisley,Sisley,Mrs.,,female,Missionary License,,Illinois Conference,American Conferences,Illinois,,,United States
1893,30,Wm. E. Haskell,Haskell,,,male,Missionary License,,Illinois Conference,American Conferences,Illinois,,,United States
1893,30,Mrs. Ella M. Merrell,Merrell,Mrs.,,female,Missionary License,,Illinois Conference,American Conferences,Illinois,,,United States
1893,30,Marthina Sorenson,Sorenson,,,female,Missionary License,,Illinois Conference,American Conferences,Illinois,,,United States
1893,30,Lydia Kynett,Kynett,,,female,Missionary License,,Illinois Conference,American Conferences,Illinois,,,United States
1893,30,Vashti Kendall,Kendall,,,female,Missionary License,,Illinois Conference,American Conferences,Illinois,,,United States
1893,30,H. H. Brand,Brand,,,male,Missionary License,,Illinois Conference,American Conferences,Illinois,,,United States
1893,30,Mrs. H. H. Brand,Brand,Mrs.,,female,Missionary License,,Illinois Conference,American Conferences,Illinois,,,United States
1893,30,Mrs. Salome Lloyd,Lloyd,Mrs.,,female,Missionary License,,Illinois Conference,American Conferences,Illinois,,,United States
1893,30,Mae Hall,Hall,,,female,Missionary License,,Illinois Conference,American Conferences,Illinois,,,United States
1893,30,Miss Carrie Crook,Crook,Miss,,female,Missionary License,,Illinois Conference,American Conferences,Illinois,,,United States
1893,30,Helen Wright,Wright,,,female,Missionary License,,Illinois Conference,American Conferences,Illinois,,,United States
1893,30,Jean Phillips,Phillips,,,female,Missionary License,,Illinois Conference,American Conferences,Illinois,,,United States
1893,30,Hattie Ohm,Ohm,,,female,Missionary License,,Illinois Conference,American Conferences,Illinois,,,United States
1893,30,Alice Finch,Finch,,,female,Missionary License,,Illinois Conference,American Conferences,Illinois,,,United States
1893,30,J. N. Loughborough,Loughborough,,,male,President,,Illinois Conference,American Conferences,Illinois,,,United States
1893,30,O. J. Mason,Mason,,,male,Vice-President,,Illinois Conference,American Conferences,Illinois,,,United States
1893,30,Mrs. Maria H. Loughborough,Loughborough,Mrs.,,female,Secretary and Treasurer,,Illinois Conference,American Conferences,Illinois,,,United States
1893,30,J. N. Loughborough,Loughborough,,,male,Executive Committee Member,,Illinois Conference,American Conferences,Illinois,,,United States
1893,30,O. J. Mason,Mason,,,male,Executive Committee Member,,Illinois Conference,American Conferences,Illinois,,,United States
1893,30,Allen Moon,Moon,,,male,Executive Committee Member,,Illinois Conference,American Conferences,Illinois,,,United States
1893,30,E. A. Merrell,Merrell,,,male,Executive Committee Member,,Illinois Conference,American Conferences,Illinois,,,United States
1893,31,J. N. Loughborough,Loughborough,,,male,President,Tract Society,California Conference Tract Society,American Conferences,California,,,United States
1893,31,O. J. Mason,Mason,,,male,Vice-President,Tract Society,California Conference Tract Society,American Conferences,California,,,United States
1893,31,A. W. Rothwell,Rothwell,,,male,Secretary and Treasurer,Tract Society,California Conference Tract Society,American Conferences,California,,,United States
1893,31,C. L. Taggart,Taggart,,,male,Canvassing Agent,Tract Society,California Conference Tract Society,American Conferences,California,,,United States
1893,31,D. N. Loughborough,Loughborough,,,male,Director,"Tract Society, Dist. No. 1",California Conference Tract Society,American Conferences,California,,,United States
1893,31,E. A. Merrell,Merrell,,,male,Director,"Tract Society, Dist. No. 2",California Conference Tract Society,American Conferences,California,,,United States
1893,31,O. J. Mason,Mason,,,male,Director,"Tract Society, Dist. No. 3",California Conference Tract Society,American Conferences,California,,,United States
1893,31,E. A. Merrell,Merrell,,,male,President,Sabbath-School Association,California Conference Sabbath-School Association,American Conferences,California,,,United States
1893,31,Mrs. Maria H. Loughborough,Loughborough,Mrs.,,female,Secretary and Treasurer,Sabbath-School Association,California Conference Sabbath-School Association,American Conferences,California,,,United States
1893,31,O. J. Mason,Mason,,,male,Executive Committee Member,Sabbath-School Association,California Conference Sabbath-School Association,American Conferences,California,,,United States
1893,31,F. D. Starr,Starr,,,male,Minister,,Indiana Conference,American Conferences,Indiana,,,United States
1893,31,Wm. Hill,Hill,,,male,Minister,,Indiana Conference,American Conferences,Indiana,,,United States
1893,31,D. H. Oberholtzer,Oberholtzer,,,male,Minister,,Indiana Conference,American Conferences,Indiana,,,United States
1893,31,Victor Thompson,Thompson,,,male,Minister,,Indiana Conference,American Conferences,Indiana,,,United States
1893,31,A. W. Bartlett,Bartlett,,,male,Minister,,Indiana Conference,American Conferences,Indiana,,,United States
1893,31,H. M. Stewart,Stewart,,,male,Minister,,Indiana Conference,American Conferences,Indiana,,,United States
1893,31,J. M. Ellis,Ellis,,,male,Minister,,Indiana Conference,American Conferences,Indiana,,,United States
1893,31,W. A. Young,Young,,,male,Minister,,Indiana Conference,American Conferences,Indiana,,,United States
1893,31,I. S. Lloyd,Lloyd,,,male,Licentiate,,Indiana Conference,American Conferences,Indiana,,,United States
1893,31,Luzerne Thompson,Thompson,,,male,Licentiate,,Indiana Conference,American Conferences,Indiana,,,United States
1893,31,O. S. Hadley,Hadley,,,male,Licentiate,,Indiana Conference,American Conferences,Indiana,,,United States
1893,31,M. M. Kenny,Kenny,,,male,Licentiate,,Indiana Conference,American Conferences,Indiana,,,United States
1893,31,S. S. Davis,Davis,,,male,Licentiate,,Indiana Conference,American Conferences,Indiana,,,United States
1893,31,Theresa Thompson,Thompson,,,female,Missionary License,,Indiana Conference,American Conferences,Indiana,,,United States
1893,31,Anna Hunt,Hunt,,,female,Missionary License,,Indiana Conference,American Conferences,Indiana,,,United States
1893,31,May Craig,Craig,,,female,Missionary License,,Indiana Conference,American Conferences,Indiana,,,United States
1893,31,Miss Ida Hadley,Hadley,Miss,,female,Missionary License,,Indiana Conference,American Conferences,Indiana,,,United States
1893,31,Cora Glunt,Glunt,,,female,Missionary License,,Indiana Conference,American Conferences,Indiana,,,United States
1893,31,F. D. Starr,Starr,,,male,President,,Indiana Conference,American Conferences,Indiana,,,United States
1893,31,W. A. Young,Young,,,male,Secretary,,Indiana Conference,American Conferences,Indiana,,,United States
1893,31,Wm. Hill,Hill,,,male,Treasurer,,Indiana Conference,American Conferences,Indiana,,,United States
1893,31,J. M. Rees,Rees,,,male,Executive Committee Member,,Indiana Conference,American Conferences,Indiana,,,United States
1893,31,D. H. Oberholtzer,Oberholtzer,,,male,Executive Committee Member,,Indiana Conference,American Conferences,Indiana,,,United States
1893,31,Victor Thomson,Thomson,,,male,Executive Committee Member,,Indiana Conference,American Conferences,Indiana,,,United States
1893,31,R. B. Craig,Craig,,,male,Executive Committee Member,,Indiana Conference,American Conferences,Indiana,,,United States
1893,31,F. D. Starr,Starr,,,male,President,Tract Society,Indiana Conference Tract Society,American Conferences,Indiana,,,United States
1893,31,J. M. Rees,Rees,,,male,Vice-President,Tract Society,Indiana Conference Tract Society,American Conferences,Indiana,,,United States
1893,31,J. W. Moore,Moore,,,male,Secretary and Treasurer,Tract Society,Indiana Conference Tract Society,American Conferences,Indiana,,,United States
1893,31,Mrs. Sadie G. Moore,Moore,Mrs.,,female,Corresponding Secretary,Tract Society,Indiana Conference Tract Society,American Conferences,Indiana,,,United States
1893,31,I. S. Lloyd,Lloyd,,,male,Canvassing Agent,Tract Society,Indiana Conference Tract Society,American Conferences,Indiana,,,United States
1893,31,Joel Yeager,Yeager,,,male,Director,"Tract Society, Dist. No. 1",Indiana Conference Tract Society,American Conferences,Indiana,,,United States
1893,31,Philip Miller,Miller,,,male,Director,"Tract Society, Dist. No. 2",Indiana Conference Tract Society,American Conferences,Indiana,,,United States
1893,31,A. A. Marshall,Marshall,,,male,Director,"Tract Society, Dist. No. 3",Indiana Conference Tract Society,American Conferences,Indiana,,,United States
1893,31,J. W. Pugh,Pugh,,,male,Director,"Tract Society, Dist. No. 4",Indiana Conference Tract Society,American Conferences,Indiana,,,United States
1893,31,R. B. Craig,Craig,,,male,President,Sabbath-School Association,Indiana Conference Sabbath-School Association,American Conferences,Indiana,,,United States
1893,31,J. M. Ellis,Ellis,,,male,Vice-President,Sabbath-School Association,Indiana Conference Sabbath-School Association,American Conferences,Indiana,,,United States
1893,31,Mrs. R. B. Craig,Craig,Mrs.,,female,Secretary,Sabbath-School Association,Indiana Conference Sabbath-School Association,American Conferences,Indiana,,,United States
1893,31,Theresa Thompson,Thompson,,,female,Assistant Secretary,Sabbath-School Association,Indiana Conference Sabbath-School Association,American Conferences,Indiana,,,United States
1893,31,P. A. Reed,Reed,,,male,Executive Committee Member,Sabbath-School Association,Indiana Conference Sabbath-School Association,American Conferences,Indiana,,,United States
1893,31,Thos. Harrison,Harrison,,,male,Executive Committee Member,Sabbath-School Association,Indiana Conference Sabbath-School Association,American Conferences,Indiana,,,United States
1893,31,C. A. Washburn,Washburn,,,male,Minister,,Iowa Conference,American Conferences,Iowa,,,United States
1893,31,J. M. Willoughby,Willoughby,,,male,Minister,,Iowa Conference,American Conferences,Iowa,,,United States
1893,31,C. F. Stevens,Stevens,,,male,Minister,,Iowa Conference,American Conferences,Iowa,,,United States
1893,31,J. T. Mitchel,Mitchel,,,male,Minister,,Iowa Conference,American Conferences,Iowa,,,United States
1893,31,J. S. Hart,Hart,,,male,Minister,,Iowa Conference,American Conferences,Iowa,,,United States
1893,31,M. Larson,Larson,,,male,Minister,,Iowa Conference,American Conferences,Iowa,,,United States
1893,31,John A. Allen,Allen,,,male,Minister,,Iowa Conference,American Conferences,Iowa,,,United States
1893,31,J. P. Henderson,Henderson,,,male,Minister,,Iowa Conference,American Conferences,Iowa,,,United States
1893,31,J. O. Beard,Beard,,,male,Minister,,Iowa Conference,American Conferences,Iowa,,,United States
1893,31,E. G. Olsen,Olsen,,,male,Minister,,Iowa Conference,American Conferences,Iowa,,,United States
1893,31,H. Nicola,Nicola,,,male,Minister,,Iowa Conference,American Conferences,Iowa,,,United States
1893,31,J. H. Morrison,Morrison,,,male,Minister,,Iowa Conference,American Conferences,Iowa,,,United States
1893,31,W. B. Everhart,Everhart,,,male,Licentiate,,Iowa Conference,American Conferences,Iowa,,,United States
1893,31,C. M. Gardner,Gardner,,,male,Licentiate,,Iowa Conference,American Conferences,Iowa,,,United States
1893,31,E. E. Gardner,Gardner,,,male,Licentiate,,Iowa Conference,American Conferences,Iowa,,,United States
1893,31,H. V. Adams,Adams,,,male,Licentiate,,Iowa Conference,American Conferences,Iowa,,,United States
1893,31,Geo. F. Watson,Watson,,,male,Licentiate,,Iowa Conference,American Conferences,Iowa,,,United States
1893,31,H. J. Schneppe,Schneppe,,,male,Licentiate,,Iowa Conference,American Conferences,Iowa,,,United States
1893,31,H. M. J. Richards,Richards,,,male,Licentiate,,Iowa Conference,American Conferences,Iowa,,,United States
1893,31,L. P. Jacobson,Jacobson,,,male,Licentiate,,Iowa Conference,American Conferences,Iowa,,,United States
1893,31,J. W. Adams,Adams,,,male,Licentiate,,Iowa Conference,American Conferences,Iowa,,,United States
1893,31,S. M. Jacobs,Jacobs,,,male,Licentiate,,Iowa Conference,American Conferences,Iowa,,,United States
1893,31,C. W. Neal,Neal,,,male,Licentiate,,Iowa Conference,American Conferences,Iowa,,,United States
1893,31,Mrs. Flora Plummer,Plummer,Mrs.,,female,Licentiate,,Iowa Conference,American Conferences,Iowa,,,United States
1893,31,Frank A. Washburn,Washburn,,,male,Licentiate,,Iowa Conference,American Conferences,Iowa,,,United States
1893,31,R. M. Caviness,Caviness,,,male,Missionary License,,Iowa Conference,American Conferences,Iowa,,,United States
1893,31,Nelse Jorgensen,Jorgensen,,,male,Missionary License,,Iowa Conference,American Conferences,Iowa,,,United States
1893,31,P. W. Baker,Baker,,,male,Missionary License,,Iowa Conference,American Conferences,Iowa,,,United States
1893,31,Ben. E. Nicola,Nicola,,,male,Missionary License,,Iowa Conference,American Conferences,Iowa,,,United States
1893,31,Robert Habenicht,Habenicht,,,male,Missionary License,,Iowa Conference,American Conferences,Iowa,,,United States
1893,31,Mrs. Ella Caviness,Caviness,Mrs.,,female,Missionary License,,Iowa Conference,American Conferences,Iowa,,,United States
1893,31,Mrs. P. A. Holly,Holly,Mrs.,,female,Missionary License,,Iowa Conference,American Conferences,Iowa,,,United States
1893,31,Miss Mollie Long,Long,Miss,,female,Missionary License,,Iowa Conference,American Conferences,Iowa,,,United States
1893,31,Mrs. M. A. Washburn,Washburn,Mrs.,,female,Missionary License,,Iowa Conference,American Conferences,Iowa,,,United States
1893,31,F. H. Chapman,Chapman,,,male,Missionary License,,Iowa Conference,American Conferences,Iowa,,,United States
1893,31,D. H. Tanner,Tanner,,,male,Missionary License,,Iowa Conference,American Conferences,Iowa,,,United States
1893,31,H. H. Bosworth,Bosworth,,,male,Missionary License,,Iowa Conference,American Conferences,Iowa,,,United States
1893,31,J. Jensen,Jensen,,,male,Missionary License,,Iowa Conference,American Conferences,Iowa,,,United States
1893,31,S. M. Holly,Holly,,,male,Missionary License,,Iowa Conference,American Conferences,Iowa,,,United States
1893,31,Julius Larson,Larson,,,male,Missionary License,,Iowa Conference,American Conferences,Iowa,,,United States
1893,31,P. A. Hansen,Hansen,,,male,Missionary License,,Iowa Conference,American Conferences,Iowa,,,United States
1893,31,L. F. Starr,Starr,,,male,Missionary License,,Iowa Conference,American Conferences,Iowa,,,United States
1893,31,Martin Stickrath,Stickrath,,,male,Missionary License,,Iowa Conference,American Conferences,Iowa,,,United States
1893,31,M. C. Bergersen,Bergersen,,,male,Missionary License,,Iowa Conference,American Conferences,Iowa,,,United States
1893,31,Frank L. Moody,Moody,,,male,Missionary License,,Iowa Conference,American Conferences,Iowa,,,United States
1893,31,Nels J. Boose,Boose,,,male,Missionary License,,Iowa Conference,American Conferences,Iowa,,,United States
1893,31,Bert Fullmer,Fullmer,,,male,Missionary License,,Iowa Conference,American Conferences,Iowa,,,United States
1893,31,C. A. Washburn,Washburn,,,male,President,,Iowa Conference,American Conferences,Iowa,,,United States
1893,31,C. W. Smouse,Smouse,,,male,Secretary,,Iowa Conference,American Conferences,Iowa,,,United States
1893,31,C. F. Stevens,Stevens,,,male,Treasurer,,Iowa Conference,American Conferences,Iowa,,,United States
1893,31,J. M. Willoughby,Willoughby,,,male,Executive Committee Member,,Iowa Conference,American Conferences,Iowa,,,United States
1893,31,L. P. Jacobson,Jacobson,,,male,Executive Committee Member,,Iowa Conference,American Conferences,Iowa,,,United States
1893,31,M. Larson,Larson,,,male,Executive Committee Member,,Iowa Conference,American Conferences,Iowa,,,United States
1893,31,C. A. Washburn,Washburn,,,male,President,Tract Society,Iowa Conference Tract Society,American Conferences,Iowa,,,United States
1893,31,J. M. Willoughby,Willoughby,,,male,Vice-President,Tract Society,Iowa Conference Tract Society,American Conferences,Iowa,,,United States
1893,31,C. F. Stevens,Stevens,,,male,Secretary and Treasurer,Tract Society,Iowa Conference Tract Society,American Conferences,Iowa,,,United States
1893,31,S. M. Jacobs,Jacobs,,,male,Canvassing Agent,Tract Society,Iowa Conference Tract Society,American Conferences,Iowa,,,United States
1893,31,F. H. Chapman,Chapman,,,male,Director,"Tract Society, Dist. No. 1",Iowa Conference Tract Society,American Conferences,Iowa,,,United States
1893,31,D. H. Tanner,Tanner,,,male,Director,"Tract Society, Dist. No. 2",Iowa Conference Tract Society,American Conferences,Iowa,,,United States
1893,31,J. W. Adams,Adams,,,male,Director,"Tract Society, Dist. No. 3",Iowa Conference Tract Society,American Conferences,Iowa,,,United States
1893,31,H. H. Bosworth,Bosworth,,,male,Director,"Tract Society, Dist. No. 4",Iowa Conference Tract Society,American Conferences,Iowa,,,United States
1893,31,C. F. Stevens,Stevens,,,male,Director,"Tract Society, Dist. No. 5",Iowa Conference Tract Society,American Conferences,Iowa,,,United States
1893,31,C. W. Neal,Neal,,,male,Director,"Tract Society, Dist. No. 6",Iowa Conference Tract Society,American Conferences,Iowa,,,United States
1893,31,S. M. Jacobs,Jacobs,,,male,Director,"Tract Society, Dist. No. 7",Iowa Conference Tract Society,American Conferences,Iowa,,,United States
1893,31,L. P. Jacobson,Jacobson,,,male,Director,"Tract Society, Dist. No. 8",Iowa Conference Tract Society,American Conferences,Iowa,,,United States
1893,31,W. B. Everhart,Everhart,,,male,Director,"Tract Society, Dist. No. 9",Iowa Conference Tract Society,American Conferences,Iowa,,,United States
1893,31,S. M. Holly,Holly,,,male,Director,"Tract Society, Dist. No. 10",Iowa Conference Tract Society,American Conferences,Iowa,,,United States
1893,31,N. L. McClintock,McClintock,,,male,Director,"Tract Society, Dist. No. 11",Iowa Conference Tract Society,American Conferences,Iowa,,,United States
1893,31,L. P. Jacobson,Jacobson,,,male,Director,"Tract Society, Dists. No. 12 and 13",Iowa Conference Tract Society,American Conferences,Iowa,,,United States
1893,31,Mrs. Flora Plummer,Plummer,Mrs.,,female,President,Sabbath-School Association,Iowa Conference Sabbath-School Association,American Conferences,Iowa,,,United States
1893,31,C. A. Washburn,Washburn,,,male,Vice-President,Sabbath-School Association,Iowa Conference Sabbath-School Association,American Conferences,Iowa,,,United States
1893,31,Mrs. Belle Graham,Graham,Mrs.,,female,Secretary and Treasurer,Sabbath-School Association,Iowa Conference Sabbath-School Association,American Conferences,Iowa,,,United States
1893,32,W. W. Stebbins,Stebbins,,,male,Minister,,Kansas Conference,American Conferences,Kansas,,,United States
1893,32,C. A. Hall,Hall,,,male,Minister,,Kansas Conference,American Conferences,Kansas,,,United States
1893,32,M. H. Gregory,Gregory,,,male,Minister,,Kansas Conference,American Conferences,Kansas,,,United States
1893,32,O. S. Ferrin,Ferrin,,,male,Minister,,Kansas Conference,American Conferences,Kansas,,,United States
1893,32,C. McReynolds,McReynolds,,,male,Minister,,Kansas Conference,American Conferences,Kansas,,,United States
1893,32,O. Hill,Hill,,,male,Minister,,Kansas Conference,American Conferences,Kansas,,,United States
1893,32,J. A. Morrow,Morrow,,,male,Minister,,Kansas Conference,American Conferences,Kansas,,,United States
1893,32,S. S. Shrock,Shrock,,,male,Minister,,Kansas Conference,American Conferences,Kansas,,,United States
1893,32,T. M. Thorn,Thorn,,,male,Licentiate,,Kansas Conference,American Conferences,Kansas,,,United States
1893,32,E. L. Fortner,Fortner,,,male,Licentiate,,Kansas Conference,American Conferences,Kansas,,,United States
1893,32,A. A. Meyer,Meyer,,,male,Licentiate,,Kansas Conference,American Conferences,Kansas,,,United States
1893,32,J. O. Foster,Foster,,,male,Licentiate,,Kansas Conference,American Conferences,Kansas,,,United States
1893,32,E. A. Morey,Morey,,,male,Licentiate,,Kansas Conference,American Conferences,Kansas,,,United States
1893,32,Mrs. Rule Hill,Hill,Mrs.,,female,Licentiate,,Kansas Conference,American Conferences,Kansas,,,United States
1893,32,A. E. Field,Field,,,male,Missionary License,,Kansas Conference,American Conferences,Kansas,,,United States
1893,32,M. W. Neal,Neal,,,male,Missionary License,,Kansas Conference,American Conferences,Kansas,,,United States
1893,32,S. C. Osborne,Osborne,,,male,Missionary License,,Kansas Conference,American Conferences,Kansas,,,United States
1893,32,G. Mathiesen,Mathiesen,,,male,Missionary License,,Kansas Conference,American Conferences,Kansas,,,United States
1893,32,Estella Kettering,Kettering,,,female,Missionary License,,Kansas Conference,American Conferences,Kansas,,,United States
1893,32,Mary L. Doan,Doan,,,female,Missionary License,,Kansas Conference,American Conferences,Kansas,,,United States
1893,32,Anna Agee,Agee,,,female,Missionary License,,Kansas Conference,American Conferences,Kansas,,,United States
1893,32,Estella Rogers,Rogers,,,female,Missionary License,,Kansas Conference,American Conferences,Kansas,,,United States
1893,32,Jessie M. Capps,Capps,,,female,Missionary License,,Kansas Conference,American Conferences,Kansas,,,United States
1893,32,Nora E. Harvey,Harvey,,,female,Missionary License,,Kansas Conference,American Conferences,Kansas,,,United States
1893,32,C. McReynolds,McReynolds,,,male,President,,Kansas Conference,American Conferences,Kansas,,,United States
1893,32,Wm. H. Mills,Mills,,,male,Secretary,,Kansas Conference,American Conferences,Kansas,,,United States
1893,32,Lucy M. Olds,Olds,,,female,Treasurer,,Kansas Conference,American Conferences,Kansas,,,United States
1893,32,John Heligass,Heligass,,,male,Executive Committee,,Kansas Conference,American Conferences,Kansas,,,United States
1893,32,O. S. Ferren,Ferren,,,male,Executive Committee,,Kansas Conference,American Conferences,Kansas,,,United States
1893,32,C. McReynolds,McReynolds,,,male,President,,Kansas Tract Society,American Conferences,Kansas,,,United States
1893,32,Lucy M. Olds,Olds,,,female,Secretary and Treasurer,,Kansas Tract Society,American Conferences,Kansas,,,United States
1893,32,S. C. Osborne,Osborne,,,male,Canvassing Agent,,Kansas Tract Society,American Conferences,Kansas,,,United States
1893,32,O. Mathiesen,Mathiesen,,,male,Director,Dist. No. 1,Kansas Tract Society,American Conferences,Kansas,,,United States
1893,32,M. W. Neal,Neal,,,male,Director,Dist. No. 2,Kansas Tract Society,American Conferences,Kansas,,,United States
1893,32,A. E. Field,Field,,,male,Director,Dist. No. 3,Kansas Tract Society,American Conferences,Kansas,,,United States
1893,32,J. C. Foster,Foster,,,male,Director,Dist. No. 4,Kansas Tract Society,American Conferences,Kansas,,,United States
1893,32,W. W. Stebbins,Stebbins,,,male,President,,Kansas Sabbath-School Association,American Conferences,Kansas,,,United States
1893,32,S. S. Shrock,Shrock,,,male,Vice-President,,Kansas Sabbath-School Association,American Conferences,Kansas,,,United States
1893,32,Katie O. Haffner,Haffner,,,female,Secretary,,Kansas Sabbath-School Association,American Conferences,Kansas,,,United States
1893,32,Mrs. Rule Hill,Hill,Mrs.,,female,Executive Committee,,Kansas Sabbath-School Association,American Conferences,Kansas,,,United States
1893,32,Myrtle Thorn,Thorn,,,female,Executive Committee,,Kansas Sabbath-School Association,American Conferences,Kansas,,,United States
1893,32,J. E. Jayne,Jayne,,,male,Minister,,Maine Conference,American Conferences,Maine,,,United States
1893,32,M. O. Huffman,Huffman,,,male,Minister,,Maine Conference,American Conferences,Maine,,,United States
1893,32,P. B. Osborne,Osborne,,,male,Minister,,Maine Conference,American Conferences,Maine,,,United States
1893,32,H. C. Giles,Giles,,,male,Licentiate,,Maine Conference,American Conferences,Maine,,,United States
1893,32,Geo. W. Howard,Howard,,,male,Licentiate,,Maine Conference,American Conferences,Maine,,,United States
1893,32,J. E. Jayne,Jayne,,,male,President,,Maine Conference,American Conferences,Maine,,,United States
1893,32,B. F. Davis,Davis,,,male,Secretary and Treasurer,,Maine Conference,American Conferences,Maine,,,United States
1893,32,E. C. Taylor,Taylor,,,male,Executive Committee,,Maine Conference,American Conferences,Maine,,,United States
1893,32,A. R. Moody,Moody,,,male,Executive Committee,,Maine Conference,American Conferences,Maine,,,United States
1893,32,J. E. Jayne,Jayne,,,male,President,,Maine Tract Society,American Conferences,Maine,,,United States
1893,32,B. F. Davis,Davis,,,male,Secretary and Treasurer,,Maine Tract Society,American Conferences,Maine,,,United States
1893,32,J. W. Hazeltine,Hazeltine,,,male,Canvassing Agent,,Maine Tract Society,American Conferences,Maine,,,United States
1893,32,I. C. Choate,Choate,,,male,Director,Dist. No. 1,Maine Tract Society,American Conferences,Maine,,,United States
1893,32,P. B. Osborn,Osborn,,,male,Director,Dist. No. 2,Maine Tract Society,American Conferences,Maine,,,United States
1893,32,W. J. Dunscomb,Dunscomb,,,male,Director,Dist. No. 3,Maine Tract Society,American Conferences,Maine,,,United States
1893,32,"L. L. Howard, Jr.",Howard,,Jr.,male,Director,Dist. No. 4,Maine Tract Society,American Conferences,Maine,,,United States
1893,32,A. W. Clark,Clark,,,male,Director,Dist. No. 5,Maine Tract Society,American Conferences,Maine,,,United States
1893,32,E. Sjebom,Sjebom,,,male,Director,Dist. No. 6,Maine Tract Society,American Conferences,Maine,,,United States
1893,32,W. W. Pyle,Pyle,,,male,Director,Dist. No. 7,Maine Tract Society,American Conferences,Maine,,,United States
1893,32,P. B. Osborn,Osborn,,,male,President,,Maine Sabbath-School Association,American Conferences,Maine,,,United States
1893,32,Ida L. Grant,Grant,,,female,Secretary,,Maine Sabbath-School Association,American Conferences,Maine,,,United States
1893,32,W. J. Dunscomb,Dunscomb,,,male,Executive Committee,,Maine Sabbath-School Association,American Conferences,Maine,,,United States
1893,32,G. W. Howard,Howard,,,male,Executive Committee,,Maine Sabbath-School Association,American Conferences,Maine,,,United States
1893,32,R. S. Webber,Webber,,,male,Minister,,Maritime Provinces of Canada Conference,American Conferences,Maritime Provinces of Canada,,,Canada
1893,32,F. I. Richardson,Richardson,,,male,Minister,,Maritime Provinces of Canada Conference,American Conferences,Maritime Provinces of Canada,,,Canada
1893,32,Mrs. I. H. Cowie,Cowie,Mrs.,,female,Secretary,,Maritime Provinces of Canada Tract Society,American Conferences,Maritime Provinces of Canada,,,Canada
1893,32,R. S. Webber,Webber,,,male,President,,Maritime Provinces of Canada Sabbath-School Association,American Conferences,Maritime Provinces of Canada,,,Canada
1893,32,D. S. Scott,Scott,,,male,Vice-President,,Maritime Provinces of Canada Sabbath-School Association,American Conferences,Maritime Provinces of Canada,,,Canada
1893,32,Nettie C. Covey,Covey,,,female,Secretary,,Maritime Provinces of Canada Sabbath-School Association,American Conferences,Maritime Provinces of Canada,,,Canada
1893,32,Levi J. Longard,Longard,,,male,Executive Committee,,Maritime Provinces of Canada Sabbath-School Association,American Conferences,Maritime Provinces of Canada,,,Canada
1893,32,Geo. W. McCready,McCready,,,male,Executive Committee,,Maritime Provinces of Canada Sabbath-School Association,American Conferences,Maritime Provinces of Canada,,,Canada
1893,32,Uriah Smith,Smith,,,male,Minister,,Michigan Conference,American Conferences,Michigan,,,United States
1893,32,I. H. Evans,Evans,,,male,Minister,,Michigan Conference,American Conferences,Michigan,,,United States
1893,32,I. D. Van Horn,Van Horn,,,male,Minister,,Michigan Conference,American Conferences,Michigan,,,United States
1893,32,J. Fargo,Fargo,,,male,Minister,,Michigan Conference,American Conferences,Michigan,,,United States
1893,32,R. J. Lawrence,Lawrence,,,male,Minister,,Michigan Conference,American Conferences,Michigan,,,United States
1893,32,H. M. Kenyon,Kenyon,,,male,Minister,,Michigan Conference,American Conferences,Michigan,,,United States
1893,32,J. L. Edgar,Edgar,,,male,Minister,,Michigan Conference,American Conferences,Michigan,,,United States
1893,32,E. H. Root,Root,,,male,Minister,,Michigan Conference,American Conferences,Michigan,,,United States
1893,32,E. Van Deusen,Van Deusen,,,male,Minister,,Michigan Conference,American Conferences,Michigan,,,United States
1893,32,A. O. Burrill,Burrill,,,male,Minister,,Michigan Conference,American Conferences,Michigan,,,United States
1893,32,H. S. Lay,Lay,,,male,Minister,,Michigan Conference,American Conferences,Michigan,,,United States
1893,32,R. C. Horton,Horton,,,male,Minister,,Michigan Conference,American Conferences,Michigan,,,United States
1893,32,Wm. Ostrander,Ostrander,,,male,Minister,,Michigan Conference,American Conferences,Michigan,,,United States
1893,32,L. G. Moore,Moore,,,male,Minister,,Michigan Conference,American Conferences,Michigan,,,United States
1893,32,J. W. Covert,Covert,,,male,Minister,,Michigan Conference,American Conferences,Michigan,,,United States
1893,32,Eugene Leland,Leland,,,male,Minister,,Michigan Conference,American Conferences,Michigan,,,United States
1893,32,T. M. Stewart,Stewart,,,male,Minister,,Michigan Conference,American Conferences,Michigan,,,United States
1893,32,J. F. Ballenger,Ballenger,,,male,Minister,,Michigan Conference,American Conferences,Michigan,,,United States
1893,32,W. H. Littlejohn,Littlejohn,,,male,Minister,,Michigan Conference,American Conferences,Michigan,,,United States
1893,32,W. H. Falconer,Falconer,,,male,Minister,,Michigan Conference,American Conferences,Michigan,,,United States
1893,32,H. C. Basney,Basney,,,male,Minister,,Michigan Conference,American Conferences,Michigan,,,United States
1893,32,S. M. Butler,Butler,,,male,Minister,,Michigan Conference,American Conferences,Michigan,,,United States
1893,32,John Kolvoord,Kolvoord,,,male,Licentiate,,Michigan Conference,American Conferences,Michigan,,,United States
1893,32,J. Harris,Harris,,,male,Licentiate,,Michigan Conference,American Conferences,Michigan,,,United States
1893,32,J. E. Evans,Evans,,,male,Licentiate,,Michigan Conference,American Conferences,Michigan,,,United States
1893,32,Charles N. Sanders,Sanders,,,male,Licentiate,,Michigan Conference,American Conferences,Michigan,,,United States
1893,32,Homer Day,Day,,,male,Licentiate,,Michigan Conference,American Conferences,Michigan,,,United States
1893,32,Peter Howe,Howe,,,male,Licentiate,,Michigan Conference,American Conferences,Michigan,,,United States
1893,32,W. S. Bennett,Bennett,,,male,Licentiate,,Michigan Conference,American Conferences,Michigan,,,United States
1893,32,E. R. Williams,Williams,,,male,Licentiate,,Michigan Conference,American Conferences,Michigan,,,United States
1893,32,J. H. Kellogg,Kellogg,,,male,Licentiate,,Michigan Conference,American Conferences,Michigan,,,United States
1893,10,L. Florence Burnham,Burnham,Miss,,female,,m 1,Workers' Directory,,General Conference,,"Lynn, Mass.",United States
1893,10,A. O. Burrill,Burrill,,,male,,m,Workers' Directory,,General Conference,,"Ruscomb Station, Essex Junction, Ontario",Canada
1893,10,W. R. Burrow,Burrow,,,male,,a,Workers' Directory,,General Conference,,"Atlanta, Ga.",United States
1893,10,Florence Burrows,Burrows,Miss,,female,,m 1,Workers' Directory,,General Conference,,"San Jose, Cal.",United States
1893,10,Georgia Burros,Burros,,,female,,m 1,Workers' Directory,,General Conference,,"Oakland, Cal.",United States
1893,10,Geo. I. Butler,Butler,,,male,,m,Workers' Directory,,General Conference,,"Bowling Green, Fla.",United States
1893,10,S. M. Butler,Butler,,,male,,m,Workers' Directory,,General Conference,,"Petoskey, Mich.",United States
1893,10,Ella V. Butler,Butler,,,female,,t,Workers' Directory,,General Conference,,"College View, Neb.",United States
1893,10,E. S. Butz,Butz,,,male,,d,Workers' Directory,,General Conference,Pacific Press,"Oakland, Cal.",United States
1893,10,P. H. Cady,Cady,,,male,,m,Workers' Directory,,General Conference,,"Poy Sippi, Wis.",United States
1893,10,B. J. Cady,Cady,,,male,,m,Workers' Directory,,General Conference,,"Papeete, Tahiti",Pacific Ocean
1893,10,Mrs. B. J. Cady,Cady,Mrs.,,female,,,Workers' Directory,,General Conference,,"Papeete, Tahiti",Pacific Ocean
1893,10,M. E. Cady,Cady,,,male,,l,Workers' Directory,,General Conference,,"London, N., England",England
1893,10,Dr. Joseph E. Caldwell,Caldwell,Dr.,,male,,l,Workers' Directory,,General Conference,,"Knoxville, Tenn.",United States
1893,10,J. R. Calkins,Calkins,,,male,,a,Workers' Directory,,General Conference,,"Rome, N. Y.",United States
1893,10,L. A. Cellicott,Cellicott,,,male,,c,Workers' Directory,,General Conference,,"Lane, Dyer Co., Tenn.",United States
1893,10,O. F. Campbell,Campbell,,,male,,d,Workers' Directory,,General Conference,,"Battle Creek, Mich.",United States
1893,10,Jessie M. Capps,Capps,,,female,,m 1,Workers' Directory,,General Conference,,"Kansas City, Kan.",United States
1893,10,Albert Carey,Carey,,,male,,l,Workers' Directory,,General Conference,,"Cleveland, Ohio",United States
1893,10,L. Carlson,Carlson,,,male,,m,Workers' Directory,,General Conference,,"Stockholm, Sweden",Scandinavia
1893,10,B. J. Carlson,Carlson,,,male,,m 1,Workers' Directory,,General Conference,,"Stockholm, Sweden",Scandinavia
1893,10,David Carr,Carr,,,male,,d,Workers' Directory,,General Conference,,"North Creek, N. Y.",United States
1893,10,C. Castberg,Castberg,,,male,,e,Workers' Directory,,General Conference,,"Christiania, Norway",Scandinavia
1893,10,G. W. Caviness,Caviness,,,male,,m s t,Workers' Directory,,General Conference,,"South Lancaster, Mass.",United States
1893,10,Mrs. G. W. Caviness,Caviness,Mrs.,,female,,t,Workers' Directory,,General Conference,,"South Lancaster, Mass.",United States
1893,10,R. M. Caviness,Caviness,,,male,,m 1,Workers' Directory,,General Conference,,"Des Moines, Iowa",United States
1893,10,Mrs. Ella Caviness,Caviness,Mrs.,,female,,m 1,Workers' Directory,,General Conference,,"Des Moines, Iowa",United States
1893,10,C. H. Chaffee,Chaffee,,,male,,m,Workers' Directory,,General Conference,,"Utica, Mo.",United States
1893,10,L. Dyo Chambers,Chambers,,,male,,s,Workers' Directory,,General Conference,,"Chattanooga, Tenn.",United States
1893,10,F. H. Chapman,Chapman,,,male,,m 1,Workers' Directory,,General Conference,,"West Union, Iowa",United States
1893,10,E. A. Chapman,Chapman,,,male,,s,Workers' Directory,,General Conference,Pacific Press,"Oakland, Cal.",United States
1893,10,E. C. Chapman,Chapman,,,male,,m 1,Workers' Directory,,General Conference,,"Papeete, Tahiti",Pacific Ocean
1893,10,Mrs. E. C. Chapman,Chapman,Mrs.,,female,,m 1,Workers' Directory,,General Conference,,"Papeete, Tahiti",Pacific Ocean
1893,10,Albert Christiansen,Christiansen,,,male,,l,Workers' Directory,,General Conference,,"Milton, Or.",United States
1893,10,C. M. Christiansen,Christiansen,,,male,,m 1,Workers' Directory,,General Conference,,"Milwaukee, Wis.",United States
1893,10,Mrs. Euphemia Chritiansen,Chritiansen,Mrs.,,female,,m 1,Workers' Directory,,General Conference,,"Milwaukee, Wis.",United States
1893,10,Louise Christensen,Christensen,,,female,,s,Workers' Directory,,General Conference,,"Christiania, Norway",Scandinavia
1893,10,C. Christensen,Christensen,,,male,,m 1,Workers' Directory,,General Conference,,"Hurley, S. Dak.",United States
1893,10,L. H. Church,Church,,,male,,l,Workers' Directory,,General Conference,,"Fresno, Cal.",United States
1893,10,H. D. Church,Church,,,male,,d,Workers' Directory,,General Conference,,"Union Square, N. Y.",United States
1893,10,A. W. Clark,Clark,,,male,,d,Workers' Directory,,General Conference,,"Cary, Me.",United States
1893,10,C. B. Clark,Clark,,,male,,t,Workers' Directory,,General Conference,,"College View, Neb.",United States
1893,10,Mrs. C. B. Clark,Clark,Mrs.,,female,,ma,Workers' Directory,,General Conference,,"College View, Neb.",United States
1893,10,P. F. Bicknell,Bicknell,,,male,,m,Workers' Directory,,General Conference,,"Burlington, Vt.",United States
1893,10,Mrs. Hattie M. Biser,Biser,Mrs.,,female,,t,Workers' Directory,,General Conference,College,"Battle Creek, Mich.",United States
1893,10,Walter J. Blake,Blake,,,male,,s s,Workers' Directory,,General Conference,,"South Stukely, P. Q.",Canada
1893,10,Wm. T. Bland,Bland,,,male,,t,Workers' Directory,,General Conference,College,"Battle Creek, Mich.",United States
1893,10,Mrs. Flora C. Bland,Bland,Mrs.,,female,,t,Workers' Directory,,General Conference,College,"Battle Creek, Mich.",United States
1893,10,I. R. Bliven,Bliven,,,male,,a,Workers' Directory,,General Conference,,"Milton, Or.",United States
1893,10,R. A. Boardman,Boardman,,,male,,d,Workers' Directory,,General Conference,,"Bowling Green, Ohio",United States
1893,10,J. E. Bodin,Bodin,,,male,,t,Workers' Directory,,General Conference,,"College View, Neb.",United States
1893,10,J. T. Boettcher,Boettcher,,,male,,m,Workers' Directory,,General Conference,,"St. Pauli, Hamburg, Germany",Europe
1893,10,C. P. Bollman,Bollman,,,male,,e,Workers' Directory,,General Conference,,"New York, N. Y.",United States
1893,10,Nels J. Boose,Boose,,,male,,m 1,Workers' Directory,,General Conference,,Exire,United States
1893,10,Daniel Borely,Borely,,,male,,m 1,Workers' Directory,,General Conference,,"London, N., England",England
1893,10,H. H. Bosworth,Bosworth,,,male,,m 1,Workers' Directory,,General Conference,,"Mt. Pleasant, Ia.",United States
1893,10,G. W. Boughton,Boughton,,,male,,m 1,Workers' Directory,,General Conference,,"Grand Island, Neb.",United States
1893,10,A. C. Bourdeau,Bourdeau,,,male,,a,Workers' Directory,,General Conference,,"Battle Creek, Mich.",United States
1893,10,D. T. Bourdeau,Bourdeau,,,male,,m,Workers' Directory,,General Conference,,"Battle Creek, Mich.",United States
1893,10,T. E. Bowen,Bowen,,,male,,s,Workers' Directory,,General Conference,,"Newburg, W. Va.",United States
1893,10,Mrs. G. L. Bowen,Bowen,Mrs.,,female,,s,Workers' Directory,,General Conference,,"Newburg, W. Va.",United States
1893,10,Chas. L. Boyd,Boyd,,,male,,m,Workers' Directory,,General Conference,,"Nashville, Tenn.",United States
1893,10,Mrs. C. L. Boyd,Boyd,Mrs.,,female,,m 1,Workers' Directory,,General Conference,,"Nashville, Tenn.",United States
1893,10,J. W. Boynton,Boynton,,,male,,d,Workers' Directory,,General Conference,,"College View, Neb.",United States
1893,10,W. C. Boynton,Boynton,,,male,,d,Workers' Directory,,General Conference,,"Ft. Calhoun, Neb.",United States
1893,10,H. H. Brand,Brand,,,male,,m 1,Workers' Directory,,General Conference,,"Chicago, Ill.",United States
1893,10,Mrs. H. H. Brand,Brand,Mrs.,,female,,m 1,Workers' Directory,,General Conference,,"Chicago, Ill.",United States
1893,10,A. J. Breed,Breed,,,male,,m,Workers' Directory,,General Conference,,"Minneapolis, Minn.",United States
1893,10,Albert J. Bristol,Bristol,,,male,,t,Workers' Directory,,General Conference,College,"Battle Creek, Mich.",United States
1893,10,Mrs. H. Belle Bristol,Bristol,Mrs.,,female,,ma,Workers' Directory,,General Conference,College,"Battle Creek, Mich.",United States
1893,10,H. L. Bristol,Bristol,,,male,,l,Workers' Directory,,General Conference,,"Colden, N. Y.",United States
1893,10,R. H. Brock,Brock,,,male,,m,Workers' Directory,,General Conference,,"Oklahoma City, O. T.",United States
1893,10,Mrs. R. H. Brock,Brock,Mrs.,,female,,s,Workers' Directory,,General Conference,,"Oklahoma City, O. T.",United States
1893,10,K. Brorsen,Brorsen,,,male,,m,Workers' Directory,,General Conference,,"Christiania, Norway",Scandinavia
1893,10,Miss Ella Brown,Brown,Miss,,female,,m 1,Workers' Directory,,General Conference,,"Oakland, Cal.",United States
1893,10,H. H. Brown,Brown,,,male,,m,Workers' Directory,,General Conference,,"Oakland, Cal.",United States
1893,10,Geo. N. Brown,Brown,,,male,,s,Workers' Directory,,General Conference,,"Milwaukee, Wis.",United States
1893,10,Ruth Bryant,Bryant,,M.D.,female,,,Workers' Directory,,General Conference,Sanitarium,"Battle Creek, Mich.",United States
1893,10,Philip Buchanan,Buchanan,,,male,,m 1,Workers' Directory,,General Conference,,"Omaha, Neb.",United States
1893,10,W. G. Buckner,Buckner,,,male,,m 1,Workers' Directory,,General Conference,,"Stockton, Cal.",United States
1893,10,Rosa Buckner,Buckner,,,female,,m 1,Workers' Directory,,General Conference,,"Stockton, Cal.",United States
1893,10,A. D. Buller,Buller,,,male,,m 1,Workers' Directory,,General Conference,,"Milltown, S. Dak.",United States
1893,10,J. C. Bunch,Bunch,,,male,,l,Workers' Directory,,General Conference,,"Gravel Ford, Coos Co., Or.",United States
1893,10,R. A. Burdick,Burdick,,,male,,m 1,Workers' Directory,,General Conference,,"Brookings, S. Dak.",United States
1893,10,N. Y. Burdick,Burdick,,,male,,s s,Workers' Directory,,General Conference,,"Syracuse, N. Y.",United States
1893,10,E. O. Burgess,Burgess,,,male,,d,Workers' Directory,,General Conference,,"Bridgetown, S. Dak.",United States
1893,10,H. H. Burkholder,Burkholder,,,male,,m,Workers' Directory,,General Conference,,"Belleville, Ohio",United States
1893,10,Miss E. J. Burnham,Burnham,Miss,,female,,e,Workers' Directory,,General Conference,Echo Pub. Co.,"North Fitzroy, Victoria, Australia",Australia
1893,33,F. S. Clark,Clark,,,male,Missionary License,,Michigan Conference,American Conferences,Michigan,,,United States
1893,33,O. F. Campbell,Campbell,,,male,Missionary License,,Michigan Conference,American Conferences,Michigan,,,United States
1893,33,W. H. Mathews,Mathews,,,male,Missionary License,,Michigan Conference,American Conferences,Michigan,,,United States
1893,33,E. Van Deusen,Van Deusen,,,male,Missionary License,,Michigan Conference,American Conferences,Michigan,,,United States
1893,33,E. I. Beebe,Beebe,,,male,Missionary License,,Michigan Conference,American Conferences,Michigan,,,United States
1893,33,E. L. Sanford,Sanford,,,male,Missionary License,,Michigan Conference,American Conferences,Michigan,,,United States
1893,33,L. N. Lane,Lane,,,male,Missionary License,,Michigan Conference,American Conferences,Michigan,,,United States
1893,33,D. E. Wellman,Wellman,,,male,Missionary License,,Michigan Conference,American Conferences,Michigan,,,United States
1893,33,W. C. Hebner,Hebner,,,male,Missionary License,,Michigan Conference,American Conferences,Michigan,,,United States
1893,33,H. C. Goodrich,Goodrich,,,male,Missionary License,,Michigan Conference,American Conferences,Michigan,,,United States
1893,33,T. Harriman,Harriman,,,male,Missionary License,,Michigan Conference,American Conferences,Michigan,,,United States
1893,33,Samuel Midgley,Midgley,,,male,Missionary License,,Michigan Conference,American Conferences,Michigan,,,United States
1893,33,Mary S. Evans,Evans,,,female,Missionary License,,Michigan Conference,American Conferences,Michigan,,,United States
1893,33,J. S. Hall,Hall,,,male,Missionary License,,Michigan Conference,American Conferences,Michigan,,,United States
1893,33,Minnie Evans,Evans,,,female,Missionary License,,Michigan Conference,American Conferences,Michigan,,,United States
1893,33,Marian Klaiber,Klaiber,,,female,Missionary License,,Michigan Conference,American Conferences,Michigan,,,United States
1893,33,I. H. Evans,Evans,,,male,President,,Michigan Conference,American Conferences,Michigan,,,United States
1893,33,J. S. Hall,Hall,,,male,Secretary,,Michigan Conference,American Conferences,Michigan,,,United States
1893,33,O. A. Olsen,Olsen,,,male,Executive Committee Member,,Michigan Conference,American Conferences,Michigan,,,United States
1893,33,J. Fargo,Fargo,,,male,Executive Committee Member,,Michigan Conference,American Conferences,Michigan,,,United States
1893,33,I. D. Van Horn,Van Horn,,,male,Executive Committee Member,,Michigan Conference,American Conferences,Michigan,,,United States
1893,33,E. H. Root,Root,,,male,Executive Committee Member,,Michigan Conference,American Conferences,Michigan,,,United States
1893,33,I. H. Evans,Evans,,,male,President,,Michigan Tract Society,American Conferences,Michigan,,,United States
1893,33,D. E. Wellman,Wellman,,,male,Vice-President,,Michigan Tract Society,American Conferences,Michigan,,,United States
1893,33,J. S. Hall,Hall,,,male,Secretary and Treasurer,,Michigan Tract Society,American Conferences,Michigan,,,United States
1893,33,A. J. Olsen,Olsen,,,male,Canvassing Agent,Michigan,Michigan Tract Society,American Conferences,Michigan,,,United States
1893,33,Byron Hagle,Hagle,,,male,Canvassing Agent,Ontario,Michigan Tract Society,American Conferences,Michigan,,,United States
1893,33,F. S. Clark,Clark,,,male,Director,Dist. No. 1,Michigan Tract Society,American Conferences,Michigan,,,United States
1893,33,O. F. Campbell,Campbell,,,male,Director,Dist. No. 2,Michigan Tract Society,American Conferences,Michigan,,,United States
1893,33,W. H. Mathews,Mathews,,,male,Director,Dist. No. 3,Michigan Tract Society,American Conferences,Michigan,,,United States
1893,33,E. Van Deusen,Van Deusen,,,male,Director,Dist. No. 4,Michigan Tract Society,American Conferences,Michigan,,,United States
1893,33,E. I. Beebe,Beebe,,,male,Director,Dist. No. 5,Michigan Tract Society,American Conferences,Michigan,,,United States
1893,33,L. N. Lane,Lane,,,male,Director,Dist. No. 6,Michigan Tract Society,American Conferences,Michigan,,,United States
1893,33,E. L. Sanford,Sanford,,,male,Director,Dist. No. 7,Michigan Tract Society,American Conferences,Michigan,,,United States
1893,33,D. E. Wellman,Wellman,,,male,Director,Dist. No. 8,Michigan Tract Society,American Conferences,Michigan,,,United States
1893,33,W. C. Hebner,Hebner,,,male,Director,Dist. No. 9,Michigan Tract Society,American Conferences,Michigan,,,United States
1893,33,H. C. Goodrich,Goodrich,,,male,Director,Dist. No. 10,Michigan Tract Society,American Conferences,Michigan,,,United States
1893,33,T. Harriman,Harriman,,,male,Director,Dist. No. 11,Michigan Tract Society,American Conferences,Michigan,,,United States
1893,33,Samuel Midgley,Midgley,,,male,Director,Dist. No. 12,Michigan Tract Society,American Conferences,Michigan,,,United States
1893,33,J. O. Corliss,Corliss,,,male,President,,Michigan Sabbath-School Association,American Conferences,Michigan,,,United States
1893,33,A. O. Burrill,Burrill,,,male,Vice-President,,Michigan Sabbath-School Association,American Conferences,Michigan,,,United States
1893,33,Mary S. Evans,Evans,,,female,Secretary and Treasurer,,Michigan Sabbath-School Association,American Conferences,Michigan,,,United States
1893,33,I. H. Evans,Evans,,,male,Executive Committee Member,,Michigan Sabbath-School Association,American Conferences,Michigan,,,United States
1893,33,D. E. Wellman,Wellman,,,male,Executive Committee Member,,Michigan Sabbath-School Association,American Conferences,Michigan,,,United States
1893,33,N. W. Allee,Allee,,,male,Minister,,Minnesota Conference,American Conferences,Minnesota,,,United States
1893,33,G. Byron Tripp,Tripp,,,male,Minister,,Minnesota Conference,American Conferences,Minnesota,,,United States
1893,33,W. B. Hill,Hill,,,male,Minister,,Minnesota Conference,American Conferences,Minnesota,,,United States
1893,33,D. P. Curtis,Curtis,,,male,Minister,,Minnesota Conference,American Conferences,Minnesota,,,United States
1893,33,Andrew Mead,Mead,,,male,Minister,,Minnesota Conference,American Conferences,Minnesota,,,United States
1893,33,E. A. Curtis,Curtis,,,male,Minister,,Minnesota Conference,American Conferences,Minnesota,,,United States
1893,33,John Hoffman,Hoffman,,,male,Minister,,Minnesota Conference,American Conferences,Minnesota,,,United States
1893,33,H. F. Graf,Graf,,,male,Minister,,Minnesota Conference,American Conferences,Minnesota,,,United States
1893,33,J. S. Shrock,Shrock,,,male,Minister,,Minnesota Conference,American Conferences,Minnesota,,,United States
1893,33,H. F. Phelps,Phelps,,,male,Minister,,Minnesota Conference,American Conferences,Minnesota,,,United States
1893,33,J. J. Graf,Graf,,,male,Minister,,Minnesota Conference,American Conferences,Minnesota,,,United States
1893,33,W. A. Aiway,Aiway,,,male,Licentiate,,Minnesota Conference,American Conferences,Minnesota,,,United States
1893,33,E. Hilliard,Hilliard,,,male,Licentiate,,Minnesota Conference,American Conferences,Minnesota,,,United States
1893,33,O. P. Norderhus,Norderhus,,,male,Licentiate,,Minnesota Conference,American Conferences,Minnesota,,,United States
1893,33,H. J. Duerkson,Duerkson,,,male,Licentiate,,Minnesota Conference,American Conferences,Minnesota,,,United States
1893,33,F. B. Johnson,Johnson,,,male,Licentiate,,Minnesota Conference,American Conferences,Minnesota,,,United States
1893,33,M. A. Winchell,Winchell,,,male,Licentiate,,Minnesota Conference,American Conferences,Minnesota,,,United States
1893,33,C. M. Everest,Everest,,,male,Missionary License,,Minnesota Conference,American Conferences,Minnesota,,,United States
1893,33,M. H. Ellis,Ellis,,,male,Missionary License,,Minnesota Conference,American Conferences,Minnesota,,,United States
1893,33,Mrs. I. P. Ellis,Ellis,Mrs.,,female,Missionary License,,Minnesota Conference,American Conferences,Minnesota,,,United States
1893,33,Mrs. Ida Hilliard,Hilliard,Mrs.,,female,Missionary License,,Minnesota Conference,American Conferences,Minnesota,,,United States
1893,33,Fred Norton,Norton,,,male,Missionary License,,Minnesota Conference,American Conferences,Minnesota,,,United States
1893,33,John H. Behrens,Behrens,,,male,Missionary License,,Minnesota Conference,American Conferences,Minnesota,,,United States
1893,33,W. A. Sweeney,Sweeney,,,male,Missionary License,,Minnesota Conference,American Conferences,Minnesota,,,United States
1893,33,Geo. G. Johnson,Johnson,,,male,Missionary License,,Minnesota Conference,American Conferences,Minnesota,,,United States
1893,33,Thos. G. Whitelock,Whitelock,,,male,Missionary License,,Minnesota Conference,American Conferences,Minnesota,,,United States
1893,33,N. W. Allee,Allee,,,male,President,,Minnesota Conference,American Conferences,Minnesota,,,United States
1893,33,H. F. Phelps,Phelps,,,male,Secretary,,Minnesota Conference,American Conferences,Minnesota,,,United States
1893,33,C. N. Woodward,Woodward,,,male,Treasurer,,Minnesota Conference,American Conferences,Minnesota,,,United States
1893,33,J. J. Graf,Graf,,,male,Executive Committee Member,,Minnesota Conference,American Conferences,Minnesota,,,United States
1893,33,G. B. Tripp,Tripp,,,male,Executive Committee Member,,Minnesota Conference,American Conferences,Minnesota,,,United States
1893,33,John Hoffman,Hoffman,,,male,Executive Committee Member,,Minnesota Conference,American Conferences,Minnesota,,,United States
1893,33,N. W. Allee,Allee,,,male,President,,Minnesota Tract Society,American Conferences,Minnesota,,,United States
1893,33,G. B. Tripp,Tripp,,,male,Vice-President,,Minnesota Tract Society,American Conferences,Minnesota,,,United States
1893,33,C. N. Woodward,Woodward,,,male,Secretary and Treasurer,,Minnesota Tract Society,American Conferences,Minnesota,,,United States
1893,33,L. B. Losey,Losey,,,male,Assistant Secretary,,Minnesota Tract Society,American Conferences,Minnesota,,,United States
1893,33,Mrs. A. E. Ellis,Ellis,Mrs.,,female,Corresponding Secretary,,Minnesota Tract Society,American Conferences,Minnesota,,,United States
1893,33,C. M. Everest,Everest,,,male,Canvassing Agent,,Minnesota Tract Society,American Conferences,Minnesota,,,United States
1893,33,M. A. Winchell,Winchell,,,male,Director,Dist. No. 1,Minnesota Tract Society,American Conferences,Minnesota,,,United States
1893,33,M. H. Ellis,Ellis,,,male,Director,Dist. Nos. 2 and 3,Minnesota Tract Society,American Conferences,Minnesota,,,United States
1893,33,F. B. Johnson,Johnson,,,male,Director,Dist. Nos. 4 and 5,Minnesota Tract Society,American Conferences,Minnesota,,,United States
1893,33,E. Hilliard,Hilliard,,,male,Director,Dist. Nos. 6 and 8,Minnesota Tract Society,American Conferences,Minnesota,,,United States
1893,33,N. W. Allee,Allee,,,male,Director,Dist. No. 7,Minnesota Tract Society,American Conferences,Minnesota,,,United States
1893,33,Andrew Mead,Mead,,,male,Director,Dist. Nos. 9 and 10,Minnesota Tract Society,American Conferences,Minnesota,,,United States
1893,33,E. A. Curtis,Curtis,,,male,Vice-President,,Minnesota Sabbath-School Association,American Conferences,Minnesota,,,United States
1893,33,Alberta L. Little,Little,,,female,Secretary,,Minnesota Sabbath-School Association,American Conferences,Minnesota,,,United States
1893,33,H. F. Graf,Graf,,,male,Executive Committee Member,,Minnesota Sabbath-School Association,American Conferences,Minnesota,,,United States
1893,33,John Hoffman,Hoffman,,,male,Executive Committee Member,,Minnesota Sabbath-School Association,American Conferences,Minnesota,,,United States
1893,33,W. S. Hyatt,Hyatt,,,male,Minister,,Missouri Conference,American Conferences,Missouri,,,United States
1893,33,C. H. Chaffee,Chaffee,,,male,Minister,,Missouri Conference,American Conferences,Missouri,,,United States
1893,33,C. Santee,Santee,,,male,Minister,,Missouri Conference,American Conferences,Missouri,,,United States
1893,33,J. B. Beckner,Beckner,,,male,Minister,,Missouri Conference,American Conferences,Missouri,,,United States
1893,33,H. K. Willis,Willis,,,male,Minister,,Missouri Conference,American Conferences,Missouri,,,United States
1893,33,Geo. M. Ellis,Ellis,,,male,Licentiate,,Missouri Conference,American Conferences,Missouri,,,United States
1893,33,H. E. Giddings,Giddings,,,male,Licentiate,,Missouri Conference,American Conferences,Missouri,,,United States
1893,33,H. L. Hoover,Hoover,,,male,Licentiate,,Missouri Conference,American Conferences,Missouri,,,United States
1893,33,A. E. Flowers,Flowers,,,male,Licentiate,,Missouri Conference,American Conferences,Missouri,,,United States
1893,33,W. B. Tovey,Tovey,,,male,Missionary License,,Missouri Conference,American Conferences,Missouri,,,United States
1893,33,Mrs. E. S. Tovey,Tovey,Mrs.,,female,Missionary License,,Missouri Conference,American Conferences,Missouri,,,United States
1893,33,Mrs. R. E. Flowers,Flowers,Mrs.,,female,Missionary License,,Missouri Conference,American Conferences,Missouri,,,United States
1893,33,Miss Eva Wick,Wick,Miss,,female,Missionary License,,Missouri Conference,American Conferences,Missouri,,,United States
1893,33,P. E. Ferrin,Ferrin,,,male,Missionary License,,Missouri Conference,American Conferences,Missouri,,,United States
1893,33,T. J. Sellards,Sellards,,,male,Missionary License,,Missouri Conference,American Conferences,Missouri,,,United States
1893,33,W. S. Hyatt,Hyatt,,,male,President,,Missouri Conference,American Conferences,Missouri,,,United States
1893,33,J. J. Nichols,Nichols,,,male,Secretary,,Missouri Conference,American Conferences,Missouri,,,United States
1893,33,W. B. Tovey,Tovey,,,male,Treasurer,,Missouri Conference,American Conferences,Missouri,,,United States
1893,33,C. H. Chaffee,Chaffee,,,male,Executive Committee Member,,Missouri Conference,American Conferences,Missouri,,,United States
1893,33,A. E. Flowers,Flowers,,,male,Executive Committee Member,,Missouri Conference,American Conferences,Missouri,,,United States
1893,33,H. Hoover,Hoover,,,male,Executive Committee Member,,Missouri Conference,American Conferences,Missouri,,,United States
1893,35,S. H. Lane,Lane,,,male,Minister,,New York Conference,American Conferences,New York,,,United States
1893,35,C. O. Taylor,Taylor,,,male,Minister,,New York Conference,American Conferences,New York,,,United States
1893,35,F. Wheeler,Wheeler,,,male,Minister,,New York Conference,American Conferences,New York,,,United States
1893,35,H. H. Wilcox,Wilcox,,,male,Minister,,New York Conference,American Conferences,New York,,,United States
1893,35,F. Peabody,Peabody,,,male,Minister,,New York Conference,American Conferences,New York,,,United States
1893,35,J. W. Raymond,Raymond,,,male,Minister,,New York Conference,American Conferences,New York,,,United States
1893,35,A. E. Place,Place,,,male,Minister,,New York Conference,American Conferences,New York,,,United States
1893,35,D. A. Ball,Ball,,,male,Minister,,New York Conference,American Conferences,New York,,,United States
1893,35,J. V. Willson,Willson,,,male,Licentiate,,New York Conference,American Conferences,New York,,,United States
1893,35,H. L. Bristol,Bristol,,,male,Licentiate,,New York Conference,American Conferences,New York,,,United States
1893,35,H. G. Thurston,Thurston,,,male,Licentiate,,New York Conference,American Conferences,New York,,,United States
1893,35,J. B. Stow,Stow,,,male,Licentiate,,New York Conference,American Conferences,New York,,,United States
1893,35,P. Z. Kinne,Kinne,,,male,Licentiate,,New York Conference,American Conferences,New York,,,United States
1893,35,Sam'l Thurston,Thurston,,,male,Licentiate,,New York Conference,American Conferences,New York,,,United States
1893,35,S. M. Cobb,Cobb,,,male,Licentiate,,New York Conference,American Conferences,New York,,,United States
1893,35,S. H. Lane,Lane,,,male,President,,New York Conference,American Conferences,New York,,,United States
1893,35,J. V. Willson,Willson,,,male,Secretary and Treasurer,,New York Conference,American Conferences,New York,,,United States
1893,35,P. Z. Kinne,Kinne,,,male,Executive Committee,,New York Conference,American Conferences,New York,,,United States
1893,35,D. A. Ball,Ball,,,male,Executive Committee,,New York Conference,American Conferences,New York,,,United States
1893,35,N. S. Washbond,Washbond,,,male,Executive Committee,,New York Conference,American Conferences,New York,,,United States
1893,35,Chas. W. Lindsay,Lindsay,,,male,Executive Committee,,New York Conference,American Conferences,New York,,,United States
1893,35,S. H. Lane,Lane,,,male,President,,New York Tract Society,American Conferences,New York,,,United States
1893,35,N. S. Washbond,Washbond,,,male,Vice-President,,New York Tract Society,American Conferences,New York,,,United States
1893,35,J. V. Willson,Willson,,,male,Secretary and Treasurer,,New York Tract Society,American Conferences,New York,,,United States
1893,35,J. R. Calkins,Calkins,,,male,Canvassing Agent,,New York Tract Society,American Conferences,New York,,,United States
1893,35,W. C. Eaton,Eaton,,,male,Director,Dist. No. 1,New York Tract Society,American Conferences,New York,,,United States
1893,35,F. Wheeler,Wheeler,,,male,Director,Dist. No. 2,New York Tract Society,American Conferences,New York,,,United States
1893,35,H. D. Church,Church,,,male,Director,Dist. No. 3,New York Tract Society,American Conferences,New York,,,United States
1893,35,S. M. Cobb,Cobb,,,male,Director,Dist. No. 4,New York Tract Society,American Conferences,New York,,,United States
1893,35,Geo. B. Stevens,Stevens,,,male,Director,Dist. No. 5,New York Tract Society,American Conferences,New York,,,United States
1893,35,David Carr,Carr,,,male,Director,Dist. No. 6,New York Tract Society,American Conferences,New York,,,United States
1893,35,T. T. Wheeler,Wheeler,,,male,Director,Dist. No. 7,New York Tract Society,American Conferences,New York,,,United States
1893,35,C. Gilbert,Gilbert,,,male,Director,Dist. No. 8,New York Tract Society,American Conferences,New York,,,United States
1893,35,Wm. Groff,Groff,,,male,Director,Dist. No. 9,New York Tract Society,American Conferences,New York,,,United States
1893,35,J. E. Rose,Rose,,,male,Director,Dist. No. 10,New York Tract Society,American Conferences,New York,,,United States
1893,35,Wm. Simkin,Simkin,,,male,Director,Dist. No. 11,New York Tract Society,American Conferences,New York,,,United States
1893,35,S. Thurston,Thurston,,,male,Director,Dist. No. 12,New York Tract Society,American Conferences,New York,,,United States
1893,35,Luther Warren,Warren,,,male,President,,New York Sabbath-School Association,American Conferences,New York,,,United States
1893,35,N. Y. Burdick,Burdick,,,male,Vice-President,,New York Sabbath-School Association,American Conferences,New York,,,United States
1893,35,Mrs. Luther Warren,Warren,Mrs.,,female,Secretary and Treasurer,,New York Sabbath-School Association,American Conferences,New York,,,United States
1893,35,W. W. Sharp,Sharp,,,male,Minister,,North Pacific Conference,American Conferences,North Pacific,,,United States
1893,35,T. H. Starbuck,Starbuck,,,male,Minister,,North Pacific Conference,American Conferences,North Pacific,,,United States
1893,35,W. C. Ward,Ward,,,male,Minister,,North Pacific Conference,American Conferences,North Pacific,,,United States
1893,35,Isaac Morrison,Morrison,,,male,Minister,,North Pacific Conference,American Conferences,North Pacific,,,United States
1893,35,Fried. Jorg,Jorg,,,male,Minister,,North Pacific Conference,American Conferences,North Pacific,,,United States
1893,35,J. E. Fulton,Fulton,,,male,Minister,,North Pacific Conference,American Conferences,North Pacific,,,United States
1893,35,D. T. Fero,Fero,,,male,Minister,,North Pacific Conference,American Conferences,North Pacific,,,United States
1893,35,J. E. Graham,Graham,,,male,Licentiate,,North Pacific Conference,American Conferences,North Pacific,,,United States
1893,35,J. C. Bunch,Bunch,,,male,Licentiate,,North Pacific Conference,American Conferences,North Pacific,,,United States
1893,35,R. D. Benham,Benham,,,male,Licentiate,,North Pacific Conference,American Conferences,North Pacific,,,United States
1893,35,E. D. Hurlburt,Hurlburt,,,male,Missionary License,,North Pacific Conference,American Conferences,North Pacific,,,United States
1893,35,L. A. Logan,Logan,,,male,Missionary License,,North Pacific Conference,American Conferences,North Pacific,,,United States
1893,35,S. W. Nellis,Nellis,,,male,Missionary License,,North Pacific Conference,American Conferences,North Pacific,,,United States
1893,35,B. C. Tabor,Tabor,,,male,Missionary License,,North Pacific Conference,American Conferences,North Pacific,,,United States
1893,35,A. D. Guthrie,Guthrie,,,male,Missionary License,,North Pacific Conference,American Conferences,North Pacific,,,United States
1893,35,Olive Johnson,Johnson,,,female,Missionary License,,North Pacific Conference,American Conferences,North Pacific,,,United States
1893,35,Olive Smith,Smith,,,female,Missionary License,,North Pacific Conference,American Conferences,North Pacific,,,United States
1893,35,Ailettie E. Johnson,Johnson,,,female,Missionary License,,North Pacific Conference,American Conferences,North Pacific,,,United States
1893,35,Addie J. Foster,Foster,,,female,Missionary License,,North Pacific Conference,American Conferences,North Pacific,,,United States
1893,35,Mrs. A. F. Coats,Coats,Mrs.,,female,Missionary License,,North Pacific Conference,American Conferences,North Pacific,,,United States
1893,35,Mrs. E. F. Cook,Cook,Mrs.,,female,Missionary License,,North Pacific Conference,American Conferences,North Pacific,,,United States
1893,35,J. L. Wilson,Wilson,,,male,Missionary License,,North Pacific Conference,American Conferences,North Pacific,,,United States
1893,35,J. E. Graham,Graham,,,male,President,,North Pacific Conference,American Conferences,North Pacific,,,United States
1893,35,Geo. E. Henton,Henton,,,male,Secretary,,North Pacific Conference,American Conferences,North Pacific,,,United States
1893,35,T. H. Starbuck,Starbuck,,,male,Treasurer,,North Pacific Conference,American Conferences,North Pacific,,,United States
1893,35,E. D. Hurlburt,Hurlburt,,,male,Executive Committee,,North Pacific Conference,American Conferences,North Pacific,,,United States
1893,35,W. W. Sharp,Sharp,,,male,Executive Committee,,North Pacific Conference,American Conferences,North Pacific,,,United States
1893,35,J. E. Graham,Graham,,,male,President,,North Pacific Tract Society,American Conferences,North Pacific,,,United States
1893,35,Geo. E. Henton,Henton,,,male,Secretary and Treasurer,,North Pacific Tract Society,American Conferences,North Pacific,,,United States
1893,35,A. D. Guthrie,Guthrie,,,male,Canvassing Agent,,North Pacific Tract Society,American Conferences,North Pacific,,,United States
1893,35,B. C. Tabor,Tabor,,,male,Director,Dist. No. 1,North Pacific Tract Society,American Conferences,North Pacific,,,United States
1893,35,L. A. Logan,Logan,,,male,Director,Dist. No. 2,North Pacific Tract Society,American Conferences,North Pacific,,,United States
1893,35,E. D. Hurlburt,Hurlburt,,,male,Director,Dist. No. 3,North Pacific Tract Society,American Conferences,North Pacific,,,United States
1893,35,S. W. Nellis,Nellis,,,male,Director,Dist. No. 4,North Pacific Tract Society,American Conferences,North Pacific,,,United States
1893,35,J. E. Fulton,Fulton,,,male,President,,North Pacific Sabbath-School Association,American Conferences,North Pacific,,,United States
1893,35,W. W. Sharp,Sharp,,,male,Vice-President,,North Pacific Sabbath-School Association,American Conferences,North Pacific,,,United States
1893,35,Mrs. Luella Ward,Ward,Mrs.,,female,Secretary,,North Pacific Sabbath-School Association,American Conferences,North Pacific,,,United States
1893,35,W. C. Ward,Ward,,,male,Executive Committee,,North Pacific Sabbath-School Association,American Conferences,North Pacific,,,United States
1893,35,T. H. Starbuck,Starbuck,,,male,Executive Committee,,North Pacific Sabbath-School Association,American Conferences,North Pacific,,,United States
1893,35,Geo. A. Irwin,Irwin,,,male,Minister,,Ohio Conference,American Conferences,Ohio,,,United States
1893,35,H. M. Mitchell,Mitchell,,,male,Minister,,Ohio Conference,American Conferences,Ohio,,,United States
1893,35,E. J. Van Horn,Van Horn,,,male,Minister,,Ohio Conference,American Conferences,Ohio,,,United States
1893,35,W. H. Saxby,Saxby,,,male,Minister,,Ohio Conference,American Conferences,Ohio,,,United States
1893,35,J. G. Wood,Wood,,,male,Minister,,Ohio Conference,American Conferences,Ohio,,,United States
1893,35,O. F. Guilford,Guilford,,,male,Minister,,Ohio Conference,American Conferences,Ohio,,,United States
1893,35,H. H. Burkholder,Burkholder,,,male,Minister,,Ohio Conference,American Conferences,Ohio,,,United States
1893,35,D. E. Lindsay,Lindsay,,,male,Minister,,Ohio Conference,American Conferences,Ohio,,,United States
1893,35,J. S. Iles,Iles,,,male,Minister,,Ohio Conference,American Conferences,Ohio,,,United States
1893,35,C. P. Haskell,Haskell,,,male,Minister,,Ohio Conference,American Conferences,Ohio,,,United States
1893,35,A. C. Shannon,Shannon,,,male,Licentiate,,Ohio Conference,American Conferences,Ohio,,,United States
1893,35,W. L. Iles,Iles,,,male,Licentiate,,Ohio Conference,American Conferences,Ohio,,,United States
1893,35,Albert Carey,Carey,,,male,Licentiate,,Ohio Conference,American Conferences,Ohio,,,United States
1893,35,S. G. Haughey,Haughey,,,male,Licentiate,,Ohio Conference,American Conferences,Ohio,,,United States
1893,35,H. A. Cook,Cook,,,male,Licentiate,,Ohio Conference,American Conferences,Ohio,,,United States
1893,35,Mrs. E. M. Swift,Swift,Mrs.,,female,Missionary License,,Ohio Conference,American Conferences,Ohio,,,United States
1893,35,Miss Anna B. Stevens,Stevens,Miss,,female,Missionary License,,Ohio Conference,American Conferences,Ohio,,,United States
1893,35,Miss Ella M. Talmage,Talmage,Miss,,female,Missionary License,,Ohio Conference,American Conferences,Ohio,,,United States
1893,35,Miss Ammy Welsh,Welsh,Miss,,female,Missionary License,,Ohio Conference,American Conferences,Ohio,,,United States
1893,35,Miss Lucy B. Post,Post,Miss,,female,Missionary License,,Ohio Conference,American Conferences,Ohio,,,United States
1893,35,Mrs. P. Alderman,Alderman,Mrs.,,female,Missionary License,,Ohio Conference,American Conferences,Ohio,,,United States
1893,35,Miss C. A. Patchen,Patchen,Miss,,female,Missionary License,,Ohio Conference,American Conferences,Ohio,,,United States
1893,35,Miss Jessie B. Sweet,Sweet,Miss,,female,Missionary License,,Ohio Conference,American Conferences,Ohio,,,United States
1893,35,Geo. A. Irwin,Irwin,,,male,President,,Ohio Conference,American Conferences,Ohio,,,United States
1893,35,L. T. Dysert,Dysert,,,male,Secretary,,Ohio Conference,American Conferences,Ohio,,,United States
1893,35,D. K. Mitchell,Mitchell,,,male,Treasurer,,Ohio Conference,American Conferences,Ohio,,,United States
1893,35,H. M. Mitchell,Mitchell,,,male,Executive Committee,,Ohio Conference,American Conferences,Ohio,,,United States
1893,35,E. J. Van Horn,Van Horn,,,male,Executive Committee,,Ohio Conference,American Conferences,Ohio,,,United States
1893,35,J. G. Wood,Wood,,,male,Executive Committee,,Ohio Conference,American Conferences,Ohio,,,United States
1893,35,W. H. Saxby,Saxby,,,male,Executive Committee,,Ohio Conference,American Conferences,Ohio,,,United States
1893,36,H. M. Mitchell,Mitchell,,,male,President,Tract Society,Ohio Conference,State Conference Directories,Ohio,,,United States
1893,36,E. J. Van Horn,Van Horn,,,male,Vice-President,Tract Society,Ohio Conference,State Conference Directories,Ohio,,,United States
1893,36,L. T. Dysert,Dysert,,,male,Secretary and Treasurer,Tract Society,Ohio Conference,State Conference Directories,Ohio,,,United States
1893,36,Estella Houser,Houser,,,female,Corresponding Secretary,Tract Society,Ohio Conference,State Conference Directories,Ohio,,,United States
1893,36,S. G. Haughey,Haughey,,,male,Canvassing Agent,Tract Society,Ohio Conference,State Conference Directories,Ohio,,,United States
1893,36,E. B. Haughey,Haughey,,,male,Director,"Tract Society, Dist. No. 1",Ohio Conference,State Conference Directories,Ohio,,,United States
1893,36,Wm. Woodford,Woodford,,,male,Director,"Tract Society, Dist. No. 2",Ohio Conference,State Conference Directories,Ohio,,,United States
1893,36,C. P. Haskell,Haskell,,,male,Director,"Tract Society, Dist. No. 3",Ohio Conference,State Conference Directories,Ohio,,,United States
1893,36,E. A. Merriam,Merriam,,,male,Director,"Tract Society, Dist. No. 4",Ohio Conference,State Conference Directories,Ohio,,,United States
1893,36,R. A. Boardman,Boardman,,,male,Director,"Tract Society, Dist. No. 5",Ohio Conference,State Conference Directories,Ohio,,,United States
1893,36,N. O. Coffman,Coffman,,,male,Director,"Tract Society, Dist. No. 6",Ohio Conference,State Conference Directories,Ohio,,,United States
1893,36,J. E. Scanlan,Scanlan,,,male,Director,"Tract Society, Dist. No. 7",Ohio Conference,State Conference Directories,Ohio,,,United States
1893,36,A. C. Shannon,Shannon,,,male,Director,"Tract Society, Dist. No. 8",Ohio Conference,State Conference Directories,Ohio,,,United States
1893,36,H. H. Burkholder,Burkholder,,,male,President,Sabbath-School Association,Ohio Conference,State Conference Directories,Ohio,,,United States
1893,36,Albert Carey,Carey,,,male,Vice-President,Sabbath-School Association,Ohio Conference,State Conference Directories,Ohio,,,United States
1893,36,Ida M. Walters,Walters,,,female,Secretary,Sabbath-School Association,Ohio Conference,State Conference Directories,Ohio,,,United States
1893,36,E. J. Van Horn,Van Horn,,,male,Executive Committee Member,Sabbath-School Association,Ohio Conference,State Conference Directories,Ohio,,,United States
1893,36,Mrs. E. M. Swift,Swift,Mrs.,,female,Executive Committee Member,Sabbath-School Association,Ohio Conference,State Conference Directories,Ohio,,,United States
1893,36,R. H. Brock,Brock,,,male,Minister,,Oklahoma and Indian Territory,State Conference Directories,Oklahoma and Indian Territory,,,United States
1893,36,E. T. Russell,Russell,,,male,Minister,,Oklahoma and Indian Territory,State Conference Directories,Oklahoma and Indian Territory,,,United States
1893,36,Mrs. R. H. Brock,Brock,Mrs.,,female,Secretary for the Territory,,Oklahoma and Indian Territory,State Conference Directories,Oklahoma and Indian Territory,,,United States
1893,36,R. H. Brock,Brock,,,male,President,Sabbath-School Association,Oklahoma and Indian Territory,State Conference Directories,Oklahoma and Indian Territory,,,United States
1893,36,Mrs. Inez Stoops,Stoops,Mrs.,,female,Secretary and Treasurer,Sabbath-School Association,Oklahoma and Indian Territory,State Conference Directories,Oklahoma and Indian Territory,,,United States
1893,36,E. J. Hibbard,Hibbard,,,male,Minister,,Pennsylvania Conference,State Conference Directories,Pennsylvania,,,United States
1893,36,K. C. Russell,Russell,,,male,Minister,,Pennsylvania Conference,State Conference Directories,Pennsylvania,,,United States
1893,36,J. G. Saunders,Saunders,,,male,Minister,,Pennsylvania Conference,State Conference Directories,Pennsylvania,,,United States
1893,36,J. L. Baker,Baker,,,male,Minister,,Pennsylvania Conference,State Conference Directories,Pennsylvania,,,United States
1893,36,M. D. Mattson,Mattson,,,male,Licentiate,,Pennsylvania Conference,State Conference Directories,Pennsylvania,,,United States
1893,36,J. M. Kutz,Kutz,,,male,Licentiate,,Pennsylvania Conference,State Conference Directories,Pennsylvania,,,United States
1893,36,I. N. Williams,Williams,,,male,President,Conference,Pennsylvania Conference,State Conference Directories,Pennsylvania,,,United States
1893,36,E. J. Hibbard,Hibbard,,,male,Vice-President,Conference,Pennsylvania Conference,State Conference Directories,Pennsylvania,,,United States
1893,36,W. M. Lee,Lee,,,male,Secretary and Treasurer,Conference,Pennsylvania Conference,State Conference Directories,Pennsylvania,,,United States
1893,36,J. W. Raymond,Raymond,,,male,Executive Committee Member,Conference,Pennsylvania Conference,State Conference Directories,Pennsylvania,,,United States
1893,36,F. W. Spies,Spies,,,male,Executive Committee Member,Conference,Pennsylvania Conference,State Conference Directories,Pennsylvania,,,United States
1893,36,E. J. Hibbard,Hibbard,,,male,President,Tract Society,Pennsylvania Conference,State Conference Directories,Pennsylvania,,,United States
1893,36,Miles D. Mattson,Mattson,,,male,Vice-President,Tract Society,Pennsylvania Conference,State Conference Directories,Pennsylvania,,,United States
1893,36,W. M. Lee,Lee,,,male,Secretary and Treasurer,Tract Society,Pennsylvania Conference,State Conference Directories,Pennsylvania,,,United States
1893,36,Amelia Cook,Cook,,,female,Corresponding Secretary,Tract Society,Pennsylvania Conference,State Conference Directories,Pennsylvania,,,United States
1893,36,I. N. Williams,Williams,,,male,Director,"Tract Society, Dist. No. 1",Pennsylvania Conference,State Conference Directories,Pennsylvania,,,United States
1893,36,S. W. Armor,Armor,,,male,Director,"Tract Society, Dist. No. 2",Pennsylvania Conference,State Conference Directories,Pennsylvania,,,United States
1893,36,John Quinn,Quinn,,,male,Director,"Tract Society, Dist. No. 3",Pennsylvania Conference,State Conference Directories,Pennsylvania,,,United States
1893,36,Jefferson Loughhead,Loughhead,,,male,Director,"Tract Society, Dist. No. 4",Pennsylvania Conference,State Conference Directories,Pennsylvania,,,United States
1893,36,J. M. Kutz,Kutz,,,male,Director,"Tract Society, Dist. No. 5",Pennsylvania Conference,State Conference Directories,Pennsylvania,,,United States
1893,36,John Quinn,Quinn,,,male,President,Sabbath-School Association,Pennsylvania Conference,State Conference Directories,Pennsylvania,,,United States
1893,36,Anna L. Baer,Baer,,,female,Secretary and Treasurer,Sabbath-School Association,Pennsylvania Conference,State Conference Directories,Pennsylvania,,,United States
1893,36,M. D. Mattson,Mattson,,,male,Executive Committee Member,Sabbath-School Association,Pennsylvania Conference,State Conference Directories,Pennsylvania,,,United States
1893,36,Jefferson Loughhead,Loughhead,,,male,Executive Committee Member,Sabbath-School Association,Pennsylvania Conference,State Conference Directories,Pennsylvania,,,United States
1893,36,J. B. Goodrich,Goodrich,,,male,Minister,,Quebec Conference,State Conference Directories,Quebec,,,Canada
1893,36,H. E. Rickard,Rickard,,,male,Licentiate,,Quebec Conference,State Conference Directories,Quebec,,,Canada
1893,36,J. B. Goodrich,Goodrich,,,male,President,Conference,Quebec Conference,State Conference Directories,Quebec,,,Canada
1893,36,Mrs. A. E. Taylor,Taylor,Mrs.,,female,Secretary and Treasurer,Conference,Quebec Conference,State Conference Directories,Quebec,,,Canada
1893,36,H. E. Rickard,Rickard,,,male,Executive Committee Member,Conference,Quebec Conference,State Conference Directories,Quebec,,,Canada
1893,36,Darwin Dingman,Dingman,,,male,Executive Committee Member,Conference,Quebec Conference,State Conference Directories,Quebec,,,Canada
1893,36,H. E. Rickard,Rickard,,,male,President,Tract Society,Quebec Conference,State Conference Directories,Quebec,,,Canada
1893,36,Mrs. A. E. Taylor,Taylor,Mrs.,,female,Secretary and Treasurer,Tract Society,Quebec Conference,State Conference Directories,Quebec,,,Canada
1893,36,A. E. Taylor,Taylor,,,male,Canvassing Agent,Tract Society,Quebec Conference,State Conference Directories,Quebec,,,Canada
1893,36,H. W. Libby,Libby,,,male,Director,"Tract Society, Dist. No. 1",Quebec Conference,State Conference Directories,Quebec,,,Canada
1893,36,G. A. Cushing,Cushing,,,male,Director,"Tract Society, Dist. No. 2",Quebec Conference,State Conference Directories,Quebec,,,Canada
1893,36,H. A. Lewis,Lewis,,,male,Director,"Tract Society, Dist. No. 3",Quebec Conference,State Conference Directories,Quebec,,,Canada
1893,36,Louis Gobielle,Gobielle,,,male,Director,"Tract Society, Dist. No. 4",Quebec Conference,State Conference Directories,Quebec,,,Canada
1893,36,Mrs. R. S. Owen,Owen,Mrs.,,female,President,Sabbath-School Association,Quebec Conference,State Conference Directories,Quebec,,,Canada
1893,36,Walter J. Blake,Blake,,,male,Secretary and Treasurer,Sabbath-School Association,Quebec Conference,State Conference Directories,Quebec,,,Canada
1893,36,N. P. Nelson,Nelson,,,male,Minister,,South Dakota Conference,State Conference Directories,South Dakota,,,United States
1893,36,N. W. Kauble,Kauble,,,male,Minister,,South Dakota Conference,State Conference Directories,South Dakota,,,United States
1893,36,S. B. Whitney,Whitney,,,male,Minister,,South Dakota Conference,State Conference Directories,South Dakota,,,United States
1893,36,Valentine Leer,Leer,,,male,Minister,,South Dakota Conference,State Conference Directories,South Dakota,,,United States
1893,36,M. Stremann,Stremann,,,male,Minister,,South Dakota Conference,State Conference Directories,South Dakota,,,United States
1893,36,C. P. Frederickson,Frederickson,,,male,Minister,,South Dakota Conference,State Conference Directories,South Dakota,,,United States
1893,36,Luther Warren,Warren,,,male,Minister,,South Dakota Conference,State Conference Directories,South Dakota,,,United States
1893,36,Conrad Reiswig,Reiswig,,,male,Licentiate,,South Dakota Conference,State Conference Directories,South Dakota,,,United States
1893,36,L. M. Crowther,Crowther,,,male,Licentiate,,South Dakota Conference,State Conference Directories,South Dakota,,,United States
1893,36,Geo. A. Wheeler,Wheeler,,,male,Licentiate,,South Dakota Conference,State Conference Directories,South Dakota,,,United States
1893,36,Abraham Voth,Voth,,,male,Licentiate,,South Dakota Conference,State Conference Directories,South Dakota,,,United States
1893,36,Conrad Reimche,Reimche,,,male,Licentiate,,South Dakota Conference,State Conference Directories,South Dakota,,,United States
1893,36,I. N. Williams,Williams,,,male,Licentiate,,Pennsylvania Conference,State Conference Directories,Pennsylvania,,,United States
1893,37,E. O. Burgess,Burgess,,,male,Missionary License,,North Dakota Conference,Miscellaneous Canadian Conferences,North Dakota,,,United States
1893,37,Frank Gravelle,Gravelle,,,male,Missionary License,,North Dakota Conference,Miscellaneous Canadian Conferences,North Dakota,,,United States
1893,37,R. A. Burdick,Burdick,,,male,Missionary License,,North Dakota Conference,Miscellaneous Canadian Conferences,North Dakota,,,United States
1893,37,T. L. Gerge,Gerge,,,male,Missionary License,,North Dakota Conference,Miscellaneous Canadian Conferences,North Dakota,,,United States
1893,37,A. D. Buller,Buller,,,male,Missionary License,,North Dakota Conference,Miscellaneous Canadian Conferences,North Dakota,,,United States
1893,37,Hattie E. Kauble,Kauble,,,female,Missionary License,,North Dakota Conference,Miscellaneous Canadian Conferences,North Dakota,,,United States
1893,37,Mrs. S. B. Whitney,Whitney,Mrs.,,female,Missionary License,,North Dakota Conference,Miscellaneous Canadian Conferences,North Dakota,,,United States
1893,37,F. H. Robinson,Robinson,,,male,Missionary License,,North Dakota Conference,Miscellaneous Canadian Conferences,North Dakota,,,United States
1893,37,Ella Nesmith,Nesmith,,,female,Missionary License,,North Dakota Conference,Miscellaneous Canadian Conferences,North Dakota,,,United States
1893,37,G. Christenson,Christenson,,,male,Missionary License,,North Dakota Conference,Miscellaneous Canadian Conferences,North Dakota,,,United States
1893,37,N. P. Nelson,Nelson,,,male,President,,North Dakota Conference,Miscellaneous Canadian Conferences,North Dakota,,,United States
1893,37,L. E. Holdeman,Holdeman,,,male,Secretary,,North Dakota Conference,Miscellaneous Canadian Conferences,North Dakota,,,United States
1893,37,Alice H. Robinson,Robinson,,,female,Treasurer,,North Dakota Conference,Miscellaneous Canadian Conferences,North Dakota,,,United States
1893,37,C. Relswig,Relswig,,,male,Executive Committee,,North Dakota Conference,Miscellaneous Canadian Conferences,North Dakota,,,United States
1893,37,N. W. Kauble,Kauble,,,male,Executive Committee,,North Dakota Conference,Miscellaneous Canadian Conferences,North Dakota,,,United States
1893,37,O. A. Johnson,Johnson,,,male,Executive Committee,,North Dakota Conference,Miscellaneous Canadian Conferences,North Dakota,,,United States
1893,37,N. P. Nelson,Nelson,,,male,President,,North Dakota Tract Society,Miscellaneous Canadian Conferences,North Dakota,,,United States
1893,37,N. W. Kauble,Kauble,,,male,Vice-President,,North Dakota Tract Society,Miscellaneous Canadian Conferences,North Dakota,,,United States
1893,37,Alice H. Robinson,Robinson,,,female,Secretary and Treasurer,,North Dakota Tract Society,Miscellaneous Canadian Conferences,North Dakota,,,United States
1893,37,F. H. Robinson,Robinson,,,male,Assistant Secretary,,North Dakota Tract Society,Miscellaneous Canadian Conferences,North Dakota,,,United States
1893,37,Geo. A. Wheeler,Wheeler,,,male,Canvassing Agent,,North Dakota Tract Society,Miscellaneous Canadian Conferences,North Dakota,,,United States
1893,37,N. W. Paulson,Paulson,,,male,Director,Dist. No. 1,North Dakota Tract Society,Miscellaneous Canadian Conferences,North Dakota,,,United States
1893,37,E. O. Burgess,Burgess,,,male,Director,Dist. Nos. 2 and 3,North Dakota Tract Society,Miscellaneous Canadian Conferences,North Dakota,,,United States
1893,37,F. Gravelle,Gravelle,,,male,Director,Dist. Nos. 4 and 5,North Dakota Tract Society,Miscellaneous Canadian Conferences,North Dakota,,,United States
1893,37,Hattie E. Kauble,Kauble,,,female,President,,North Dakota Sabbath-School Association,Miscellaneous Canadian Conferences,North Dakota,,,United States
1893,37,L. E. Holdeman,Holdeman,,,male,Secretary,,North Dakota Sabbath-School Association,Miscellaneous Canadian Conferences,North Dakota,,,United States
1893,37,C. P. Frederickson,Frederickson,,,male,Executive Committee,,North Dakota Sabbath-School Association,Miscellaneous Canadian Conferences,North Dakota,,,United States
1893,37,F. Gravelle,Gravelle,,,male,Executive Committee,,North Dakota Sabbath-School Association,Miscellaneous Canadian Conferences,North Dakota,,,United States
1893,37,R. Kilgore,Kilgore,,,male,Minister,,Southern District,State Conference Directories,Southern District,,,United States
1893,37,G. W. Colcord,Colcord,,,male,Minister,,Southern District,State Conference Directories,Southern District,,,United States
1893,37,D. T. Shireman,Shireman,,,male,Minister,,Southern District,State Conference Directories,Southern District,,,United States
1893,37,W. A. McCutchen,McCutchen,,,male,Minister,,Southern District,State Conference Directories,Southern District,,,United States
1893,37,Rodney S. Owen,Owen,,,male,Minister,,Southern District,State Conference Directories,Southern District,,,United States
1893,37,L. H. Crisler,Crisler,,,male,Minister,,Southern District,State Conference Directories,Southern District,,,United States
1893,37,H. S. Shaw,Shaw,,,male,Minister,,Southern District,State Conference Directories,Southern District,,,United States
1893,37,E. W. Webster,Webster,,,male,Minister,,Southern District,State Conference Directories,Southern District,,,United States
1893,37,C. C. Lewis,Lewis,,,male,Minister,,Southern District,State Conference Directories,Southern District,,,United States
1893,37,C. M. Kinny,Kinny,,,male,Minister,,Southern District,State Conference Directories,Southern District,,,United States
1893,37,A. Barry,Barry,,,male,Minister,,Southern District,State Conference Directories,Southern District,,,United States
1893,37,A. P. Heacock,Heacock,,,male,Minister,,Southern District,State Conference Directories,Southern District,,,United States
1893,37,G. I. Butler,Butler,,,male,Minister,,Southern District,State Conference Directories,Southern District,,,United States
1893,37,Dr. J. E. Caldwell,Caldwell,Dr.,,male,Licentiate,,Southern District,State Conference Directories,Southern District,,,United States
1893,37,J. O. Johnson,Johnson,,,male,Licentiate,,Southern District,State Conference Directories,Southern District,,,United States
1893,37,B. L. Diffenbacher,Diffenbacher,,,male,Licentiate,,Southern District,State Conference Directories,Southern District,,,United States
1893,37,Grant Adkins,Adkins,,,male,Licentiate,,Southern District,State Conference Directories,Southern District,,,United States
1893,37,J. W. Collie,Collie,,,male,Licentiate,,Southern District,State Conference Directories,Southern District,,,United States
1893,37,A. F. Harrison,Harrison,,,male,Missionary License,,Southern District,State Conference Directories,Southern District,,,United States
1893,37,L. Dyo Chambers,Chambers,,,male,Missionary License,,Southern District,State Conference Directories,Southern District,,,United States
1893,37,C. D. Wolf,Wolf,,,male,Missionary License,,Southern District,State Conference Directories,Southern District,,,United States
1893,37,Mrs. Amelia Shireman,Shireman,Mrs.,,female,Missionary License,,Southern District,State Conference Directories,Southern District,,,United States
1893,37,Mrs. A. P. Heacock,Heacock,Mrs.,,female,Missionary License,,Southern District,State Conference Directories,Southern District,,,United States
1893,37,Mrs. Lillie Adkins,Adkins,Mrs.,,female,Missionary License,,Southern District,State Conference Directories,Southern District,,,United States
1893,37,R. M. Kilgore,Kilgore,,,male,President,,Southern District Tract Society,State Conference Directories,Southern District,,,United States
1893,37,D. T. Shireman,Shireman,,,male,Vice-President,,Southern District Tract Society,State Conference Directories,Southern District,,,United States
1893,37,L. Dyo Chambers,Chambers,,,male,Secretary and Treasurer,,Southern District Tract Society,State Conference Directories,Southern District,,,United States
1893,37,C. F. Sturdevant,Sturdevant,,,male,Director,Cumberland Mission Field,Southern District Tract Society,State Conference Directories,Southern District,,,United States
1893,37,D. T. Shireman,Shireman,,,male,Director,North Carolina,Southern District Tract Society,State Conference Directories,Southern District,,,United States
1893,37,E. W. Webster,Webster,,,male,Director,South Carolina,Southern District Tract Society,State Conference Directories,Southern District,,,United States
1893,37,W. A. McCutchen,McCutchen,,,male,Director,Georgia,Southern District Tract Society,State Conference Directories,Southern District,,,United States
1893,37,L. H. Crisler,Crisler,,,male,Director,Florida,Southern District Tract Society,State Conference Directories,Southern District,,,United States
1893,37,H. S. Shaw,Shaw,,,male,Director,Louisiana,Southern District Tract Society,State Conference Directories,Southern District,,,United States
1893,37,A. P. Heacock,Heacock,,,male,Director,Alabama,Southern District Tract Society,State Conference Directories,Southern District,,,United States
1893,37,A. F. Harrison,Harrison,,,male,District Canvassing Agent,,Southern District Tract Society,State Conference Directories,Southern District,,,United States
1893,37,W. L. Killen,Killen,,,male,Canvassing Agent,North Carolina,Southern District Tract Society,State Conference Directories,Southern District,,,United States
1893,37,W. R. Burrow,Burrow,,,male,Canvassing Agent,Georgia,Southern District Tract Society,State Conference Directories,Southern District,,,United States
1893,37,C. F. Dart,Dart,,,male,Canvassing Agent,Louisiana,Southern District Tract Society,State Conference Directories,Southern District,,,United States
1893,37,Dan'l Graber,Graber,,,male,Canvassing Agent,Alabama,Southern District Tract Society,State Conference Directories,Southern District,,,United States
1893,37,W. A. McCutchen,McCutchen,,,male,President,,Southern District Sabbath-School Association,State Conference Directories,Southern District,,,United States
1893,37,R. S. Owen,Owen,,,male,Vice-President,,Southern District Sabbath-School Association,State Conference Directories,Southern District,,,United States
1893,37,Mrs. Arthur Hunt,Hunt,Mrs.,,female,Secretary,,Southern District Sabbath-School Association,State Conference Directories,Southern District,,,United States
1893,37,L. H. Crisler,Crisler,,,male,Executive Committee,,Southern District Sabbath-School Association,State Conference Directories,Southern District,,,United States
1893,37,H. S. Shaw,Shaw,,,male,Executive Committee,,Southern District Sabbath-School Association,State Conference Directories,Southern District,,,United States
1893,37,Chas. L. Boyd,Boyd,,,male,Minister,,Tennessee River Conference,State Conference Directories,Tennessee River,,,United States
1893,37,H. W. Reed,Reed,,,male,Minister,,Tennessee River Conference,State Conference Directories,Tennessee River,,,United States
1893,37,R. G. Garrett,Garrett,,,male,Minister,,Tennessee River Conference,State Conference Directories,Tennessee River,,,United States
1893,37,Mrs. C. L. Boyd,Boyd,Mrs.,,female,Missionary License,,Tennessee River Conference,State Conference Directories,Tennessee River,,,United States
1893,37,Chas. L. Boyd,Boyd,,,male,President,,Tennessee River Conference,State Conference Directories,Tennessee River,,,United States
1893,37,R. G. Garrett,Garrett,,,male,Vice-President,,Tennessee River Conference,State Conference Directories,Tennessee River,,,United States
1893,37,H. W. Reed,Reed,,,male,Secretary and Treasurer,,Tennessee River Conference,State Conference Directories,Tennessee River,,,United States
1893,37,J. H. Dortch,Dortch,,,male,Executive Committee,,Tennessee River Conference,State Conference Directories,Tennessee River,,,United States
1893,37,F. Kinney,Kinney,,,male,Executive Committee,,Tennessee River Conference,State Conference Directories,Tennessee River,,,United States
1893,37,L. A. Callicott,Callicott,,,male,Executive Committee,,Tennessee River Conference,State Conference Directories,Tennessee River,,,United States
1893,37,Chas. L. Boyd,Boyd,,,male,President,,Tennessee River Tract Society,State Conference Directories,Tennessee River,,,United States
1893,37,R. G. Garrett,Garrett,,,male,Vice-President,,Tennessee River Tract Society,State Conference Directories,Tennessee River,,,United States
1893,37,Miss M. G. Mason,Mason,Miss,,female,Secretary and Treasurer,,Tennessee River Tract Society,State Conference Directories,Tennessee River,,,United States
1893,37,J. A. Parker,Parker,,,male,Canvassing Agent,,Tennessee River Tract Society,State Conference Directories,Tennessee River,,,United States
1893,37,R. G. Garrett,Garrett,,,male,Director,Dist. No. 1,Tennessee River Tract Society,State Conference Directories,Tennessee River,,,United States
1893,37,F. Kinney,Kinney,,,male,Director,Dist. No. 2,Tennessee River Tract Society,State Conference Directories,Tennessee River,,,United States
1893,37,W. S. Lowry,Lowry,,,male,Director,Dist. No. 3,Tennessee River Tract Society,State Conference Directories,Tennessee River,,,United States
1893,37,W. S. Lowry,Lowry,,,male,President,,Tennessee River Sabbath-School Association,State Conference Directories,Tennessee River,,,United States
1893,37,C. L. Boyd,Boyd,,,male,Vice-President,,Tennessee River Sabbath-School Association,State Conference Directories,Tennessee River,,,United States
1893,37,Miss Nellie Gains,Gains,Miss,,female,Secretary,,Tennessee River Sabbath-School Association,State Conference Directories,Tennessee River,,,United States
1893,37,W. S. Greer,Greer,,,male,Minister,,Texas Conference,State Conference Directories,Texas,,,United States
1893,37,W. T. Drummond,Drummond,,,male,Minister,,Texas Conference,State Conference Directories,Texas,,,United States
1893,37,W. S. Cruzan,Cruzan,,,male,Minister,,Texas Conference,State Conference Directories,Texas,,,United States
1893,37,D. U. Hale,Hale,,,male,Licentiate,,Texas Conference,State Conference Directories,Texas,,,United States
1893,37,J. A. Holbrook,Holbrook,,,male,Licentiate,,Texas Conference,State Conference Directories,Texas,,,United States
1893,39,A. C. Neff,Neff,,,male,President,Sabbath-School Association,Virginia Sabbath-School Association,American Conferences,Virginia,,,United States
1893,39,C. D. Zirkle,Zirkle,,,male,Vice-President,Sabbath-School Association,Virginia Sabbath-School Association,American Conferences,Virginia,,,United States
1893,39,Amy A. Neff,Neff,Miss,,female,Secretary,Sabbath-School Association,Virginia Sabbath-School Association,American Conferences,Virginia,,,United States
1893,39,T. H. Painter,Painter,,,male,Executive Committee Member,Sabbath-School Association,Virginia Sabbath-School Association,American Conferences,Virginia,,,United States
1893,39,R. T. Fultz,Fultz,,,male,Executive Committee Member,Sabbath-School Association,Virginia Sabbath-School Association,American Conferences,Virginia,,,United States
1893,39,D. C. Babcock,Babcock,,,male,Minister,,West Virginia Conference,American Conferences,West Virginia,,,United States
1893,39,Wm. Hutchinson,Hutchinson,,,male,Licentiate,,West Virginia Conference,American Conferences,West Virginia,,,United States
1893,39,U. P. Long,Long,,,male,Missionary License,,West Virginia Conference,American Conferences,West Virginia,,,United States
1893,39,S. F. Reeder,Reeder,,,male,Missionary License,,West Virginia Conference,American Conferences,West Virginia,,,United States
1893,39,Mrs. E. J. Hutchinson,Hutchinson,Mrs.,,female,Missionary License,,West Virginia Conference,American Conferences,West Virginia,,,United States
1893,39,D. C. Babcock,Babcock,,,male,President,Conference,West Virginia Conference,American Conferences,West Virginia,,,United States
1893,39,T. E. Bowen,Bowen,,,male,Secretary,Conference,West Virginia Conference,American Conferences,West Virginia,,,United States
1893,39,B. B. Johnson,Johnson,,,male,Treasurer,Conference,West Virginia Conference,American Conferences,West Virginia,,,United States
1893,39,I. N. Russell,Russell,,,male,Executive Committee Member,Conference,West Virginia Conference,American Conferences,West Virginia,,,United States
1893,39,D. C. Babcock,Babcock,,,male,President,Tract Society,West Virginia Tract Society,American Conferences,West Virginia,,,United States
1893,39,Wm. Hutchinson,Hutchinson,,,male,Vice-President,Tract Society,West Virginia Tract Society,American Conferences,West Virginia,,,United States
1893,39,T. E. Bowen,Bowen,,,male,Secretary and Treasurer,Tract Society,West Virginia Tract Society,American Conferences,West Virginia,,,United States
1893,39,Mrs. G. L. Bowen,Bowen,Mrs.,,female,Corresponding Secretary,Tract Society,West Virginia Tract Society,American Conferences,West Virginia,,,United States
1893,39,U. P. Long,Long,,,male,Canvassing Agent,Tract Society,West Virginia Tract Society,American Conferences,West Virginia,,,United States
1893,39,David Engle,Engle,,,male,Director,"Tract Society, Dist. No. 3",West Virginia Tract Society,American Conferences,West Virginia,,,United States
1893,39,E. B. Hoff,Hoff,,,male,Director,"Tract Society, Dist. No. 4",West Virginia Tract Society,American Conferences,West Virginia,,,United States
1893,39,E. W. Metcalf,Metcalf,,,male,Director,"Tract Society, Dist. No. 5",West Virginia Tract Society,American Conferences,West Virginia,,,United States
1893,39,T. E. Bowen,Bowen,,,male,President,Sabbath-School Association,West Virginia Sabbath-School Association,American Conferences,West Virginia,,,United States
1893,39,D. N. Merrideth,Merrideth,,,male,Vice-President,Sabbath-School Association,West Virginia Sabbath-School Association,American Conferences,West Virginia,,,United States
1893,39,Mrs. M. L. Merrideth,Merrideth,Mrs.,,female,Secretary and Treasurer,Sabbath-School Association,West Virginia Sabbath-School Association,American Conferences,West Virginia,,,United States
1893,39,W. J. Stone,Stone,,,male,Executive Committee Member,Sabbath-School Association,West Virginia Sabbath-School Association,American Conferences,West Virginia,,,United States
1893,39,R. A. Underwood,Underwood,,,male,Minister,,Ohio Conference,American Conferences,Ohio,,,United States
1893,39,J. W. Westphal,Westphal,,,male,Minister,,Ohio Conference,American Conferences,Ohio,,,United States
1893,39,R. H. Johnson,Johnson,,,male,Minister,,Ohio Conference,American Conferences,Ohio,,,United States
1893,39,S. S. Smith,Smith,,,male,Minister,,Ohio Conference,American Conferences,Ohio,,,United States
1893,39,C. A. Smith,Smith,,,male,Minister,,Ohio Conference,American Conferences,Ohio,,,United States
1893,39,I. Sanborn,Sanborn,,,male,Minister,,Ohio Conference,American Conferences,Ohio,,,United States
1893,39,Paul E. Gros,Gros,,,male,Minister,,Ohio Conference,American Conferences,Ohio,,,United States
1893,39,J. C. Neilsen,Neilsen,,,male,Minister,,Ohio Conference,American Conferences,Ohio,,,United States
1893,39,P. H. Cady,Cady,,,male,Minister,,Ohio Conference,American Conferences,Ohio,,,United States
1893,39,J. R. White,White,,,male,Licentiate,,Ohio Conference,American Conferences,Ohio,,,United States
1893,39,J. B. Scott,Scott,,,male,Licentiate,,Ohio Conference,American Conferences,Ohio,,,United States
1893,39,W. S. Shreve,Shreve,,,male,Licentiate,,Ohio Conference,American Conferences,Ohio,,,United States
1893,39,Wm. Sanders,Sanders,,,male,Licentiate,,Ohio Conference,American Conferences,Ohio,,,United States
1893,39,J. N. Anderson,Anderson,,,male,Licentiate,,Ohio Conference,American Conferences,Ohio,,,United States
1893,39,Chas. H. Hermann,Hermann,,,male,Licentiate,,Ohio Conference,American Conferences,Ohio,,,United States
1893,39,Chas. A. Scholl,Scholl,,,male,Licentiate,,Ohio Conference,American Conferences,Ohio,,,United States
1893,39,J. B. Eitel,Eitel,,,male,Licentiate,,Ohio Conference,American Conferences,Ohio,,,United States
1893,39,S. D. Hartwell,Hartwell,,,male,Missionary License,,Ohio Conference,American Conferences,Ohio,,,United States
1893,39,Geo. M. Brown,Brown,,,male,Missionary License,,Ohio Conference,American Conferences,Ohio,,,United States
1893,39,C. M. Christiansen,Christiansen,,,male,Missionary License,,Ohio Conference,American Conferences,Ohio,,,United States
1893,39,Frank W. Phelps,Phelps,,,male,Missionary License,,Ohio Conference,American Conferences,Ohio,,,United States
1893,39,Richard Dowsett,Dowsett,,,male,Missionary License,,Ohio Conference,American Conferences,Ohio,,,United States
1893,39,R. P. Hansen,Hansen,,,male,Missionary License,,Ohio Conference,American Conferences,Ohio,,,United States
1893,39,Emma Thompson,Thompson,,,female,Missionary License,,Ohio Conference,American Conferences,Ohio,,,United States
1893,39,Lottie Ferrel,Ferrel,,,female,Missionary License,,Ohio Conference,American Conferences,Ohio,,,United States
1893,39,Mrs. Euphemia Christiansen,Christiansen,Mrs.,,female,Missionary License,,Ohio Conference,American Conferences,Ohio,,,United States
1893,39,Lulu Hallock,Hallock,,,female,Missionary License,,Ohio Conference,American Conferences,Ohio,,,United States
1893,39,Tillie Olds,Olds,,,female,Missionary License,,Ohio Conference,American Conferences,Ohio,,,United States
1893,39,Tillie McCallen,McCallen,,,female,Missionary License,,Ohio Conference,American Conferences,Ohio,,,United States
1893,39,Ida Fromader,Fromader,,,female,Missionary License,,Ohio Conference,American Conferences,Ohio,,,United States
1893,39,Kittie Tyler,Tyler,,,female,Missionary License,,Ohio Conference,American Conferences,Ohio,,,United States
1893,39,Sadie Jensen,Jensen,,,female,Missionary License,,Ohio Conference,American Conferences,Ohio,,,United States
1893,39,R. A. Underwood,Underwood,,,male,President,Conference,Ohio Conference,American Conferences,Ohio,,,United States
1893,39,Geo. M. Brown,Brown,,,male,Secretary,Conference,Ohio Conference,American Conferences,Ohio,,,United States
1893,39,C. M. Christiansen,Christiansen,,,male,Treasurer,Conference,Ohio Conference,American Conferences,Ohio,,,United States
1893,39,J. W. Westphal,Westphal,,,male,Executive Committee Member,Conference,Ohio Conference,American Conferences,Ohio,,,United States
1893,39,P. H. Cady,Cady,,,male,Executive Committee Member,Conference,Ohio Conference,American Conferences,Ohio,,,United States
1893,39,R. H. Johnson,Johnson,,,male,Executive Committee Member,Conference,Ohio Conference,American Conferences,Ohio,,,United States
1893,39,Alex. Paton,Paton,,,male,Executive Committee Member,Conference,Ohio Conference,American Conferences,Ohio,,,United States
1893,39,R. A. Underwood,Underwood,,,male,President,Tract Society,Ohio Tract Society,American Conferences,Ohio,,,United States
1893,39,C. M. Christiansen,Christiansen,,,male,Vice-President,Tract Society,Ohio Tract Society,American Conferences,Ohio,,,United States
1893,39,G. M. Brown,Brown,,,male,Secretary and Treasurer,Tract Society,Ohio Tract Society,American Conferences,Ohio,,,United States
1893,39,S. D. Hartwell,Hartwell,,,male,Canvassing Agent,Tract Society,Ohio Tract Society,American Conferences,Ohio,,,United States
1893,39,J. W. Westphal,Westphal,,,male,Director,"Tract Society, Dist. No. 1",Ohio Tract Society,American Conferences,Ohio,,,United States
1893,39,W. S. Shreve,Shreve,,,male,Director,"Tract Society, Dist. Nos. 2 and 3",Ohio Tract Society,American Conferences,Ohio,,,United States
1893,39,P. H. Cady,Cady,,,male,Director,"Tract Society, Dist. No. 5",Ohio Tract Society,American Conferences,Ohio,,,United States
1893,39,C. H. Hermann,Hermann,,,male,Director,"Tract Society, Dist. Nos. 6 and 7",Ohio Tract Society,American Conferences,Ohio,,,United States
1893,39,C. A. Smith,Smith,,,male,Director,"Tract Society, Dist. Nos. 8 and 9",Ohio Tract Society,American Conferences,Ohio,,,United States
1893,39,Emma Thompson,Thompson,,,female,President,Sabbath-School Association,Ohio Sabbath-School Association,American Conferences,Ohio,,,United States
1893,39,W. H. Thurston,Thurston,,,male,Vice-President,Sabbath-School Association,Ohio Sabbath-School Association,American Conferences,Ohio,,,United States
1893,39,Mrs. W. H. Thurston,Thurston,Mrs.,,female,Secretary,Sabbath-School Association,Ohio Sabbath-School Association,American Conferences,Ohio,,,United States
1893,39,Lulu Hallock,Hallock,,,female,Corresponding Secretary,Sabbath-School Association,Ohio Sabbath-School Association,American Conferences,Ohio,,,United States
1893,38,W. W. Stoner,Stoner,,,male,Missionary License,,Arkansas Conference,American Conferences,Arkansas,,,United States
1893,38,H. B. French,French,,,male,Missionary License,,Arkansas Conference,American Conferences,Arkansas,,,United States
1893,38,Elisha Taylor,Taylor,,,male,Missionary License,,Arkansas Conference,American Conferences,Arkansas,,,United States
1893,38,Elijah Taylor,Taylor,,,male,Missionary License,,Arkansas Conference,American Conferences,Arkansas,,,United States
1893,38,H. Hayen,Hayen,,,male,Missionary License,,Arkansas Conference,American Conferences,Arkansas,,,United States
1893,38,W. S. Greer,Greer,,,male,President,,Arkansas Conference,American Conferences,Arkansas,,,United States
1893,38,W. S. Cruzan,Cruzan,,,male,Secretary,,Arkansas Conference,American Conferences,Arkansas,,,United States
1893,38,T. T. Stevenson,Stevenson,,,male,Treasurer,,Arkansas Conference,American Conferences,Arkansas,,,United States
1893,38,W. T. Drummond,Drummond,,,male,Executive Committee Member,,Arkansas Conference,American Conferences,Arkansas,,,United States
1893,38,John A. Holbrook,Holbrook,,,male,Executive Committee Member,,Arkansas Conference,American Conferences,Arkansas,,,United States
1893,38,W. S. Greer,Greer,,,male,President,,Arkansas Tract Society,American Conferences,Arkansas,,,United States
1893,38,W. S. Cruzan,Cruzan,,,male,Vice-President,,Arkansas Tract Society,American Conferences,Arkansas,,,United States
1893,38,T. T. Stevenson,Stevenson,,,male,Secretary and Treasurer,,Arkansas Tract Society,American Conferences,Arkansas,,,United States
1893,38,W. W. Eastman,Eastman,,,male,Canvassing Agent,,Arkansas Tract Society,American Conferences,Arkansas,,,United States
1893,38,J. A. Holbrook,Holbrook,,,male,Director,Dist. No. 1,Arkansas Tract Society,American Conferences,Arkansas,,,United States
1893,38,W. T. Drummond,Drummond,,,male,Director,Dist. No. 2,Arkansas Tract Society,American Conferences,Arkansas,,,United States
1893,38,D. U. Hale,Hale,,,male,Director,Dist. No. 3,Arkansas Tract Society,American Conferences,Arkansas,,,United States
1893,38,W. S. Cruzan,Cruzan,,,male,President,,Arkansas Sabbath-School Association,American Conferences,Arkansas,,,United States
1893,38,Miss Alice Conway,Conway,Miss,,female,Secretary and Treasurer,,Arkansas Sabbath-School Association,American Conferences,Arkansas,,,United States
1893,38,W. S. Greer,Greer,,,male,Executive Committee Member,,Arkansas Sabbath-School Association,American Conferences,Arkansas,,,United States
1893,38,R. W. Robinson,Robinson,,,male,Executive Committee Member,,Arkansas Sabbath-School Association,American Conferences,Arkansas,,,United States
1893,38,W. T. Drummond,Drummond,,,male,Executive Committee Member,,Arkansas Sabbath-School Association,American Conferences,Arkansas,,,United States
1893,38,R. S. Donnell,Donnell,,,male,Minister,,Upper Columbia Conference,American Conferences,Upper Columbia,,,United States
1893,38,J. W. Bagby,Bagby,,,male,Minister,,Upper Columbia Conference,American Conferences,Upper Columbia,,,United States
1893,38,W. W. Steward,Steward,,,male,Minister,,Upper Columbia Conference,American Conferences,Upper Columbia,,,United States
1893,38,J. Bartlett,Bartlett,,,male,Minister,,Upper Columbia Conference,American Conferences,Upper Columbia,,,United States
1893,38,D. E. Scoles,Scoles,,,male,Licentiate,,Upper Columbia Conference,American Conferences,Upper Columbia,,,United States
1893,38,Henry Oliver,Oliver,,,male,Licentiate,,Upper Columbia Conference,American Conferences,Upper Columbia,,,United States
1893,38,E. A. Sutherland,Sutherland,,,male,Licentiate,,Upper Columbia Conference,American Conferences,Upper Columbia,,,United States
1893,38,C. B. Hughes,Hughes,,,male,Licentiate,,Upper Columbia Conference,American Conferences,Upper Columbia,,,United States
1893,38,C. L. Ford,Ford,,,male,Licentiate,,Upper Columbia Conference,American Conferences,Upper Columbia,,,United States
1893,38,W. M. Fee,Fee,,,male,Licentiate,,Upper Columbia Conference,American Conferences,Upper Columbia,,,United States
1893,38,R. S. Donnell,Donnell,,,male,President,,Upper Columbia Conference,American Conferences,Upper Columbia,,,United States
1893,38,Frank Peabody,Peabody,,,male,Secretary,,Upper Columbia Conference,American Conferences,Upper Columbia,,,United States
1893,38,Greenville Holbrook,Holbrook,,,male,Treasurer,,Upper Columbia Conference,American Conferences,Upper Columbia,,,United States
1893,38,D. T. Fero,Fero,,,male,Executive Committee Member,,Upper Columbia Conference,American Conferences,Upper Columbia,,,United States
1893,38,T. L. Ragsdale,Ragsdale,,,male,Executive Committee Member,,Upper Columbia Conference,American Conferences,Upper Columbia,,,United States
1893,38,D. T. Jones,Jones,,,male,Executive Committee Member,,Upper Columbia Conference,American Conferences,Upper Columbia,,,United States
1893,38,R. S. Donnell,Donnell,,,male,President,,Upper Columbia Tract Society,American Conferences,Upper Columbia,,,United States
1893,38,D. T. Fero,Fero,,,male,Vice-President,,Upper Columbia Tract Society,American Conferences,Upper Columbia,,,United States
1893,38,Mrs. M. E. Ford,Ford,Mrs.,,female,Secretary and Treasurer,,Upper Columbia Tract Society,American Conferences,Upper Columbia,,,United States
1893,38,I. R. Bliven,Bliven,,,male,Canvassing Agent,,Upper Columbia Tract Society,American Conferences,Upper Columbia,,,United States
1893,38,W. M. Fee,Fee,,,male,Director,Dist. No. 1,Upper Columbia Tract Society,American Conferences,Upper Columbia,,,United States
1893,38,W. S. Holbrook,Holbrook,,,male,Director,Dist. No. 2,Upper Columbia Tract Society,American Conferences,Upper Columbia,,,United States
1893,38,F. W. Hiddleson,Hiddleson,,,male,Director,Dist. No. 3,Upper Columbia Tract Society,American Conferences,Upper Columbia,,,United States
1893,38,C. L. Ford,Ford,,,male,Director,Dist. No. 4,Upper Columbia Tract Society,American Conferences,Upper Columbia,,,United States
1893,38,W. A. Kinney,Kinney,,,male,Director,Dist. No. 5,Upper Columbia Tract Society,American Conferences,Upper Columbia,,,United States
1893,38,D. T. Fero,Fero,,,male,President,,Upper Columbia Sabbath-School Association,American Conferences,Upper Columbia,,,United States
1893,38,Mrs. Mattie A. Kerr,Kerr,Mrs.,,female,Secretary and Treasurer,,Upper Columbia Sabbath-School Association,American Conferences,Upper Columbia,,,United States
1893,38,T. H. Purdon,Purdon,,,male,Minister,,Vermont Conference,American Conferences,Vermont,,,United States
1893,38,A. S. Hutchins,Hutchins,,,male,Minister,,Vermont Conference,American Conferences,Vermont,,,United States
1893,38,Wm. Covert,Covert,,,male,Minister,,Vermont Conference,American Conferences,Vermont,,,United States
1893,38,Albert Stone,Stone,,,male,Minister,,Vermont Conference,American Conferences,Vermont,,,United States
1893,38,I. E. Kimball,Kimball,,,male,Minister,,Vermont Conference,American Conferences,Vermont,,,United States
1893,38,H. W. Pierce,Pierce,,,male,Minister,,Vermont Conference,American Conferences,Vermont,,,United States
1893,38,P. F. Bicknell,Bicknell,,,male,Minister,,Vermont Conference,American Conferences,Vermont,,,United States
1893,38,T. H. Purdon,Purdon,,,male,President,,Vermont Conference,American Conferences,Vermont,,,United States
1893,38,H. W. Pierce,Pierce,,,male,Secretary,,Vermont Conference,American Conferences,Vermont,,,United States
1893,38,A. S. Hutchins,Hutchins,,,male,Treasurer,,Vermont Conference,American Conferences,Vermont,,,United States
1893,38,Wm. Covert,Covert,,,male,Executive Committee Member,,Vermont Conference,American Conferences,Vermont,,,United States
1893,38,P. F. Bicknell,Bicknell,,,male,Executive Committee Member,,Vermont Conference,American Conferences,Vermont,,,United States
1893,38,P. F. Bicknell,Bicknell,,,male,President,,Vermont Tract Society,American Conferences,Vermont,,,United States
1893,38,Lizzie A. Stone,Stone,,,female,Secretary and Treasurer,,Vermont Tract Society,American Conferences,Vermont,,,United States
1893,38,E. R. Palmer,Palmer,,,male,Canvassing Agent,,Vermont Tract Society,American Conferences,Vermont,,,United States
1893,38,H. W. Pierce,Pierce,,,male,Director,Dist. No. 1,Vermont Tract Society,American Conferences,Vermont,,,United States
1893,38,Geo. Litchfield,Litchfield,,,male,Director,Dist. No. 2,Vermont Tract Society,American Conferences,Vermont,,,United States
1893,38,W. M. Yale,Yale,,,male,Director,Dist. No. 3,Vermont Tract Society,American Conferences,Vermont,,,United States
1893,38,C. C. Drown,Drown,,,male,Director,Dist. No. 4,Vermont Tract Society,American Conferences,Vermont,,,United States
1893,38,John Clayton,Clayton,,,male,Director,Dist. No. 5,Vermont Tract Society,American Conferences,Vermont,,,United States
1893,38,E. R. Palmer,Palmer,,,male,President,,Vermont Sabbath-School Association,American Conferences,Vermont,,,United States
1893,38,Alice Maynard,Maynard,,,female,Secretary,,Vermont Sabbath-School Association,American Conferences,Vermont,,,United States
1893,38,H. W. Pierce,Pierce,,,male,Executive Committee Member,,Vermont Sabbath-School Association,American Conferences,Vermont,,,United States
1893,38,F. M. Roberts,Roberts,,,male,Minister,,Virginia Conference,American Conferences,Virginia,,,United States
1893,38,A. C. Neff,Neff,,,male,Minister,,Virginia Conference,American Conferences,Virginia,,,United States
1893,38,G. A. Stillwell,Stillwell,,,male,Minister,,Virginia Conference,American Conferences,Virginia,,,United States
1893,38,F. M. Roberts,Roberts,,,male,President,,Virginia Conference,American Conferences,Virginia,,,United States
1893,38,T. H. Painter,Painter,,,male,Secretary,,Virginia Conference,American Conferences,Virginia,,,United States
1893,38,W. H. Zirkle,Zirkle,,,male,Treasurer,,Virginia Conference,American Conferences,Virginia,,,United States
1893,38,C. A. Neff,Neff,,,male,Executive Committee Member,,Virginia Conference,American Conferences,Virginia,,,United States
1893,38,R. A. Hiett,Hiett,,,male,Executive Committee Member,,Virginia Conference,American Conferences,Virginia,,,United States
1893,38,F. M. Roberts,Roberts,,,male,President,,Virginia Tract Society,American Conferences,Virginia,,,United States
1893,38,A. C. Neff,Neff,,,male,Vice-President,,Virginia Tract Society,American Conferences,Virginia,,,United States
1893,38,Miss Amy A. Neff,Neff,Miss,,female,Secretary and Treasurer,,Virginia Tract Society,American Conferences,Virginia,,,United States
1893,38,A. M. Neff,Neff,,,male,Canvassing Agent,,Virginia Tract Society,American Conferences,Virginia,,,United States
1893,38,R. T. Fultz,Fultz,,,male,Director,Dist. No. 1,Virginia Tract Society,American Conferences,Virginia,,,United States
1893,38,A. C. Neff,Neff,,,male,Director,Dist. No. 2,Virginia Tract Society,American Conferences,Virginia,,,United States
1893,38,G. A. Stillwell,Stillwell,,,male,Director,Dist. No. 3,Virginia Tract Society,American Conferences,Virginia,,,United States
1893,38,W. A. Lewis,Lewis,,,male,Director,Dist. No. 6,Virginia Tract Society,American Conferences,Virginia,,,United States
1893,40,A. G. Daniells,Daniells,,,male,Minister,,Australia Conference,Foreign Conferences and Missions,Australia,,Australia,Australia
1893,40,G. C. Tenney,Tenney,,,male,Minister,,Australia Conference,Foreign Conferences and Missions,Australia,,Australia,Australia
1893,40,G. B. Starr,Starr,,,male,Minister,,Australia Conference,Foreign Conferences and Missions,Australia,,Australia,Australia
1893,40,David Steed,Steed,,,male,Minister,,Australia Conference,Foreign Conferences and Missions,Australia,,Australia,Australia
1893,40,L. J. Rousseau,Rousseau,,,male,Minister,,Australia Conference,Foreign Conferences and Missions,Australia,,Australia,Australia
1893,40,Robert Hare,Hare,,,male,Minister,,Australia Conference,Foreign Conferences and Missions,Australia,,Australia,Australia
1893,40,W. L. H. Baker,Baker,,,male,Minister,,Australia Conference,Foreign Conferences and Missions,Australia,,Australia,Australia
1893,40,Jesse Pallant,Pallant,,,male,Ship Missionary,,Australia Conference,Foreign Conferences and Missions,Australia,,Australia,Australia
1893,40,A. G. Daniells,Daniells,,,male,President,,Australia Conference,Foreign Conferences and Missions,Australia,,Australia,Australia
1893,40,W. C. White,White,,,male,Vice-President,,Australia Conference,Foreign Conferences and Missions,Australia,,Australia,Australia
1893,40,James Smith,Smith,,,male,Secretary,,Australia Conference,Foreign Conferences and Missions,Australia,,Australia,Australia
1893,40,G. B. Starr,Starr,,,male,Executive Committee Member,,Australia Conference,Foreign Conferences and Missions,Australia,,Australia,Australia
1893,40,H. Muckersy,Muckersy,,,male,Executive Committee Member,,Australia Conference,Foreign Conferences and Missions,Australia,,Australia,Australia
1893,40,D. Steed,Steed,,,male,Executive Committee Member,,Australia Conference,Foreign Conferences and Missions,Australia,,Australia,Australia
1893,40,A. Reekie,Reekie,,,male,Executive Committee Member,,Australia Conference,Foreign Conferences and Missions,Australia,,Australia,Australia
1893,40,A. G. Daniells,Daniells,,,male,President,,Australia Tract Society,Foreign Conferences and Missions,Australia,,Australia,Australia
1893,40,L. J. Rousseau,Rousseau,,,male,Vice-President,,Australia Tract Society,Foreign Conferences and Missions,Australia,,Australia,Australia
1893,40,A. Reekie,Reekie,,,male,Secretary and Treasurer,,Australia Tract Society,Foreign Conferences and Missions,Australia,,Australia,Australia
1893,40,Mrs. M. E. Daniells,Daniells,Mrs.,,female,Corresponding Secretary,,Australia Tract Society,Foreign Conferences and Missions,Australia,,Australia,Australia
1893,40,W. L. H. Baker,Baker,,,male,Director,Victoria,Australia Tract Society,Foreign Conferences and Missions,Australia,,"Victoria, Australia",Australia
1893,40,John Higgins,Higgins,,,male,Director,South Australia,Australia Tract Society,Foreign Conferences and Missions,Australia,,South Australia,Australia
1893,40,J. G. Shannau,Shannau,,,male,Director,Tasmania,Australia Tract Society,Foreign Conferences and Missions,Australia,,"Tasmania, Australia",Australia
1893,40,T. Whittle,Whittle,,,male,Director,N. S. W.,Australia Tract Society,Foreign Conferences and Missions,Australia,,"New South Wales, Australia",Australia
1893,40,Chas. Michaels,Michaels,,,male,Field Agent,,Australia Tract Society,Foreign Conferences and Missions,Australia,,Australia,Australia
1893,40,T. Whittle,Whittle,,,male,Field Agent,,Australia Tract Society,Foreign Conferences and Missions,Australia,,Australia,Australia
1893,40,W. L. H. Baker,Baker,,,male,President,,Australia Sabbath-School Association,Foreign Conferences and Missions,Australia,,Australia,Australia
1893,40,J. H. Wolf,Wolf,,,male,Vice-President,,Australia Sabbath-School Association,Foreign Conferences and Missions,Australia,,Australia,Australia
1893,40,Josie L. Baker,Baker,,,female,Secretary,,Australia Sabbath-School Association,Foreign Conferences and Missions,Australia,,Australia,Australia
1893,40,Jessie Israel,Israel,,,female,Assistant Secretary,,Australia Sabbath-School Association,Foreign Conferences and Missions,Australia,,Australia,Australia
1893,40,J. H. Woods,Woods,,,male,Executive Committee Member,,Australia Sabbath-School Association,Foreign Conferences and Missions,Australia,,Australia,Australia
1893,40,James Smith,Smith,,,male,Executive Committee Member,,Australia Sabbath-School Association,Foreign Conferences and Missions,Australia,,Australia,Australia
1893,40,H. P. Holser,Holser,,,male,Minister,,Central Europe Conference,Foreign Conferences and Missions,Central Europe,,,Europe
1893,40,J. Erzenberger,Erzenberger,,,male,Minister,,Central Europe Conference,Foreign Conferences and Missions,Central Europe,,,Europe
1893,40,A. Vuilleumier,Vuilleumier,,,male,Minister,,Central Europe Conference,Foreign Conferences and Missions,Central Europe,,,Europe
1893,40,J. D. Comte,Comte,,,male,Minister,,Central Europe Conference,Foreign Conferences and Missions,Central Europe,,,Europe
1893,40,J. Curdy,Curdy,,,male,Licentiate,,Central Europe Conference,Foreign Conferences and Missions,Central Europe,,,Europe
1893,40,A. Keller,Keller,,,male,Licentiate,,Central Europe Conference,Foreign Conferences and Missions,Central Europe,,,Europe
1893,40,Paul Roth,Roth,,,male,Licentiate,,Central Europe Conference,Foreign Conferences and Missions,Central Europe,,,Europe
1893,40,Leon Tieche,Tieche,,,male,Licentiate,,Central Europe Conference,Foreign Conferences and Missions,Central Europe,,,Europe
1893,40,H. P. Holser,Holser,,,male,President,,Central Europe Conference,Foreign Conferences and Missions,Central Europe,,,Europe
1893,40,A. Küry,Küry,,,male,German Secretary,,Central Europe Conference,Foreign Conferences and Missions,Central Europe,,,Europe
1893,40,J. Curdy,Curdy,,,male,French Secretary,,Central Europe Conference,Foreign Conferences and Missions,Central Europe,,,Europe
1893,40,H. Revilly,Revilly,,,male,Treasurer,,Central Europe Conference,Foreign Conferences and Missions,Central Europe,,,Europe
1893,40,L. R. Conradi,Conradi,,,male,Executive Committee Member,,Central Europe Conference,Foreign Conferences and Missions,Central Europe,,,Europe
1893,40,J. Erzenberger,Erzenberger,,,male,Executive Committee Member,,Central Europe Conference,Foreign Conferences and Missions,Central Europe,,,Europe
1893,40,J. D. Comte,Comte,,,male,Executive Committee Member,,Central Europe Conference,Foreign Conferences and Missions,Central Europe,,,Europe
1893,40,W. Küry,Küry,,,male,Executive Committee Member,,Central Europe Conference,Foreign Conferences and Missions,Central Europe,,,Europe
1893,40,J. Erzenberger,Erzenberger,,,male,President,,Central Europe Tract Society,Foreign Conferences and Missions,Central Europe,,,Europe
1893,40,H. P. Holser,Holser,,,male,Vice-President,,Central Europe Tract Society,Foreign Conferences and Missions,Central Europe,,,Europe
1893,40,Mrs. E. Robert,Robert,Mrs.,,female,Secretary and Treasurer,,Central Europe Tract Society,Foreign Conferences and Missions,Central Europe,,,Europe
1893,40,W. Küry,Küry,,,male,German Assistant Secretary,,Central Europe Tract Society,Foreign Conferences and Missions,Central Europe,,,Europe
1893,40,J. Robert,Robert,,,male,French Assistant Secretary,,Central Europe Tract Society,Foreign Conferences and Missions,Central Europe,,,Europe
1893,40,G. Roth,Roth,,,male,General Agent,,Central Europe Tract Society,Foreign Conferences and Missions,Central Europe,,,Europe
1893,40,J. Curdy,Curdy,,,male,President,,Central Europe Sabbath-School Association,Foreign Conferences and Missions,Central Europe,,,Europe
1893,40,J. Erzenberger,Erzenberger,,,male,Vice-President,,Central Europe Sabbath-School Association,Foreign Conferences and Missions,Central Europe,,,Europe
1893,40,J. Salathe,Salathe,,,male,German Secretary,,Central Europe Sabbath-School Association,Foreign Conferences and Missions,Central Europe,,,Europe
1893,40,J. Robert,Robert,,,male,French Secretary,,Central Europe Sabbath-School Association,Foreign Conferences and Missions,Central Europe,,,Europe
1893,40,J. D. Comte,Comte,,,male,Executive Committee Member,,Central Europe Sabbath-School Association,Foreign Conferences and Missions,Central Europe,,,Europe
1893,40,O. Roth,Roth,,,male,Executive Committee Member,,Central Europe Sabbath-School Association,Foreign Conferences and Missions,Central Europe,,,Europe
1893,40,H. P. Holser,Holser,,,male,Advisory Committee Member,,Central Europe Conference,Foreign Conferences and Missions,Central Europe,,,Europe
1893,40,L. R. Conradi,Conradi,,,male,Advisory Committee Member,,Central Europe Conference,Foreign Conferences and Missions,Central Europe,,,Europe
1893,40,J. Erzenberger,Erzenberger,,,male,Advisory Committee Member,,Central Europe Conference,Foreign Conferences and Missions,Central Europe,,,Europe
1893,40,J. Curdy,Curdy,,,male,Advisory Committee Member,,Central Europe Conference,Foreign Conferences and Missions,Central Europe,,,Europe
1893,40,J. D. Comte,Comte,,,male,Advisory Committee Member,,Central Europe Conference,Foreign Conferences and Missions,Central Europe,,,Europe
1893,40,N. Clausen,Clausen,,,male,Minister,,Denmark Conference,Foreign Conferences and Missions,Denmark,,Denmark,Scandinavia
1893,40,M. M. Olsen,Olsen,,,male,Minister,,Denmark Conference,Foreign Conferences and Missions,Denmark,,Denmark,Scandinavia
1893,40,J. P. Hansen,Hansen,,,male,Minister,,Denmark Conference,Foreign Conferences and Missions,Denmark,,Denmark,Scandinavia
1893,40,J. C. Ottosen,Ottosen,,,male,Licentiate,,Denmark Conference,Foreign Conferences and Missions,Denmark,,Denmark,Scandinavia
1893,40,H. L. Henriksen,Henriksen,,,male,Licentiate,,Denmark Conference,Foreign Conferences and Missions,Denmark,,Denmark,Scandinavia
1893,40,C. C. Hansen,Hansen,,,male,Bible Worker,,Denmark Conference,Foreign Conferences and Missions,Denmark,,Denmark,Scandinavia
1893,40,Sine Renlev,Renlev,,,female,Bible Worker,,Denmark Conference,Foreign Conferences and Missions,Denmark,,Denmark,Scandinavia
1893,40,Sine Tylstrup,Tylstrup,,,female,Bible Worker,,Denmark Conference,Foreign Conferences and Missions,Denmark,,Denmark,Scandinavia
1893,40,L. Johnson,Johnson,,,male,President,,Denmark Conference,Foreign Conferences and Missions,Denmark,,Denmark,Scandinavia
1893,40,C. C. Hansen,Hansen,,,male,Secretary and Treasurer,,Denmark Conference,Foreign Conferences and Missions,Denmark,,Denmark,Scandinavia
1893,40,M. M. Olsen,Olsen,,,male,Executive Committee Member,,Denmark Conference,Foreign Conferences and Missions,Denmark,,Denmark,Scandinavia
1893,40,K. Brorsen,Brorsen,,,male,Executive Committee Member,,Denmark Conference,Foreign Conferences and Missions,Denmark,,Denmark,Scandinavia
1893,40,J. P. Hansen,Hansen,,,male,Executive Committee Member,,Denmark Conference,Foreign Conferences and Missions,Denmark,,Denmark,Scandinavia
1893,41,L. Johnson,Johnson,,,male,President,Tract Society,Scandinavian Mission,Foreign Conferences and Missions,Scandinavian Mission,,,Scandinavia
1893,41,M. M. Olsen,Olsen,,,male,General Secretary,Tract Society,Scandinavian Mission,Foreign Conferences and Missions,Scandinavian Mission,,,Scandinavia
1893,41,Hansigna Strunge,Strunge,,,female,District Secretary,Tract Society,Scandinavian Mission,Foreign Conferences and Missions,Scandinavian Mission,,,Scandinavia
1893,41,N. Clausen,Clausen,,,male,Director,Tract Society,Scandinavian Mission,Foreign Conferences and Missions,Scandinavian Mission,,,Scandinavia
1893,41,H. L. Henriksen,Henriksen,,,male,General Agent,Tract Society,Scandinavian Mission,Foreign Conferences and Missions,Scandinavian Mission,,,Scandinavia
1893,41,L. Johnson,Johnson,,,male,President,Sabbath-School Association,Scandinavian Mission,Foreign Conferences and Missions,Scandinavian Mission,,,Scandinavia
1893,41,M. M. Olsen,Olsen,,,male,Secretary,Sabbath-School Association,Scandinavian Mission,Foreign Conferences and Missions,Scandinavian Mission,,,Scandinavia
1893,41,L. R. Conradi,Conradi,,,male,Minister,,German Mission Field,Foreign Conferences and Missions,German Mission,,,Europe
1893,41,J. T. Boettcher,Boettcher,,,male,Minister,,German Mission Field,Foreign Conferences and Missions,German Mission,,,Europe
1893,41,E. Frauchiger,Frauchiger,,,male,Minister,,German Mission Field,Foreign Conferences and Missions,German Mission,,,Europe
1893,41,C. Rasmussen,Rasmussen,,,male,Licentiate,,German Mission Field,Foreign Conferences and Missions,German Mission,,,Europe
1893,41,B. Jaeschke,Jaeschke,,,male,Licentiate,,German Mission Field,Foreign Conferences and Missions,German Mission,,,Europe
1893,41,G. Wagner,Wagner,,,male,Licentiate,,German Mission Field,Foreign Conferences and Missions,German Mission,,,Europe
1893,41,F. W. Spies,Spies,,,male,Licentiate,,German Mission Field,Foreign Conferences and Missions,German Mission,,,Europe
1893,41,Reinhold G. Klingbeil,Klingbeil,,,male,Licentiate,,German Mission Field,Foreign Conferences and Missions,German Mission,,,Europe
1893,41,L. R. Conradi,Conradi,,,male,Advisory Committee Member,,German Mission Field,Foreign Conferences and Missions,German Mission,,,Europe
1893,41,H. P. Holser,Holser,,,male,Advisory Committee Member,,German Mission Field,Foreign Conferences and Missions,German Mission,,,Europe
1893,41,J. T. Boettcher,Boettcher,,,male,Advisory Committee Member,,German Mission Field,Foreign Conferences and Missions,German Mission,,,Europe
1893,41,F. W. Spies,Spies,,,male,Advisory Committee Member,,German Mission Field,Foreign Conferences and Missions,German Mission,,,Europe
1893,41,William Fleck,Fleck,,,male,Advisory Committee Member,,German Mission Field,Foreign Conferences and Missions,German Mission,,,Europe
1893,41,L. R. Conradi,Conradi,,,male,President,German-Russian Tract Society,German Mission Field,Foreign Conferences and Missions,German Mission,,,Europe
1893,41,J. T. Boettcher,Boettcher,,,male,Vice-President,German-Russian Tract Society,German Mission Field,Foreign Conferences and Missions,German Mission,,,Europe
1893,41,K. Laubhan,Laubhan,,,male,Vice-President,German-Russian Tract Society,German Mission Field,Foreign Conferences and Missions,German Mission,,,Europe
1893,41,B. Severin,Severin,,,male,Treasurer,German-Russian Tract Society,German Mission Field,Foreign Conferences and Missions,German Mission,,,Europe
1893,41,M. Wintzen,Wintzen,,,male,German Secretary,German-Russian Tract Society,German Mission Field,Foreign Conferences and Missions,German Mission,,,Europe
1893,41,C. Laubhan,Laubhan,,,male,Russian Secretary,German-Russian Tract Society,German Mission Field,Foreign Conferences and Missions,German Mission,,,Europe
1893,41,M. Rottmaier,Rottmaier,,,male,Austro-Hungarian Secretary,German-Russian Tract Society,German Mission Field,Foreign Conferences and Missions,German Mission,,,Europe
1893,41,A. Hoeft,Hoeft,,,male,Polish Secretary,German-Russian Tract Society,German Mission Field,Foreign Conferences and Missions,German Mission,,,Europe
1893,41,J. T. Boettcher,Boettcher,,,male,President,German-Russian Sabbath-School Association,German Mission Field,Foreign Conferences and Missions,German Mission,,,Europe
1893,41,J. Klein,Klein,,,male,Vice-President,German-Russian Sabbath-School Association,German Mission Field,Foreign Conferences and Missions,German Mission,,,Europe
1893,41,E. Frauchiger,Frauchiger,,,male,Secretary,German-Russian Sabbath-School Association,German Mission Field,Foreign Conferences and Missions,German Mission,,,Europe
1893,41,D. A. Robinson,Robinson,,,male,Minister,,Great Britain,Foreign Conferences and Missions,Great Britain,,,Europe
1893,41,E. J. Waggoner,Waggoner,,,male,Minister,,Great Britain,Foreign Conferences and Missions,Great Britain,,,Europe
1893,41,J. S. Washburn,Washburn,,,male,Minister,,Great Britain,Foreign Conferences and Missions,Great Britain,,,Europe
1893,41,O. O. Farnsworth,Farnsworth,,,male,Minister,,Great Britain,Foreign Conferences and Missions,Great Britain,,,Europe
1893,41,Francis Hope,Hope,,,male,Minister,,Great Britain,Foreign Conferences and Missions,Great Britain,,,Europe
1893,41,Smith Sharp,Sharp,,,male,Minister,,Great Britain,Foreign Conferences and Missions,Great Britain,,,Europe
1893,41,C. H. Keslake,Keslake,,,male,Minister,,Great Britain,Foreign Conferences and Missions,Great Britain,,,Europe
1893,41,Ellery Robinson,Robinson,,,male,Licentiate,,Great Britain,Foreign Conferences and Missions,Great Britain,,,Europe
1893,41,M. E. Cady,Cady,,,male,Licentiate,,Great Britain,Foreign Conferences and Missions,Great Britain,,,Europe
1893,41,Laura Ginley,Ginley,,,female,Bible Worker,,Great Britain,Foreign Conferences and Missions,Great Britain,,,Europe
1893,41,Jennie Owen,Owen,,,female,Bible Worker,,Great Britain,Foreign Conferences and Missions,Great Britain,,,Europe
1893,41,Julia Parmele,Parmele,,,female,Bible Worker,,Great Britain,Foreign Conferences and Missions,Great Britain,,,Europe
1893,41,Nellie Rogers,Rogers,,,female,Bible Worker,,Great Britain,Foreign Conferences and Missions,Great Britain,,,Europe
1893,41,M. May Taylor,Taylor,,,female,Bible Worker,,Great Britain,Foreign Conferences and Missions,Great Britain,,,Europe
1893,41,Jennie Bartlett,Bartlett,,,female,Bible Worker,,Great Britain,Foreign Conferences and Missions,Great Britain,,,Europe
1893,41,Edith Adams,Adams,,,female,Bible Worker,,Great Britain,Foreign Conferences and Missions,Great Britain,,,Europe
1893,41,Mettie Sharp,Sharp,,,female,Bible Worker,,Great Britain,Foreign Conferences and Missions,Great Britain,,,Europe
1893,41,Hattie Keslake,Keslake,,,female,Bible Worker,,Great Britain,Foreign Conferences and Missions,Great Britain,,,Europe
1893,41,Mina Robinson,Robinson,,,female,Bible Worker,,Great Britain,Foreign Conferences and Missions,Great Britain,,,Europe
1893,41,Geo. R. Drew,Drew,,,male,Ship Missionary,,Great Britain,Foreign Conferences and Missions,Great Britain,,,Europe
1893,41,Daniel Borley,Borley,,,male,Ship Missionary,,Great Britain,Foreign Conferences and Missions,Great Britain,,,Europe
1893,41,D. A. Robinson,Robinson,,,male,Transportation Agent,,Great Britain,Foreign Conferences and Missions,Great Britain,,,Europe
1893,41,D. A. Robinson,Robinson,,,male,Advisory Committee Member,,Great Britain,Foreign Conferences and Missions,Great Britain,,,Europe
1893,41,J. S. Washburn,Washburn,,,male,Advisory Committee Member,,Great Britain,Foreign Conferences and Missions,Great Britain,,,Europe
1893,41,Isaac Bell,Bell,,,male,Advisory Committee Member,,Great Britain,Foreign Conferences and Missions,Great Britain,,,Europe
1893,41,E. Piednue,Piednue,,,male,Advisory Committee Member,,Great Britain,Foreign Conferences and Missions,Great Britain,,,Europe
1893,41,Ellery Robinson,Robinson,,,male,Advisory Committee Member,,Great Britain,Foreign Conferences and Missions,Great Britain,,,Europe
1893,41,M. May Taylor,Taylor,,,female,Secretary,Tract Society,Great Britain,Foreign Conferences and Missions,Great Britain,,,Europe
1893,41,Nelson R. Town,Town,,,male,General Agent,Tract Society,Great Britain,Foreign Conferences and Missions,Great Britain,,,Europe
1893,41,M. C. Israel,Israel,,,male,Minister,,New Zealand Conference,Foreign Conferences and Missions,New Zealand,,,Australasia
1893,41,S. Mc Cullagh,Mc Cullagh,,,male,Minister,,New Zealand Conference,Foreign Conferences and Missions,New Zealand,,,Australasia
1893,41,G. T. Wilson,Wilson,,,male,Minister,,New Zealand Conference,Foreign Conferences and Missions,New Zealand,,,Australasia
1893,41,G. A. Anderson,Anderson,,,male,Licentiate,,New Zealand Conference,Foreign Conferences and Missions,New Zealand,,,Australasia
1893,41,M. C. Israel,Israel,,,male,President,,New Zealand Conference,Foreign Conferences and Missions,New Zealand,,,Australasia
1893,41,A. Simpson,Simpson,,,male,Secretary,,New Zealand Conference,Foreign Conferences and Missions,New Zealand,,,Australasia
1893,41,M. C. Israel,Israel,,,male,Executive Committee Member,,New Zealand Conference,Foreign Conferences and Missions,New Zealand,,,Australasia
1893,41,S. Cullagh,Cullagh,,,male,Executive Committee Member,,New Zealand Conference,Foreign Conferences and Missions,New Zealand,,,Australasia
1893,41,J. Glass,Glass,,Jr.,male,Executive Committee Member,,New Zealand Conference,Foreign Conferences and Missions,New Zealand,,,Australasia
1893,41,S. Rout,Rout,,,male,Executive Committee Member,,New Zealand Conference,Foreign Conferences and Missions,New Zealand,,,Australasia
1893,41,James Harris,Harris,,,male,Executive Committee Member,,New Zealand Conference,Foreign Conferences and Missions,New Zealand,,,Australasia
1893,41,M. C. Israel,Israel,,,male,President,Tract Society,New Zealand Conference,Foreign Conferences and Missions,New Zealand,,,Australasia
1893,41,James Harris,Harris,,,male,Vice-President,Tract Society,New Zealand Conference,Foreign Conferences and Missions,New Zealand,,,Australasia
1893,41,Mrs. M. H. Tuxford,Tuxford,Mrs.,,female,Secretary and Treasurer,Tract Society,New Zealand Conference,Foreign Conferences and Missions,New Zealand,,,Australasia
1893,41,Jessie Israel,Israel,,,female,Assistant Secretary,Tract Society,New Zealand Conference,Foreign Conferences and Missions,New Zealand,,,Australasia
1893,41,Wesley Hare,Hare,,,male,Director,"Tract Society, Dist. No. 1",New Zealand Conference,Foreign Conferences and Missions,New Zealand,,,Australasia
1893,41,James Harris,Harris,,,male,Director,"Tract Society, Dist. No. 2",New Zealand Conference,Foreign Conferences and Missions,New Zealand,,,Australasia
1893,41,S. Mc Cullagh,Mc Cullagh,,,male,Director,"Tract Society, Dist. No. 3",New Zealand Conference,Foreign Conferences and Missions,New Zealand,,,Australasia
1893,43,Asa T. Robinson,Robinson,,,male,President,,South African Conference,Foreign Conferences and Missions,South African Mission,,,Africa
1893,43,I. J. Hankins,Hankins,,,male,Secretary,,South African Conference,Foreign Conferences and Missions,South African Mission,,,Africa
1893,43,N. H. Druillard,Druillard,,,male,Treasurer,,South African Conference,Foreign Conferences and Missions,South African Mission,,,Africa
1893,43,A. T. Robinson,Robinson,,,male,Executive Committee Member,,South African Conference,Foreign Conferences and Missions,South African Mission,,,Africa
1893,43,Peter J. D. Wessels,Wessels,,,male,Executive Committee Member,,South African Conference,Foreign Conferences and Missions,South African Mission,,,Africa
1893,43,J. H. Tarr,Tarr,,,male,Executive Committee Member,,South African Conference,Foreign Conferences and Missions,South African Mission,,,Africa
1893,43,E. B. Miller,Miller,,,male,Executive Committee Member,,South African Conference,Foreign Conferences and Missions,South African Mission,,,Africa
1893,43,Phillip W. B. Wessels,Wessels,,,male,Executive Committee Member,,South African Conference,Foreign Conferences and Missions,South African Mission,,,Africa
1893,43,Mrs. N. H. Druillard,Druillard,Mrs.,,female,Tract Society Secretary,,South African Conference,Foreign Conferences and Missions,South African Mission,,,Africa
1893,43,Hefty Hurd,Hurd,,,,Sabbath-School Secretary,,South African Conference,Foreign Conferences and Missions,South African Mission,,,Africa
1893,43,E. B. Miller,Miller,,,male,Trustee,Claremont Union College,South African Conference,Foreign Conferences and Missions,South African Mission,Claremont Union College,,Africa
1893,43,Peter J. D. Wessels,Wessels,,,male,Trustee,Claremont Union College,South African Conference,Foreign Conferences and Missions,South African Mission,Claremont Union College,,Africa
1893,43,A. T. Robinson,Robinson,,,male,Trustee,Claremont Union College,South African Conference,Foreign Conferences and Missions,South African Mission,Claremont Union College,,Africa
1893,43,Mrs. J. J. Wessles,Wessles,Mrs.,,female,Trustee,Claremont Union College,South African Conference,Foreign Conferences and Missions,South African Mission,Claremont Union College,,Africa
1893,43,I. J. Hankins,Hankins,,,male,Trustee,Claremont Union College,South African Conference,Foreign Conferences and Missions,South African Mission,Claremont Union College,,Africa
1893,43,Fred Reed,Reed,,,male,Trustee,Claremont Union College,South African Conference,Foreign Conferences and Missions,South African Mission,Claremont Union College,,Africa
1893,43,E. A. Ingle,Ingle,,,male,Trustee,Claremont Union College,South African Conference,Foreign Conferences and Missions,South African Mission,Claremont Union College,,Africa
1893,43,O. Johnson,Johnson,,,male,Minister,,Sweden Conference,Foreign Conferences and Missions,Sweden,,,Scandinavia
1893,43,K. A. Fernstrom,Fernstrom,,,male,Minister,,Sweden Conference,Foreign Conferences and Missions,Sweden,,,Scandinavia
1893,43,G. Sunden,Sunden,,,male,Minister,,Sweden Conference,Foreign Conferences and Missions,Sweden,,,Scandinavia
1893,43,L. Carlson,Carlson,,,male,Minister,,Sweden Conference,Foreign Conferences and Missions,Sweden,,,Scandinavia
1893,43,F. Oberg,Oberg,,,male,Minister,,Sweden Conference,Foreign Conferences and Missions,Sweden,,,Scandinavia
1893,43,A. Hellgren,Hellgren,,,male,Licentiate,,Sweden Conference,Foreign Conferences and Missions,Sweden,,,Scandinavia
1893,43,K. Sandberg,Sandberg,,,male,Bible Worker,,Sweden Conference,Foreign Conferences and Missions,Sweden,,,Scandinavia
1893,43,L. Olson,Olson,,,,Bible Worker,,Sweden Conference,Foreign Conferences and Missions,Sweden,,,Scandinavia
1893,43,F. W. Wallenkampf,Wallenkampf,,,male,Bible Worker,,Sweden Conference,Foreign Conferences and Missions,Sweden,,,Scandinavia
1893,43,B. J. Carlson,Carlson,,,male,Bible Worker,,Sweden Conference,Foreign Conferences and Missions,Sweden,,,Scandinavia
1893,43,Z. Wallenkampf,Wallenkampf,,,,Bible Worker,,Sweden Conference,Foreign Conferences and Missions,Sweden,,,Scandinavia
1893,43,A. J. Settergren,Settergren,,,male,Bible Worker,,Sweden Conference,Foreign Conferences and Missions,Sweden,,,Scandinavia
1893,43,Mathilda Lindgren,Lindgren,,,female,Bible Worker,,Sweden Conference,Foreign Conferences and Missions,Sweden,,,Scandinavia
1893,43,Augusta Larsen,Larsen,,,female,Bible Worker,,Sweden Conference,Foreign Conferences and Missions,Sweden,,,Scandinavia
1893,43,O. Johnson,Johnson,,,male,President,,Sweden Conference,Foreign Conferences and Missions,Sweden,,,Scandinavia
1893,43,K. Sandberg,Sandberg,,,male,Secretary and Treasurer,,Sweden Conference,Foreign Conferences and Missions,Sweden,,,Scandinavia
1893,43,L. Johnson,Johnson,,,male,Executive Committee Member,,Sweden Conference,Foreign Conferences and Missions,Sweden,,,Scandinavia
1893,43,K. A. Fernstrom,Fernstrom,,,male,Executive Committee Member,,Sweden Conference,Foreign Conferences and Missions,Sweden,,,Scandinavia
1893,43,F. W. Wallenkampf,Wallenkampf,,,male,Executive Committee Member,,Sweden Conference,Foreign Conferences and Missions,Sweden,,,Scandinavia
1893,43,L. Johnson,Johnson,,,male,President,Tract Society,Sweden Tract Society,Foreign Conferences and Missions,Sweden,,,Scandinavia
1893,43,M. M. Olsen,Olsen,,,male,General Secretary,Tract Society,Sweden Tract Society,Foreign Conferences and Missions,Sweden,,,Scandinavia
1893,43,Mina Hedlund,Hedlund,,,female,District Secretary,Tract Society,Sweden Tract Society,Foreign Conferences and Missions,Sweden,,,Scandinavia
1893,43,K. Fernstrom,Fernstrom,,,male,Director,Tract Society,Sweden Tract Society,Foreign Conferences and Missions,Sweden,,,Scandinavia
1893,43,L. Johnson,Johnson,,,male,President,Sabbath-School Association,Sweden Sabbath-School Association,Foreign Conferences and Missions,Sweden,,,Scandinavia
1893,43,M. M. Olsen,Olsen,,,male,Secretary and Treasurer,Sabbath-School Association,Sweden Sabbath-School Association,Foreign Conferences and Missions,Sweden,,,Scandinavia
1893,42,S. Mc Cullagh,Mc Cullagh,,,male,President,Sabbath-School Association,Sabbath-School Association,Foreign Conferences and Missions,Australia,,,Australia
1893,42,James Harris,Harris,,,male,Sabbath-School Association Officer,,Sabbath-School Association,Foreign Conferences and Missions,Australia,,,Australia
1893,42,Esther Kelley,Kelley,,,female,Secretary,Sabbath-School Association,Sabbath-School Association,Foreign Conferences and Missions,Australia,,,Australia
1893,42,S. Mc Cullagh,Mc Cullagh,,,male,Executive Committee Member,Sabbath-School Association,Sabbath-School Association,Foreign Conferences and Missions,Australia,,,Australia
1893,42,J. Harris,Harris,,,male,Executive Committee Member,Sabbath-School Association,Sabbath-School Association,Foreign Conferences and Missions,Australia,,,Australia
1893,42,E. Kelly,Kelly,,,,Executive Committee Member,Sabbath-School Association,Sabbath-School Association,Foreign Conferences and Missions,Australia,,,Australia
1893,42,J. T. Camp,Camp,,,male,Executive Committee Member,Sabbath-School Association,Sabbath-School Association,Foreign Conferences and Missions,Australia,,,Australia
1893,42,J. Paap,Paap,,,male,Executive Committee Member,Sabbath-School Association,Sabbath-School Association,Foreign Conferences and Missions,Australia,,,Australia
1893,42,L. Johnson,Johnson,,,male,Minister,,Norway Conference,Foreign Conferences and Missions,Norway,,,Scandinavia
1893,42,K. Brorsen,Brorsen,,,male,Minister,,Norway Conference,Foreign Conferences and Missions,Norway,,,Scandinavia
1893,42,O. J. Olsen,Olsen,,,male,Licentiate,,Norway Conference,Foreign Conferences and Missions,Norway,,,Scandinavia
1893,42,N. P. Nelsen,Nelsen,,,male,Licentiate,,Norway Conference,Foreign Conferences and Missions,Norway,,,Scandinavia
1893,42,C. Castberg,Castberg,,,male,Licentiate,,Norway Conference,Foreign Conferences and Missions,Norway,,,Scandinavia
1893,42,L. Enebo,Enebo,,,male,Licentiate,,Norway Conference,Foreign Conferences and Missions,Norway,,,Scandinavia
1893,42,N. P. Larsen,Larsen,,,male,Bible Worker,,Norway Conference,Foreign Conferences and Missions,Norway,,,Scandinavia
1893,42,D. W. Ostlund,Ostlund,,,male,Bible Worker,,Norway Conference,Foreign Conferences and Missions,Norway,,,Scandinavia
1893,42,L. Johnson,Johnson,,,male,President,,Norway Conference,Foreign Conferences and Missions,Norway,,,Scandinavia
1893,42,C. Castberg,Castberg,,,male,Secretary,,Norway Conference,Foreign Conferences and Missions,Norway,,,Scandinavia
1893,42,R. Petersen,Petersen,,,male,Treasurer,,Norway Conference,Foreign Conferences and Missions,Norway,,,Scandinavia
1893,42,M. M. Olsen,Olsen,,,male,Executive Committee Member,,Norway Conference,Foreign Conferences and Missions,Norway,,,Scandinavia
1893,42,K. Brorsen,Brorsen,,,male,Executive Committee Member,,Norway Conference,Foreign Conferences and Missions,Norway,,,Scandinavia
1893,42,H. L. Hendricksen,Hendricksen,,,male,Executive Committee Member,,Norway Conference,Foreign Conferences and Missions,Norway,,,Scandinavia
1893,42,H. J Hansen,Hansen,,,male,Executive Committee Member,,Norway Conference,Foreign Conferences and Missions,Norway,,,Scandinavia
1893,42,L. Johnson,Johnson,,,male,President,Tract Society,Norway Tract Society,Foreign Conferences and Missions,Norway,,,Scandinavia
1893,42,M. M. Olsen,Olsen,,,male,General Secretary,Tract Society,Norway Tract Society,Foreign Conferences and Missions,Norway,,,Scandinavia
1893,42,Louise Christensen,Christensen,,,female,District Secretary,Tract Society,Norway Tract Society,Foreign Conferences and Missions,Norway,,,Scandinavia
1893,42,K. Brorsen,Brorsen,,,male,Director,Tract Society,Norway Tract Society,Foreign Conferences and Missions,Norway,,,Scandinavia
1893,42,L. Johnson,Johnson,,,male,President,Sabbath-School Association,Norway Sabbath-School Association,Foreign Conferences and Missions,Norway,,,Scandinavia
1893,42,M. M. Olsen,Olsen,,,male,Secretary,Sabbath-School Association,Norway Sabbath-School Association,Foreign Conferences and Missions,Norway,,,Scandinavia
1893,42,E. H. Gates,Gates,,,male,Minister,,Polynesia Mission,Foreign Conferences and Missions,Polynesia,,,Polynesia
1893,42,A. J. Read,Read,,,male,Minister,,Polynesia Mission,Foreign Conferences and Missions,Polynesia,,,Polynesia
1893,42,B. J. Cady,Cady,,,male,Minister,,Polynesia Mission,Foreign Conferences and Missions,Polynesia,,,Polynesia
1893,42,J. M. Cole,Cole,,,male,Minister,,Polynesia Mission,Foreign Conferences and Missions,Polynesia,,,Polynesia
1893,42,Mrs. E. H. Gates,Gates,Mrs.,,female,Missionary License,,Polynesia Mission,Foreign Conferences and Missions,Polynesia,,,Polynesia
1893,42,Mrs. Hattie Read,Read,Mrs.,,female,Missionary License,,Polynesia Mission,Foreign Conferences and Missions,Polynesia,,,Polynesia
1893,42,Mrs. I. F. Cady,Cady,Mrs.,,female,Missionary License,,Polynesia Mission,Foreign Conferences and Missions,Polynesia,,,Polynesia
1893,42,Mrs. F. S. Cole,Cole,Mrs.,,female,Missionary License,,Polynesia Mission,Foreign Conferences and Missions,Polynesia,,,Polynesia
1893,42,E. C. Chapman,Chapman,,,male,Missionary License,,Polynesia Mission,Foreign Conferences and Missions,Polynesia,,,Polynesia
1893,42,Mrs. Cora M. Chapman,Chapman,Mrs.,,female,Missionary License,,Polynesia Mission,Foreign Conferences and Missions,Polynesia,,,Polynesia
1893,42,Dr. M. G. Kellogg,Kellogg,Dr.,,male,Missionary License,,Polynesia Mission,Foreign Conferences and Missions,Polynesia,,,Polynesia
1893,42,J. R. Mc Coy,Mc Coy,,,male,Missionary License,,Polynesia Mission,Foreign Conferences and Missions,Polynesia,,,Polynesia
1893,42,J. Christensen,Christensen,,,male,Captain,Missionary Ship Pitcairn,Polynesia Mission,Foreign Conferences and Missions,Polynesia,Missionary Ship Pitcairn,,Polynesia
1893,42,J. E. Werge,Werge,,,male,Mate,Missionary Ship Pitcairn,Polynesia Mission,Foreign Conferences and Missions,Polynesia,Missionary Ship Pitcairn,,Polynesia
1893,42,L. Jensen,Jensen,,,male,Crew,Missionary Ship Pitcairn,Polynesia Mission,Foreign Conferences and Missions,Polynesia,Missionary Ship Pitcairn,,Polynesia
1893,42,John Chilton,Chilton,,,male,Crew,Missionary Ship Pitcairn,Polynesia Mission,Foreign Conferences and Missions,Polynesia,Missionary Ship Pitcairn,,Polynesia
1893,42,Peter Hansen,Hansen,,,male,Crew,Missionary Ship Pitcairn,Polynesia Mission,Foreign Conferences and Missions,Polynesia,Missionary Ship Pitcairn,,Polynesia
1893,42,James Bennie,Bennie,,,male,Crew,Missionary Ship Pitcairn,Polynesia Mission,Foreign Conferences and Missions,Polynesia,Missionary Ship Pitcairn,,Polynesia
1893,42,N. E. Johnson,Johnson,,,male,Crew,Missionary Ship Pitcairn,Polynesia Mission,Foreign Conferences and Missions,Polynesia,Missionary Ship Pitcairn,,Polynesia
1893,42,Ludwig Drenson,Drenson,,,male,Crew,Missionary Ship Pitcairn,Polynesia Mission,Foreign Conferences and Missions,Polynesia,Missionary Ship Pitcairn,,Polynesia
1893,42,E. H. Gates,Gates,,,male,Teacher,Pitcairn Island School,Polynesia Mission,Foreign Conferences and Missions,Polynesia,Pitcairn Island School,Pitcairn Island,Polynesia
1893,42,Mrs. Ida Gates,Gates,Mrs.,,female,Teacher,Pitcairn Island School,Polynesia Mission,Foreign Conferences and Missions,Polynesia,Pitcairn Island School,Pitcairn Island,Polynesia
1893,42,Hattie Andre,Andre,,,female,Teacher,Pitcairn Island School,Polynesia Mission,Foreign Conferences and Missions,Polynesia,Pitcairn Island School,Pitcairn Island,Polynesia
1893,42,K. Laubhan,Laubhan,,,male,Minister,,Russian Mission,Foreign Conferences and Missions,Russian Mission,,,Russia
1893,42,J. Klein,Klein,,,male,Minister,,Russian Mission,Foreign Conferences and Missions,Russian Mission,,,Russia
1893,42,J. G. Oblander,Oblander,,,male,Minister,,Russian Mission,Foreign Conferences and Missions,Russian Mission,,,Russia
1893,42,L. Loebsack,Loebsack,,,male,Licentiate,,Russian Mission,Foreign Conferences and Missions,Russian Mission,,,Russia
1893,42,T. Babienko,Babienko,,,male,Licentiate,,Russian Mission,Foreign Conferences and Missions,Russian Mission,,,Russia
1893,42,L. R. Conradi,Conradi,,,male,Advisory Committee Member,,Russian Mission,Foreign Conferences and Missions,Russian Mission,,,Russia
1893,42,H. P. Holser,Holser,,,male,Advisory Committee Member,,Russian Mission,Foreign Conferences and Missions,Russian Mission,,,Russia
1893,42,Conrad Laubhan,Laubhan,,,male,Advisory Committee Member,,Russian Mission,Foreign Conferences and Missions,Russian Mission,,,Russia
1893,42,Jacob Klein,Klein,,,male,Advisory Committee Member,,Russian Mission,Foreign Conferences and Missions,Russian Mission,,,Russia
1893,42,Gerhardt,Gerhardt,,,male,Advisory Committee Member,,Russian Mission,Foreign Conferences and Missions,Russian Mission,,,Russia
1893,42,A. T. Robinson,Robinson,,,male,Minister,,South Africa Mission,Foreign Conferences and Missions,South African Mission,,,Africa
1893,42,I. J. Hankins,Hankins,,,male,Minister,,South Africa Mission,Foreign Conferences and Missions,South African Mission,,,Africa
1893,42,Geo. B. Thompson,Thompson,,,male,Minister,,South Africa Mission,Foreign Conferences and Missions,South African Mission,,,Africa
1893,42,Peter J. D. Wessels,Wessels,,,male,Licentiate,,South Africa Mission,Foreign Conferences and Missions,South African Mission,,,Africa
1893,42,G. D. J. Scholtz,Scholtz,,,male,Licentiate,,South Africa Mission,Foreign Conferences and Missions,South African Mission,,,Africa
1893,42,Eli B. Miller,Miller,,,male,Licentiate,,South Africa Mission,Foreign Conferences and Missions,South African Mission,,,Africa
1893,42,Phillip W. B. Wessels,Wessels,,,male,Licentiate,,South Africa Mission,Foreign Conferences and Missions,South African Mission,,,Africa
1893,42,A. Druillard,Druillard,,,male,Licensed Missionary,,South Africa Mission,Foreign Conferences and Missions,South African Mission,,,Africa
1893,42,Purdon Smailes,Smailes,,,male,Licensed Missionary,,South Africa Mission,Foreign Conferences and Missions,South African Mission,,,Africa
1893,42,Hettie Hurd,Hurd,,,female,Licensed Missionary,,South Africa Mission,Foreign Conferences and Missions,South African Mission,,,Africa
1893,42,Mrs. Delia A. Thompson,Thompson,Mrs.,,female,Licensed Missionary,,South Africa Mission,Foreign Conferences and Missions,South African Mission,,,Africa
1893,42,A. Druillard,Druillard,,,male,Ship Missionary,,South Africa Mission,Foreign Conferences and Missions,South African Mission,,,Africa
1893,44,O. A. Olsen,Olsen,,,male,Director,,Central S. D. A. Publishing Association,Publishing Houses,General Conference,Review and Herald,"Battle Creek, Mich.",United States
1893,44,U. Smith,Smith,,,male,Director,,Central S. D. A. Publishing Association,Publishing Houses,General Conference,Review and Herald,"Battle Creek, Mich.",United States
1893,44,A. R. Henry,Henry,,,male,Director,,Central S. D. A. Publishing Association,Publishing Houses,General Conference,Review and Herald,"Battle Creek, Mich.",United States
1893,44,H. Lindsay,Lindsay,,,male,Director,,Central S. D. A. Publishing Association,Publishing Houses,General Conference,Review and Herald,"Battle Creek, Mich.",United States
1893,44,W. H. Edwards,Edwards,,,male,Director,,Central S. D. A. Publishing Association,Publishing Houses,General Conference,Review and Herald,"Battle Creek, Mich.",United States
1893,44,S. N. Haskell,Haskell,,,male,Director,,Central S. D. A. Publishing Association,Publishing Houses,General Conference,Review and Herald,"Battle Creek, Mich.",United States
1893,44,L. Mc Coy,Mc Coy,,,male,Director,,Central S. D. A. Publishing Association,Publishing Houses,General Conference,Review and Herald,"Battle Creek, Mich.",United States
1893,44,O. A. Olsen,Olsen,,,male,President,,Central S. D. A. Publishing Association,Publishing Houses,General Conference,Review and Herald,"Battle Creek, Mich.",United States
1893,44,U. Smith,Smith,,,male,Vice-President,,Central S. D. A. Publishing Association,Publishing Houses,General Conference,Review and Herald,"Battle Creek, Mich.",United States
1893,44,W. H. Edwards,Edwards,,,male,Secretary,,Central S. D. A. Publishing Association,Publishing Houses,General Conference,Review and Herald,"Battle Creek, Mich.",United States
1893,44,A. R. Henry,Henry,,,male,Treasurer and Manager,,Central S. D. A. Publishing Association,Publishing Houses,General Conference,Review and Herald,"Battle Creek, Mich.",United States
1893,44,H. Lindsay,Lindsay,,,male,Auditor,,Central S. D. A. Publishing Association,Publishing Houses,General Conference,Review and Herald,"Battle Creek, Mich.",United States
1893,44,O. A. Olsen,Olsen,,,male,Publishing Committee,,Central S. D. A. Publishing Association,Publishing Houses,General Conference,Review and Herald,"Battle Creek, Mich.",United States
1893,44,U. Smith,Smith,,,male,Publishing Committee,,Central S. D. A. Publishing Association,Publishing Houses,General Conference,Review and Herald,"Battle Creek, Mich.",United States
1893,44,A. R. Henry,Henry,,,male,Publishing Committee,,Central S. D. A. Publishing Association,Publishing Houses,General Conference,Review and Herald,"Battle Creek, Mich.",United States
1893,44,U. Smith,Smith,,,male,Editor,Review and Herald,Central S. D. A. Publishing Association,Publishing Houses,General Conference,Review and Herald,"Battle Creek, Mich.",United States
1893,44,M. E. Kellogg,Kellogg,,,male,Assistant Editor,Review and Herald,Central S. D. A. Publishing Association,Publishing Houses,General Conference,Review and Herald,"Battle Creek, Mich.",United States
1893,44,A. T. Jones,Jones,,,male,Editorial Contributor,Review and Herald,Central S. D. A. Publishing Association,Publishing Houses,General Conference,Review and Herald,"Battle Creek, Mich.",United States
1893,44,L. R. Conradi,Conradi,,,male,Editorial Contributor,Review and Herald,Central S. D. A. Publishing Association,Publishing Houses,General Conference,Review and Herald,"Battle Creek, Mich.",United States
1893,44,G. C. Tenney,Tenney,,,male,Editorial Contributor,Review and Herald,Central S. D. A. Publishing Association,Publishing Houses,General Conference,Review and Herald,"Battle Creek, Mich.",United States
1893,44,Geo. I. Butler,Butler,,,male,Editorial Contributor,Review and Herald,Central S. D. A. Publishing Association,Publishing Houses,General Conference,Review and Herald,"Battle Creek, Mich.",United States
1893,44,O. A. Olsen,Olsen,,,male,Editorial Contributor,Review and Herald,Central S. D. A. Publishing Association,Publishing Houses,General Conference,Review and Herald,"Battle Creek, Mich.",United States
1893,44,S. N. Haskell,Haskell,,,male,Editorial Contributor,Review and Herald,Central S. D. A. Publishing Association,Publishing Houses,General Conference,Review and Herald,"Battle Creek, Mich.",United States
1893,44,N. W. Lawrence,Lawrence,,,male,Editor,Youth's Instructor,Central S. D. A. Publishing Association,Publishing Houses,General Conference,Review and Herald,"Battle Creek, Mich.",United States
1893,44,T. Valentiner,Valentiner,,,male,Editor,Hausfreund (German),Central S. D. A. Publishing Association,Publishing Houses,General Conference,Review and Herald,"Battle Creek, Mich.",United States
1893,44,John Kolvoord,Kolvoord,,,male,Assistant Editor,Hausfreund (German),Central S. D. A. Publishing Association,Publishing Houses,General Conference,Review and Herald,"Battle Creek, Mich.",United States
1893,44,L. R. Conradi,Conradi,,,male,Corresponding Editor,Hausfreund (German),Central S. D. A. Publishing Association,Publishing Houses,General Conference,Review and Herald,"Battle Creek, Mich.",United States
1893,44,H. F. Graf,Graf,,,male,Corresponding Editor,Hausfreund (German),Central S. D. A. Publishing Association,Publishing Houses,General Conference,Review and Herald,"Battle Creek, Mich.",United States
1893,44,A. Kunz,Kunz,,,male,Corresponding Editor,Hausfreund (German),Central S. D. A. Publishing Association,Publishing Houses,General Conference,Review and Herald,"Battle Creek, Mich.",United States
1893,44,John Kolvoord,Kolvoord,,,male,Editor,Bijbel Lezer (Holland),Central S. D. A. Publishing Association,Publishing Houses,General Conference,Review and Herald,"Battle Creek, Mich.",United States
1893,44,Geo. W. Amadon,Amadon,,,male,Editorial Contributor,Bijbel Lezer (Holland),Central S. D. A. Publishing Association,Publishing Houses,General Conference,Review and Herald,"Battle Creek, Mich.",United States
1893,44,C. H. Jones,Jones,,,male,Director,,Pacific Press Publishing Company,Publishing Houses,California,Pacific Press Publishing Company,"Oakland, Cal.",United States
1893,44,S. N. Haskell,Haskell,,,male,Director,,Pacific Press Publishing Company,Publishing Houses,California,Pacific Press Publishing Company,"Oakland, Cal.",United States
1893,44,Dan. T. Jones,Jones,,,male,Director,,Pacific Press Publishing Company,Publishing Houses,California,Pacific Press Publishing Company,"Oakland, Cal.",United States
1893,44,Wm. Saunders,Saunders,,,male,Director,,Pacific Press Publishing Company,Publishing Houses,California,Pacific Press Publishing Company,"Oakland, Cal.",United States
1893,44,S. C. Stickney,Stickney,,,male,Director,,Pacific Press Publishing Company,Publishing Houses,California,Pacific Press Publishing Company,"Oakland, Cal.",United States
1893,44,G. C. Martin,Martin,,,male,Director,,Pacific Press Publishing Company,Publishing Houses,California,Pacific Press Publishing Company,"Oakland, Cal.",United States
1893,44,W. M. Healey,Healey,,,male,Director,,Pacific Press Publishing Company,Publishing Houses,California,Pacific Press Publishing Company,"Oakland, Cal.",United States
1893,44,C. H. Jones,Jones,,,male,President and Manager,,Pacific Press Publishing Company,Publishing Houses,California,Pacific Press Publishing Company,"Oakland, Cal.",United States
1893,44,Wm. Saunders,Saunders,,,male,Vice-President,,Pacific Press Publishing Company,Publishing Houses,California,Pacific Press Publishing Company,"Oakland, Cal.",United States
1893,44,E. A. Chapman,Chapman,,,male,Secretary,,Pacific Press Publishing Company,Publishing Houses,California,Pacific Press Publishing Company,"Oakland, Cal.",United States
1893,44,S. C. Stickney,Stickney,,,male,Treasurer,,Pacific Press Publishing Company,Publishing Houses,California,Pacific Press Publishing Company,"Oakland, Cal.",United States
1893,44,Dan. T. Jones,Jones,,,male,Auditor,,Pacific Press Publishing Company,Publishing Houses,California,Pacific Press Publishing Company,"Oakland, Cal.",United States
1893,44,Dan. T. Jones,Jones,,,male,Publishing Committee,,Pacific Press Publishing Company,Publishing Houses,California,Pacific Press Publishing Company,"Oakland, Cal.",United States
1893,44,C. H. Jones,Jones,,,male,Publishing Committee,,Pacific Press Publishing Company,Publishing Houses,California,Pacific Press Publishing Company,"Oakland, Cal.",United States
1893,44,M. C. Wilcox,Wilcox,,,male,Publishing Committee,,Pacific Press Publishing Company,Publishing Houses,California,Pacific Press Publishing Company,"Oakland, Cal.",United States
1893,44,T. A. Kilgore,Kilgore,,,male,Manager New York Branch,,Pacific Press Publishing Company,Publishing Houses,California,Pacific Press Publishing Company,"New York City, N. Y.",United States
1893,44,M. C. Wilcox,Wilcox,,,male,Editor,Signs of the Times,Pacific Press Publishing Company,Publishing Houses,California,Pacific Press Publishing Company,"Oakland, Cal.",United States
1893,44,A. T. Jones,Jones,,,male,Editor,American Sentinel,Pacific Press Publishing Company,Publishing Houses,California,Pacific Press Publishing Company,"Oakland, Cal.",United States
1893,44,C. P. Bollman,Bollman,,,male,Associate Editor,American Sentinel,Pacific Press Publishing Company,Publishing Houses,California,Pacific Press Publishing Company,"Oakland, Cal.",United States
1893,44,W. H. Mc Kee,Mc Kee,,,male,Associate Editor,American Sentinel,Pacific Press Publishing Company,Publishing Houses,California,Pacific Press Publishing Company,"Oakland, Cal.",United States
1893,44,W. N. Glenn,Glenn,,,male,Editor,Our Little Friend,Pacific Press Publishing Company,Publishing Houses,California,Pacific Press Publishing Company,"Oakland, Cal.",United States
1893,44,Mrs. Vesta J. Olsen,Olsen,Mrs.,,female,Editor,Our Little Friend,Pacific Press Publishing Company,Publishing Houses,California,Pacific Press Publishing Company,"Oakland, Cal.",United States
1893,44,F. M. Wilcox,Wilcox,,,male,Editor,Our Little Friend,Pacific Press Publishing Company,Publishing Houses,California,Pacific Press Publishing Company,"Oakland, Cal.",United States
1893,44,W. H. Maxson,Maxson,,M. D.,male,Editor,Pacific Health Journal,Pacific Press Publishing Company,Publishing Houses,California,Pacific Press Publishing Company,"Oakland, Cal.",United States
1893,44,M. C. Wilcox,Wilcox,,,male,Editor,Pacific Health Journal,Pacific Press Publishing Company,Publishing Houses,California,Pacific Press Publishing Company,"Oakland, Cal.",United States
1893,44,F. M. Wilcox,Wilcox,,,male,Editor,Sabbath-school Worker,Pacific Press Publishing Company,Publishing Houses,California,Pacific Press Publishing Company,"Oakland, Cal.",United States
1893,44,Mrs. Vesta J. Olsen,Olsen,Mrs.,,female,Editor,Sabbath-school Worker,Pacific Press Publishing Company,Publishing Houses,California,Pacific Press Publishing Company,"Oakland, Cal.",United States
1893,44,M. C. Wilcox,Wilcox,,,male,Chairman Editorial Committee,Bible Students' Library,Pacific Press Publishing Company,Publishing Houses,California,Pacific Press Publishing Company,"Oakland, Cal.",United States
1893,44,W. N. Glenn,Glenn,,,male,Chairman Editorial Committee,Sentinel Library,Pacific Press Publishing Company,Publishing Houses,California,Pacific Press Publishing Company,"Oakland, Cal.",United States
1893,44,J. H. Kellogg,Kellogg,,M. D.,male,Editor,Good Health,Good Health Publishing Company,Publishing Houses,Michigan,Good Health Publishing Company,"Battle Creek, Mich.",United States
1893,44,J. H. Kellogg,Kellogg,,M. D.,male,Editor,Medical Missionary,Good Health Publishing Company,Publishing Houses,Michigan,Good Health Publishing Company,"Battle Creek, Mich.",United States
1893,44,Mrs. E. H. Whitney,Whitney,Mrs.,,female,Assistant Editor,Medical Missionary,Good Health Publishing Company,Publishing Houses,Michigan,Good Health Publishing Company,"Battle Creek, Mich.",United States
1893,34,W. S. Hyatt,Hyatt,,,male,President,,Tract Society,American Conferences,Montana,,,United States
1893,34,A. E. Flowers,Flowers,,,male,Vice-President,,Tract Society,American Conferences,Montana,,,United States
1893,34,Vita Morrow,Morrow,,,,Secretary and Treasurer,,Tract Society,American Conferences,Montana,,,United States
1893,34,H. L. Hoover,Hoover,,,male,Canvassing Agent,,Tract Society,American Conferences,Montana,,,United States
1893,34,C. H. Chaffee,Chaffee,,,male,Director,Dist. No. 1,Tract Society,American Conferences,Montana,,,United States
1893,34,H. W. Willis,Willis,,,male,Director,Dist. No. 2,Tract Society,American Conferences,Montana,,,United States
1893,34,C. Santee,Santee,,,male,Director,Dist. No. 3,Tract Society,American Conferences,Montana,,,United States
1893,34,J. B. Recliner,Recliner,,,male,Director,Dist. No. 4,Tract Society,American Conferences,Montana,,,United States
1893,34,H. K. Willis,Willis,,,male,President,,Sabbath-School Association,American Conferences,Montana,,,United States
1893,34,C. Santee,Santee,,,male,Vice-President,,Sabbath-School Association,American Conferences,Montana,,,United States
1893,34,Miss Ella Helm,Helm,Miss,,female,Secretary,,Sabbath-School Association,American Conferences,Montana,,,United States
1893,34,H. K. Willis,Willis,,,male,Executive Committee Member,,Sabbath-School Association,American Conferences,Montana,,,United States
1893,34,C. Santee,Santee,,,male,Executive Committee Member,,Sabbath-School Association,American Conferences,Montana,,,United States
1893,34,Ella Helm,Helm,,,female,Executive Committee Member,,Sabbath-School Association,American Conferences,Montana,,,United States
1893,34,G. M. Ellis,Ellis,,,male,Executive Committee Member,,Sabbath-School Association,American Conferences,Montana,,,United States
1893,34,W. S. Hyatt,Hyatt,,,male,Executive Committee Member,,Sabbath-School Association,American Conferences,Montana,,,United States
1893,34,J. W. Watt,Watt,,,male,Minister,,Montana Mission,American Conferences,Montana,,,United States
1893,34,C. N. Martin,Martin,,,male,Minister,,Montana Mission,American Conferences,Montana,,,United States
1893,34,W. J. Stone,Stone,,,male,Minister,,Montana Mission,American Conferences,Montana,,,United States
1893,34,W. B. White,White,,,male,Minister,,Nebraska Conference,American Conferences,Nebraska,,,United States
1893,34,H. Grant,Grant,,,male,Minister,,Nebraska Conference,American Conferences,Nebraska,,,United States
1893,34,C. C. Lewis,Lewis,,,male,Minister,,Nebraska Conference,American Conferences,Nebraska,,,United States
1893,34,Geo. E. Langdon,Langdon,,,male,Minister,,Nebraska Conference,American Conferences,Nebraska,,,United States
1893,34,John P. Gardiner,Gardiner,,,male,Minister,,Nebraska Conference,American Conferences,Nebraska,,,United States
1893,34,L. A. Hoopes,Hoopes,,,male,Minister,,Nebraska Conference,American Conferences,Nebraska,,,United States
1893,34,Daniel Nettleton,Nettleton,,,male,Minister,,Nebraska Conference,American Conferences,Nebraska,,,United States
1893,34,D. H. Lamson,Lamson,,,male,Minister,,Nebraska Conference,American Conferences,Nebraska,,,United States
1893,34,E. Loeppke,Loeppke,,,male,Licentiate,,Nebraska Conference,American Conferences,Nebraska,,,United States
1893,34,C. N. Harr,Harr,,,male,Licentiate,,Nebraska Conference,American Conferences,Nebraska,,,United States
1893,34,C. B. Clark,Clark,,,male,Licentiate,,Nebraska Conference,American Conferences,Nebraska,,,United States
1893,34,E. L. Stewart,Stewart,,,male,Licentiate,,Nebraska Conference,American Conferences,Nebraska,,,United States
1893,34,W. H. Hennig,Hennig,,,male,Licentiate,,Nebraska Conference,American Conferences,Nebraska,,,United States
1893,34,J. J. Devereaux,Devereaux,,,male,Licentiate,,Nebraska Conference,American Conferences,Nebraska,,,United States
1893,34,James Skinner,Skinner,,,male,Licentiate,,Nebraska Conference,American Conferences,Nebraska,,,United States
1893,34,James W. Boynton,Boynton,,,male,Missionary License,,Nebraska Conference,American Conferences,Nebraska,,,United States
1893,34,Nettie G. White,White,,,female,Missionary License,,Nebraska Conference,American Conferences,Nebraska,,,United States
1893,34,W. C. Boynton,Boynton,,,male,Missionary License,,Nebraska Conference,American Conferences,Nebraska,,,United States
1893,34,J. T. Wakcharn,Wakcharn,,,male,Missionary License,,Nebraska Conference,American Conferences,Nebraska,,,United States
1893,34,C. S. Anderson,Anderson,,,male,Missionary License,,Nebraska Conference,American Conferences,Nebraska,,,United States
1893,34,Isalina Ransom,Ransom,,,female,Missionary License,,Nebraska Conference,American Conferences,Nebraska,,,United States
1893,34,Mary Bratty,Bratty,,,female,Missionary License,,Nebraska Conference,American Conferences,Nebraska,,,United States
1893,34,Esther Smith,Smith,,,female,Missionary License,,Nebraska Conference,American Conferences,Nebraska,,,United States
1893,34,P. Buchanan,Buchanan,,,male,Missionary License,,Nebraska Conference,American Conferences,Nebraska,,,United States
1893,34,G. W. Boughton,Boughton,,,male,Missionary License,,Nebraska Conference,American Conferences,Nebraska,,,United States
1893,34,W. B. White,White,,,male,President,,Nebraska Conference,American Conferences,Nebraska,,,United States
1893,34,Mrs. Nettie G. White,White,Mrs.,,female,Secretary,,Nebraska Conference,American Conferences,Nebraska,,,United States
1893,34,L. A. Hoopes,Hoopes,,,male,Executive Committee Member,,Nebraska Conference,American Conferences,Nebraska,,,United States
1893,34,J. P. Gardiner,Gardiner,,,male,Executive Committee Member,,Nebraska Conference,American Conferences,Nebraska,,,United States
1893,34,C. S. Anderson,Anderson,,,male,Executive Committee Member,,Nebraska Conference,American Conferences,Nebraska,,,United States
1893,34,J. C. Middaugh,Middaugh,,,male,Executive Committee Member,,Nebraska Conference,American Conferences,Nebraska,,,United States
1893,34,L. A. Hoopes,Hoopes,,,male,Railroad Agent,,Nebraska Conference,American Conferences,Nebraska,,,United States
1893,34,W. B. White,White,,,male,President,,Nebraska Tract Society,American Conferences,Nebraska,,,United States
1893,34,L. A. Hoopes,Hoopes,,,male,Vice-President,,Nebraska Tract Society,American Conferences,Nebraska,,,United States
1893,34,Mary Beatty,Beatty,,,female,Secretary and Treasurer,,Nebraska Tract Society,American Conferences,Nebraska,,,United States
1893,34,Isalina Ransom,Ransom,,,female,Assistant Secretary,,Nebraska Tract Society,American Conferences,Nebraska,,,United States
1893,34,J. J. Devereaux,Devereaux,,,male,Canvassing Agent,,Nebraska Tract Society,American Conferences,Nebraska,,,United States
1893,34,W. B. White,White,,,male,Board of Directors,,Nebraska Tract Society,American Conferences,Nebraska,,,United States
1893,34,L. A. Hoopes,Hoopes,,,male,Board of Directors,,Nebraska Tract Society,American Conferences,Nebraska,,,United States
1893,34,J. P. Gardiner,Gardiner,,,male,Board of Directors,,Nebraska Tract Society,American Conferences,Nebraska,,,United States
1893,34,C. S. Anderson,Anderson,,,male,Board of Directors,,Nebraska Tract Society,American Conferences,Nebraska,,,United States
1893,34,J. C. Middaugh,Middaugh,,,male,Board of Directors,,Nebraska Tract Society,American Conferences,Nebraska,,,United States
1893,34,W. C. Boynton,Boynton,,,male,Board of Directors,,Nebraska Tract Society,American Conferences,Nebraska,,,United States
1893,34,G. E. Langdon,Langdon,,,male,Board of Directors,,Nebraska Tract Society,American Conferences,Nebraska,,,United States
1893,34,J. E. Jayne,Jayne,,,male,Board of Directors,,Nebraska Tract Society,American Conferences,Nebraska,,,United States
1893,34,G. E. Langdon,Langdon,,,male,Director,Dist. No. 1,Nebraska Tract Society,American Conferences,Nebraska,,,United States
1893,34,L. A. Hoopes,Hoopes,,,male,Director,Dist. No. 2,Nebraska Tract Society,American Conferences,Nebraska,,,United States
1893,34,J. E. Jayne,Jayne,,,male,Director,Dist. No. 3,Nebraska Tract Society,American Conferences,Nebraska,,,United States
1893,34,W. C. Boynton,Boynton,,,male,Director,Dist. No. 4,Nebraska Tract Society,American Conferences,Nebraska,,,United States
1893,34,W. A. Hennig,Hennig,,,male,President,,Nebraska Sabbath-School Association,American Conferences,Nebraska,,,United States
1893,34,W. C. Boynton,Boynton,,,male,Vice-President,,Nebraska Sabbath-School Association,American Conferences,Nebraska,,,United States
1893,34,Mrs. Nettie G. White,White,Mrs.,,female,Secretary and Treasurer,,Nebraska Sabbath-School Association,American Conferences,Nebraska,,,United States
1893,34,W. A. Hennig,Hennig,,,male,Executive Committee Member,,Nebraska Sabbath-School Association,American Conferences,Nebraska,,,United States
1893,34,W. C. Boynton,Boynton,,,male,Executive Committee Member,,Nebraska Sabbath-School Association,American Conferences,Nebraska,,,United States
1893,34,Mrs. Nettie G. White,White,Mrs.,,female,Executive Committee Member,,Nebraska Sabbath-School Association,American Conferences,Nebraska,,,United States
1893,34,Thomas McAlpine,McAlpine,,,male,Executive Committee Member,,Nebraska Sabbath-School Association,American Conferences,Nebraska,,,United States
1893,34,Mrs. M. W. Newton,Newton,Mrs.,,female,Executive Committee Member,,Nebraska Sabbath-School Association,American Conferences,Nebraska,,,United States
1893,34,R. C. Porter,Porter,,,male,Minister,,New England Conference,American Conferences,New England,,,United States
1893,34,H. F. Farman,Farman,,,male,Minister,,New England Conference,American Conferences,New England,,,United States
1893,34,G. E. Fifield,Fifield,,,male,Minister,,New England Conference,American Conferences,New England,,,United States
1893,34,C. L. Kellogg,Kellogg,,,male,Minister,,New England Conference,American Conferences,New England,,,United States
1893,34,E. E. Miles,Miles,,,male,Minister,,New England Conference,American Conferences,New England,,,United States
1893,34,G. W. Caviness,Caviness,,,male,Minister,,New England Conference,American Conferences,New England,,,United States
1893,34,F. W. Mace,Mace,,,male,Minister,,New England Conference,American Conferences,New England,,,United States
1893,34,C. H. Edwards,Edwards,,,male,Licentiate,,New England Conference,American Conferences,New England,,,United States
1893,34,Millard Wood,Wood,,,male,Missionary License,,New England Conference,American Conferences,New England,,,United States
1893,34,A. H. Clark,Clark,,,male,Missionary License,,New England Conference,American Conferences,New England,,,United States
1893,34,S. A. Farnsworth,Farnsworth,,,male,Missionary License,,New England Conference,American Conferences,New England,,,United States
1893,34,Jean Vuilleumier,Vuilleumier,,,male,Missionary License,,New England Conference,American Conferences,New England,,,United States
1893,34,Mrs. R. C. Porter,Porter,Mrs.,,female,Missionary License,,New England Conference,American Conferences,New England,,,United States
1893,34,Mrs. E. T. Palmer,Palmer,Mrs.,,female,Missionary License,,New England Conference,American Conferences,New England,,,United States
1893,34,Miss L. Florence Burnham,Burnham,Miss,,female,Missionary License,,New England Conference,American Conferences,New England,,,United States
1893,34,R. C. Porter,Porter,,,male,President,,New England Conference,American Conferences,New England,,,United States
1893,34,W. L. Payne,Payne,,,male,Vice-President,,New England Conference,American Conferences,New England,,,United States
1893,34,H. B. Tucker,Tucker,,,male,Secretary,,New England Conference,American Conferences,New England,,,United States
1893,34,Mrs. E. T. Palmer,Palmer,Mrs.,,female,Treasurer,,New England Conference,American Conferences,New England,,,United States
1893,34,R. C. Porter,Porter,,,male,Executive Committee Member,,New England Conference,American Conferences,New England,,,United States
1893,34,W. L. Payne,Payne,,,male,Executive Committee Member,,New England Conference,American Conferences,New England,,,United States
1893,34,H. J. Farman,Farman,,,male,Executive Committee Member,,New England Conference,American Conferences,New England,,,United States
1893,34,E. P. Farnsworth,Farnsworth,,,male,Executive Committee Member,,New England Conference,American Conferences,New England,,,United States
1893,34,F. B. Reed,Reed,,,male,Executive Committee Member,,New England Conference,American Conferences,New England,,,United States
1893,34,R. C. Porter,Porter,,,male,President,,New England Tract Society,American Conferences,New England,,,United States
1893,34,G. N. Collins,Collins,,,male,Vice-President,,New England Tract Society,American Conferences,New England,,,United States
1893,34,Mrs. E. T. Palmer,Palmer,Mrs.,,female,Secretary and Treasurer,,New England Tract Society,American Conferences,New England,,,United States
1893,34,E. E. Miles,Miles,,,male,Canvassing Agent,,New England Tract Society,American Conferences,New England,,,United States
1893,34,S. A. Farnsworth,Farnsworth,,,male,Director,Dist. No. 1 (R. I.),New England Tract Society,American Conferences,New England,,,United States
1893,34,C. L. Kellogg,Kellogg,,,male,Director,Dist. No. 2 (Conn.),New England Tract Society,American Conferences,New England,,,United States
1893,34,H. J. Farman,Farman,,,male,Director,Dist. No. 3 (W. Mass.),New England Tract Society,American Conferences,New England,,,United States
1893,34,Minard Wood,Wood,,,male,Director,Dist. No. 4 (E. Mass.),New England Tract Society,American Conferences,New England,,,United States
1893,34,C. H. Edwards,Edwards,,,male,Director,Dist. No. 5 (N. H.),New England Tract Society,American Conferences,New England,,,United States
1893,34,Solon A. Farnsworth,Farnsworth,,,male,President,,New England Sabbath-School Association,American Conferences,New England,,,United States
1893,34,Chas. H. Edwards,Edwards,,,male,Vice-President,,New England Sabbath-School Association,American Conferences,New England,,,United States
1893,34,Carrie E. Roble,Roble,,,female,Secretary,,New England Sabbath-School Association,American Conferences,New England,,,United States
1893,34,S. A. Farnsworth,Farnsworth,,,male,Executive Committee Member,,New England Sabbath-School Association,American Conferences,New England,,,United States
1893,34,C. H. Edwards,Edwards,,,male,Executive Committee Member,,New England Sabbath-School Association,American Conferences,New England,,,United States
1893,34,Miss Carrie E. Roble,Roble,Miss,,female,Executive Committee Member,,New England Sabbath-School Association,American Conferences,New England,,,United States
1893,34,H. B. Tucker,Tucker,,,male,Executive Committee Member,,New England Sabbath-School Association,American Conferences,New England,,,United States
1893,34,A. H. King,King,,,male,Executive Committee Member,,New England Sabbath-School Association,American Conferences,New England,,,United States
1893,16,J. N. Loughborough,Loughborough,,,male,,(d),Workers' Directory,,General Conference,,"51 Ashland Boulevard, Chicago, Ill.",United States
1893,16,Mrs. Maria H. Loughborough,Loughborough,Mrs.,,female,,(m l),Workers' Directory,,General Conference,,"51 Ashland Boulevard, Chicago, Ill.",United States
1893,16,Jefferson Loughhead,Loughhead,,,male,,(d),Workers' Directory,,General Conference,,"Alba, Pa.",United States
1893,16,James Loughhead,Loughhead,,,male,,(t),Workers' Directory,,General Conference,,"College View, Neb.",United States
1893,16,Mrs. Cora M. Loughhead,Loughhead,Mrs.,,female,,(t),Workers' Directory,,General Conference,,"College View, Neb.",United States
1893,16,W. S. Lowry,Lowry,,,male,,(s s),Workers' Directory,,General Conference,,"Springville, Henry Co., Tenn.",United States
1893,16,V. H. Lucas,Lucas,,,male,,(l),Workers' Directory,,General Conference,,"Colorado Springs, Colo.",United States
1893,16,F. W. Mace,Mace,,,male,,(m l),Workers' Directory,,General Conference,,"South Lancaster, Mass.",United States
1893,16,Percy T. Magan,Magan,,,male,,(t),Workers' Directory,,General Conference,College,"Battle Creek, Mich.",United States
1893,16,Mrs. Ida B. Magan,Magan,Mrs.,,female,,(t),Workers' Directory,,General Conference,College,"Battle Creek, Mich.",United States
1893,16,A. A. Marshall,Marshall,,,male,,(d),Workers' Directory,,General Conference,,"Cass P. O., Sullivan Co., Ind.",United States
1893,16,C. N. Martin,Martin,,,male,,(m),Workers' Directory,,General Conference,,"Belgrade, Gallitin Co., Mont.",United States
1893,16,G. C. Martin,Martin,,,male,,(h),Workers' Directory,,General Conference,Pacific Press,"Oakland, Cal.",United States
1893,16,Wm. Martin,Martin,,,male,,(tr),Workers' Directory,,General Conference,,"Springdale, Ark.",United States
1893,16,Mrs. Minnie A. Martin,Martin,Mrs.,,female,,(s),Workers' Directory,,General Conference,,"Springdale, Ark.",United States
1893,16,O. J. Mason,Mason,,,male,,(m),Workers' Directory,,General Conference,,"123 W. Monroe St., Springfield, Ill.",United States
1893,16,Miss M. G. Mason,Mason,Miss,,female,,(s),Workers' Directory,,General Conference,,"46 S. 5th St., Nashville, Tenn.",United States
1893,16,W. H. Mathews,Mathews,,,male,,(d),Workers' Directory,,General Conference,,"Charlotte, Mich.",United States
1893,16,G. Mathiesen,Mathiesen,,,male,,(d),Workers' Directory,,General Conference,,"Greenleaf, Kan.",United States
1893,16,J. G. Matteson,Matteson,,,male,,(m),Workers' Directory,,General Conference,,"College View, Neb.",United States
1893,16,M. D. Mattson,Mattson,,,male,,(l),Workers' Directory,,General Conference,,"Blockville, N. Y.",United States
1893,16,Miss Alice Maynard,Maynard,Miss,,female,,(s s),Workers' Directory,,General Conference,,"93 St. Paul St., Burlington, Vt.",United States
1893,16,W. H. Maxson,Maxson,,M.D.,male,,(M. D.),Workers' Directory,,General Conference,Retreat,"St. Helena, Cal.",United States
1893,16,Mrs. H. S. Maxson,Maxson,Mrs.,M.D.,female,,(M. D.),Workers' Directory,,General Conference,Retreat,"St. Helena, Cal.",United States
1893,16,Thos. Mc Alpine,Mc Alpine,,,male,,(s s),Workers' Directory,,General Conference,,"2440 E. O. St., Lincoln, Neb.",United States
1893,16,Miss Tillie Mc Callen,Mc Callen,Miss,,female,,(m l),Workers' Directory,,General Conference,,"865 5th St., Milwaukee, Wis.",United States
1893,16,N. C. Mc Clure,Mc Clure,,,male,,(m),Workers' Directory,,General Conference,,"1591 Telegraph Ave., Oakland, Cal.",United States
1893,16,Mrs. F. L. Mc Clure,Mc Clure,Mrs.,,female,,(m l),Workers' Directory,,General Conference,,"1591 Telegraph Ave., Oakland, Cal.",United States
1893,16,L. Mc Coy,Mc Coy,,,male,,(m),Workers' Directory,,General Conference,Sanitarium,"Battle Creek, Mich.",United States
1893,16,J. R. Mc Coy,Mc Coy,,,male,,(m l),Workers' Directory,,General Conference,,"Papeete, Tahiti, Pacific Ocean",Pacific Islands
1893,16,S. Mc Cullagh,Mc Cullagh,,,male,,(m),Workers' Directory,,General Conference,,"Bank's Terrace, Wellington, New Zealand",Australasia
1893,16,W. A. Mc Cutchen,Mc Cutchen,,,male,,(m l),Workers' Directory,,General Conference,Review and Herald,"Atlanta, Ga.",United States
1893,16,W. S. Mc Farlan,Mc Farlan,,,male,,(c),Workers' Directory,,General Conference,,"1225 T. St., N. W., Washington, D. C.",United States
1893,16,W. H. Mc Kee,Mc Kee,,,male,,(e),Workers' Directory,,General Conference,,"43 Bond St., New York City, N. Y.",United States
1893,16,C. Mc Reynolds,Mc Reynolds,,,male,,(m),Workers' Directory,,General Conference,,"821 W. 5th St., Topeka, Kan.",United States
1893,16,Andrew Mead,Mead,,,male,,(m),Workers' Directory,,General Conference,,"Brainerd, Minn.",United States
1893,16,F. L. Mead,Mead,,,male,,(a),Workers' Directory,,General Conference,Review and Herald,"Battle Creek, Mich.",United States
1893,16,Allen Meeks,Meeks,,,male,,(c),Workers' Directory,,General Conference,,"Star of the West, Pike Co., Ark.",United States
1893,16,G. O. Melia,Melia,,,male,,(c),Workers' Directory,,General Conference,,"Akeregaden 74, Christiania, Norway",Scandinavia
1893,16,D. N. Meredith,Meredith,,,male,,(s s),Workers' Directory,,General Conference,,"Berea, Ritchie Co., W. Va.",United States
1893,16,Mrs. M. L. Meredith,Meredith,Mrs.,,female,,(ss),Workers' Directory,,General Conference,,"Newburg, W. Va.",United States
1893,16,E. A. Merrell,Merrell,,,male,,(m),Workers' Directory,,General Conference,,"202 E. Graham St., Bloomington, Ill.",United States
1893,16,Mrs. M. L. Merrell,Merrell,Mrs.,,female,,(m l),Workers' Directory,,General Conference,,"202 E. Graham St., Bloomington, Ill.",United States
1893,16,E. A. Merriam,Merriam,,,male,,(d),Workers' Directory,,General Conference,,"La Grange, Ohio",United States
1893,16,E. W. Metcalf,Metcalf,,,male,,(d),Workers' Directory,,General Conference,,"Kanawha Station, Wood Co., W. Va.",United States
1893,16,A. A. Meyer,Meyer,,,male,,(l),Workers' Directory,,General Conference,,"College View, Neb.",United States
1893,16,Chas. Michaels,Michaels,,,male,,(a),Workers' Directory,,General Conference,Echo Pub. Co.,"North Fitzroy, Victoria, Australia",Australasia
1893,16,J. C. Middaugh,Middaugh,,,male,,(d),Workers' Directory,,General Conference,,"Fremont, Neb.",United States
1893,16,Snell Midgley,Midgley,,,male,,(d),Workers' Directory,,General Conference,,"Pleasant View, Emmett Co., Mich.",United States
1893,16,E. E. Miles,Miles,,,male,,(n),Workers' Directory,,General Conference,,"South Lancaster, Mass.",United States
1893,16,Aaron Miller,Miller,,,male,,(b),Workers' Directory,,General Conference,,"College Place, Wash.",United States
1893,16,Eli B. Miller,Miller,,,male,,(t),Workers' Directory,,General Conference,,"Claremont, Cape Colony, South Africa",Africa
1893,16,Mrs. Eva A. Miller,Miller,Mrs.,,female,,(t),Workers' Directory,,General Conference,,"Claremont, Cape Colony, South Africa",Africa
1893,16,Miss Florence Miller,Miller,Miss,,female,,(m l),Workers' Directory,,General Conference,,"179 Tremont St., Stockton, Cal.",United States
1893,16,Mrs. M. B. Miller,Miller,Mrs.,,female,,(s),Workers' Directory,,General Conference,,"Peoria, Texas",United States
1893,16,J. P. Miller,Miller,,,male,,(d),Workers' Directory,,General Conference,,"Middletown, Ind.",United States
1893,16,Phillip Miller,Miller,,,male,,(d),Workers' Directory,,General Conference,,"Mechanicsburg, Ind.",United States
1893,16,W. H. B. Miller,Miller,,,male,,(h),Workers' Directory,,General Conference,Echo Pub. Co.,"North Fitzroy, Victoria, Australia",Australasia
1893,16,Wm. H. Mills,Mills,,,male,,(s),Workers' Directory,,General Conference,,"113 Walnut St., Emporia, Kan.",United States
1893,16,J. T. Mitchell,Mitchell,,,male,,(m),Workers' Directory,,General Conference,,"Lisbon, Iowa",United States
1893,16,H. M. Mitchell,Mitchell,,,male,,(m),Workers' Directory,,General Conference,,"Box 266, Clyde, Ohio",United States
1893,16,D. K. Mitchell,Mitchell,,,male,,(tr),Workers' Directory,,General Conference,,"Clyde, Ohio",United States
1893,16,Miss Zoe Montgomery,Montgomery,Miss,,female,,(m l),Workers' Directory,,General Conference,,"1926 San Carlos Ave., San Francisco, Cal.",United States
1893,16,A. E. Moody,Moody,,,male,,(c),Workers' Directory,,General Conference,,"Cornville, Me.",United States
1893,16,Frank L. Moody,Moody,,,male,,(m l),Workers' Directory,,General Conference,,"Ladoga, Taylor Co., Iowa",United States
1893,16,Allen Moon,Moon,,,male,,(m),Workers' Directory,,General Conference,,"656 Fulton St., Chicago, Ill.",United States
1893,16,J. W. Moore,Moore,,,male,,(s),Workers' Directory,,General Conference,,"175 Central Ave., Indianapolis, Ind.",United States
1893,16,Mrs. Sadie G. Moore,Moore,Mrs.,,female,,(s),Workers' Directory,,General Conference,,"175 Central Ave., Indianapolis, Ind.",United States
1893,16,L. G. Moore,Moore,,,male,,(m),Workers' Directory,,General Conference,,"1003 South Division St., Grand Rapids, Mich.",United States
1893,16,E. A. Morey,Morey,,,male,,,Workers' Directory,,General Conference,,"Valley Center, Kan.",United States
1893,16,Isaac Morrison,Morrison,,,male,,(n),Workers' Directory,,General Conference,,"727 E. Taylor St., Portland, Or.",United States
1893,16,J. H. Morrison,Morrison,,,male,,(m),Workers' Directory,,General Conference,Health Retreat,"St. Helena, Cal.",United States
1893,16,Miss Vita Morrow,Morrow,Miss,,female,,(s),Workers' Directory,,General Conference,,"2010 E. 23d St., Kansas City, Mo.",United States
1893,16,J. A. Morrow,Morrow,,,male,,(m),Workers' Directory,,General Conference,,"Salina, Kan.",United States
1893,16,G. W. Morse,Morse,,,male,,(b),Workers' Directory,,General Conference,,"20 Melbourne Ave., Toronto, Ont.",Canada
1893,16,F. W. Morse,Morse,,,male,,(l),Workers' Directory,,General Conference,Sanitarium,"Battle Creek, Mich.",United States
1893,16,A. Muckersy,Muckersy,,,male,,(c),Workers' Directory,,General Conference,,"Stuart St., Upper Hawthorn, Melbourne, Australia",Australasia
1893,16,G. H. Murphy,Murphy,,,male,,(tr),Workers' Directory,,General Conference,Sanitarium,"Battle Creek, Mich.",United States
1893,16,C. W. Neal,Neal,,,male,,(d),Workers' Directory,,General Conference,,"Woodburn, Iowa",United States
1893,16,J. H. Neall,Neall,,,male,,(l),Workers' Directory,,General Conference,,"43 Bond St., New York City, N. Y.",United States
1893,16,M. W. Neal,Neal,,,male,,(m l),Workers' Directory,,General Conference,,"Iola, Kan.",United States
1893,16,Anna Neal,Neal,,,female,,(m l),Workers' Directory,,General Conference,,"College View, Neb.",United States
1893,16,Mrs. Mary A. Neale,Neale,Mrs.,,female,,(m l),Workers' Directory,,General Conference,,"428 6th St., N. E., Washington, D. C.",United States
1893,15,Hattie Kauble,Kauble,Mrs.,,female,m l,,Workers' Directory,,General Conference,,"Sioux Falls, S. Dak.",United States
1893,15,N. W. Kauble,Kauble,,,male,m,,Workers' Directory,,General Conference,,"Sioux Falls, S. Dak.",United States
1893,15,J. L. Kay,Kay,,,male,l,,Workers' Directory,,General Conference,,"College Place, Wash.",United States
1893,15,A. Keller,Keller,,,male,l,,Workers' Directory,,General Conference,,"St. Gallen, Switzerland",Europe
1893,15,Albert W. Kelly,Kelly,,,male,t,College,Workers' Directory,,General Conference,Battle Creek College,"Battle Creek, Mich.",United States
1893,15,J. H. Kellogg,Kellogg,,M.D.,male,M.D.,Sanitarium,Workers' Directory,,General Conference,Sanitarium,"Battle Creek, Mich.",United States
1893,15,M. E. Kellogg,Kellogg,,,male,e,Review and Herald,Workers' Directory,,General Conference,Review and Herald,"Battle Creek, Mich.",United States
1893,15,C. L. Kellogg,Kellogg,,,male,m,,Workers' Directory,,General Conference,,"South Lancaster, Mass.",United States
1893,15,M. G. Kellogg,Kellogg,,M.D.,male,M.D.,,Workers' Directory,,General Conference,,"Papeete, Tahiti, Pacific Ocean",Pacific Islands
1893,15,Vashti E. Kendall,Kendall,Miss,,female,m l,,Workers' Directory,,General Conference,,"Bloomington, Ill.",United States
1893,15,M. M. Kenney,Kenney,,,male,l,,Workers' Directory,,General Conference,,"Patricksburgh, Ind.",United States
1893,15,H. M. Kenyon,Kenyon,,,male,n,,Workers' Directory,,General Conference,,"Detroit, Mich.",United States
1893,15,Mattie A. Kerr,Kerr,Mrs.,,female,s,,Workers' Directory,,General Conference,,"Milton, Or.",United States
1893,15,C. H. Keslake,Keslake,,,male,n,,Workers' Directory,,General Conference,,"Tufnell Park, London, N., England",Europe
1893,15,Hattie Keslake,Keslake,Mrs.,,female,m l,,Workers' Directory,,General Conference,,"Tufnell Park, London, N., England",Europe
1893,15,Estella Kettering,Kettering,,,female,a,,Workers' Directory,,General Conference,,"Moline, Kan.",United States
1893,15,R. M. Kilgore,Kilgore,,,male,m,,Workers' Directory,,General Conference,,"Atlanta, Ga.",United States
1893,15,T. A. Kilgore,Kilgore,,,male,b,,Workers' Directory,,General Conference,,"New York City, N. Y.",United States
1893,15,W. L. Killen,Killen,,,male,a,,Workers' Directory,,General Conference,,"Asheville, N. C.",United States
1893,15,I. E. Kimball,Kimball,,,male,m,,Workers' Directory,,General Conference,,"Jamaica, Vt.",United States
1893,15,A. H. King,King,,,male,s s,,Workers' Directory,,General Conference,,"Acushnet, Mass.",United States
1893,15,C. M. Kinney,Kinney,,,male,m,,Workers' Directory,,General Conference,,"E. Nashville, Tenn.",United States
1893,15,F. Kinney,Kinney,,,male,d,,Workers' Directory,,General Conference,,"Cross Plains, Tenn.",United States
1893,15,W. A. Kinney,Kinney,,,male,d,,Workers' Directory,,General Conference,,"Teanaway, Wash.",United States
1893,15,P. Z. Kinne,Kinne,,,male,l,,Workers' Directory,,General Conference,,"Kirkville, N. Y.",United States
1893,15,Emory D. Kirby,Kirby,,,male,t,College,Workers' Directory,,General Conference,Battle Creek College,"Battle Creek, Mich.",United States
1893,15,A. Kirby,Kirby,Mrs.,,female,t,College,Workers' Directory,,General Conference,Battle Creek College,"Battle Creek, Mich.",United States
1893,15,Emily Kirwood,Kirwood,Miss,,female,s s,,Workers' Directory,,General Conference,,"Washington, D. C.",United States
1893,15,Marian Klaiber,Klaiber,,,female,s,,Workers' Directory,,General Conference,,"Toronto, Ont.",Canada
1893,15,Jacob Klein,Klein,,,male,m,,Workers' Directory,,General Conference,,"Hamburg, Germany",Europe
1893,15,Reinhold G. Klingbeil,Klingbeil,,,male,l,,Workers' Directory,,General Conference,,"Hamburg, Germany",Europe
1893,15,W. T. Knox,Knox,,,male,d,,Workers' Directory,,General Conference,,"Los Angeles, Cal.",United States
1893,15,John Kolvoord,Kolvoord,,,male,e,Review and Herald,Workers' Directory,,General Conference,Review and Herald,"Battle Creek, Mich.",United States
1893,15,A. Kunz,Kunz,,,male,e,Review and Herald,Workers' Directory,,General Conference,Review and Herald,"Battle Creek, Mich.",United States
1893,15,W. Kuny,Kuny,,,male,c,,Workers' Directory,,General Conference,,"Basel, Switzerland",Europe
1893,15,J. M. Kutz,Kutz,,,male,l,,Workers' Directory,,General Conference,,"Harrisburg, Pa.",United States
1893,15,Lydia Kynett,Kynett,,,female,m l,,Workers' Directory,,General Conference,,"Chicago, Ill.",United States
1893,15,Herbert Lacey,Lacey,,,male,t,,Workers' Directory,,General Conference,,"Melbourne, Australia",Australia
1893,15,Delos Lake,Lake,,,male,l,College,Workers' Directory,,General Conference,Healdsburg College,"Healdsburg, Cal.",United States
1893,15,Frank T. Lamb,Lamb,,,male,l,,Workers' Directory,,General Conference,,"Salt Lake City, Utah Ter.",United States
1893,15,Lottie Lamb,Lamb,Mrs.,,female,m l,,Workers' Directory,,General Conference,,"Salt Lake City, Utah Ter.",United States
1893,15,E. D. Lamberson,Lamberson,Mrs.,,female,d,,Workers' Directory,,General Conference,,"Pamona, Cal.",United States
1893,15,D. H. Lamson,Lamson,,,male,m,,Workers' Directory,,General Conference,,"Lincoln, Neb.",United States
1893,15,L. N. Lane,Lane,,,male,d,,Workers' Directory,,General Conference,,"Charlotte, Mich.",United States
1893,15,S. H. Lane,Lane,,,male,m,,Workers' Directory,,General Conference,,"Rome, N. Y.",United States
1893,15,Geo. E. Langdon,Langdon,,,male,m,,Workers' Directory,,General Conference,,"College View, Neb.",United States
1893,15,Augusta Larsen,Larsen,,,female,m l,,Workers' Directory,,General Conference,,"Helsingfors, Finland",Europe
1893,15,N. P. Larsen,Larsen,,,male,m l,,Workers' Directory,,General Conference,,"Christiania, Norway",Europe
1893,15,A. La Rue,La Rue,,,male,m l,,Workers' Directory,,General Conference,,"Hong Kong, China",Asia
1893,15,Matthew Larson,Larson,,,male,m,,Workers' Directory,,General Conference,,"Ruthven, Iowa",United States
1893,15,Julius Larson,Larson,,,male,m l,,Workers' Directory,,General Conference,,"Ruthven, Iowa",United States
1893,15,Conrad Laubhan,Laubhan,,,male,m,,Workers' Directory,,General Conference,,"Kamenka, Kol., Tscherbakowka, Gouv. Saratow, Russia",Europe
1893,15,Cathrina Laubhan,Laubhan,,,female,s,,Workers' Directory,,General Conference,,"Hamburg, Germany",Europe
1893,15,R. J. Lawrence,Lawrence,,,male,m,,Workers' Directory,,General Conference,,67 Manchester St.,
1893,15,N. W. Lawrence,Lawrence,,,male,e,Review and Herald,Workers' Directory,,General Conference,Review and Herald,"Battle Creek, Mich.",United States
1893,15,H. S. Lay,Lay,,,male,m,,Workers' Directory,,General Conference,,"Petoskey, Mich.",United States
1893,15,W. M. Lee,Lee,,,male,s,,Workers' Directory,,General Conference,,"Williamsport, Pa.",United States
1893,15,Valentine Leer,Leer,,,male,m,,Workers' Directory,,General Conference,,"Milltown, S. Dak.",United States
1893,15,Eugene Leland,Leland,,,male,m,,Workers' Directory,,General Conference,,"Millington, Mich.",United States
1893,15,C. C. Lewis,Lewis,,,male,m & t,,Workers' Directory,,General Conference,,"Chattanooga, Tenn.",United States
1893,15,H. A. Lewis,Lewis,,,male,d,,Workers' Directory,,General Conference,,"Fitch Bay, P. Q.",Canada
1893,15,W. A. Lewis,Lewis,,,male,d,,Workers' Directory,,General Conference,,"Arlington, Va.",United States
1893,15,H. W. Libby,Libby,,,male,d,,Workers' Directory,,General Conference,,"Dillington, P. Q.",Canada
1893,15,C. C. Lillie,Lillie,,,male,m l,,Workers' Directory,,General Conference,,"San Diego, Cal.",United States
1893,15,Mathilda Lindgren,Lindgren,,,female,m l,,Workers' Directory,,General Conference,,"Helsingfors, Finland",Europe
1893,15,Harmon Lindsay,Lindsay,,,male,tr,Review and Herald,Workers' Directory,,General Conference,Review and Herald,"Battle Creek, Mich.",United States
1893,15,H. W. Lindsay,Lindsay,,,male,t,Union College,Workers' Directory,,General Conference,Union College,"Claremont, Cape Colony, South Africa",Africa
1893,15,Chas. Lindsay,Lindsay,,,male,c,,Workers' Directory,,General Conference,,"Coomer Station, Niagara Co., N. Y.",United States
1893,15,Kate Lindsay,Lindsay,,M.D.,female,M.D.,Sanitarium,Workers' Directory,,General Conference,Sanitarium,"Battle Creek, Mich.",United States
1893,15,D. E. Lindsay,Lindsay,,,male,m,,Workers' Directory,,General Conference,,"Clyde, Ohio",United States
1893,15,S. H. Lister,Lister,,,male,d,,Workers' Directory,,General Conference,,"Hollandville, Del.",United States
1893,15,George Litchfield,Litchfield,,,male,d,,Workers' Directory,,General Conference,,"Burlington, Vt.",United States
1893,15,Alberta L. Little,Little,,,female,s s,,Workers' Directory,,General Conference,,"Minneapolis, Minn.",United States
1893,15,W. H. Littlejohn,Littlejohn,,,male,m,,Workers' Directory,,General Conference,,"Battle Creek, Mich.",United States
1893,15,I. S. Lloyd,Lloyd,,,male,a,,Workers' Directory,,General Conference,,"Indianapolis, Ind.",United States
1893,15,Salome Lloyd,Lloyd,Mrs.,,female,m l,,Workers' Directory,,General Conference,,"Bloomington, Ill.",United States
1893,15,E. Loeppke,Loeppke,,,male,l,,Workers' Directory,,General Conference,,"College View, Neb.",United States
1893,15,J. Loebsack,Loebsack,,,male,l,,Workers' Directory,,General Conference,,"Marinpol, Russia",Europe
1893,15,L. A. Logan,Logan,,,male,d,,Workers' Directory,,General Conference,,"Elk City, Or.",United States
1893,15,Mollie Long,Long,Miss,,female,m l,,Workers' Directory,,General Conference,,"Des Moines, Iowa",United States
1893,15,U. P. Long,Long,,,male,a,,Workers' Directory,,General Conference,,"Newburg, W. Va.",United States
1893,15,L. B. Losey,Losey,,,male,s,,Workers' Directory,,General Conference,,"Minneapolis, Minn.",United States
1893,15,A. M. Loughborough,Loughborough,Mrs.,,female,m l,,Workers' Directory,,General Conference,,"Chicago, Ill.",United States
1893,15,D. N. Loughborough,Loughborough,,,male,l,,Workers' Directory,,General Conference,,"Chicago, Ill.",United States
