yearbook_year,page,name,last_name,prefix,suffix,gender,position,position_information,organization,group,conference,institution_name,location,region
,,,,,,,,,,,,,,
1905,24,J. S. Washburn,Washburn,,,male,Minister,"Magnolia Ave., Takoma Park Station, Washington, D. C.",Chesapeake Conference,Atlantic Union Conference,Chesapeake,,"Washington, D.C.",United States
1905,24,L. C. Sheafe,Sheafe,,,male,Minister,"2021 Eighth St., N. W., Washington, D. C.",Chesapeake Conference,Atlantic Union Conference,Chesapeake,,"Washington, D.C.",United States
1905,24,A. J. Bristol,Bristol,,,male,Licentiate,"Blair Road, Takoma Park Station, Washington, D. C.",Chesapeake Conference,Atlantic Union Conference,Chesapeake,,"Washington, D.C.",United States
1905,24,G. A. Stevens,Stevens,,,male,Licentiate,"222 North Capitol St., Washington, D. C.",Chesapeake Conference,Atlantic Union Conference,Chesapeake,,"Washington, D.C.",United States
1905,24,Geo H. Skinner,Skinner,,,male,Licentiate,"222 North Capitol St., Washington, D. C.",Chesapeake Conference,Atlantic Union Conference,Chesapeake,,"Washington, D.C.",United States
1905,24,Ellery Robinson,Robinson,,,male,Licentiate,"222 North Capitol St., Washington, D. C.",Chesapeake Conference,Atlantic Union Conference,Chesapeake,,"Washington, D.C.",United States
1905,24,Miss L. M. Slocum,Slocum,Miss,,female,Missionary Licentiate,"222 North Capitol St., Washington, D. C.",Chesapeake Conference,Atlantic Union Conference,Chesapeake,,"Washington, D.C.",United States
1905,24,J. R. Scott,Scott,,,male,Missionary Licentiate,"Carroll Ave., Takoma",Chesapeake Conference,Atlantic Union Conference,Chesapeake,,"Washington, D.C.",United States
1905,24,Mrs. M. E. Cooke,Cooke,Mrs.,,female,Missionary Licentiate,"222 North Capitol St., Washington, D. C.",Chesapeake Conference,Atlantic Union Conference,Chesapeake,,"Washington, D.C.",United States
1905,24,H. W. Cottrell,Cottrell,,,male,President,,Atlantic Union Conference,Atlantic Union Conference,Atlantic Union,,"South Lancaster, Mass.",United States
1905,24,W. A. Wilcox,Wilcox,,,male,Secretary and Treasurer,,Atlantic Union Conference,Atlantic Union Conference,Atlantic Union,,"South Lancaster, Mass.",United States
1905,24,C. C. Nicola,Nicola,,,male,Executive Committee Member,,Atlantic Union Conference,Atlantic Union Conference,Atlantic Union,,,United States
1905,24,Frederick Griggs,Griggs,,,male,Executive Committee Member,,Atlantic Union Conference,Atlantic Union Conference,Atlantic Union,,"South Lancaster, Mass.",United States
1905,24,G. W. Palmer,Palmer,,,male,Executive Committee Member,,Atlantic Union Conference,Atlantic Union Conference,Atlantic Union,,,United States
1905,24,S. N. Curtiss,Curtiss,,,male,Executive Committee Member,,Atlantic Union Conference,Atlantic Union Conference,Atlantic Union,,,United States
1905,24,F. E. Painter,Painter,,,male,Executive Committee Member,,Atlantic Union Conference,Atlantic Union Conference,Atlantic Union,,"Wilkinsburg, Pa.",United States
1905,24,E. E. Miles,Miles,,,male,Executive Committee Member,,Atlantic Union Conference,Atlantic Union Conference,Atlantic Union,,,United States
1905,24,Hampton W. Cottrell,Cottrell,,,male,President,Atlantic Union Conference Association of Seventh-day Adventists,Atlantic Union Conference Association of Seventh-day Adventists,Atlantic Union Conference,Atlantic Union,,,United States
1905,24,William A. Wilcox,Wilcox,,,male,Secretary and Treasurer,Atlantic Union Conference Association of Seventh-day Adventists,Atlantic Union Conference Association of Seventh-day Adventists,Atlantic Union Conference,Atlantic Union,,,United States
1905,24,Miles D. Mattson,Mattson,,,male,Board of Trustees,Atlantic Union Conference Association of Seventh-day Adventists,Atlantic Union Conference Association of Seventh-day Adventists,Atlantic Union Conference,Atlantic Union,,,United States
1905,24,Albert E. Place,Place,,,male,Board of Trustees,Atlantic Union Conference Association of Seventh-day Adventists,Atlantic Union Conference Association of Seventh-day Adventists,Atlantic Union Conference,Atlantic Union,,,United States
1905,24,J. Edward Jayne,Jayne,,,male,Board of Trustees,Atlantic Union Conference Association of Seventh-day Adventists,Atlantic Union Conference Association of Seventh-day Adventists,Atlantic Union Conference,Atlantic Union,,,United States
1905,24,Geo. W. Palmer,Palmer,,,male,Board of Trustees,Atlantic Union Conference Association of Seventh-day Adventists,Atlantic Union Conference Association of Seventh-day Adventists,Atlantic Union Conference,Atlantic Union,,,United States
1905,24,Preston F. Bicknell,Bicknell,,,male,Board of Trustees,Atlantic Union Conference Association of Seventh-day Adventists,Atlantic Union Conference Association of Seventh-day Adventists,Atlantic Union Conference,Atlantic Union,,,United States
1905,24,C. C. Nicola,Nicola,,,male,Advisory Committee Member,Medical Missionary Department,Atlantic Union Conference,Atlantic Union Conference,Atlantic Union,,,United States
1905,24,A. J. Read,Read,,,male,Advisory Committee Member,Medical Missionary Department,Atlantic Union Conference,Atlantic Union Conference,Atlantic Union,,,United States
1905,24,A. R. Satterlee,Satterlee,,,male,Advisory Committee Member,Medical Missionary Department,Atlantic Union Conference,Atlantic Union Conference,Atlantic Union,,,United States
1905,24,J. R. Scott,Scott,,,male,Advisory Committee Member,Medical Missionary Department,Atlantic Union Conference,Atlantic Union Conference,Atlantic Union,,,United States
1905,24,E. H. M. Sell,Sell,,,male,Advisory Committee Member,Medical Missionary Department,Atlantic Union Conference,Atlantic Union Conference,Atlantic Union,,,United States
1905,24,M. D. Mattson,Mattson,Eld.,,male,Advisory Committee Member,Medical Missionary Department,Atlantic Union Conference,Atlantic Union Conference,Atlantic Union,,"South Lancaster, Mass.",United States
1905,24,J. E. Jayne,Jayne,Eld.,,male,Advisory Committee Member,Medical Missionary Department,Atlantic Union Conference,Atlantic Union Conference,Atlantic Union,,,United States
1905,24,M. D. Mattson,Mattson,,,male,,,Atlantic Union Conference,Atlantic Union Conference,Atlantic Union,,"South Lancaster, Mass.",United States
1905,24,Roy F. Cottrell,Cottrell,,,male,,,Atlantic Union Conference,Atlantic Union Conference,Atlantic Union,,"South Lancaster, Mass.",United States
1905,24,F. E. Painter,Painter,,,male,Licentiate,,Atlantic Union Conference,Atlantic Union Conference,Atlantic Union,,"Wilkinsburg, Pa.",United States
1905,24,Mrs. S. N. Haskell,Haskell,Mrs.,,female,,,Atlantic Union Conference,Atlantic Union Conference,Atlantic Union,,"South Lancaster, Mass.",United States
1905,24,J. L. Johnson,Johnson,,,male,,"Missionary Yacht ""Sentinel"", Station C, Brooklyn, N. Y.",Atlantic Union Conference,Atlantic Union Conference,Atlantic Union,,"Brooklyn, N.Y.",United States
1905,26,W. J. Fitzgerald,Fitzgerald,,,male,Executive Committee,,Eastern Pennsylvania Conference,Atlantic Union Conference,Eastern Pennsylvania,,"Philadelphia, Pa.",United States
1905,26,W. H. Smith,Smith,,,male,Executive Committee,,Eastern Pennsylvania Conference,Atlantic Union Conference,Eastern Pennsylvania,,"Williamsport, Pa.",United States
1905,26,S. S. Shrock,Shrock,,,male,Executive Committee,,Eastern Pennsylvania Conference,Atlantic Union Conference,Eastern Pennsylvania,,"Scranton, Pa.",United States
1905,26,Morris Lukens,Lukens,,,male,Executive Committee,,Eastern Pennsylvania Conference,Atlantic Union Conference,Eastern Pennsylvania,,"Philadelphia, Pa.",United States
1905,26,J. H. Schilling,Schilling,,,male,Executive Committee,,Eastern Pennsylvania Conference,Atlantic Union Conference,Eastern Pennsylvania,,"Reading, Pa.",United States
1905,26,W. J. Fitzgerald,Fitzgerald,,,male,Minister,,Eastern Pennsylvania Conference,Atlantic Union Conference,Eastern Pennsylvania,,"Philadelphia, Pa.",United States
1905,26,S. S. Shrock,Shrock,,,male,Minister,,Eastern Pennsylvania Conference,Atlantic Union Conference,Eastern Pennsylvania,,"Scranton, Pa.",United States
1905,26,W. H. Smith,Smith,,,male,Minister,,Eastern Pennsylvania Conference,Atlantic Union Conference,Eastern Pennsylvania,,"Williamsport, Pa.",United States
1905,26,Morris Lukens,Lukens,,,male,Minister,,Eastern Pennsylvania Conference,Atlantic Union Conference,Eastern Pennsylvania,,"Philadelphia, Pa.",United States
1905,26,J. H. Schilling,Schilling,,,male,Minister,,Eastern Pennsylvania Conference,Atlantic Union Conference,Eastern Pennsylvania,,"Reading, Pa.",United States
1905,26,Sue M. Andrews,Andrews,,,female,Missionary Licentiate,,Eastern Pennsylvania Conference,Atlantic Union Conference,Eastern Pennsylvania,,"Lancaster, Pa.",United States
1905,26,Jessie M. Weiss,Weiss,,,female,Missionary Licentiate,,Eastern Pennsylvania Conference,Atlantic Union Conference,Eastern Pennsylvania,,"Kingston, Pa.",United States
1905,26,Nellie B. Underwood,Underwood,,,female,Missionary Licentiate,,Eastern Pennsylvania Conference,Atlantic Union Conference,Eastern Pennsylvania,,"Williamsport, Pa.",United States
1905,26,F. F. Fry,Fry,,,male,Missionary Licentiate,,Eastern Pennsylvania Conference,Atlantic Union Conference,Eastern Pennsylvania,,"Philadelphia, Pa.",United States
1905,26,W. T. Hilgert,Hilgert,,,male,Missionary Licentiate,,Eastern Pennsylvania Conference,Atlantic Union Conference,Eastern Pennsylvania,,,United States
1905,26,C. H. Edwards,Edwards,,,male,President,,Greater New York Conference,Atlantic Union Conference,Greater New York,,"New York City, N. Y.",United States
1905,26,E. H. Hall,Hall,,,male,Secretary and Treasurer of Conference and Tract Society,,Greater New York Conference,Atlantic Union Conference,Greater New York,,"New York, N. Y.",United States
1905,26,O. E. Reinke,Reinke,,,male,Executive Committee,,Greater New York Conference,Atlantic Union Conference,Greater New York,,"Brooklyn, N. Y.",United States
1905,26,Steen Jensen,Jensen,,,male,Executive Committee,,Greater New York Conference,Atlantic Union Conference,Greater New York,,"Brooklyn, N. Y.",United States
1905,26,R. H. Martin,Martin,,,male,Executive Committee,,Greater New York Conference,Atlantic Union Conference,Greater New York,,"New York City, N. Y.",United States
1905,26,E. H. M. Sell,Sell,Dr.,,male,Executive Committee,,Greater New York Conference,Atlantic Union Conference,Greater New York,,"New York City, N. Y.",United States
1905,26,Louis Klebahn,Klebahn,,,male,Executive Committee,,Greater New York Conference,Atlantic Union Conference,Greater New York,,"New York City, N. Y.",United States
1905,26,G. M. Chaffee,Chaffee,,,male,Executive Committee,,Greater New York Conference,Atlantic Union Conference,Greater New York,,"New York City, N. Y.",United States
1905,26,J. A. Wood,Wood,,,male,Executive Committee,,Greater New York Conference,Atlantic Union Conference,Greater New York,,,United States
1905,26,G. M. Chaffee,Chaffee,,,male,Medical Department Chairman,,Greater New York Conference,Atlantic Union Conference,Greater New York,,"New York City, N. Y.",United States
1905,26,E. H. M. Sell,Sell,Dr.,,male,Medical Department,,Greater New York Conference,Atlantic Union Conference,Greater New York,,"New York City, N. Y.",United States
1905,26,S. A. Maxwell,Maxwell,,,male,Medical Department,,Greater New York Conference,Atlantic Union Conference,Greater New York,,,United States
1905,26,O. E. Reinke,Reinke,,,male,Medical Department,,Greater New York Conference,Atlantic Union Conference,Greater New York,,"Brooklyn, N. Y.",United States
1905,26,J. A. Wood,Wood,,,male,Medical Department,,Greater New York Conference,Atlantic Union Conference,Greater New York,,,United States
1905,26,Mrs. L. H. Proctor,Proctor,Mrs.,,female,Secretary S. S. Dept.,,Greater New York Conference,Atlantic Union Conference,Greater New York,,"Sayville, Long Island",United States
1905,26,R. H. Martin,Martin,,,male,Secretary Educational Dept.,,Greater New York Conference,Atlantic Union Conference,Greater New York,,"New York City, N. Y.",United States
1905,26,C. H. Edwards,Edwards,,,male,Minister,,Greater New York Conference,Atlantic Union Conference,Greater New York,,"New York City, N. Y.",United States
1905,26,O. E. Reinke,Reinke,,,male,Minister,,Greater New York Conference,Atlantic Union Conference,Greater New York,,"Brooklyn, N. Y.",United States
1905,26,L. H. Proctor,Proctor,,,male,Minister,,Greater New York Conference,Atlantic Union Conference,Greater New York,,"Sayville, Long Island",United States
1905,26,H. E. Robinson,Robinson,,,male,Minister,,Greater New York Conference,Atlantic Union Conference,Greater New York,,"New York City, N. Y.",United States
1905,26,M. L. Andreason,Andreason,,,male,Minister,,Greater New York Conference,Atlantic Union Conference,Greater New York,,"New York City, N. Y.",United States
1905,26,Geo. A. King,King,,,male,Licentiate,,Greater New York Conference,Atlantic Union Conference,Greater New York,,"New York City, N. Y.",United States
1905,26,Jas. K. Humphrey,Humphrey,,,male,Licentiate,,Greater New York Conference,Atlantic Union Conference,Greater New York,,"New York City, N. Y.",United States
1905,26,John C. Hennessy,Hennessy,,,male,Licentiate,,Greater New York Conference,Atlantic Union Conference,Greater New York,,"Poughkeepsie, N. Y.",United States
1905,26,G. A. Roggenkamp,Roggenkamp,,,male,Licentiate,,Greater New York Conference,Atlantic Union Conference,Greater New York,,"Newburgh, N. Y.",United States
1905,26,John J. Kennedy,Kennedy,,,male,Licentiate,,Greater New York Conference,Atlantic Union Conference,Greater New York,,"New York City, N. Y.",United States
1905,26,Mrs. R. Leo,Leo,Mrs.,,female,Licentiate,,Greater New York Conference,Atlantic Union Conference,Greater New York,,,United States
1905,25,A. E. Place,Place,,,male,President,"South Lancaster, Mass.",Southern New England Conference,Atlantic Union Conference,Southern New England,,"South Lancaster, Mass.",United States
1905,25,H. B. Tucker,Tucker,,,male,Sec. and Treas.,,Southern New England Conference,Atlantic Union Conference,Southern New England,,"South Lancaster, Mass.",United States
1905,25,Lee S. Wheeler,Wheeler,Mrs.,,female,S. S. and Missionary Sec.,"care Sanitarium, Melrose, Mass.",Southern New England Conference,Atlantic Union Conference,Southern New England,,"Melrose, Mass.",United States
1905,25,H. C. Wilcox,Wilcox,,,male,Canvassing Agent,,Southern New England Conference,Atlantic Union Conference,Southern New England,,"South Lancaster, Mass.",United States
1905,25,A. E. Place,Place,,,male,Minister,,Southern New England Conference,Atlantic Union Conference,Southern New England,,"South Lancaster, Mass.",United States
1905,25,F. C. Gilbert,Gilbert,,,male,Minister,,Southern New England Conference,Atlantic Union Conference,Southern New England,,"South Lancaster, Mass.",United States
1905,25,E. E. Miles,Miles,,,male,Minister,,Southern New England Conference,Atlantic Union Conference,Southern New England,,"South Lancaster, Mass.",United States
1905,25,H. C. Hartwell,Hartwell,,,male,Licentiate,,Southern New England Conference,Atlantic Union Conference,Southern New England,,"South Lancaster, Mass.",United States
1905,25,W. R. Uchtmann,Uchtmann,,,male,Licentiate,,Southern New England Conference,Atlantic Union Conference,Southern New England,,"New Bedford, Mass.",United States
1905,25,C. E. Palmer,Palmer,,,male,Missionary Licentiate,,Southern New England Conference,Atlantic Union Conference,Southern New England,,"Everett, Mass.",United States
1905,25,Ella M. Wilber,Wilber,,,female,Missionary Licentiate,,Southern New England Conference,Atlantic Union Conference,Southern New England,,"Keene, N. H.",United States
1905,25,O. O. Farnsworth,Farnsworth,,,male,President,"Takoma Park Station, Washington, D. C.",Chesapeake Conference,Atlantic Union Conference,Chesapeake,,"Takoma Park Station, Washington, D. C.",United States
1905,25,H. S. Weaver,Weaver,,,male,Sec. and Treas. of Conference and Tract Society,,Chesapeake Conference,Atlantic Union Conference,Chesapeake,,"Baltimore, Md.",United States
1905,25,Helen V. Price,Price,Miss,,female,S. S. Secretary,,Chesapeake Conference,Atlantic Union Conference,Chesapeake,,"Baltimore, Md.",United States
1905,25,O. O. Farnsworth,Farnsworth,,,male,Executive Committee Member,,Chesapeake Conference,Atlantic Union Conference,Chesapeake,,"Takoma Park Station, Washington, D. C.",United States
1905,25,J. F. Jones,Jones,,,male,Executive Committee Member,,Chesapeake Conference,Atlantic Union Conference,Chesapeake,,,United States
1905,25,J. A. Traugh,Traugh,,,male,Executive Committee Member,,Chesapeake Conference,Atlantic Union Conference,Chesapeake,,,United States
1905,25,D. E. Bell,Bell,,,male,Executive Committee Member,,Chesapeake Conference,Atlantic Union Conference,Chesapeake,,,United States
1905,25,J. H. Rhodes,Rhodes,,,male,Executive Committee Member,,Chesapeake Conference,Atlantic Union Conference,Chesapeake,,,United States
1905,25,O. O. Farnsworth,Farnsworth,,,male,Minister,,Chesapeake Conference,Atlantic Union Conference,Chesapeake,,"Takoma Park Station, Washington, D. C.",United States
1905,25,V. H. Lucas,Lucas,,,male,Minister,,Chesapeake Conference,Atlantic Union Conference,Chesapeake,,"Takoma Park Station, Washington, D. C.",United States
1905,25,J. F. Jones,Jones,,,male,Minister,,Chesapeake Conference,Atlantic Union Conference,Chesapeake,,"Cumberland, Md.",United States
1905,25,J. A. Traugh,Traugh,,,male,Minister,,Chesapeake Conference,Atlantic Union Conference,Chesapeake,,"Cumberland, Md.",United States
1905,25,Fred H. Seeney,Seeney,,,male,Minister,,Chesapeake Conference,Atlantic Union Conference,Chesapeake,,"Cheswold, Del.",United States
1905,25,H. S. Weaver,Weaver,,,male,Licentiate,,Chesapeake Conference,Atlantic Union Conference,Chesapeake,,"Baltimore, Md.",United States
1905,25,Leslie Munce,Munce,,,male,Missionary Licentiate,,Chesapeake Conference,Atlantic Union Conference,Chesapeake,,"Cheswold, Del.",United States
1905,25,Lulu I. Tarbell,Tarbell,,,female,Church-School Teacher,,Chesapeake Conference,Atlantic Union Conference,Chesapeake,,"Rock Hall, Md.",United States
1905,25,W. J. Fitzgerald,Fitzgerald,,,male,President,,Eastern Pennsylvania Conference,Atlantic Union Conference,Eastern Pennsylvania,,"Philadelphia, Pa.",United States
1905,25,W. H. Smith,Smith,,,male,Vice-President,,Eastern Pennsylvania Conference,Atlantic Union Conference,Eastern Pennsylvania,,"Williamsport, Pa.",United States
1905,25,V. H. Cook,Cook,,,male,Sec. and Treas. of Conference and Tract Society,,Eastern Pennsylvania Conference,Atlantic Union Conference,Eastern Pennsylvania,,"Philadelphia, Pa.",United States
1905,25,Nellie B. Underwood,Underwood,,,female,S. S. Dept. Sec. and Treas.,,Eastern Pennsylvania Conference,Atlantic Union Conference,Eastern Pennsylvania,,"Williamsport, Pa.",United States
1905,28,Mrs. L. M. Calkins,Calkins,Mrs.,,female,Secretary,S. S. Department,New York Conference,Atlantic Union Conference,New York,,"509 Williams St., Rome",United States
1905,28,S. H. Lane,Lane,,,male,Executive Committee Member,,New York Conference,Atlantic Union Conference,New York,,"317 West Bloomfield St., Rome",United States
1905,28,J. W. Raymond,Raymond,,,male,Executive Committee Member,,New York Conference,Atlantic Union Conference,New York,,Binghamton,United States
1905,28,H. W. Carr,Carr,,,male,Executive Committee Member,,New York Conference,Atlantic Union Conference,New York,,"R. F. D. No. 1, Randolph",United States
1905,28,O. L. Stillman,Stillman,,,male,Executive Committee Member,,New York Conference,Atlantic Union Conference,New York,,,United States
1905,28,Courtland D. Greene,Greene,,,male,Executive Committee Member,,New York Conference,Atlantic Union Conference,New York,,,United States
1905,28,C. W. Lindsay,Lindsay,,,male,Executive Committee Member,,New York Conference,Atlantic Union Conference,New York,,,United States
1905,28,W. L. Skinner,Skinner,,,male,Executive Committee Member,,New York Conference,Atlantic Union Conference,New York,,,United States
1905,28,S. H. Lane,Lane,,,male,Minister,,New York Conference,Atlantic Union Conference,New York,,"317 West Bloomfield St., Rome",United States
1905,28,J. W. Raymond,Raymond,,,male,Minister,,New York Conference,Atlantic Union Conference,New York,,Binghamton,United States
1905,28,S. B. Whitney,Whitney,,,male,Minister,,New York Conference,Atlantic Union Conference,New York,,"109 Harrison Place, Syracuse",United States
1905,28,D. A. Ball,Ball,,,male,Minister,,New York Conference,Atlantic Union Conference,New York,,"217 Saxton St., Lockport",United States
1905,28,F. Peabody,Peabody,,,male,Minister,,New York Conference,Atlantic Union Conference,New York,,West Valley,United States
1905,28,C. O. Taylor,Taylor,,,male,Minister,,New York Conference,Atlantic Union Conference,New York,,Norwood,United States
1905,28,F. Wheeler,Wheeler,,,male,Minister,,New York Conference,Atlantic Union Conference,New York,,West Monroe,United States
1905,28,H. H. Wilcox,Wilcox,,,male,Minister,,New York Conference,Atlantic Union Conference,New York,,"R. F. D. No. 1, Norwood",United States
1905,28,L. T. Nicola,Nicola,,,male,Minister,,New York Conference,Atlantic Union Conference,New York,,"Union, Broome Co.",United States
1905,28,A. R. Hyatt,Hyatt,,,male,Minister,,New York Conference,Atlantic Union Conference,New York,,317 West Bloomfield,United States
1905,28,F. H. DeVinney,DeVinney,,,male,Minister,,New York Conference,Atlantic Union Conference,New York,,"Worcester, Oswego Co.",United States
1905,28,C. Meleen,Meleen,,,male,Minister,,New York Conference,Atlantic Union Conference,New York,,"10 Highland Ave., Jamestown",United States
1905,28,J. B. Stow,Stow,,,male,Minister,,New York Conference,Atlantic Union Conference,New York,,Falconer,United States
1905,28,H. W. Carr,Carr,,,male,Minister,,New York Conference,Atlantic Union Conference,New York,,"R. F. D. No. 1, Randolph",United States
1905,28,P. Z. Kinne,Kinne,,,male,Minister,,New York Conference,Atlantic Union Conference,New York,,Kirkville,United States
1905,28,Geo. W. Bliss,Bliss,,,male,Minister,,New York Conference,Atlantic Union Conference,New York,,"Willet, Cortland Co.",United States
1905,28,B. E. Fisk,Fisk,,,male,Licentiate,,New York Conference,Atlantic Union Conference,New York,,Richburg,United States
1905,28,E. A. Raymond,Raymond,,,male,Licentiate,,New York Conference,Atlantic Union Conference,New York,,Fernwood,United States
1905,28,J. S. Wightman,Wightman,,,male,Licentiate,,New York Conference,Atlantic Union Conference,New York,,Lakeville,United States
1905,28,Mrs. Lulu Wightman,Wightman,Mrs.,,female,Licentiate,,New York Conference,Atlantic Union Conference,New York,,Lakeville,United States
1905,28,F. H. Hicks,Hicks,,,male,Licentiate,,New York Conference,Atlantic Union Conference,New York,,"Box 40, Salamanca",United States
1905,28,T. E. Bowen,Bowen,,,male,Licentiate,,New York Conference,Atlantic Union Conference,New York,,317 West Bloomfield,United States
1905,28,E. Rosenwald,Rosenwald,,,male,Licentiate,,New York Conference,Atlantic Union Conference,New York,,Jamestown,United States
1905,28,Mary Millington,Millington,,,female,Missionary Licentiate,,New York Conference,Atlantic Union Conference,New York,,"150 Fourteenth St., Buffalo",United States
1905,28,Mrs. D. D. Smith,Smith,Mrs.,,female,Missionary Licentiate,,New York Conference,Atlantic Union Conference,New York,,"101 Caledonia Ave., Rochester",United States
1905,28,Mrs. A. R. Satterlee,Satterlee,Mrs.,,female,Missionary Licentiate,,New York Conference,Atlantic Union Conference,New York,,922 Niagara,United States
1905,28,Geo. E. Langdon,Langdon,,,male,President,,Southern New England Conference,Atlantic Union Conference,Southern New England,,"61 Whitmore St., Hartford, Conn.",United States
1905,28,D. B. Parmelee,Parmelee,,,male,Vice-President,,Southern New England Conference,Atlantic Union Conference,Southern New England,,"South Lancaster, Mass.",United States
1905,28,Miss J. Irene Cady,Cady,Miss,,female,Secretary and Treasurer,Conference and Tract Society,Southern New England Conference,Atlantic Union Conference,Southern New England,,"61 Whitmore St., Hartford, Conn.",United States
1905,28,Mrs. S. A. Whittier,Whittier,Mrs.,,female,Secretary,S. S. Department,Southern New England Conference,Atlantic Union Conference,Southern New England,,"122 Shelton St., Bridgeport, Conn.",United States
1905,28,H. C. Wilcox,Wilcox,,,male,Canvassing Agent,,Southern New England Conference,Atlantic Union Conference,Southern New England,,,United States
1905,28,Geo. E. Langdon,Langdon,,,male,Executive Committee Member,,Southern New England Conference,Atlantic Union Conference,Southern New England,,"61 Whitmore St., Hartford, Conn.",United States
1905,28,D. B. Parmelee,Parmelee,,,male,Executive Committee Member,,Southern New England Conference,Atlantic Union Conference,Southern New England,,"South Lancaster, Mass.",United States
1905,28,T. T. Tucker,Tucker,,,male,Executive Committee Member,,Southern New England Conference,Atlantic Union Conference,Southern New England,,,United States
1905,28,D. A. Bidwell,Bidwell,,,male,Executive Committee Member,,Southern New England Conference,Atlantic Union Conference,Southern New England,,,United States
1905,28,G. P. Coates,Coates,,,male,Executive Committee Member,,Southern New England Conference,Atlantic Union Conference,Southern New England,,,United States
1905,28,Geo. E. Langdon,Langdon,,,male,Minister,,Southern New England Conference,Atlantic Union Conference,Southern New England,,"61 Whitmore St., Hartford, Conn.",United States
1905,28,A. J. Clark,Clark,,,male,Licentiate,,Southern New England Conference,Atlantic Union Conference,Southern New England,,"5 Crescent St., New London, Conn.",United States
1905,28,Mrs. M. A. Scribner,Scribner,Mrs.,,female,Licentiate,,Southern New England Conference,Atlantic Union Conference,Southern New England,,"57 Liberty St., New Haven, Conn.",United States
1905,28,Mrs. H. F. Austin,Austin,Mrs.,,female,Licentiate,,Southern New England Conference,Atlantic Union Conference,Southern New England,,Middletown,United States
1905,28,J. W. Watt,Watt,,,male,President,,Vermont Conference,Atlantic Union Conference,Vermont,,North Wolcott,United States
1905,30,C. S. Longacre,Longacre,,,male,Executive Committee Member,,Eastern Pennsylvania Conference,State Conference Directories,Eastern Pennsylvania,,,United States
1905,30,Charles Baierle,Baierle,,,male,Executive Committee Member,,Eastern Pennsylvania Conference,State Conference Directories,Eastern Pennsylvania,,,United States
1905,30,F. C. Myers,Myers,,,male,Executive Committee Member,,Eastern Pennsylvania Conference,State Conference Directories,Eastern Pennsylvania,,,United States
1905,30,W. E. Meyn,Meyn,,,male,Executive Committee Member,,Eastern Pennsylvania Conference,State Conference Directories,Eastern Pennsylvania,,,United States
1905,30,E. J. Dryer,Dryer,,,male,Minister,,Eastern Pennsylvania Conference,State Conference Directories,Eastern Pennsylvania,,Norwood,United States
1905,30,C. F. McVagh,McVagh,,,male,Minister,,Eastern Pennsylvania Conference,State Conference Directories,Eastern Pennsylvania,,Coudersport,United States
1905,30,I. N. Williams,Williams,,,male,Minister,,Eastern Pennsylvania Conference,State Conference Directories,Eastern Pennsylvania,,Corydon,United States
1905,30,C. S. Longacre,Longacre,,,male,Minister,,Eastern Pennsylvania Conference,State Conference Directories,Eastern Pennsylvania,,Washington,United States
1905,30,Charles Baierle,Baierle,,,male,Minister,,Eastern Pennsylvania Conference,State Conference Directories,Eastern Pennsylvania,,Charleroi,United States
1905,30,W. F. Schwartz,Schwartz,,,male,Minister,,Eastern Pennsylvania Conference,State Conference Directories,Eastern Pennsylvania,,Hollidaysburg,United States
1905,30,Ned Ashton,Ashton,,,male,Missionary Licentiate,,Eastern Pennsylvania Conference,State Conference Directories,Eastern Pennsylvania,,Pittsburg,United States
1905,30,T. D. Gibson,Gibson,,,male,Missionary Licentiate,,Eastern Pennsylvania Conference,State Conference Directories,Eastern Pennsylvania,,Wilkinsburg,United States
1905,30,Lenora Bolles,Bolles,Miss,,female,Missionary Licentiate,,Eastern Pennsylvania Conference,State Conference Directories,Eastern Pennsylvania,,Springboro,United States
1905,30,S. G. Huntington,Huntington,,,male,President,"1002 Williams St., Parkersburg",West Virginia Conference,State Conference Directories,West Virginia,,"Parkersburg, W. Va.",United States
1905,30,B. F. Purdham,Purdham,,,male,Vice-President,,West Virginia Conference,State Conference Directories,West Virginia,,Clarksburg,United States
1905,30,W. E. Frederick,Frederick,,,male,Secretary,"503 Ruffner St., Charleston",West Virginia Conference,State Conference Directories,West Virginia,,Charleston,United States
1905,30,J. S. James,James,,,male,Field and Missionary Secretary,"box 459, Clarksburg",West Virginia Conference,State Conference Directories,West Virginia,,Clarksburg,United States
1905,30,P. W. Province,Province,,,male,Tract Society Department Secretary,"1002 Williams St., Parkersburg",West Virginia Conference,State Conference Directories,West Virginia,,"Parkersburg, W. Va.",United States
1905,30,Kathleen Huntington,Huntington,Mrs.,,female,Secretary S. S. and Educational Departments,"1002 Williams St., Parkersburg",West Virginia Conference,State Conference Directories,West Virginia,,"Parkersburg, W. Va.",United States
1905,30,P. P. Amick,Amick,,,male,Executive Committee Member,,West Virginia Conference,State Conference Directories,West Virginia,,,United States
1905,30,S. F. Ross,Ross,,,male,Executive Committee Member,,West Virginia Conference,State Conference Directories,West Virginia,,,United States
1905,30,T. H. Painter,Painter,,,male,Minister,,West Virginia Conference,State Conference Directories,West Virginia,,"Parkersburg, W. Va.",United States
1905,30,J. S. James,James,,,male,Licentiate,"box 459, Clarksburg",West Virginia Conference,State Conference Directories,West Virginia,,Clarksburg,United States
1905,30,Kathleen Huntington,Huntington,Mrs.,,female,Missionary Licentiate,,West Virginia Conference,State Conference Directories,West Virginia,,"Parkersburg, W. Va.",United States
1905,30,W. E. Arnett,Arnett,,,male,Manager,"Treatment Rooms, Market and Sixth Sts., Parkersburg",West Virginia Conference,State Conference Directories,West Virginia,Treatment Rooms,"Parkersburg, W. Va.",United States
1905,30,W. H. Thurston,Thurston,,,male,President,"555 McLeod St., Ottawa, Ontario",Canadian Union Conference,Union Conference Directories,Canadian Union,,"Ottawa, Ontario",Canada
1905,30,Wm. Guthrie,Guthrie,,,male,Vice-President,"Williamsdale East, Cumberland Co., Nova Scotia",Canadian Union Conference,Union Conference Directories,Canadian Union,,"Williamsdale East, Nova Scotia",Canada
1905,30,S. D. Hartwell,Hartwell,,,male,"Secretary, Treasurer, and Auditor","167 Dundas St., Toronto, Ontario",Canadian Union Conference,Union Conference Directories,Canadian Union,,"Toronto, Ontario",Canada
1905,30,Myrtle Hartwell,Hartwell,Mrs.,,female,Assistant Secretary,"167 Dundas St., Toronto, Ontario",Canadian Union Conference,Union Conference Directories,Canadian Union,,"Toronto, Ontario",Canada
1905,30,A. O. Burrill,Burrill,,,male,Executive Committee Member,,Canadian Union Conference,Union Conference Directories,Canadian Union,,,Canada
1905,30,H. E. Rickard,Rickard,,,male,Executive Committee Member,,Canadian Union Conference,Union Conference Directories,Canadian Union,,,Canada
1905,30,W. H. White,White,,,male,Executive Committee Member,,Canadian Union Conference,Union Conference Directories,Canadian Union,,,Canada
1905,30,Eugene Leland,Leland,,,male,Executive Committee Member,,Canadian Union Conference,Union Conference Directories,Canadian Union,,,Canada
1905,31,W. H. Thurston,Thurston,,,male,Minister,"555 McLeod St., Ottawa, Ontario",Canadian Union Conference,Canadian Union Conference,Canadian Union,,"Ottawa, Ontario",Canada
1905,31,F. A. Tracy,Tracy,,,male,Minister,"282 Duckworth St., St. Johns, Newfoundland",Canadian Union Conference,Canadian Union Conference,Canadian Union,,"St. Johns, Newfoundland",Canada
1905,31,S. D. Hartwell,Hartwell,,,male,Licentiate,"167 Dundas St., Toronto, Ontario",Canadian Union Conference,Canadian Union Conference,Canadian Union,,"Toronto, Ontario",Canada
1905,31,Wm. Guthrie,Guthrie,,,male,President,"Williamsdale East, Cumberland Co., Nova Scotia",Maritime Conference,Canadian Union Conference,Maritime,,"Williamsdale East, Cumberland Co., Nova Scotia",Canada
1905,31,Alberta McLeod,McLeod,Miss,,female,Secretary and Treasurer of Conference and S. S. Dept.,"Longard Road, Halifax, Nova Scotia",Maritime Conference,Canadian Union Conference,Maritime,,"Halifax, Nova Scotia",Canada
1905,31,S. D. Hartwell,Hartwell,,,male,Auditor,"167 Dundas St., Toronto, Ontario",Maritime Conference,Canadian Union Conference,Maritime,,"Toronto, Ontario",Canada
1905,31,Wm. Guthrie,Guthrie,,,male,Executive Committee Member,,Maritime Conference,Canadian Union Conference,Maritime,,"Williamsdale East, Cumberland Co., Nova Scotia",Canada
1905,31,W. R. Andrews,Andrews,,,male,Executive Committee Member,,Maritime Conference,Canadian Union Conference,Maritime,,,Canada
1905,31,Alvan Hubley,Hubley,,,male,Executive Committee Member,,Maritime Conference,Canadian Union Conference,Maritime,,,Canada
1905,31,J. C. Porter,Porter,,,male,Executive Committee Member,,Maritime Conference,Canadian Union Conference,Maritime,,,Canada
1905,31,J. G. Hanna,Hanna,,,male,Executive Committee Member,,Maritime Conference,Canadian Union Conference,Maritime,,,Canada
1905,31,Wm. Guthrie,Guthrie,,,male,Educational Department Member,,Maritime Conference,Canadian Union Conference,Maritime,,"Williamsdale East, Cumberland Co., Nova Scotia",Canada
1905,31,W. R. Andrews,Andrews,,,male,Educational Department Member,,Maritime Conference,Canadian Union Conference,Maritime,,,Canada
1905,31,Alvan Hubley,Hubley,,,male,Educational Department Member,,Maritime Conference,Canadian Union Conference,Maritime,,,Canada
1905,31,J. C. Porter,Porter,,,male,Educational Department Member,,Maritime Conference,Canadian Union Conference,Maritime,,,Canada
1905,31,J. G. Hanna,Hanna,,,male,Educational Department Member,,Maritime Conference,Canadian Union Conference,Maritime,,,Canada
1905,31,D. W. Dimmock,Dimmock,,,male,Educational Department Member,,Maritime Conference,Canadian Union Conference,Maritime,,,Canada
1905,31,Wm. Guthrie,Guthrie,,,male,Minister,"Williamsdale East, Cumberland Co., Nova Scotia",Maritime Conference,Canadian Union Conference,Maritime,,"Williamsdale East, Cumberland Co., Nova Scotia",Canada
1905,31,W. R. Andrews,Andrews,,,male,Minister,"Fredericton, New Brunswick",Maritime Conference,Canadian Union Conference,Maritime,,"Fredericton, New Brunswick",Canada
1905,31,J. G. Hanna,Hanna,,,male,Minister,282 Maynard St.,Maritime Conference,Canadian Union Conference,Maritime,,,Canada
1905,31,Levi Longard,Longard,,,male,Licentiate,"Tantallon, Nova Scotia",Maritime Conference,Canadian Union Conference,Maritime,,"Tantallon, Nova Scotia",Canada
1905,31,Geo. E. McCready Price,Price,,,male,Licentiate,"Williamsdale, Cumberland Co., Nova Scotia",Maritime Conference,Canadian Union Conference,Maritime,,"Williamsdale, Cumberland Co., Nova Scotia",Canada
1905,31,Abel Livingston,Livingston,,,male,Missionary Licentiate,"Albert Mines, Albert Co., Nova Scotia",Maritime Conference,Canadian Union Conference,Maritime,,"Albert Mines, Albert Co., Nova Scotia",Canada
1905,31,A. O. Burrill,Burrill,,,male,President,Galt,Ontario Conference,Canadian Union Conference,Ontario,,"Galt, Ontario",Canada
1905,31,T. H. Robinson,Robinson,,,male,Vice-President,"151 Hunter St., West, Hamilton",Ontario Conference,Canadian Union Conference,Ontario,,"Hamilton, Ontario",Canada
1905,31,B. B. Noftsger,Noftsger,,,male,"Secretary and Treasurer of Conference, Tract Society, and S. S. Dept.","151 Hunter St., West, Hamilton",Ontario Conference,Canadian Union Conference,Ontario,,"Hamilton, Ontario",Canada
1905,31,A. O. Burrill,Burrill,,,male,Executive Committee Member,,Ontario Conference,Canadian Union Conference,Ontario,,"Galt, Ontario",Canada
1905,31,T. H. Robinson,Robinson,,,male,Executive Committee Member,,Ontario Conference,Canadian Union Conference,Ontario,,"Hamilton, Ontario",Canada
1905,31,Eugene Leland,Leland,,,male,Executive Committee Member,,Ontario Conference,Canadian Union Conference,Ontario,,,Canada
1905,31,J. T. Smith,Smith,,,male,Executive Committee Member,,Ontario Conference,Canadian Union Conference,Ontario,,,Canada
1905,31,F. G. Hill,Hill,,,male,Executive Committee Member,,Ontario Conference,Canadian Union Conference,Ontario,,,Canada
1905,31,A. O. Burrill,Burrill,,,male,Conference Association Member,,Ontario Conference,Canadian Union Conference,Ontario,,"Galt, Ontario",Canada
1905,31,T. H. Robinson,Robinson,,,male,Conference Association Member,,Ontario Conference,Canadian Union Conference,Ontario,,"Hamilton, Ontario",Canada
1905,31,Eugene Leland,Leland,,,male,Conference Association Member,,Ontario Conference,Canadian Union Conference,Ontario,,,Canada
1905,31,J. T. Smith,Smith,,,male,Conference Association Member,,Ontario Conference,Canadian Union Conference,Ontario,,,Canada
1905,31,F. G. Hill,Hill,,,male,Conference Association Member,,Ontario Conference,Canadian Union Conference,Ontario,,,Canada
1905,31,Eugene Leland,Leland,,,male,Educational Secretary,,Ontario Conference,Canadian Union Conference,Ontario,,,Canada
1905,31,T. Robinson,Robinson,,,male,Treasurer of School Fund,,Ontario Conference,Canadian Union Conference,Ontario,,"Hamilton, Ontario",Canada
1905,31,A. O. Burrill,Burrill,,,male,Minister,Galt,Ontario Conference,Canadian Union Conference,Ontario,,"Galt, Ontario",Canada
1905,31,Eugene Leland,Leland,,,male,Minister,Lorne Park,Ontario Conference,Canadian Union Conference,Ontario,,"Lorne Park, Ontario",Canada
1905,31,Wm. Spear,Spear,,,male,Minister,Clinton,Ontario Conference,Canadian Union Conference,Ontario,,"Clinton, Ontario",Canada
1905,31,John Isaac,Isaac,,,male,Minister,Woodstock,Ontario Conference,Canadian Union Conference,Ontario,,"Woodstock, Ontario",Canada
1905,31,A. L. Miller,Miller,,,male,Minister,Woodstock,Ontario Conference,Canadian Union Conference,Ontario,,"Woodstock, Ontario",Canada
1905,31,J. B. Cosens,Cosens,,,male,Minister,"210 Rideout St., London",Ontario Conference,Canadian Union Conference,Ontario,,"London, Ontario",Canada
1905,31,Sadie Baker,Baker,,,female,Missionary Licentiate,Lindsay,Ontario Conference,Canadian Union Conference,Ontario,,"Lindsay, Ontario",Canada
1905,29,F. M. Dana,Dana,,,male,Sec. and Treas. of Conference and Tract Society,"190 North Winooski Ave., Burlington",Vermont Conference,Atlantic Union Conference,Vermont,,"Burlington, Vt.",United States
1905,29,Mrs. A. E. Taylor,Taylor,Mrs.,,female,Sec. S. S. Dept. and Cor. Sec.,,Vermont Conference,Atlantic Union Conference,Vermont,,"Brownington, Vt.",United States
1905,29,Frank A. Page,Page,,,male,Educational and Field Secretary,,Vermont Conference,Atlantic Union Conference,Vermont,,"Taftsville, Vt.",United States
1905,29,A. W. Boardman,Boardman,,,male,Canvassing Agent,,Vermont Conference,Atlantic Union Conference,Vermont,,"North Wolcott, Vt.",United States
1905,29,J. W. Watt,Watt,,,male,Executive Committee,,Vermont Conference,Atlantic Union Conference,Vermont,,,United States
1905,29,T. H. Purdon,Purdon,,,male,Executive Committee,,Vermont Conference,Atlantic Union Conference,Vermont,,,United States
1905,29,A. W. Boardman,Boardman,,,male,Executive Committee,,Vermont Conference,Atlantic Union Conference,Vermont,,,United States
1905,29,Frank A. Page,Page,,,male,Executive Committee,,Vermont Conference,Atlantic Union Conference,Vermont,,,United States
1905,29,J. W. Watt,Watt,,,male,Minister,,Vermont Conference,Atlantic Union Conference,Vermont,,"North Wolcott, Vt.",United States
1905,29,T. H. Purdon,Purdon,,,male,Minister,,Vermont Conference,Atlantic Union Conference,Vermont,,"Rutland, Vt.",United States
1905,29,W. A. Westworth,Westworth,,,male,Minister,,Vermont Conference,Atlantic Union Conference,Vermont,,"Edinburgh, Scotland",United States
1905,29,C. H. Drown,Drown,,,male,Licentiate,,Vermont Conference,Atlantic Union Conference,Vermont,,"Johnson, Vt.",United States
1905,29,F. M. Dana,Dana,,,male,Licentiate,,Vermont Conference,Atlantic Union Conference,Vermont,,"Burlington, Vt.",United States
1905,29,F. A. Page,Page,,,male,Licentiate,,Vermont Conference,Atlantic Union Conference,Vermont,,"Taftsville, Vt.",United States
1905,29,Maud Watt,Watt,,,female,Church-School Teacher,,Vermont Conference,Atlantic Union Conference,Vermont,,"North Wolcott, Vt.",United States
1905,29,George Litchfield,Litchfield,Mr.,,male,Treatment-Rooms In Charge,"308 Main St., Burlington",Vermont Conference,Atlantic Union Conference,Vermont,Treatment-Rooms,"Burlington, Vt.",United States
1905,29,Mrs. George Litchfield,Litchfield,Mrs.,,female,Treatment-Rooms In Charge,"308 Main St., Burlington",Vermont Conference,Atlantic Union Conference,Vermont,Treatment-Rooms,"Burlington, Vt.",United States
1905,29,C. F. Ball,Ball,,,male,Consulting Physician,"308 Main St., Burlington",Vermont Conference,Atlantic Union Conference,Vermont,Treatment-Rooms,"Rutland, Vt.",United States
1905,29,R. D. Hottel,Hottel,,,male,President,,Virginia Conference,Atlantic Union Conference,Virginia,,"New Market, Va.",United States
1905,29,A. M. Neff,Neff,,,male,Secretary,,Virginia Conference,Atlantic Union Conference,Virginia,,"New Market, Va.",United States
1905,29,O. F. Dart,Dart,,,male,Treasurer,,Virginia Conference,Atlantic Union Conference,Virginia,,"Richmond, Va.",United States
1905,29,A. M. Neff,Neff,,,male,Sec. and Treas. of Tract Society and S. S. Dept.,,Virginia Conference,Atlantic Union Conference,Virginia,,"New Market, Va.",United States
1905,29,W. H. Zeidler,Zeidler,,,male,Canvassing Agent,,Virginia Conference,Atlantic Union Conference,Virginia,,"Richmond, Va.",United States
1905,29,R. D. Hottel,Hottel,,,male,Executive Committee,,Virginia Conference,Atlantic Union Conference,Virginia,,,United States
1905,29,A. C. Neff,Neff,,,male,Executive Committee,,Virginia Conference,Atlantic Union Conference,Virginia,,,United States
1905,29,F. L. Whitehead,Whitehead,,,male,Executive Committee,,Virginia Conference,Atlantic Union Conference,Virginia,,"Farnham, Va.",United States
1905,29,O. F. Dart,Dart,,,male,Executive Committee,,Virginia Conference,Atlantic Union Conference,Virginia,,,United States
1905,29,G. W. Roat,Roat,,,male,Executive Committee,,Virginia Conference,Atlantic Union Conference,Virginia,,"Alexandria, Va.",United States
1905,29,R. D. Hottel,Hottel,,,male,Minister,,Virginia Conference,Atlantic Union Conference,Virginia,,"New Market, Va.",United States
1905,29,A. C. Neff,Neff,,,male,Minister,,Virginia Conference,Atlantic Union Conference,Virginia,,"Quicksburg, Va.",United States
1905,29,H. W. Herrell,Herrell,,,male,Minister,,Virginia Conference,Atlantic Union Conference,Virginia,,"Fredericksburg, Va.",United States
1905,29,H. J. Farman,Farman,,,male,Minister,,Virginia Conference,Atlantic Union Conference,Virginia,,"Lynchburg, Va.",United States
1905,29,M. S. Babcock,Babcock,,,male,Minister,,Virginia Conference,Atlantic Union Conference,Virginia,,"Roanoke, Va.",United States
1905,29,C. B. Rule,Rule,,,male,Minister,,Virginia Conference,Atlantic Union Conference,Virginia,,"Naruna, Va.",United States
1905,29,M. S. Wooding,Wooding,,,male,Minister,,Virginia Conference,Atlantic Union Conference,Virginia,,"Danville, Va.",United States
1905,29,W. R. Foggin,Foggin,,,male,Minister,,Virginia Conference,Atlantic Union Conference,Virginia,,"New Market, Va.",United States
1905,29,Mrs. M. A. Baker,Baker,Mrs.,,female,Missionary Licentiate,,Virginia Conference,Atlantic Union Conference,Virginia,,"Roanoke, Va.",United States
1905,29,Mrs. S. Wooding,Wooding,Mrs.,,female,Missionary Licentiate,,Virginia Conference,Atlantic Union Conference,Virginia,,"Spencer, Va.",United States
1905,29,Mrs. Rebecca Clayborne,Clayborne,Mrs.,,female,Missionary Licentiate,,Virginia Conference,Atlantic Union Conference,Virginia,,"Danville, Va.",United States
1905,29,E. J. Dryer,Dryer,,,male,President,,Western Pennsylvania Conference,Atlantic Union Conference,Western Pennsylvania,,"Norwood, Erie Co., Pa.",United States
1905,29,C. F. McVagh,McVagh,,,male,Vice-President,,Western Pennsylvania Conference,Atlantic Union Conference,Western Pennsylvania,,"Coudersport, Pa.",United States
1905,29,A. V. Williams,Williams,,,male,Secretary,,Western Pennsylvania Conference,Atlantic Union Conference,Western Pennsylvania,,"Corydon, Pa.",United States
1905,29,I. N. Williams,Williams,,,male,Treasurer,,Western Pennsylvania Conference,Atlantic Union Conference,Western Pennsylvania,,"Corydon, Pa.",United States
1905,29,Miss Fannie Fondersmith,Fondersmith,Miss,,female,Sec. S. S. Dept.,,Western Pennsylvania Conference,Atlantic Union Conference,Western Pennsylvania,,"Pittsburg, Pa.",United States
1905,29,T. D. Gibson,Gibson,,,male,Field Secretary,,Western Pennsylvania Conference,Atlantic Union Conference,Western Pennsylvania,,"Wilkinsburg, Pa.",United States
1905,29,E. J. Dryer,Dryer,,,male,Executive Committee,,Western Pennsylvania Conference,Atlantic Union Conference,Western Pennsylvania,,,United States
1905,29,C. F. McVagh,McVagh,,,male,Executive Committee,,Western Pennsylvania Conference,Atlantic Union Conference,Western Pennsylvania,,,United States
1905,29,I. N. Williams,Williams,,,male,Executive Committee,,Western Pennsylvania Conference,Atlantic Union Conference,Western Pennsylvania,,,United States
1905,33,J. E. White,White,,,male,Minister,,Southern Union Conference,Southern Union Conference,Southern Union,,"Edgefield, Tenn.",United States
1905,33,Smith Sharp,Sharp,,,male,Minister,,Southern Union Conference,Southern Union Conference,Southern Union,,"Graysville, Tenn.",United States
1905,33,J. E. Tenney,Tenney,,,male,Minister,,Southern Union Conference,Southern Union Conference,Southern Union,,"Graysville, Tenn.",United States
1905,33,R. T. Nash,Nash,,,male,Minister,,Southern Union Conference,Southern Union Conference,Southern Union,,"Campobello, S. C.",United States
1905,33,E. W. Webster,Webster,,,male,Minister,,Southern Union Conference,Southern Union Conference,Southern Union,,"Columbia, S. C.",United States
1905,33,F. R. Rogers,Rogers,,,male,Minister,,Southern Union Conference,Southern Union Conference,Southern Union,,"Huntsville, Ala.",United States
1905,33,A. Barry,Barry,,,male,Minister,,Southern Union Conference,Southern Union Conference,Southern Union,,"Nashville, Tenn.",United States
1905,33,W. H. Sebastian,Sebastian,,,male,Minister,,Southern Union Conference,Southern Union Conference,Southern Union,,"Vicksburg, Miss.",United States
1905,33,W. Halladay,Halladay,,,male,Minister,,Southern Union Conference,Southern Union Conference,Southern Union,,"Edgefield, Tenn.",United States
1905,33,A. F. Harrison,Harrison,,,male,Licentiate,,Southern Union Conference,Southern Union Conference,Southern Union,,"Graysville, Tenn.",United States
1905,33,E. W. Carey,Carey,,,male,Licentiate,,Southern Union Conference,Southern Union Conference,Southern Union,,"Columbia, S. C.",United States
1905,33,O. M. Hayward,Hayward,Dr.,,male,Licentiate,,Southern Union Conference,Southern Union Conference,Southern Union,,"Nashville, Tenn.",United States
1905,33,L. A. Hansen,Hansen,,,male,Licentiate,,Southern Union Conference,Southern Union Conference,Southern Union,,"Nashville, Tenn.",United States
1905,33,E. V. Orrell,Orrell,,,male,Licentiate,,Southern Union Conference,Southern Union Conference,Southern Union,,"New Orleans, La.",United States
1905,33,Mrs. S. N. Haskell,Haskell,Mrs.,,female,Missionary Licentiate,,Southern Union Conference,Southern Union Conference,Southern Union,,"Nashville, Tenn.",United States
1905,33,M. M. Martinson,Martinson,Dr.,,male,Missionary Licentiate,,Southern Union Conference,Southern Union Conference,Southern Union,,"Graysville, Tenn.",United States
1905,33,Mrs. Mina Hayward,Hayward,Mrs.,,female,Missionary Licentiate,,Southern Union Conference,Southern Union Conference,Southern Union,,"Nashville, Tenn.",United States
1905,33,Stella Martinson,Martinson,Dr.,,female,Missionary Licentiate,,Southern Union Conference,Southern Union Conference,Southern Union,,"Graysville, Tenn.",United States
1905,33,Jennie Wilson,Wilson,,,female,Missionary Licentiate,,Southern Union Conference,Southern Union Conference,Southern Union,,"Nashville, Tenn.",United States
1905,33,Lottie Isbell,Isbell,Dr.,,female,Missionary Licentiate,,Southern Union Conference,Southern Union Conference,Southern Union,,,United States
1905,33,J. E. White,White,,,male,President,,Southern Missionary Society,Southern Union Conference,Southern Union,,"Edgefield, Tenn.",United States
1905,33,F. R. Rogers,Rogers,,,male,Vice-President,,Southern Missionary Society,Southern Union Conference,Southern Union,,"Huntsville, Ala.",United States
1905,33,B. W. Spire,Spire,,,male,Secretary and Treasurer,,Southern Missionary Society,Southern Union Conference,Southern Union,,"Edgefield, Tenn.",United States
1905,33,Geo. I. Butler,Butler,,,male,Director,,Southern Missionary Society,Southern Union Conference,Southern Union,,,United States
1905,33,H. G. Thurston,Thurston,,,male,Director,,Southern Missionary Society,Southern Union Conference,Southern Union,,,United States
1905,33,G. W. Amadon,Amadon,,,male,Director,,Southern Missionary Society,Southern Union Conference,Southern Union,,,United States
1905,33,W. O. Palmer,Palmer,,,male,Director,,Southern Missionary Society,Southern Union Conference,Southern Union,,,United States
1905,33,W. L. McNeely,McNeely,,,male,President,,Alabama Conference,Southern Union Conference,Alabama,,"Birmingham, Ala.",United States
1905,33,Helen McKinnon,McKinnon,,,female,Secretary and Treasurer,,Alabama Conference,Southern Union Conference,Alabama,,"Fort Payne, Ala.",United States
1905,33,Helen McKinnon,McKinnon,,,female,Secretary Tract and Missionary Dept.,,Alabama Conference,Southern Union Conference,Alabama,,"Fort Payne, Ala.",United States
1905,33,C. J. Dart,Dart,,,male,State Agent,,Alabama Conference,Southern Union Conference,Alabama,,"Attalla, Ala.",United States
1905,33,Helen McKinnon,McKinnon,,,female,Secretary Educational and S. S. Dept.,,Alabama Conference,Southern Union Conference,Alabama,,"Fort Payne, Ala.",United States
1905,33,C. E. Giles,Giles,,,male,Secretary Medical Missionary Dept.,,Alabama Conference,Southern Union Conference,Alabama,,"Attalla, Ala.",United States
1905,33,W. L. McNeely,McNeely,,,male,Executive Committee Member,,Alabama Conference,Southern Union Conference,Alabama,,"Birmingham, Ala.",United States
1905,33,C. E. Giles,Giles,,,male,Executive Committee Member,,Alabama Conference,Southern Union Conference,Alabama,,"Attalla, Ala.",United States
1905,33,C. J. Dart,Dart,,,male,Executive Committee Member,,Alabama Conference,Southern Union Conference,Alabama,,"Attalla, Ala.",United States
1905,33,A. J. Devinney,Devinney,,,male,Executive Committee Member,,Alabama Conference,Southern Union Conference,Alabama,,,United States
1905,33,A. L. Nay,Nay,,,male,Executive Committee Member,,Alabama Conference,Southern Union Conference,Alabama,,,United States
1905,33,W. L. McNeely,McNeely,,,male,Minister,,Alabama Conference,Southern Union Conference,Alabama,,"Birmingham, Ala.",United States
1905,33,T. B. Buckner,Buckner,,,male,Minister,,Alabama Conference,Southern Union Conference,Alabama,,"Montgomery, Ala.",United States
1905,33,C. J. Dart,Dart,,,male,Minister,,Alabama Conference,Southern Union Conference,Alabama,,"Attalla, Ala.",United States
1905,33,C. E. Giles,Giles,,,male,Minister,,Alabama Conference,Southern Union Conference,Alabama,,"Attalla, Ala.",United States
1905,33,Helen McKinnon,McKinnon,,,female,Minister,,Alabama Conference,Southern Union Conference,Alabama,,"Fort Payne, Ala.",United States
1905,33,Mrs. N. A. Honeywell,Honeywell,Mrs.,,female,Missionary Licentiate,,Alabama Conference,Southern Union Conference,Alabama,,"Sylacauga, Ala.",United States
1905,33,Mrs. W. L. McNeely,McNeely,Mrs.,,female,Missionary Licentiate,,Alabama Conference,Southern Union Conference,Alabama,,"Birmingham, Ala.",United States
1905,33,Mrs. Edmonia White,White,Mrs.,,female,Missionary Licentiate,,Alabama Conference,Southern Union Conference,Alabama,,"Mobile, Ala.",United States
1905,33,Mrs. Amy L. Buckner,Buckner,Mrs.,,female,Missionary Licentiate,,Alabama Conference,Southern Union Conference,Alabama,,"Montgomery, Ala.",United States
1905,33,Phynia Smith,Smith,,,female,Missionary Licentiate,,Alabama Conference,Southern Union Conference,Alabama,,"Birmingham, Ala.",United States
1905,33,T. B. Buckner,Buckner,,,male,Principal,Charity Mission School (colored),Alabama Conference,Southern Union Conference,Alabama,Charity Mission School,"Montgomery, Ala.",United States
1905,33,Mrs. T. B. Buckner,Buckner,Mrs.,,female,Assistant Teacher,Charity Mission School (colored),Alabama Conference,Southern Union Conference,Alabama,Charity Mission School,"Montgomery, Ala.",United States
1905,33,Mrs. Nellie A. Honeywell,Honeywell,Mrs.,,female,Principal,Juniata Industrial School (colored),Alabama Conference,Southern Union Conference,Alabama,Juniata Industrial School,"Juniata, Ala.",United States
1905,35,C. B. Stephenson,Stephenson,,,male,Executive Committee Member,,Florida Conference,Southern Union Conference,Florida,,"Brooker, Fla.",United States
1905,35,Thos. D. Rowe,Rowe,,,male,Executive Committee Member,,Florida Conference,Southern Union Conference,Florida,,"Bartow, Fla.",United States
1905,35,R. G. Stringer,Stringer,,,male,Executive Committee Member,,Florida Conference,Southern Union Conference,Florida,,"Bartow, Fla.",United States
1905,35,W. L. Killen,Killen,,,male,Executive Committee Member,,Florida Conference,Southern Union Conference,Florida,,"Orlando, Fla.",United States
1905,35,Geo. I. Butler,Butler,,,male,Executive Committee Member,,Florida Conference,Southern Union Conference,Florida,,,United States
1905,35,C. B. Stephenson,Stephenson,,,male,Minister,,Florida Conference,Southern Union Conference,Florida,,"Brooker, Fla.",United States
1905,35,L. H. Crisler,Crisler,,,male,Minister,,Florida Conference,Southern Union Conference,Florida,,"Orlando, Fla.",United States
1905,35,Erving Keck,Keck,,,male,Minister,,Florida Conference,Southern Union Conference,Florida,,"Bowling Green, Fla.",United States
1905,35,L. T. Crisler,Crisler,,,male,Minister,,Florida Conference,Southern Union Conference,Florida,,"Orlando, Fla.",United States
1905,35,R. G. Stringer,Stringer,,,male,Minister,,Florida Conference,Southern Union Conference,Florida,,"Bartow, Fla.",United States
1905,35,D. G. Stephenson,Stephenson,,,male,Minister,,Florida Conference,Southern Union Conference,Florida,,"Brooker, Fla.",United States
1905,35,W. L. Killen,Killen,,,male,Licentiate,,Florida Conference,Southern Union Conference,Florida,,"Orlando, Fla.",United States
1905,35,Thos. D. Rowe,Rowe,,,male,Licentiate,,Florida Conference,Southern Union Conference,Florida,,"Bartow, Fla.",United States
1905,35,O. N. Whetsel,Whetsel,,,male,Licentiate,,Florida Conference,Southern Union Conference,Florida,,"Punta Gorda, Fla.",United States
1905,35,Mrs. C. B. Stephenson,Stephenson,Mrs.,,female,Missionary Licentiate,,Florida Conference,Southern Union Conference,Florida,,"Brooker, Fla.",United States
1905,35,Mrs. R. G. Stringer,Stringer,Mrs.,,female,Missionary Licentiate,,Florida Conference,Southern Union Conference,Florida,,"Bartow, Fla.",United States
1905,35,Mrs. Estella Graham,Graham,Mrs.,,female,Missionary Licentiate,,Florida Conference,Southern Union Conference,Florida,,"Jacksonville, Fla.",United States
1905,35,Mrs. A. F. Burges,Burges,Mrs.,,female,Missionary Licentiate,,Florida Conference,Southern Union Conference,Florida,,"Tampa, Fla.",United States
1905,35,Mrs. T. D. Rowe,Rowe,Mrs.,,female,Missionary Licentiate,,Florida Conference,Southern Union Conference,Florida,,"Bartow, Fla.",United States
1905,35,Mrs. O. N. Whetsel,Whetsel,Mrs.,,female,Missionary Licentiate,,Florida Conference,Southern Union Conference,Florida,,"Punta Gorda, Fla.",United States
1905,35,Henry Nobles,Nobles,,,male,In Charge,Treatment Rooms,Florida Conference,Southern Union Conference,Florida,Treatment Rooms,"Tampa, Fla.",United States
1905,35,C. V. Achenbach,Achenbach,,,male,In Charge,Treatment Rooms,Florida Conference,Southern Union Conference,Florida,Treatment Rooms,"Orlando, Fla.",United States
1905,35,R. M. Kilgore,Kilgore,,,male,President,,Georgia Conference,Southern Union Conference,Georgia,,"Graysville, Tenn.",United States
1905,35,M. L. Woodall,Woodall,,,male,Secretary and Treasurer of Conference and Tract Society Dept.,,Georgia Conference,Southern Union Conference,Georgia,,"Graysville, Tenn.",United States
1905,35,J. T. Eaton,Eaton,,,male,State Agent,,Georgia Conference,Southern Union Conference,Georgia,,"Alpharetta, Ga.",United States
1905,35,Mrs. Clara C. Phillips,Phillips,Mrs.,,female,Secretary S. S. Dept.,,Georgia Conference,Southern Union Conference,Georgia,,"Alpharetta, Ga.",United States
1905,35,R. M. Kilgore,Kilgore,,,male,Executive Committee Member,,Georgia Conference,Southern Union Conference,Georgia,,"Graysville, Tenn.",United States
1905,35,J. T. Eaton,Eaton,,,male,Executive Committee Member,,Georgia Conference,Southern Union Conference,Georgia,,"Alpharetta, Ga.",United States
1905,35,Chas. F. Curtis,Curtis,,,male,Executive Committee Member,,Georgia Conference,Southern Union Conference,Georgia,,,United States
1905,35,H. W. Jones,Jones,,,male,Executive Committee Member,,Georgia Conference,Southern Union Conference,Georgia,,"Tallapoosa, Ga.",United States
1905,35,E. E. Kurtz,Kurtz,,,male,Executive Committee Member,,Georgia Conference,Southern Union Conference,Georgia,,,United States
1905,35,R. M. Kilgore,Kilgore,,,male,Minister,,Georgia Conference,Southern Union Conference,Georgia,,"Graysville, Tenn.",United States
1905,35,H. F. Courter,Courter,,,male,Minister,,Georgia Conference,Southern Union Conference,Georgia,,"Decatur, Ga.",United States
1905,35,H. W. Jones,Jones,,,male,Licentiate,,Georgia Conference,Southern Union Conference,Georgia,,"Tallapoosa, Ga.",United States
1905,35,J. T. Eaton,Eaton,,,male,Licentiate,,Georgia Conference,Southern Union Conference,Georgia,,"Alpharetta, Ga.",United States
1905,35,Thomas Macmillan,Macmillan,,,male,Licentiate,,Georgia Conference,Southern Union Conference,Georgia,,"Macon, Ga.",United States
1905,35,Miss M. M. Osborn,Osborn,Miss,,female,Licentiate,,Georgia Conference,Southern Union Conference,Georgia,,"Atlanta, Ga.",United States
1905,35,Miss R. Philmon,Philmon,Miss,,female,Licentiate,,Georgia Conference,Southern Union Conference,Georgia,,"Gainesville, Ga.",United States
1905,35,S. B. Horton,Horton,,,male,President,,Louisiana Conference,Southern Union Conference,Louisiana,,"New Orleans, La.",United States
1905,35,E. V. Orrell,Orrell,,,male,Secretary and Treasurer,,Louisiana Conference,Southern Union Conference,Louisiana,,"New Orleans, La.",United States
1905,35,Mrs. Clara R. Winterton,Winterton,Mrs.,,female,Missionary Correspondent,,Louisiana Conference,Southern Union Conference,Louisiana,,"Welsh, La.",United States
1905,35,John Osborne,Osborne,,,male,Field Missionary,,Louisiana Conference,Southern Union Conference,Louisiana,,"Arcadia, La.",United States
1905,35,Miss Katie Bickham,Bickham,Miss,,female,Secretary S. S. Dept.,,Louisiana Conference,Southern Union Conference,Louisiana,,"Shreveport, La.",United States
1905,35,S. B. Horton,Horton,,,male,Executive Committee Member,,Louisiana Conference,Southern Union Conference,Louisiana,,"New Orleans, La.",United States
1905,35,John Osborne,Osborne,,,male,Executive Committee Member,,Louisiana Conference,Southern Union Conference,Louisiana,,"Arcadia, La.",United States
1905,35,S. A. Winterton,Winterton,,,male,Executive Committee Member,,Louisiana Conference,Southern Union Conference,Louisiana,,,United States
1905,35,H. S. Roach,Roach,,,male,Executive Committee Member,,Louisiana Conference,Southern Union Conference,Louisiana,,,United States
1905,35,Mark Perdue,Perdue,,,male,Executive Committee Member,,Louisiana Conference,Southern Union Conference,Louisiana,,,United States
1905,35,S. B. Horton,Horton,,,male,Minister,,Louisiana Conference,Southern Union Conference,Louisiana,,"New Orleans, La.",United States
1905,35,Mark Perdue,Perdue,,,male,Licentiate,,Louisiana Conference,Southern Union Conference,Louisiana,,"Maugham, La.",United States
1905,35,Wm. Brandon,Brandon,,,male,Licentiate,,Louisiana Conference,Southern Union Conference,Louisiana,,"New Orleans, La.",United States
1905,35,E. V. Orrell,Orrell,,,male,Licentiate,,Louisiana Conference,Southern Union Conference,Louisiana,,"New Orleans, La.",United States
1905,36,Mrs. Belle Horton,Horton,Mrs.,,female,Missionary Licentiate,,Louisiana Conference,Southern Union Conference,Louisiana,,"2234 Magazine St., New Orleans, La.",United States
1905,36,Mrs. Clara R. Winterton,Winterton,Mrs.,,female,Missionary Licentiate,,Louisiana Conference,Southern Union Conference,Louisiana,,"Welsh, La.",United States
1905,36,John Osborne,Osborne,,,male,Missionary Licentiate,,Louisiana Conference,Southern Union Conference,Louisiana,,"Arcadia, La.",United States
1905,36,Miss Katie Bickham,Bickham,Miss,,female,Missionary Licentiate,,Louisiana Conference,Southern Union Conference,Louisiana,,"Shreveport, La.",United States
1905,36,Miss Anna M. Horton,Horton,Miss,,female,Missionary Licentiate,,Louisiana Conference,Southern Union Conference,Louisiana,,"2234 Magazine St., New Orleans, La.",United States
1905,36,I. T. Reynolds,Reynolds,,,male,Missionary Licentiate,,Louisiana Conference,Southern Union Conference,Louisiana,,"2234 Magazine St., New Orleans, La.",United States
1905,36,Miss Frances Goodwyn,Goodwyn,Miss,,female,Missionary Licentiate,,Louisiana Conference,Southern Union Conference,Louisiana,,"2234 Magazine St., New Orleans, La.",United States
1905,36,A. J. Williams,Williams,,,male,Missionary Licentiate,,Louisiana Conference,Southern Union Conference,Louisiana,,"2234 Magazine St., New Orleans, La.",United States
1905,36,H. G. Thurston,Thurston,,,male,President,"Box 246, Meridian",Mississippi Conference,Southern Union Conference,Mississippi,,"Meridian, Miss.",United States
1905,36,F. R. Shaeffer,Shaeffer,,,male,Vice-President,"Box 246, Meridian",Mississippi Conference,Southern Union Conference,Mississippi,,"Meridian, Miss.",United States
1905,36,H. H. Johnson,Johnson,,,male,Secretary,"Box 29, Vicksburg",Mississippi Conference,Southern Union Conference,Mississippi,,"Vicksburg, Miss.",United States
1905,36,F. R. Shaeffer,Shaeffer,,,male,State Agent,,Mississippi Conference,Southern Union Conference,Mississippi,,"Meridian, Miss.",United States
1905,36,L. V. Crawford,Crawford,,,male,Corresponding Secretary and Treasurer,"Box 29, Vicksburg",Mississippi Conference,Southern Union Conference,Mississippi,,"Vicksburg, Miss.",United States
1905,36,Mrs. L. V. Crawford,Crawford,Mrs.,,female,Sabbath-school Secretary,office address,Mississippi Conference,Southern Union Conference,Mississippi,,"Vicksburg, Miss.",United States
1905,36,F. R. Rogers,Rogers,,,male,Supt. of Church and Mission Schools,"care Oakwood School, Huntsville, Ala.",Mississippi Conference,Southern Union Conference,Mississippi,Oakwood School,"Huntsville, Ala.",United States
1905,36,A. G. Thurston,Thurston,,,male,Conference Committee,,Mississippi Conference,Southern Union Conference,Mississippi,,,United States
1905,36,F. R. Shaeffer,Shaeffer,,,male,Conference Committee,,Mississippi Conference,Southern Union Conference,Mississippi,,,United States
1905,36,F. R. Rogers,Rogers,,,male,Conference Committee,,Mississippi Conference,Southern Union Conference,Mississippi,,,United States
1905,36,L. V. Crawford,Crawford,,,male,Conference Committee,,Mississippi Conference,Southern Union Conference,Mississippi,,,United States
1905,36,W. H. Sebastian,Sebastian,,,male,Conference Committee,,Mississippi Conference,Southern Union Conference,Mississippi,,,United States
1905,36,H. G. Thurston,Thurston,,,male,Minister,,Mississippi Conference,Southern Union Conference,Mississippi,,"Meridian, Miss.",United States
1905,36,F. R. Shaeffer,Shaeffer,,,male,Minister,,Mississippi Conference,Southern Union Conference,Mississippi,,"Meridian, Miss.",United States
1905,36,R. S. Owen,Owen,,,male,Minister,,Mississippi Conference,Southern Union Conference,Mississippi,,"Mhoons, Miss.",United States
1905,36,H. W. Pierce,Pierce,,,male,Minister,,Mississippi Conference,Southern Union Conference,Mississippi,,"Eshcol, Miss.",United States
1905,36,W. H. Sebastian,Sebastian,,,male,Minister,,Mississippi Conference,Southern Union Conference,Mississippi,,"209 Fayette St., Miss.",United States
1905,36,Geo. B. Douglas,Douglas,,,male,Minister,,Mississippi Conference,Southern Union Conference,Mississippi,,"Corinth, Miss.",United States
1905,36,F. R. Rogers,Rogers,,,male,Minister,,Mississippi Conference,Southern Union Conference,Mississippi,Oakwood School,"Huntsville, Ala.",United States
1905,36,W. J. Blake,Blake,,,male,Minister,,Mississippi Conference,Southern Union Conference,Mississippi,Oakwood School,"Huntsville, Ala.",United States
1905,36,M. C. Strachan,Strachan,,,male,Licentiate,,Mississippi Conference,Southern Union Conference,Mississippi,,"Jackson, Miss.",United States
1905,36,N. B. King,King,,,male,Licentiate,,Mississippi Conference,Southern Union Conference,Mississippi,,"209 Fayette St., Miss.",United States
1905,36,Thos. Murphy,Murphy,,,male,Licentiate,,Mississippi Conference,Southern Union Conference,Mississippi,,"Columbus, Miss.",United States
1905,36,D. D. Butcher,Butcher,,,male,Licentiate,,Mississippi Conference,Southern Union Conference,Mississippi,,"Greenwood, Miss.",United States
1905,36,J. W. Dancer,Dancer,,,male,Licentiate,,Mississippi Conference,Southern Union Conference,Mississippi,,"Greenville, Miss.",United States
1905,36,S. A. Jordan,Jordan,,,male,Licentiate,,Mississippi Conference,Southern Union Conference,Mississippi,,"Brookhaven, Miss.",United States
1905,36,James Bellinger,Bellinger,,,male,Licentiate,,Mississippi Conference,Southern Union Conference,Mississippi,,"Ellisville, Miss.",United States
1905,36,T. H. Jeys,Jeys,,,male,President,Archdale,North Carolina Conference,Southern Union Conference,North Carolina,,"Archdale, N.C.",United States
1905,36,D. T. Shireman,Shireman,,,male,Vice-President,Hildebran,North Carolina Conference,Southern Union Conference,North Carolina,,"Hildebran, N.C.",United States
1905,36,Jessie V. Bosworth,Bosworth,,,,Secretary and Treasurer,Eufola,North Carolina Conference,Southern Union Conference,North Carolina,,"Eufola, N.C.",United States
1905,36,J. O. Johnston,Johnston,,,male,Financial Secretary,Eufola,North Carolina Conference,Southern Union Conference,North Carolina,,"Eufola, N.C.",United States
1905,36,T. H. Jeys,Jeys,,,male,Executive Committee,,North Carolina Conference,Southern Union Conference,North Carolina,,,United States
1905,36,D. T. Shireman,Shireman,,,male,Executive Committee,,North Carolina Conference,Southern Union Conference,North Carolina,,,United States
1905,36,W. H. Armstrong,Armstrong,,,male,Executive Committee,,North Carolina Conference,Southern Union Conference,North Carolina,,,United States
1905,36,M. H. Johnston,Johnston,,,male,Executive Committee,,North Carolina Conference,Southern Union Conference,North Carolina,,,United States
1905,36,B. A. Rogers,Rogers,,,male,Executive Committee,,North Carolina Conference,Southern Union Conference,North Carolina,,,United States
1905,36,M. G. Creasey,Creasey,,,male,Executive Committee,,North Carolina Conference,Southern Union Conference,North Carolina,,,United States
1905,36,J. O. Johnston,Johnston,,,male,Executive Committee,,North Carolina Conference,Southern Union Conference,North Carolina,,,United States
1905,36,Jessie V. Bosworth,Bosworth,,,,"Secretary and Treasurer, Tract and Missionary Department",Eufola,North Carolina Conference,Southern Union Conference,North Carolina,,"Eufola, N.C.",United States
1905,36,H. G. Miller,Miller,,,male,State Agent,Mooresville,North Carolina Conference,Southern Union Conference,North Carolina,,"Mooresville, N.C.",United States
1905,36,Mrs. Emma B. Rogers,Rogers,Mrs.,,female,Secretary S. S. and Educational Departments,Hildebran,North Carolina Conference,Southern Union Conference,North Carolina,,"Hildebran, N.C.",United States
1905,36,M. H. Johnston,Johnston,,,male,Secretary Medical Department,Hildebran,North Carolina Conference,Southern Union Conference,North Carolina,,"Hildebran, N.C.",United States
1905,36,J. O. Johnston,Johnston,,,male,"President, Southern Educational Company",,North Carolina Conference,Southern Union Conference,North Carolina,Southern Educational Company,,United States
1905,36,B. A. Rogers,Rogers,,,male,"Vice-President, Southern Educational Company",,North Carolina Conference,Southern Union Conference,North Carolina,Southern Educational Company,,United States
1905,36,Jessie V. Bosworth,Bosworth,,,,"Secretary and Treasurer, Southern Educational Company",,North Carolina Conference,Southern Union Conference,North Carolina,Southern Educational Company,,United States
1905,36,T. H. Jeys,Jeys,,,male,Minister,,North Carolina Conference,Southern Union Conference,North Carolina,,"Archdale, N.C.",United States
1905,36,J. O. Johnston,Johnston,,,male,Minister,,North Carolina Conference,Southern Union Conference,North Carolina,,"Eufola, N.C.",United States
1905,37,D. T. Shireman,Shireman,,,male,Minister,,North Carolina Conference,Southern Union Conference,North Carolina,,"Hildebran, N.C.",United States
1905,37,W. H. Armstrong,Armstrong,,,male,Minister,,North Carolina Conference,Southern Union Conference,North Carolina,,"Eufola, N.C.",United States
1905,37,Albert Carey,Carey,Dr.,,male,Minister,,North Carolina Conference,Southern Union Conference,North Carolina,,"Hildebran, N.C.",United States
1905,37,George Crawford,Crawford,,,male,Licentiate,,North Carolina Conference,Southern Union Conference,North Carolina,,"Cove Creek, N.C.",United States
1905,37,H. R. Shelton,Shelton,,,male,Licentiate,,North Carolina Conference,Southern Union Conference,North Carolina,,"Winston-Salem, N.C.",United States
1905,37,Mollie R. Miller,Miller,Mrs.,,female,Missionary Licentiate,,North Carolina Conference,Southern Union Conference,North Carolina,,"Eufola, N.C.",United States
1905,37,Jessie V. Bosworth,Bosworth,,,,Missionary Licentiate,,North Carolina Conference,Southern Union Conference,North Carolina,,"Eufola, N.C.",United States
1905,37,Emma B. Rogers,Rogers,Mrs.,,female,Missionary Licentiate,,North Carolina Conference,Southern Union Conference,North Carolina,,"Hildebran, N.C.",United States
1905,37,M. H. Johnston,Johnston,,,male,Missionary Licentiate,,North Carolina Conference,Southern Union Conference,North Carolina,,"Hildebran, N.C.",United States
1905,37,Earl D. Hahn,Hahn,,,male,Missionary Licentiate,,North Carolina Conference,Southern Union Conference,North Carolina,,"Toluca, N.C.",United States
1905,37,Minnie Hahn,Hahn,,,female,Missionary Licentiate,,North Carolina Conference,Southern Union Conference,North Carolina,,"Toluca, N.C.",United States
1905,37,Robert L. Underwood,Underwood,,,male,Missionary Licentiate,,North Carolina Conference,Southern Union Conference,North Carolina,,"Waynesville, N.C.",United States
1905,37,H. G. Miller,Miller,,,male,Missionary Licentiate,,North Carolina Conference,Southern Union Conference,North Carolina,,"Eufola, N.C.",United States
1905,37,Burton Church,Church,,,male,Missionary Licentiate,,North Carolina Conference,Southern Union Conference,North Carolina,,"Hickory, N.C.",United States
1905,37,E. R. Allen,Allen,,,male,Missionary Licentiate,,North Carolina Conference,Southern Union Conference,North Carolina,,"Norwood, N.C.",United States
1905,37,E. W. Webster,Webster,,,male,Director,,South Carolina Mission,Southern Union Conference,South Carolina,,"Columbia, S.C.",United States
1905,37,C. F. Dart,Dart,,,male,State Missionary,,South Carolina Mission,Southern Union Conference,South Carolina,,"Campobello, S.C.",United States
1905,37,E. W. Webster,Webster,,,male,Minister,,South Carolina Mission,Southern Union Conference,South Carolina,,"Columbia, S.C.",United States
1905,37,R. T. Nash,Nash,,,male,Minister,,South Carolina Mission,Southern Union Conference,South Carolina,,"Campobello, S.C.",United States
1905,37,E. W. Carey,Carey,,,male,Licentiate,,South Carolina Mission,Southern Union Conference,South Carolina,,"Columbia, S.C.",United States
1905,37,Elizabeth McHugh,McHugh,,,female,Missionary Licentiate,,South Carolina Mission,Southern Union Conference,South Carolina,,"Columbia, S.C.",United States
1905,37,Mrs. E. W. Webster,Webster,Mrs.,,female,Missionary Licentiate,,South Carolina Mission,Southern Union Conference,South Carolina,,"Columbia, S.C.",United States
1905,37,N. W. Allee,Allee,,,male,President,,Tennessee River Conference,Southern Union Conference,Tennessee River,,"Hazel, Ky.",United States
1905,37,W. R. Burrow,Burrow,,,male,Vice-President,,Tennessee River Conference,Southern Union Conference,Tennessee River,,"Raleigh, Tenn.",United States
1905,37,Mrs. E. C. Spire,Spire,Mrs.,,female,Secretary and Treasurer,,Tennessee River Conference,Southern Union Conference,Tennessee River,,"Hazel, Ky.",United States
1905,37,N. W. Allee,Allee,,,male,Executive Committee Member,,Tennessee River Conference,Southern Union Conference,Tennessee River,,"Hazel, Ky.",United States
1905,37,W. R. Burrow,Burrow,,,male,Executive Committee Member,,Tennessee River Conference,Southern Union Conference,Tennessee River,,"Raleigh, Tenn.",United States
1905,37,C. L. Stone,Stone,,,male,Executive Committee Member,,Tennessee River Conference,Southern Union Conference,Tennessee River,,,United States
1905,37,W. D. Dortch,Dortch,,,male,Executive Committee Member,,Tennessee River Conference,Southern Union Conference,Tennessee River,,,United States
1905,37,I. A. Ford,Ford,,,male,Executive Committee Member,,Tennessee River Conference,Southern Union Conference,Tennessee River,,,United States
1905,37,Mrs. E. C. Spire,Spire,Mrs.,,female,"Secretary, Tract and Missionary Department",,Tennessee River Conference,Southern Union Conference,Tennessee River,,"Hazel, Ky.",United States
1905,37,H. H. Johnson,Johnson,,,male,Field Missionary,,Tennessee River Conference,Southern Union Conference,Tennessee River,,"Nashville, Tenn.",United States
1905,37,C. L. Stone,Stone,,,male,"Secretary, Sabbath-school Department",,Tennessee River Conference,Southern Union Conference,Tennessee River,,"Hazel, Ky.",United States
1905,37,L. A. Hansen,Hansen,,,male,"Secretary, Medical Department",,Tennessee River Conference,Southern Union Conference,Tennessee River,,"Nashville, Tenn.",United States
1905,37,C. L. Stone,Stone,,,male,"Secretary, Educational Department",,Tennessee River Conference,Southern Union Conference,Tennessee River,,"Hazel, Ky.",United States
1905,37,Mrs. C. L. Stone,Stone,Mrs.,,female,"Assistant, Educational Department",,Tennessee River Conference,Southern Union Conference,Tennessee River,,,United States
1905,37,N. W. Allee,Allee,,,male,Minister,,Tennessee River Conference,Southern Union Conference,Tennessee River,,"Hazel, Ky.",United States
1905,37,C. P. Bollman,Bollman,,,male,Minister,,Tennessee River Conference,Southern Union Conference,Tennessee River,,"Springville, Tenn.",United States
1905,37,R. S. Donnell,Donnell,,,male,Minister,,Tennessee River Conference,Southern Union Conference,Tennessee River,,"Raleigh, Tenn.",United States
1905,37,W. R. Burrow,Burrow,,,male,Minister,,Tennessee River Conference,Southern Union Conference,Tennessee River,,"Raleigh, Tenn.",United States
1905,37,R. G. Garrett,Garrett,,,male,Minister,,Tennessee River Conference,Southern Union Conference,Tennessee River,,"Linwood, Ky.",United States
1905,37,A. Barry,Barry,,,male,Minister,,Tennessee River Conference,Southern Union Conference,Tennessee River,,"Springville, Tenn.",United States
1905,37,W. S. Lowry,Lowry,,,male,Minister,,Tennessee River Conference,Southern Union Conference,Tennessee River,,"Raleigh, Tenn.",United States
1905,37,H. C. Balsbaugh,Balsbaugh,,,male,Minister,,Tennessee River Conference,Southern Union Conference,Tennessee River,,"Memphis, Tenn.",United States
1905,37,Walter Jones,Jones,,,male,Minister,,Tennessee River Conference,Southern Union Conference,Tennessee River,,"Bowling Green, Ky.",United States
1905,37,Frank Mosebar,Mosebar,,,male,Minister,,Tennessee River Conference,Southern Union Conference,Tennessee River,,"Erin, Tenn.",United States
1905,37,L. A. Hansen,Hansen,,,male,Minister,,Tennessee River Conference,Southern Union Conference,Tennessee River,,"Nashville, Tenn.",United States
1905,38,B. W. Spire,Spire,,,male,Missionary Licentiate,"cor. Church and Vine Sts., Nashville, Tenn.",Cumberland Conference,State Conference Directories,Tennessee,,"Nashville, Tenn.",United States
1905,38,Mrs. E. C. Spire,Spire,Mrs.,,female,Missionary Licentiate,,Cumberland Conference,State Conference Directories,Tennessee,,"Hazel, Ky.",United States
1905,38,Mrs. Mary Balsbaugh,Balsbaugh,Mrs.,,female,Missionary Licentiate,,Cumberland Conference,State Conference Directories,Tennessee,,"Memphis, Tenn.",United States
1905,38,Amy Welsh,Welsh,,,female,Missionary Licentiate,,Cumberland Conference,State Conference Directories,Tennessee,,"Hazel, Ky.",United States
1905,38,F. T. Wales,Wales,,,male,Missionary Licentiate,,Cumberland Conference,State Conference Directories,Tennessee,,"Memphis, Tenn.",United States
1905,38,Geo. W. Rich,Rich,,,male,Missionary Licentiate,,Cumberland Conference,State Conference Directories,Tennessee,,"Trezevant, Tenn.",United States
1905,38,Miss Ruby Mason,Mason,Miss,,female,Church-School Teacher,,Cumberland Conference,State Conference Directories,Tennessee,,"Hazel, Ky.",United States
1905,38,Miss Ella M. Osborn,Osborn,Miss,,female,Church-School Teacher,,Cumberland Conference,State Conference Directories,Tennessee,,"Springville, Tenn.",United States
1905,38,Miss Beulah Callicott,Callicott,Miss,,female,Church-School Teacher,,Cumberland Conference,State Conference Directories,Tennessee,,"Trezevant, Tenn.",United States
1905,38,Mrs. C. D. Wolf,Wolf,Mrs.,,female,Church-School Teacher,,Cumberland Conference,State Conference Directories,Tennessee,,"Nashville, Tenn.",United States
1905,38,Miss Minnie Gray,Gray,Miss,,female,Church-School Teacher,,Cumberland Conference,State Conference Directories,Tennessee,,"Bowling Green, Ky.",United States
1905,38,Allen Moon,Moon,,,male,President,,Lake Union Conference,Lake Union Conference,Lake Union,,"Indianapolis, Ind.",United States
1905,38,Wm. Covert,Covert,,,male,Vice-President,,Lake Union Conference,Lake Union Conference,Lake Union,,"Bethel, Wis.",United States
1905,38,W. H. Edwards,Edwards,,,male,Secretary and Treasurer,,Lake Union Conference,Lake Union Conference,Lake Union,,"Indianapolis, Ind.",United States
1905,38,J. B. Blosser,Blosser,,,male,Field Secretary,,Lake Union Conference,Lake Union Conference,Lake Union,,"Berrien Springs, Mich.",United States
1905,38,Miss M. Bessie De Graw,De Graw,Miss,,female,S. S. and Educational Field Secretary,,Lake Union Conference,Lake Union Conference,Lake Union,,"Madison, Tenn.",United States
1905,38,P. T. Magan,Magan,,,male,Training-school Representative,,Lake Union Conference,Lake Union Conference,Lake Union,,"Madison, Tenn.",United States
1905,38,D. W. Reavis,Reavis,,,male,Missionary Secretary,,Lake Union Conference,Lake Union Conference,Lake Union,,"Washington, D. C.",United States
1905,38,I. H. Evans,Evans,,,male,Publishing Work Representative,,Lake Union Conference,Lake Union Conference,Lake Union,,"Washington, D. C.",United States
1905,38,David Paulson,Paulson,,,male,Sanitarium Work Representative,,Lake Union Conference,Lake Union Conference,Lake Union,,"Hinsdale, Ill.",United States
1905,38,C. J. Herrmann,Herrmann,,,male,German Work Representative,,Lake Union Conference,Lake Union Conference,Lake Union,,"Birnamwood, Wis.",United States
1905,38,L. H. Christian,Christian,,,male,Scandinavian Work Representative,,Lake Union Conference,Lake Union Conference,Lake Union,,"Chicago, Ill.",United States
1905,38,D. W. Reavis,Reavis,,,male,Field Secretary of Religious Liberty Work,,Lake Union Conference,Lake Union Conference,Lake Union,,"Washington, D. C.",United States
1905,38,W. H. Edwards,Edwards,,,male,Auditor and Business Agent,,Lake Union Conference,Lake Union Conference,Lake Union,,"Indianapolis, Ind.",United States
1905,38,Allen Moon,Moon,,,male,Executive Committee Member,,Lake Union Conference,Lake Union Conference,Lake Union,,"Indianapolis, Ind.",United States
1905,38,Wm. Covert,Covert,,,male,Executive Committee Member,,Lake Union Conference,Lake Union Conference,Lake Union,,"Bethel, Wis.",United States
1905,38,W. H. Edwards,Edwards,,,male,Executive Committee Member,,Lake Union Conference,Lake Union Conference,Lake Union,,"Indianapolis, Ind.",United States
1905,38,P. T. Magan,Magan,,,male,Executive Committee Member,,Lake Union Conference,Lake Union Conference,Lake Union,,"Madison, Tenn.",United States
1905,38,I. H. Evans,Evans,,,male,Executive Committee Member,,Lake Union Conference,Lake Union Conference,Lake Union,,"Washington, D. C.",United States
1905,38,D. Paulson,Paulson,,,male,Executive Committee Member,,Lake Union Conference,Lake Union Conference,Lake Union,,"Hinsdale, Ill.",United States
1905,38,C. J. Herrmann,Herrmann,,,male,Executive Committee Member,,Lake Union Conference,Lake Union Conference,Lake Union,,"Birnamwood, Wis.",United States
1905,38,L. H. Christian,Christian,,,male,Executive Committee Member,,Lake Union Conference,Lake Union Conference,Lake Union,,"Chicago, Ill.",United States
1905,38,Wm. Covert,Covert,,,male,Director,Lake Union Conference Association of Seventh-day Adventists,Lake Union Conference Association of Seventh-day Adventists,Lake Union Conference,Lake Union,,"Bethel, Wis.",United States
1905,38,Allen Moon,Moon,,,male,Director,Lake Union Conference Association of Seventh-day Adventists,Lake Union Conference Association of Seventh-day Adventists,Lake Union Conference,Lake Union,,"Indianapolis, Ind.",United States
1905,38,Henry H. Burkholder,Burkholder,,,male,Director,Lake Union Conference Association of Seventh-day Adventists,Lake Union Conference Association of Seventh-day Adventists,Lake Union Conference,Lake Union,,,United States
1905,38,John D. Gowell,Gowell,,,male,Director,Lake Union Conference Association of Seventh-day Adventists,Lake Union Conference Association of Seventh-day Adventists,Lake Union Conference,Lake Union,,,United States
1905,38,Wm. H. Edwards,Edwards,,,male,Director,Lake Union Conference Association of Seventh-day Adventists,Lake Union Conference Association of Seventh-day Adventists,Lake Union Conference,Lake Union,,"Indianapolis, Ind.",United States
1905,38,A. G. Haughey,Haughey,,,male,Director,Lake Union Conference Association of Seventh-day Adventists,Lake Union Conference Association of Seventh-day Adventists,Lake Union Conference,Lake Union,,,United States
1905,38,W. J. Stone,Stone,,,male,Director,Lake Union Conference Association of Seventh-day Adventists,Lake Union Conference Association of Seventh-day Adventists,Lake Union Conference,Lake Union,,,United States
1905,38,Allen Moon,Moon,,,male,President,Lake Union Conference Association of Seventh-day Adventists,Lake Union Conference Association of Seventh-day Adventists,Lake Union Conference,Lake Union,,"Indianapolis, Ind.",United States
1905,38,Wm. Covert,Covert,,,male,Vice-President,Lake Union Conference Association of Seventh-day Adventists,Lake Union Conference Association of Seventh-day Adventists,Lake Union Conference,Lake Union,,"Bethel, Wis.",United States
1905,38,W. H. Edwards,Edwards,,,male,Secretary and Treasurer,Lake Union Conference Association of Seventh-day Adventists,Lake Union Conference Association of Seventh-day Adventists,Lake Union Conference,Lake Union,,"Indianapolis, Ind.",United States
1905,38,W. J. Stone,Stone,,,male,Auditor,Lake Union Conference Association of Seventh-day Adventists,Lake Union Conference Association of Seventh-day Adventists,Lake Union Conference,Lake Union,,,United States
1905,38,Allen Moon,Moon,,,male,Minister,,Lake Union Conference,Lake Union Conference,Lake Union,,"Indianapolis, Ind.",United States
1905,38,E. R. Williams,Williams,,,male,Minister,,Lake Union Conference,Lake Union Conference,Lake Union,,"Sault Ste. Marie, Mich.",United States
1905,38,M. W. Lewis,Lewis,,,male,Minister,,Lake Union Conference,Lake Union Conference,Lake Union,,"Menominee, Mich.",United States
1905,38,E. A. Sutherland,Sutherland,,,male,Minister,,Lake Union Conference,Lake Union Conference,Lake Union,,"Madison, Tenn.",United States
1905,38,W. S. Sadler,Sadler,,,male,Minister,,Lake Union Conference,Lake Union Conference,Lake Union,,"Chicago, Ill.",United States
1905,38,F. J. Harris,Harris,,,male,Minister,,Lake Union Conference,Lake Union Conference,Lake Union,,"Ensign, via Rapid River, Mich.",United States
1905,39,R. J. Bellows,Bellows,,,male,Licentiate,,North Michigan Conference,Lake Union Conference,North Michigan,,"Rapid River, Mich.",United States
1905,39,Mrs. E. R. Williams,Williams,Mrs.,,female,Licentiate,,North Michigan Conference,Lake Union Conference,North Michigan,,"838 South St., Sault Ste. Marie, Mich.",United States
1905,39,J. B. Blosser,Blosser,,,male,Licentiate,,North Michigan Conference,Lake Union Conference,North Michigan,,"Berrien Springs, Mich.",United States
1905,39,Florence Hutchinson,Hutchinson,,,female,Missionary Licentiate,,North Michigan Conference,Lake Union Conference,North Michigan,,"Laurium, Mich.",United States
1905,39,E. Fred Hutchinson,Hutchinson,,,male,Missionary Licentiate,,North Michigan Conference,Lake Union Conference,North Michigan,,"Laurium, Mich.",United States
1905,39,Bertha Bartlett,Bartlett,,,female,Missionary Licentiate,,North Michigan Conference,Lake Union Conference,North Michigan,,"Laurium, Mich.",United States
1905,39,Isabella B. Campbell,Campbell,,,female,Missionary Licentiate,,North Michigan Conference,Lake Union Conference,North Michigan,,"838 South St., Sault Ste. Marie, Mich.",United States
1905,39,M. Bessie De Graw,De Graw,,,female,Missionary Licentiate,,North Michigan Conference,Lake Union Conference,North Michigan,,"Madison, Tenn.",United States
1905,39,W. H. Edwards,Edwards,,,male,Missionary Licentiate,,North Michigan Conference,Lake Union Conference,North Michigan,,"Room 223, Unity Bldg., 147 East Market St., Indianapolis, Ind.",United States
1905,39,Dr. D. Paulson,Paulson,Dr.,,male,Missionary Licentiate,,North Michigan Conference,Lake Union Conference,North Michigan,Sanitarium,"Hinsdale, Ill.",United States
1905,39,E. B. Van Dorn,Van Dorn,,,male,Missionary Licentiate,,North Michigan Conference,Lake Union Conference,North Michigan,,"436 State St., Chicago, Ill.",United States
1905,39,Fannie Emmel,Emmel,,,female,Missionary Licentiate,,North Michigan Conference,Lake Union Conference,North Michigan,,"436 State St., Chicago, Ill.",United States
1905,39,Mrs. Nina Crane,Crane,Mrs.,,female,Missionary Licentiate,,North Michigan Conference,Lake Union Conference,North Michigan,,"436 State St., Chicago, Ill.",United States
1905,39,Mrs. H. W. Odell,Odell,Mrs.,,female,Missionary Licentiate,,North Michigan Conference,Lake Union Conference,North Michigan,,"436 State St., Chicago, Ill.",United States
1905,39,E. K. Slade,Slade,,,male,President,,East Michigan Conference,Lake Union Conference,East Michigan,,"226 Washington Ave., North Lansing, Mich.",United States
1905,39,A. R. Sandborn,Sandborn,,,male,Vice-President,,East Michigan Conference,Lake Union Conference,East Michigan,,"Box 74, West Bay City, Mich.",United States
1905,39,Frank Hiner,Hiner,,,male,Secretary and Treasurer of Conference and Tract Society Dept.,,East Michigan Conference,Lake Union Conference,East Michigan,,"226 Washington Ave., North Lansing, Mich.",United States
1905,39,H. B. McConnell,McConnell,,,male,Field Secretary,,East Michigan Conference,Lake Union Conference,East Michigan,,"201 Ingraham St., Bay City, Mich.",United States
1905,39,J. G. Lamson,Lamson,,,male,"Superintendent, Educational Department",,East Michigan Conference,Lake Union Conference,East Michigan,,"226 Washington Ave., North Lansing, Mich.",United States
1905,39,Tillie E. Barr,Barr,,,female,"Secretary and Treasurer, Educational Department",,East Michigan Conference,Lake Union Conference,East Michigan,,"226 Washington Ave., North Lansing, Mich.",United States
1905,39,Daniel Wood,Wood,,,male,Executive Committee Member,,East Michigan Conference,Lake Union Conference,East Michigan,,,United States
1905,39,E. I. Beebe,Beebe,,,male,Executive Committee Member,,East Michigan Conference,Lake Union Conference,East Michigan,,,United States
1905,39,J. D. Gowell,Gowell,,,male,Minister,,East Michigan Conference,Lake Union Conference,East Michigan,,"Hesperia, Mich.",United States
1905,39,L. G. Moore,Moore,,,male,Minister,,East Michigan Conference,Lake Union Conference,East Michigan,,"1120 University Ave., Ann Arbor, Mich.",United States
1905,39,J. L. Edgar,Edgar,,,male,Minister,,East Michigan Conference,Lake Union Conference,East Michigan,,"325 West Eighth St., Flint, Mich.",United States
1905,39,B. F. Stureman,Stureman,,,male,Minister,,East Michigan Conference,Lake Union Conference,East Michigan,,"327 West Eighth St., Flint, Mich.",United States
1905,39,C. N. Sanders,Sanders,,,male,Minister,,East Michigan Conference,Lake Union Conference,East Michigan,,"R. F. D. No. 9, Battle Creek, Mich.",United States
1905,39,Wm. Ostrander,Ostrander,,,male,Minister,,East Michigan Conference,Lake Union Conference,East Michigan,,"546 South Weadock Ave., Saginaw, Mich.",United States
1905,39,M. Shepard,Shepard,,,male,Minister,,East Michigan Conference,Lake Union Conference,East Michigan,,"Belleville, Mich.",United States
1905,39,O. F. Butcher,Butcher,,,male,Minister,,East Michigan Conference,Lake Union Conference,East Michigan,,"32 Sylvan St., Detroit, Mich.",United States
1905,39,O. Soule,Soule,,,male,Minister,,East Michigan Conference,Lake Union Conference,East Michigan,,"Flint, Mich.",United States
1905,39,E. I. Beebe,Beebe,,,male,Minister,,East Michigan Conference,Lake Union Conference,East Michigan,,"Ovid, Mich.",United States
1905,39,F. G. Lane,Lane,,,male,Minister,,East Michigan Conference,Lake Union Conference,East Michigan,,"903 South Fourth St., Saginaw, Mich.",United States
1905,39,Delmer P. Wood,Wood,,,male,Minister,,East Michigan Conference,Lake Union Conference,East Michigan,,"Box 74, West Bay City, Mich.",United States
1905,39,Emil R. Lauda,Lauda,,,male,Minister,,East Michigan Conference,Lake Union Conference,East Michigan,,"Sanilac, Mich.",United States
1905,39,John O. Stow,Stow,,,male,Minister,,East Michigan Conference,Lake Union Conference,East Michigan,,"Addison, Mich.",United States
1905,39,Clara E. Kiep,Kiep,,,female,Minister,,East Michigan Conference,Lake Union Conference,East Michigan,,"710 East St., Flint, Mich.",United States
1905,39,Lucy F. Tyte,Tyte,,,female,Minister,,East Michigan Conference,Lake Union Conference,East Michigan,,"710 East St., Flint, Mich.",United States
1905,39,Marie P. Harriman,Harriman,,,female,Minister,,East Michigan Conference,Lake Union Conference,East Michigan,,"546 South Weadock Ave., Saginaw, Mich.",United States
1905,39,Anna L. Boehm,Boehm,,,female,Minister,,East Michigan Conference,Lake Union Conference,East Michigan,,"32 Sylvan St., Detroit, Mich.",United States
1905,40,Tillie E. Barr,Barr,,,female,,"226 Washington Ave., North, Lansing",Michigan Conference,Lake Union Conference,Michigan,,"Lansing, Mich.",United States
1905,40,Robe V. Lane,Lane,,,,,"903 South Fourth St., Saginaw",Michigan Conference,Lake Union Conference,Michigan,,"Saginaw, Mich.",United States
1905,40,Rose E. Peters,Peters,,,female,,"546 South Weadock Ave., Saginaw",Michigan Conference,Lake Union Conference,Michigan,,"Saginaw, Mich.",United States
1905,40,Maude R. Lauda,Lauda,,,female,,Sanilac,Michigan Conference,Lake Union Conference,Michigan,,"Sanilac, Mich.",United States
1905,40,Frank Hiner,Hiner,,,male,,226 Washington,Michigan Conference,Lake Union Conference,Michigan,,Mich.,United States
1905,40,Daniel Wood,Wood,,,male,,Alma,Michigan Conference,Lake Union Conference,Michigan,,"Alma, Mich.",United States
1905,40,H. B. McConnell,McConnell,,,male,,"201 Ingraham St., Bay City",Michigan Conference,Lake Union Conference,Michigan,,"Bay City, Mich.",United States
1905,40,Nina Nelson,Nelson,,,female,,"32 Sylvan St., Detroit",Michigan Conference,Lake Union Conference,Michigan,,"Detroit, Mich.",United States
1905,40,A. J. Harris,Harris,,,male,Manager,"Treatment Rooms, Jackson, 106 First St.",Michigan Conference,Lake Union Conference,Michigan,Treatment Rooms,"Jackson, Mich.",United States
1905,40,M. H. Wentworth,Wentworth,,,male,Manager,"Treatment Rooms, Detroit, 54 Farrar St.",Michigan Conference,Lake Union Conference,Michigan,Treatment Rooms,"Detroit, Mich.",United States
1905,40,Jean A. Vernier,Vernier,,,,Physician,"Treatment Rooms, Detroit, 54 Farrar St.",Michigan Conference,Lake Union Conference,Michigan,Treatment Rooms,"Detroit, Mich.",United States
1905,40,H. H. Todd,Todd,,,male,Manager,"Hygienic Cafe, Detroit, 279 Woodward Ave.",Michigan Conference,Lake Union Conference,Michigan,Hygienic Cafe,"Detroit, Mich.",United States
1905,40,W. J. Stone,Stone,,,male,President,"3735 North Capitol Ave., Indianapolis",Indiana Conference,Lake Union Conference,Indiana,,"Indianapolis, Ind.",United States
1905,40,W. D. Curtis,Curtis,,,male,Vice-President,"R. F. D. No. 1, Fairland",Indiana Conference,Lake Union Conference,Indiana,,"Fairland, Ind.",United States
1905,40,W. A. Young,Young,,,male,Secretary and Treasurer,"221 Unity Building, Indianapolis",Indiana Conference,Lake Union Conference,Indiana,,"Indianapolis, Ind.",United States
1905,40,C. J. Buhalts,Buhalts,,,male,Executive Committee Member,,Indiana Conference,Lake Union Conference,Indiana,,Ind.,United States
1905,40,J. W. Moore,Moore,,,male,Executive Committee Member,,Indiana Conference,Lake Union Conference,Indiana,,Ind.,United States
1905,40,W. C. McCuaig,McCuaig,,,male,Field Secretary,Missionary Department,Indiana Conference,Lake Union Conference,Indiana,,Ind.,United States
1905,40,A. C. Ford,Ford,,,male,Field Secretary,Missionary Department,Indiana Conference,Lake Union Conference,Indiana,,Ind.,United States
1905,40,H. S. Browning,Browning,,,male,Field Secretary,Missionary Department,Indiana Conference,Lake Union Conference,Indiana,,Ind.,United States
1905,40,Mrs. R. W. McMahan,McMahan,Mrs.,,female,Corresponding Secretary,"Educational and S. S. Dept.; 1236 South Main St., Anderson",Indiana Conference,Lake Union Conference,Indiana,,"Anderson, Ind.",United States
1905,40,A. L. Chew,Chew,,,male,Business Agent,office address,Indiana Conference,Lake Union Conference,Indiana,,"Indianapolis, Ind.",United States
1905,40,T. A. Goodwin,Goodwin,,,male,Secretary,Indiana Association of Seventh-day Adventists,Indiana Conference,Lake Union Conference,Indiana,,Ind.,United States
1905,40,W. H. Edwards,Edwards,,,male,Auditor,Indiana Association of Seventh-day Adventists,Indiana Conference,Lake Union Conference,Indiana,,Ind.,United States
1905,40,C. H. Bliss,Bliss,,,male,Minister,Oxford,Indiana Conference,Lake Union Conference,Indiana,,"Oxford, Ind.",United States
1905,40,J. C. Harris,Harris,,,male,Minister,Bedford,Indiana Conference,Lake Union Conference,Indiana,,"Bedford, Ind.",United States
1905,40,F. M. Roberts,Roberts,,,male,Minister,Gas City,Indiana Conference,Lake Union Conference,Indiana,,"Gas City, Ind.",United States
1905,40,Wm. Hill,Hill,Dr.,,male,Minister,Rochester,Indiana Conference,Lake Union Conference,Indiana,,"Rochester, Ind.",United States
1905,40,J. M. Ellis,Ellis,,,male,Minister,Idaville,Indiana Conference,Lake Union Conference,Indiana,,"Idaville, Ind.",United States
1905,40,Byron Hagle,Hagle,,,male,Minister,Goshen,Indiana Conference,Lake Union Conference,Indiana,,"Goshen, Ind.",United States
1905,40,U. S. Anderson,Anderson,,,male,Licentiate,Elwood,Indiana Conference,Lake Union Conference,Indiana,,"Elwood, Ind.",United States
1905,40,J. E. Collins,Collins,,,male,Licentiate,Cannelton,Indiana Conference,Lake Union Conference,Indiana,,"Cannelton, Ind.",United States
1905,40,J. E. Dunn,Dunn,,,male,Licentiate,"R. F. D. No. 3, Bluffton",Indiana Conference,Lake Union Conference,Indiana,,"Bluffton, Ind.",United States
1905,40,F. Machlan,Machlan,,,male,Missionary Licentiate,"R. F. D. No. 1, Fairland",Indiana Conference,Lake Union Conference,Indiana,,"Fairland, Ind.",United States
1905,40,W. C. McCuaig,McCuaig,,,male,Missionary Licentiate,"518 Main St., Goshen",Indiana Conference,Lake Union Conference,Indiana,,"Goshen, Ind.",United States
1905,40,A. C. Ford,Ford,,,male,Missionary Licentiate,Dana,Indiana Conference,Lake Union Conference,Indiana,,"Dana, Ind.",United States
1905,40,H. S. Browning,Browning,,,male,Missionary Licentiate,"R. F. D., Malott Park",Indiana Conference,Lake Union Conference,Indiana,,"Malott Park, Ind.",United States
1905,40,J. F. Steele,Steele,,,male,Missionary Licentiate,Oxford,Indiana Conference,Lake Union Conference,Indiana,,"Oxford, Ind.",United States
1905,40,J. F. Olmstead,Olmstead,,,male,Missionary Licentiate,Martinsville,Indiana Conference,Lake Union Conference,Indiana,,"Martinsville, Ind.",United States
1905,40,E. C. Swartz,Swartz,,,male,Missionary Licentiate,North Liberty,Indiana Conference,Lake Union Conference,Indiana,,"North Liberty, Ind.",United States
1905,40,J. Theresa Thompson,Thompson,,,female,Missionary Licentiate,Russiaville,Indiana Conference,Lake Union Conference,Indiana,,"Russiaville, Ind.",United States
1905,40,John H. Niehaus,Niehaus,,,male,Missionary Licentiate,Peru,Indiana Conference,Lake Union Conference,Indiana,,"Peru, Ind.",United States
1905,40,Mrs. Florence Niehaus,Niehaus,Mrs.,,female,Missionary Licentiate,Peru,Indiana Conference,Lake Union Conference,Indiana,,"Peru, Ind.",United States
1905,40,Mrs. R. W. McMahan,McMahan,Mrs.,,female,Missionary Licentiate,"1236 South Main St., Anderson",Indiana Conference,Lake Union Conference,Indiana,,"Anderson, Ind.",United States
1905,40,Inez A. E. Lay,Lay,,,female,Missionary Licentiate,"1828 Commerce Ave., Indianapolis",Indiana Conference,Lake Union Conference,Indiana,,"Indianapolis, Ind.",United States
1905,40,G. A. Roberts,Roberts,,,male,Missionary Licentiate,"221 Unity Building, Indianapolis",Indiana Conference,Lake Union Conference,Indiana,,"Indianapolis, Ind.",United States
1905,40,Robert Leach,Leach,,,male,Missionary Licentiate,Butlerville,Indiana Conference,Lake Union Conference,Indiana,,"Butlerville, Ind.",United States
1905,40,Mrs. Iva R. Stewart,Stewart,Mrs.,,female,Missionary Licentiate,Williamsport,Indiana Conference,Lake Union Conference,Indiana,,"Williamsport, Ind.",United States
1905,40,Miss Ella Leach,Leach,Miss,,female,Missionary Licentiate,Hartford City,Indiana Conference,Lake Union Conference,Indiana,,"Hartford City, Ind.",United States
1905,41,L. H. Christian,Christian,,,male,President,"Room 670, 324 Dearborn St., Chicago, Ill.",Northern Illinois Conference,Lake Union Conference,Northern Illinois,,"Chicago, Ill.",United States
1905,41,H. E. Moon,Moon,,,male,Secretary of Conference and Tract Society Dept.,office address,Northern Illinois Conference,Lake Union Conference,Northern Illinois,,"Chicago, Ill.",United States
1905,41,James Prince,Prince,,,male,Field Missionary Secretary,"Plano, Ill.",Northern Illinois Conference,Lake Union Conference,Northern Illinois,,"Plano, Ill.",United States
1905,41,Laura C. Foster,Foster,,,female,"Field and Cor. Sec., Educational and Sabbath-school Dept.","Normal, Ill.",Northern Illinois Conference,Lake Union Conference,Northern Illinois,,"Normal, Ill.",United States
1905,41,L. H. Christian,Christian,,,male,Executive Committee Member,,Northern Illinois Conference,Lake Union Conference,Northern Illinois,,"Chicago, Ill.",United States
1905,41,G. A. Wheeler,Wheeler,,,male,Executive Committee Member,,Northern Illinois Conference,Lake Union Conference,Northern Illinois,,,United States
1905,41,N. W. Kauble,Kauble,,,male,Executive Committee Member,,Northern Illinois Conference,Lake Union Conference,Northern Illinois,,,United States
1905,41,S. P. S. Edwards,Edwards,,,male,Executive Committee Member,,Northern Illinois Conference,Lake Union Conference,Northern Illinois,,,United States
1905,41,S. Mortenson,Mortenson,,,male,Executive Committee Member,,Northern Illinois Conference,Lake Union Conference,Northern Illinois,,,United States
1905,41,Jacob Klooster,Klooster,,,male,Executive Committee Member,,Northern Illinois Conference,Lake Union Conference,Northern Illinois,,,United States
1905,41,H. V. Weaver,Weaver,,,male,Executive Committee Member,,Northern Illinois Conference,Lake Union Conference,Northern Illinois,,,United States
1905,41,L. H. Christian,Christian,,,male,President,,The Illinois Conference Association of Seventh-day Adventists,Lake Union Conference,Northern Illinois,,"Chicago, Ill.",United States
1905,41,Jacob Klooster,Klooster,,,male,Vice-President,,The Illinois Conference Association of Seventh-day Adventists,Lake Union Conference,Northern Illinois,,,United States
1905,41,J. W. Cummings,Cummings,,,male,Secretary,,The Illinois Conference Association of Seventh-day Adventists,Lake Union Conference,Northern Illinois,,,United States
1905,41,G. A. Wheeler,Wheeler,,,male,Treasurer,,The Illinois Conference Association of Seventh-day Adventists,Lake Union Conference,Northern Illinois,,,United States
1905,41,W. H. Edwards,Edwards,,,male,Auditor,,The Illinois Conference Association of Seventh-day Adventists,Lake Union Conference,Northern Illinois,,,United States
1905,41,S. P. S. Edwards,Edwards,,,male,Councilman,,The Illinois Conference Association of Seventh-day Adventists,Lake Union Conference,Northern Illinois,,,United States
1905,41,E. Mitchell,Mitchell,,,male,Councilman,,The Illinois Conference Association of Seventh-day Adventists,Lake Union Conference,Northern Illinois,,,United States
1905,41,L. H. Christian,Christian,,,male,Incorporator,,Northern Illinois Medical Missionary and Benevolent Association,Lake Union Conference,Northern Illinois,,"Chicago, Ill.",United States
1905,41,S. P. S. Edwards,Edwards,,,male,Incorporator,,Northern Illinois Medical Missionary and Benevolent Association,Lake Union Conference,Northern Illinois,,,United States
1905,41,David Paulson,Paulson,,,male,Incorporator,,Northern Illinois Medical Missionary and Benevolent Association,Lake Union Conference,Northern Illinois,,,United States
1905,41,N. W. Kauble,Kauble,,,male,Incorporator,,Northern Illinois Medical Missionary and Benevolent Association,Lake Union Conference,Northern Illinois,,,United States
1905,41,J. W. Cummings,Cummings,,,male,Incorporator,,Northern Illinois Medical Missionary and Benevolent Association,Lake Union Conference,Northern Illinois,,,United States
1905,41,Jacob Klooster,Klooster,,,male,Incorporator,,Northern Illinois Medical Missionary and Benevolent Association,Lake Union Conference,Northern Illinois,,,United States
1905,41,H. C. Winslow,Winslow,,,male,Incorporator,,Northern Illinois Medical Missionary and Benevolent Association,Lake Union Conference,Northern Illinois,,,United States
1905,41,W. A. Marsh,Marsh,,Jr.,male,Incorporator,,Northern Illinois Medical Missionary and Benevolent Association,Lake Union Conference,Northern Illinois,,,United States
1905,41,H. V. Weaver,Weaver,,,male,Incorporator,,Northern Illinois Medical Missionary and Benevolent Association,Lake Union Conference,Northern Illinois,,,United States
1905,41,L. H. Christian,Christian,,,male,Minister,"Room 670, 324 Dearborn St., Chicago, Ill.",Northern Illinois Conference,Lake Union Conference,Northern Illinois,,"Chicago, Ill.",United States
1905,41,L. D. Santee,Santee,,,male,Minister,"717 Second St., Dixon, Ill.",Northern Illinois Conference,Lake Union Conference,Northern Illinois,,"Dixon, Ill.",United States
1905,41,S. Mortenson,Mortenson,,,male,Minister,"170 Townsend St., Chicago, Ill.",Northern Illinois Conference,Lake Union Conference,Northern Illinois,,"Chicago, Ill.",United States
1905,41,C. A. Scholl,Scholl,,,male,Minister,"548 West Chicago Ave., Chicago, Ill.",Northern Illinois Conference,Lake Union Conference,Northern Illinois,,"Chicago, Ill.",United States
1905,41,J. W. Covert,Covert,,,male,Minister,"Sheridan, Ill.",Northern Illinois Conference,Lake Union Conference,Northern Illinois,,"Sheridan, Ill.",United States
1905,41,Wm. Lewsadder,Lewsadder,,,male,Minister,"815 North E St., Monmouth, Ill.",Northern Illinois Conference,Lake Union Conference,Northern Illinois,,"Monmouth, Ill.",United States
1905,41,F. J. Harris,Harris,,,male,Minister,"Box 25, Mount Carroll, Ill.",Northern Illinois Conference,Lake Union Conference,Northern Illinois,,"Mount Carroll, Ill.",United States
1905,41,G. E. Nord,Nord,,,male,Licentiate,"913 East Willow St., Kewanee, Ill.",Northern Illinois Conference,Lake Union Conference,Northern Illinois,,"Kewanee, Ill.",United States
1905,41,S. P. S. Edwards,Edwards,,,male,Licentiate,"1213 Fifteenth St., Moline, Ill.",Northern Illinois Conference,Lake Union Conference,Northern Illinois,,"Moline, Ill.",United States
1905,41,G. A. Wheeler,Wheeler,,,male,Licentiate,"Sheridan, Ill.",Northern Illinois Conference,Lake Union Conference,Northern Illinois,,"Sheridan, Ill.",United States
1905,41,J. Tabor,Tabor,,,male,Licentiate,3256 Groveland Ave.,Northern Illinois Conference,Lake Union Conference,Northern Illinois,,,United States
1905,41,John Knutson,Knutson,,,male,Licentiate,1024 North Albany,Northern Illinois Conference,Lake Union Conference,Northern Illinois,,,United States
1905,41,C. Edwardson,Edwardson,,,male,Licentiate,Minn.,Northern Illinois Conference,Lake Union Conference,Northern Illinois,,Minn.,United States
1905,41,Elof Johnson,Johnson,,,male,Licentiate,"212 Oak St., Chicago, Ill.",Northern Illinois Conference,Lake Union Conference,Northern Illinois,,"Chicago, Ill.",United States
1905,41,Jean Phillips,Phillips,,,female,Missionary Licentiate,"30 Jansen Ave., Chicago, Ill.",Northern Illinois Conference,Lake Union Conference,Northern Illinois,,"Chicago, Ill.",United States
1905,41,Anna Hibben,Hibben,,,female,Missionary Licentiate,"30 Jansen Ave., Chicago, Ill.",Northern Illinois Conference,Lake Union Conference,Northern Illinois,,"Chicago, Ill.",United States
1905,41,Ella Hancock,Hancock,,,female,Missionary Licentiate,7137 Langley Ave.,Northern Illinois Conference,Lake Union Conference,Northern Illinois,,,United States
1905,41,C. R. Magoon,Magoon,,,male,Missionary Licentiate,"617 Charles St., Elgin, Ill.",Northern Illinois Conference,Lake Union Conference,Northern Illinois,,"Elgin, Ill.",United States
1905,41,Ina Grundset,Grundset,,,female,Missionary Licentiate,65 McLean Ave.,Northern Illinois Conference,Lake Union Conference,Northern Illinois,,,United States
1905,41,T. A. Shannon,Shannon,,,male,In Charge,"Treatment Rooms, Metamora",Northern Illinois Conference,Lake Union Conference,Northern Illinois,Treatment Rooms,"Metamora, Ill.",United States
1905,42,S. E. Wight,Wight,,,male,President,"414 Waukazoo Ave., Petoskey, Mich.",East Michigan Conference,Lake Union Conference,East Michigan,,"Petoskey, Mich.",United States
1905,42,Edith McClellan,McClellan,,,female,Secretary,"224 Michigan St., Petoskey, Mich.",East Michigan Conference,Lake Union Conference,East Michigan,,"Petoskey, Mich.",United States
1905,42,E. A. Bristol,Bristol,,,male,Treasurer,"423 Petoskey St., Petoskey, Mich.",East Michigan Conference,Lake Union Conference,East Michigan,,"Petoskey, Mich.",United States
1905,42,S. E. Wight,Wight,,,male,Executive Committee Member,,East Michigan Conference,Lake Union Conference,East Michigan,,"Petoskey, Mich.",United States
1905,42,W. R. Matthews,Matthews,,,male,Executive Committee Member,,East Michigan Conference,Lake Union Conference,East Michigan,,,United States
1905,42,M. C. Guild,Guild,,,male,Executive Committee Member,,East Michigan Conference,Lake Union Conference,East Michigan,,,United States
1905,42,C. A. Hansen,Hansen,,,male,Executive Committee Member,,East Michigan Conference,Lake Union Conference,East Michigan,,,United States
1905,42,Andrew Maples,Maples,,,male,Executive Committee Member,Harbor Springs,East Michigan Conference,Lake Union Conference,East Michigan,,"Harbor Springs, Mich.",United States
1905,42,E. A. Bristol,Bristol,,,male,"Secretary, Tract Society Dept.","423 Petoskey St., Petoskey, Mich.",East Michigan Conference,Lake Union Conference,East Michigan,,"Petoskey, Mich.",United States
1905,42,Myrta M. Kellogg,Kellogg,,,female,"Secretary, Sabbath-school Dept.",,East Michigan Conference,Lake Union Conference,East Michigan,,"LeRoy, Mich.",United States
1905,42,S. E. Wight,Wight,,,male,Minister,,East Michigan Conference,Lake Union Conference,East Michigan,,"Petoskey, Mich.",United States
1905,42,W. R. Matthews,Matthews,,,male,Minister,,East Michigan Conference,Lake Union Conference,East Michigan,,"Wetzell, Mich.",United States
1905,42,J. J. Irwin,Irwin,,,male,Minister,,East Michigan Conference,Lake Union Conference,East Michigan,,"Copemish, Mich.",United States
1905,42,M. C. Guild,Guild,,,male,Minister,,East Michigan Conference,Lake Union Conference,East Michigan,,"Sault Ste. Marie, Mich.",United States
1905,42,M. W. Lewis,Lewis,,,male,Minister,,East Michigan Conference,Lake Union Conference,East Michigan,,"Menominee, Mich.",United States
1905,42,Geo. G. Johnson,Johnson,,,male,Minister,,East Michigan Conference,Lake Union Conference,East Michigan,,"Iron River, Mich.",United States
1905,42,Chancy Wood,Wood,,,male,Minister,,East Michigan Conference,Lake Union Conference,East Michigan,,"Whittemore, Mich.",United States
1905,42,T. G. Lewis,Lewis,,,male,Licentiate,,East Michigan Conference,Lake Union Conference,East Michigan,,"Omer, Mich.",United States
1905,42,E. A. Bristol,Bristol,,,male,Licentiate,,East Michigan Conference,Lake Union Conference,East Michigan,,"Petoskey, Mich.",United States
1905,42,O. Montgomery,Montgomery,,,male,Licentiate,,East Michigan Conference,Lake Union Conference,East Michigan,,"Omer, Mich.",United States
1905,42,R. J. Bellows,Bellows,,,male,Licentiate,,East Michigan Conference,Lake Union Conference,East Michigan,,"Gladstone, Mich.",United States
1905,42,E. F. Hutchinson,Hutchinson,,,male,Missionary Licentiate,,East Michigan Conference,Lake Union Conference,East Michigan,,"Laurium, Mich.",United States
1905,42,Florence Hutchinson,Hutchinson,Mrs.,,female,Missionary Licentiate,,East Michigan Conference,Lake Union Conference,East Michigan,,"Laurium, Mich.",United States
1905,42,E. Jenny Lane,Lane,,,female,Missionary Licentiate,,East Michigan Conference,Lake Union Conference,East Michigan,,"Petoskey, Mich.",United States
1905,42,Ethel Peters,Peters,,,female,Missionary Licentiate,,East Michigan Conference,Lake Union Conference,East Michigan,,"Frankfort, Mich.",United States
1905,42,Nellie Clough,Clough,,,female,Missionary Licentiate,,East Michigan Conference,Lake Union Conference,East Michigan,,"Petoskey, Mich.",United States
1905,42,M. M. Faulkner,Faulkner,Mrs.,,female,Missionary Licentiate,,East Michigan Conference,Lake Union Conference,East Michigan,,"Cheboygan, Mich.",United States
1905,42,Isabella Campbell,Campbell,Miss,,female,Missionary Licentiate,,East Michigan Conference,Lake Union Conference,East Michigan,,"Munising, Mich.",United States
1905,42,Edith McClellan,McClellan,,,female,Missionary Licentiate,,East Michigan Conference,Lake Union Conference,East Michigan,,"Petoskey, Mich.",United States
1905,42,Myrta M. Kellogg,Kellogg,,,female,Missionary Licentiate,,East Michigan Conference,Lake Union Conference,East Michigan,,"Le Roy, Mich.",United States
1905,42,C. J. Tolf,Tolf,Mrs.,,female,Church-School Teacher,,East Michigan Conference,Lake Union Conference,East Michigan,,"Wilson, Mich.",United States
1905,42,Amy Du Bois,Du Bois,,,female,Church-School Teacher,,East Michigan Conference,Lake Union Conference,East Michigan,,"Mesick, Mich.",United States
1905,42,Nona Carr,Carr,,,female,Church-School Teacher,,East Michigan Conference,Lake Union Conference,East Michigan,,"Petoskey, Mich.",United States
1905,42,Zona Carr,Carr,,,female,Church-School Teacher,,East Michigan Conference,Lake Union Conference,East Michigan,,"East Port, Mich.",United States
1905,42,Mable Griffin,Griffin,,,female,Church-School Teacher,,East Michigan Conference,Lake Union Conference,East Michigan,,"Gaylord, Mich.",United States
1905,42,Mina Rickerd,Rickerd,,,female,Church-School Teacher,,East Michigan Conference,Lake Union Conference,East Michigan,,"Traverse City, Mich.",United States
1905,42,Gertrude Wahl,Wahl,,,female,Church-School Teacher,,East Michigan Conference,Lake Union Conference,East Michigan,,"Traverse City, Mich.",United States
1905,42,Nora Willamon,Willamon,Miss,,female,Church-School Teacher,,East Michigan Conference,Lake Union Conference,East Michigan,,"Cedar Run, Mich.",United States
1905,42,Olive Seimann,Seimann,Miss,,female,Church-School Teacher,,East Michigan Conference,Lake Union Conference,East Michigan,,"Menominee, Mich.",United States
1905,42,H. H. Burkholder,Burkholder,,,male,President,,Ohio Conference,Lake Union Conference,Ohio,,"Bellville, Ohio",United States
1905,42,D. E. Lindsey,Lindsey,,,male,Vice-President and Recording Secretary,,Ohio Conference,Lake Union Conference,Ohio,,"Green Spring, Ohio",United States
1905,42,C. V. Hamer,Hamer,,,male,Treasurer,,Ohio Conference,Lake Union Conference,Ohio,,"Academia, Ohio",United States
1905,42,N. S. Miller,Miller,,,male,Missionary Secretary,,Ohio Conference,Lake Union Conference,Ohio,,"Academia, Ohio",United States
1905,42,James E. Shultz,Shultz,,,male,Educational Secretary,,Ohio Conference,Lake Union Conference,Ohio,,"Academia, Ohio",United States
1905,42,I. D. Richardson,Richardson,,,male,Field Secretary,,Ohio Conference,Lake Union Conference,Ohio,,"Academia, Ohio",United States
1905,42,W. H. Edwards,Edwards,,,male,Auditor,"Room 223, Unity Bldg., Indianapolis, Ind.",Ohio Conference,Lake Union Conference,Ohio,,"Indianapolis, Ind.",United States
1905,42,L. C. Mitchell,Mitchell,,,male,Custodian of Conference Property,,Ohio Conference,Lake Union Conference,Ohio,,"Academia, Ohio",United States
1905,42,H. H. Burkholder,Burkholder,,,male,Executive Committee Member,,Ohio Conference,Lake Union Conference,Ohio,,"Bellville, Ohio",United States
1905,42,D. E. Lindsey,Lindsey,,,male,Executive Committee Member,,Ohio Conference,Lake Union Conference,Ohio,,"Green Spring, Ohio",United States
1905,42,R. R. Kennedy,Kennedy,,,male,Executive Committee Member,,Ohio Conference,Lake Union Conference,Ohio,,,United States
1905,42,J. O. Miller,Miller,,,male,Executive Committee Member,,Ohio Conference,Lake Union Conference,Ohio,,,United States
1905,42,Thomas Thornton,Thornton,,,male,Executive Committee Member,,Ohio Conference,Lake Union Conference,Ohio,,,United States
1905,42,G. C. Quillan,Quillan,,,male,Executive Committee Member,,Ohio Conference,Lake Union Conference,Ohio,,,United States
1905,42,C. V. Hamer,Hamer,,,male,Executive Committee Member,,Ohio Conference,Lake Union Conference,Ohio,,"Academia, Ohio",United States
1905,42,H. H. Burkholder,Burkholder,,,male,Trustee; President,Ohio Conference Association,Ohio Conference,Lake Union Conference,Ohio,Ohio Conference Association,"Bellville, Ohio",United States
1905,42,D. E. Lindsey,Lindsey,,,male,Trustee; Vice-President and Recording Secretary,Ohio Conference Association,Ohio Conference,Lake Union Conference,Ohio,Ohio Conference Association,"Green Spring, Ohio",United States
1905,42,R. R. Kennedy,Kennedy,,,male,Trustee; Business Agent,Ohio Conference Association,Ohio Conference,Lake Union Conference,Ohio,Ohio Conference Association,,United States
1905,42,J. O. Miller,Miller,,,male,Trustee,Ohio Conference Association,Ohio Conference,Lake Union Conference,Ohio,Ohio Conference Association,,United States
1905,42,Thomas Thornton,Thornton,,,male,Trustee,Ohio Conference Association,Ohio Conference,Lake Union Conference,Ohio,Ohio Conference Association,,United States
1905,42,G. C. Quillan,Quillan,,,male,Trustee,Ohio Conference Association,Ohio Conference,Lake Union Conference,Ohio,Ohio Conference Association,,United States
1905,42,C. V. Hamer,Hamer,,,male,Trustee; Treasurer,Ohio Conference Association,Ohio Conference,Lake Union Conference,Ohio,Ohio Conference Association,"Academia, Ohio",United States
1905,42,W. H. Edwards,Edwards,,,male,Auditor,Ohio Conference Association,Ohio Conference,Lake Union Conference,Ohio,Ohio Conference Association,"Indianapolis, Ind.",United States
1905,42,H. H. Burkholder,Burkholder,,,male,Minister,,Ohio Conference,Lake Union Conference,Ohio,,"Bellville, Ohio",United States
1905,42,D. E. Lindsey,Lindsey,,,male,Minister,,Ohio Conference,Lake Union Conference,Ohio,,"Clyde, Ohio",United States
1905,44,Nettie Eaton,Eaton,Miss,,female,Secretary,,Southern Illinois Conference,Lake Union Conference,Southern Illinois,,"Springfield, Ill.",United States
1905,44,S. J. Quantock,Quantock,,,male,Missionary Secretary and Treasurer,,Southern Illinois Conference,Lake Union Conference,Southern Illinois,,"Springfield, Ill.",United States
1905,44,R. B. Craig,Craig,,,male,Field Secretary,,Southern Illinois Conference,Lake Union Conference,Southern Illinois,,"Peoria, Ill.",United States
1905,44,L. A. Reed,Reed,,,male,"Superintendent, Educational and Sabbath-school Department",,Southern Illinois Conference,Lake Union Conference,Southern Illinois,,"Jacksonville, Ill.",United States
1905,44,Nettie Eaton,Eaton,Miss,,female,"Secretary, Educational and Sabbath-school Department",,Southern Illinois Conference,Lake Union Conference,Southern Illinois,,"Springfield, Ill.",United States
1905,44,J. M. Rees,Rees,,,male,Executive Committee Member,,Southern Illinois Conference,Lake Union Conference,Southern Illinois,,,United States
1905,44,Chas. Thompson,Thompson,,,male,Executive Committee Member,,Southern Illinois Conference,Lake Union Conference,Southern Illinois,,,United States
1905,44,P. G. Stanley,Stanley,,,male,Executive Committee Member,,Southern Illinois Conference,Lake Union Conference,Southern Illinois,,,United States
1905,44,C. L. Taggart,Taggart,,,male,Executive Committee Member,,Southern Illinois Conference,Lake Union Conference,Southern Illinois,,,United States
1905,44,P. Rothrock,Rothrock,,,male,Executive Committee Member,,Southern Illinois Conference,Lake Union Conference,Southern Illinois,,,United States
1905,44,J. M. Rees,Rees,,,male,President,The Southern Illinois Conference Association of Seventh-day Adventists,Southern Illinois Conference Association of Seventh-day Adventists,Lake Union Conference,Southern Illinois,,,United States
1905,44,P. G. Stanley,Stanley,,,male,Vice-President,The Southern Illinois Conference Association of Seventh-day Adventists,Southern Illinois Conference Association of Seventh-day Adventists,Lake Union Conference,Southern Illinois,,,United States
1905,44,Chas. Thompson,Thompson,,,male,Secretary,The Southern Illinois Conference Association of Seventh-day Adventists,Southern Illinois Conference Association of Seventh-day Adventists,Lake Union Conference,Southern Illinois,,,United States
1905,44,P. Rothrock,Rothrock,,,male,Treasurer,The Southern Illinois Conference Association of Seventh-day Adventists,Southern Illinois Conference Association of Seventh-day Adventists,Lake Union Conference,Southern Illinois,,,United States
1905,44,Pearl L. Rees,Rees,Miss,,female,Auditor,The Southern Illinois Conference Association of Seventh-day Adventists,Southern Illinois Conference Association of Seventh-day Adventists,Lake Union Conference,Southern Illinois,,,United States
1905,44,George M. Hicks,Hicks,,,male,Councilman,The Southern Illinois Conference Association of Seventh-day Adventists,Southern Illinois Conference Association of Seventh-day Adventists,Lake Union Conference,Southern Illinois,,,United States
1905,44,R. S. McConnell,McConnell,,,male,Councilman,The Southern Illinois Conference Association of Seventh-day Adventists,Southern Illinois Conference Association of Seventh-day Adventists,Lake Union Conference,Southern Illinois,,,United States
1905,44,J. M. Rees,Rees,,,male,Minister,,Southern Illinois Conference,Lake Union Conference,Southern Illinois,,"Springfield, Ill.",United States
1905,44,Chas. Thompson,Thompson,,,male,Minister,,Southern Illinois Conference,Lake Union Conference,Southern Illinois,,"Stewardson, Ill.",United States
1905,44,C. L. Taggart,Taggart,,,male,Minister,,Southern Illinois Conference,Lake Union Conference,Southern Illinois,,"Du Quoin, Ill.",United States
1905,44,P. G. Stanley,Stanley,,,male,Minister,,Southern Illinois Conference,Lake Union Conference,Southern Illinois,,"Danville, Ill.",United States
1905,44,M. G. Hufman,Hufman,,,male,Minister,,Southern Illinois Conference,Lake Union Conference,Southern Illinois,,"Springfield, Ill.",United States
1905,44,F. W. Wheeler,Wheeler,,,male,Licentiate,,Southern Illinois Conference,Lake Union Conference,Southern Illinois,,"Decatur, Ill.",United States
1905,44,L. A. Reed,Reed,,,male,Licentiate,,Southern Illinois Conference,Lake Union Conference,Southern Illinois,,"Jacksonville, Ill.",United States
1905,44,Mary Craig,Craig,Miss,,female,Missionary Licentiate,,Southern Illinois Conference,Lake Union Conference,Southern Illinois,,"Decatur, Ill.",United States
1905,44,S. J. Quantock,Quantock,,,male,Missionary Licentiate,,Southern Illinois Conference,Lake Union Conference,Southern Illinois,,"Springfield, Ill.",United States
1905,44,Nettie Eaton,Eaton,Miss,,female,Missionary Licentiate,,Southern Illinois Conference,Lake Union Conference,Southern Illinois,,"Springfield, Ill.",United States
1905,44,Mrs. P. G. Stanley,Stanley,Mrs.,,female,Missionary Licentiate,,Southern Illinois Conference,Lake Union Conference,Southern Illinois,,"Danville, Ill.",United States
1905,44,Elmer Cardy,Cardy,,,male,Missionary Licentiate,,Southern Illinois Conference,Lake Union Conference,Southern Illinois,,"Du Quoin, Ill.",United States
1905,44,R. B. Craig,Craig,,,male,Missionary Licentiate,,Southern Illinois Conference,Lake Union Conference,Southern Illinois,,"Peoria, Ill.",United States
1905,44,Dr. J. E. Heald,Heald,Dr.,,male,Missionary Licentiate,,Southern Illinois Conference,Lake Union Conference,Southern Illinois,,"Peoria, Ill.",United States
1905,44,A. G. Haughey,Haughey,,,male,President,,West Michigan Conference,Lake Union Conference,West Michigan,,"Otsego, Mich.",United States
1905,44,E. A. Merriam,Merriam,,,male,Secretary and Treasurer,,West Michigan Conference,Lake Union Conference,West Michigan,,"Otsego, Mich.",United States
1905,44,W. E. Videto,Videto,,,male,Educational Secretary,,West Michigan Conference,Lake Union Conference,West Michigan,,"Otsego, Mich.",United States
1905,44,Margaret Haughey,Haughey,,,female,S. S. Secretary,,West Michigan Conference,Lake Union Conference,West Michigan,,"Otsego, Mich.",United States
1905,44,E. A. Merriam,Merriam,,,male,Missionary Secretary,,West Michigan Conference,Lake Union Conference,West Michigan,,"Otsego, Mich.",United States
1905,44,M. N. Campbell,Campbell,,,male,Field Secretary,,West Michigan Conference,Lake Union Conference,West Michigan,,"Paw Paw, Mich.",United States
1905,44,W. H. Edwards,Edwards,,,male,Auditor,,West Michigan Conference,Lake Union Conference,West Michigan,,"Indianapolis, Ind.",United States
1905,44,Dr. P. S. Bourdeau,Bourdeau,Dr.,,male,"Superintendent, Medical Department",,West Michigan Conference,Lake Union Conference,West Michigan,,"Grand Rapids, Mich.",United States
1905,44,A. G. Haughey,Haughey,,,male,Executive Committee Member,,West Michigan Conference,Lake Union Conference,West Michigan,,"Otsego, Mich.",United States
1905,44,Joseph Smith,Smith,,,male,Executive Committee Member,,West Michigan Conference,Lake Union Conference,West Michigan,,,United States
1905,44,W. D. Parkhurst,Parkhurst,,,male,Executive Committee Member,,West Michigan Conference,Lake Union Conference,West Michigan,,,United States
1905,44,S. M. Butler,Butler,,,male,Executive Committee Member,,West Michigan Conference,Lake Union Conference,West Michigan,,,United States
1905,44,M. N. Campbell,Campbell,,,male,Executive Committee Member,,West Michigan Conference,Lake Union Conference,West Michigan,,,United States
1905,44,A. G. Haughey,Haughey,,,male,President,West Michigan Conference Association of Seventh-day Adventists,West Michigan Conference Association of Seventh-day Adventists,Lake Union Conference,West Michigan,,"Otsego, Mich.",United States
1905,44,Ezra Brackett,Brackett,,,male,Secretary,West Michigan Conference Association of Seventh-day Adventists,West Michigan Conference Association of Seventh-day Adventists,Lake Union Conference,West Michigan,,,United States
1905,44,A. G. Haughey,Haughey,,,male,Minister,,West Michigan Conference,Lake Union Conference,West Michigan,,"Otsego, Mich.",United States
1905,44,S. M. Butler,Butler,,,male,Minister,,West Michigan Conference,Lake Union Conference,West Michigan,,"Cedar Lake, Mich.",United States
1905,44,I. D. Van Horn,Van Horn,,,male,Minister,,West Michigan Conference,Lake Union Conference,West Michigan,,"Battle Creek, Mich.",United States
1905,44,R. C. Horton,Horton,,,male,Minister,,West Michigan Conference,Lake Union Conference,West Michigan,,"Lawrence, Mich.",United States
1905,44,W. D. Parkhurst,Parkhurst,,,male,Minister,,West Michigan Conference,Lake Union Conference,West Michigan,,"Grand Rapids, Mich.",United States
1905,44,C. A. Hanson,Hanson,,,male,Minister,,West Michigan Conference,Lake Union Conference,West Michigan,,"Kalamazoo, Mich.",United States
1905,44,H. Nicola,Nicola,,,male,Minister,,West Michigan Conference,Lake Union Conference,West Michigan,,"Battle Creek, Mich.",United States
1905,44,Fred Brink,Brink,,,male,Minister,,West Michigan Conference,Lake Union Conference,West Michigan,,"Cedar Lake, Mich.",United States
1905,44,W. C. Hebner,Hebner,,,male,Minister,,West Michigan Conference,Lake Union Conference,West Michigan,,"Battle Creek, Mich.",United States
1905,19,A. G. Daniells,Daniells,,,male,President,,General Conference,,General Conference,,"Takoma Park Station, Washington, D.C.",United States
1905,19,L. R. Conradi,Conradi,,,male,Vice-President,,General Conference,,General Conference,,"Grindelberg 15a, Hamburg, Germany",Europe
1905,19,G. A. Irwin,Irwin,,,male,Vice-President,,General Conference,,General Conference,,"Takoma Park Station, Washington, D.C.",United States
1905,19,W. A. Spicer,Spicer,,,male,Secretary,,General Conference,,General Conference,,"Takoma Park Station, Washington, D.C.",United States
1905,19,I. H. Evans,Evans,,,male,Treasurer,,General Conference,,General Conference,,"Takoma Park Station, Washington, D.C.",United States
1905,19,Estella Houser,Houser,Miss,,female,Home Secretary,,General Conference,Appointed Assistants,General Conference,,"Takoma Park Station, Washington, D.C.",United States
1905,19,H. E. Rogers,Rogers,,,male,Statistical Secretary,,General Conference,Appointed Assistants,General Conference,,"Takoma Park Station, Washington, D.C.",United States
1905,19,A. G. Daniells,Daniells,,,male,Executive Committee Member,Elected Member,General Conference,Executive Committee,General Conference,,"Takoma Park Station, Washington, D.C.",United States
1905,19,L. R. Conradi,Conradi,,,male,Executive Committee Member,Elected Member,General Conference,Executive Committee,General Conference,,"Grindelberg 15a, Hamburg, Germany",Europe
1905,19,G. A. Irwin,Irwin,,,male,Executive Committee Member,Elected Member,General Conference,Executive Committee,General Conference,,"Takoma Park Station, Washington, D.C.",United States
1905,19,W. A. Spicer,Spicer,,,male,Executive Committee Member,Elected Member,General Conference,Executive Committee,General Conference,,"Takoma Park Station, Washington, D.C.",United States
1905,19,I. H. Evans,Evans,,,male,Executive Committee Member,Ex-officio Member,General Conference,Executive Committee,General Conference,,"Takoma Park Station, Washington, D.C.",United States
1905,19,W. W. Prescott,Prescott,,,male,Executive Committee Member,Ex-officio Member,General Conference,Executive Committee,General Conference,,"222 North Capitol St., Washington, D.C.",United States
1905,19,W. C. White,White,,,male,Executive Committee Member,Ex-officio Member,General Conference,Executive Committee,General Conference,,"Sanitarium, Napa Co., Cal.",United States
1905,19,W. Sisley,Sisley,,,male,Executive Committee Member,Ex-officio Member,General Conference,Executive Committee,General Conference,,"451 Holloway Road, London, N., England",Europe
1905,19,C. H. Jones,Jones,,,male,Executive Committee Member,Ex-officio Member,General Conference,Executive Committee,General Conference,,"Mountain View, Cal.",United States
1905,19,S. N. Haskell,Haskell,,,male,Executive Committee Member,Ex-officio Member,General Conference,Executive Committee,General Conference,,"914 Belmont Avenue, Nashville, Tenn.",United States
1905,19,Frederick Griggs,Griggs,,,male,Executive Committee Member,Ex-officio Member,General Conference,Executive Committee,General Conference,,"South Lancaster, Mass.",United States
1905,19,H. R. Salisbury,Salisbury,,,male,Executive Committee Member,Ex-officio Member,General Conference,Executive Committee,General Conference,,"451 Holloway Road, London, N., England",Europe
1905,19,W. A. George,George,Dr.,,male,Executive Committee Member,Ex-officio Member,General Conference,Executive Committee,General Conference,,"College View, Nebr.",United States
1905,19,J. E. Froom,Froom,Dr.,,male,Executive Committee Member,Ex-officio Member,General Conference,Executive Committee,General Conference,,"Takoma Park Station, Washington, D.C.",United States
1905,19,G. B. Thompson,Thompson,,,male,Executive Committee Member,Ex-officio Member,General Conference,Executive Committee,General Conference,,"Takoma Park Station, Washington, D.C.",United States
1905,19,K. C. Russell,Russell,,,male,Executive Committee Member,Ex-officio Member,General Conference,Executive Committee,General Conference,,"Takoma Park Station, Washington, D.C.",United States
1905,19,N. P. Nelson,Nelson,,,male,Executive Committee Member,Ex-officio Member,General Conference,Executive Committee,General Conference,,"Keene, Tex.",United States
1905,19,G. F. Haffner,Haffner,,,male,Executive Committee Member,Ex-officio Member,General Conference,Executive Committee,General Conference,,"Box 239, Oklahoma City, Okla. T.",United States
1905,19,H. W. Cottrell,Cottrell,,,male,Executive Committee Member,Ex-officio Member,General Conference,Executive Committee,General Conference,,"South Lancaster, Mass.",United States
1905,19,W. H. Thurston,Thurston,,,male,Executive Committee Member,Ex-officio Member,General Conference,Executive Committee,General Conference,,"555 McLeod St., Ottawa, Ontario",Canada
1905,19,Geo. I. Butler,Butler,,,male,Executive Committee Member,Ex-officio Member,General Conference,Executive Committee,General Conference,,"1025 Jefferson St., Nashville, Tenn.",United States
1905,19,Allen Moon,Moon,,,male,Executive Committee Member,Ex-officio Member,General Conference,Executive Committee,General Conference,,"Room 223, Unity Building, 147 East Market St., Indianapolis, Ind.",United States
1905,19,R. A. Underwood,Underwood,,,male,Executive Committee Member,Ex-officio Member,General Conference,Executive Committee,General Conference,,"2718 Third Ave., South, Minneapolis, Minn.",United States
1905,19,E. T. Russell,Russell,,,male,Executive Committee Member,Ex-officio Member,General Conference,Executive Committee,General Conference,,"College View, Nebr.",United States
1905,19,W. B. White,White,,,male,Executive Committee Member,Ex-officio Member,General Conference,Executive Committee,General Conference,,"1059 Castro St., Oakland, Cal.",United States
1905,19,O. A. Olsen,Olsen,,,male,Executive Committee Member,Ex-officio Member,General Conference,Executive Committee,General Conference,,"32 Royal Chambers, Castlereagh St., Sydney, N.S.W., Australia",Australasia
1905,19,P. A. Hansen,Hansen,,,male,Executive Committee Member,Ex-officio Member,General Conference,Executive Committee,General Conference,,"Margrethevej 5, Copenhagen, V., Denmark",Scandinavia
1905,19,E. E. Andross,Andross,,,male,Executive Committee Member,Ex-officio Member,General Conference,Executive Committee,General Conference,,"173 Harrow Road, Leicester, England",Europe
1905,19,W. H. Wakeham,Wakeham,,,male,Executive Committee Member,Ex-officio Member,General Conference,Executive Committee,General Conference,,"House of Bassily, Pasha Faggaja, Cairo, Egypt",Africa
1905,19,W. S. Hyatt,Hyatt,,,male,Executive Committee Member,Ex-officio Member,General Conference,Executive Committee,General Conference,,"Kenilworth, near Cape Town, South Africa",Africa
1905,19,J. W. Westphal,Westphal,,,male,Executive Committee Member,Ex-officio Member,General Conference,Executive Committee,General Conference,,"Casilla 481, Buenos Aires, Argentina",South America
1905,45,W. E. Videto,Videto,,,male,Honorary Credentials,Otsego,Michigan Conference,Lake Union Conference,Michigan,,"Otsego, Mich.",United States
1905,45,M. S. Burnham,Burnham,,,male,Honorary Credentials,,Michigan Conference,Lake Union Conference,Michigan,,"Otsego, Mich.",United States
1905,45,E. H. Root,Root,,,male,Honorary Credentials,,Michigan Conference,Lake Union Conference,Michigan,,"Coopersville, Mich.",United States
1905,45,G. C. Tenney,Tenney,,,male,Honorary Credentials,,Michigan Conference,Lake Union Conference,Michigan,,"Battle Creek, Mich.",United States
1905,45,E. Van Deusen,Van Deusen,,,male,Honorary Credentials,,Michigan Conference,Lake Union Conference,Michigan,,"Lowell, Mich.",United States
1905,45,B. E. Nicola,Nicola,,,male,Honorary Credentials,,Michigan Conference,Lake Union Conference,Michigan,,"Battle Creek, Mich.",United States
1905,45,W. H. Heckman,Heckman,,,male,Licentiate,,Michigan Conference,Lake Union Conference,Michigan,,"Battle Creek, Mich.",United States
1905,45,Jacob Hofstra,Hofstra,,,male,Licentiate,,Michigan Conference,Lake Union Conference,Michigan,,"Coopersville, Mich.",United States
1905,45,M. N. Campbell,Campbell,,,male,Licentiate,,Michigan Conference,Lake Union Conference,Michigan,,"Paw Paw, Mich.",United States
1905,45,Edward Collier,Collier,,,male,Licentiate,,Michigan Conference,Lake Union Conference,Michigan,,"Mendon, Mich.",United States
1905,45,B. F. Kneeland,Kneeland,,,male,Licentiate,,Michigan Conference,Lake Union Conference,Michigan,,"885 South Lafayette St., Grand Rapids, Mich.",United States
1905,45,G. W. Morse,Morse,,,male,Licentiate,,Michigan Conference,Lake Union Conference,Michigan,,"Battle Creek, Mich.",United States
1905,45,Bertha Snyder,Snyder,,,female,Missionary Licentiate,,Michigan Conference,Lake Union Conference,Michigan,,"Kibbie, Mich.",United States
1905,45,Patience S. Bourdeau,Bourdeau,,,female,Missionary Licentiate,,Michigan Conference,Lake Union Conference,Michigan,,"475 Wealthy Ave., Grand Rapids, Mich.",United States
1905,45,Jennie DeYoung,DeYoung,,,female,Missionary Licentiate,,Michigan Conference,Lake Union Conference,Michigan,,"244 South Lafayette, Mich.",United States
1905,45,Anna Kemstra,Kemstra,,,female,Missionary Licentiate,,Michigan Conference,Lake Union Conference,Michigan,,"116 South First St., Muskegon, Mich.",United States
1905,45,E. A. Merriam,Merriam,,,,Missionary Licentiate,,Michigan Conference,Lake Union Conference,Michigan,,"Otsego, Mich.",United States
1905,45,Arthur Bayley,Bayley,,,male,Missionary Licentiate,,Michigan Conference,Lake Union Conference,Michigan,,"271 West Main St., Battle Creek, Mich.",United States
1905,45,Margaret Haughey,Haughey,,,female,Missionary Licentiate,,Michigan Conference,Lake Union Conference,Michigan,,"Otsego, Mich.",United States
1905,45,Mabel Jaffray,Jaffray,,,female,Missionary Licentiate,,Michigan Conference,Lake Union Conference,Michigan,,"244 South Lafayette, Mich.",United States
1905,45,Jennie Nelson,Nelson,,,female,Missionary Licentiate,,Michigan Conference,Lake Union Conference,Michigan,,"Otsego, Mich.",United States
1905,45,Lottie Bell,Bell,,,female,Church-School Teacher,,Michigan Conference,Lake Union Conference,Michigan,,"Union City, Mich.",United States
1905,45,Mildred Wilson,Wilson,,,female,Church-School Teacher,,Michigan Conference,Lake Union Conference,Michigan,,"Bauer, Mich.",United States
1905,45,L. A. Curtis,Curtis,Mrs.,,female,Church-School Teacher,,Michigan Conference,Lake Union Conference,Michigan,Haskell Home,"Battle Creek, Mich.",United States
1905,45,Myrtle Hall,Hall,,,female,Church-School Teacher,,Michigan Conference,Lake Union Conference,Michigan,,"R. R. 4, Dowagiac, Mich.",United States
1905,45,M. J. Wyatt,Wyatt,,,,Church-School Teacher,,Michigan Conference,Lake Union Conference,Michigan,,"Eastmanville, Mich.",United States
1905,45,Winifred Trunk,Trunk,,,female,Church-School Teacher,,Michigan Conference,Lake Union Conference,Michigan,,"Mecosta, Mich.",United States
1905,45,Leslie Avery,Avery,,,,Church-School Teacher,,Michigan Conference,Lake Union Conference,Michigan,,"Three Rivers, Mich.",United States
1905,45,Florence M. Kelsey,Kelsey,,,female,Church-School Teacher,,Michigan Conference,Lake Union Conference,Michigan,,"Edmore, Mich.",United States
1905,45,Nina Fleetwood,Fleetwood,,,female,Church-School Teacher,,Michigan Conference,Lake Union Conference,Michigan,,"Battle Creek, Mich.",United States
1905,45,Otto Rathbun,Rathbun,,,male,Church-School Teacher,,Michigan Conference,Lake Union Conference,Michigan,,"Cedar Lake, Mich.",United States
1905,45,Eliza Warner,Warner,,,female,Church-School Teacher,,Michigan Conference,Lake Union Conference,Michigan,,"R. R. 2, Quincy, Mich.",United States
1905,45,Flossie M. Hall,Hall,,,female,Church-School Teacher,,Michigan Conference,Lake Union Conference,Michigan,,"R. R. 4, Dowagiac, Mich.",United States
1905,45,Wyola Aiken,Aiken,,,female,Church-School Teacher,,Michigan Conference,Lake Union Conference,Michigan,,"Cedar Lake, Mich.",United States
1905,45,Myrtie Lawrence,Lawrence,,,female,Church-School Teacher,,Michigan Conference,Lake Union Conference,Michigan,,"Eaton Rapids, Mich.",United States
1905,45,Grace Evans,Evans,,,female,Church-School Teacher,,Michigan Conference,Lake Union Conference,Michigan,,"Lowell, Mich.",United States
1905,45,Eloise Dehn,Dehn,,,female,Church-School Teacher,,Michigan Conference,Lake Union Conference,Michigan,,"50 Kirby St., Battle Creek, Mich.",United States
1905,45,Irene P. Carter,Carter,,,female,Church-School Teacher,,Michigan Conference,Lake Union Conference,Michigan,,"Berrien Springs, Mich.",United States
1905,45,Orson Van Horn,Van Horn,,,male,Church-School Teacher,,Michigan Conference,Lake Union Conference,Michigan,,"338 Maple St., Charlotte, Mich.",United States
1905,45,Janet Campbell,Campbell,,,female,Church-School Teacher,,Michigan Conference,Lake Union Conference,Michigan,,"Paw Paw, Mich.",United States
1905,45,E. A. S. Clark,Clark,,,,Church-School Teacher,,Michigan Conference,Lake Union Conference,Michigan,,"528 South Pleasant St., Charlotte, Mich.",United States
1905,45,Jennie Judson,Judson,,,female,Church-School Teacher,,Michigan Conference,Lake Union Conference,Michigan,,"Coopersville, Mich.",United States
1905,45,Minnie Hart,Hart,,,female,Church-School Teacher,,Michigan Conference,Lake Union Conference,Michigan,,"42 Lincoln St., Battle Creek, Mich.",United States
1905,45,Edna Bellows,Bellows,,,female,Church-School Teacher,,Michigan Conference,Lake Union Conference,Michigan,Haskell Home,"Battle Creek, Mich.",United States
1905,45,Miss Thompson,Thompson,Miss,,female,Church-School Teacher,,Michigan Conference,Lake Union Conference,Michigan,Haskell Home,"Battle Creek, Mich.",United States
1905,45,Ada Somerset,Somerset,,,female,Church-School Teacher,,Michigan Conference,Lake Union Conference,Michigan,,"Berrien Springs, Mich.",United States
1905,45,Pearl Hallock,Hallock,,,female,Church-School Teacher,,Michigan Conference,Lake Union Conference,Michigan,,"271 West Main St., Battle Creek, Mich.",United States
1905,45,Frances Case,Case,,,female,Church-School Teacher,,Michigan Conference,Lake Union Conference,Michigan,,"295 Champion St., Battle Creek, Mich.",United States
1905,45,Ella Sanders,Sanders,Mrs.,,female,Church-School Teacher,,Michigan Conference,Lake Union Conference,Michigan,,"Battle Creek, Mich.",United States
1905,45,Flora Williams,Williams,Mrs.,,female,Church-School Teacher,,Michigan Conference,Lake Union Conference,Michigan,,"Battle Creek, Mich.",United States
1905,45,Vina Sherwood,Sherwood,,,female,Church-School Teacher,,Michigan Conference,Lake Union Conference,Michigan,,"Bedford, Mich.",United States
1905,45,Gilbert Iles,Iles,,,male,Church-School Teacher,,Michigan Conference,Lake Union Conference,Michigan,,"Wright, Mich.",United States
1905,45,Ruth Saxby,Saxby,,,female,Church-School Teacher,,Michigan Conference,Lake Union Conference,Michigan,,"Cedar Lake, Mich.",United States
1905,45,P. S. Bourdeau,Bourdeau,Dr.,,male,Physician,,Michigan Conference,Lake Union Conference,Michigan,Grand Rapids Treatment-rooms,"475 Wealthy Ave., Grand Rapids, Mich.",United States
1905,45,Edith E. Bruce,Bruce,Mrs.,,female,Nurse,,Michigan Conference,Lake Union Conference,Michigan,Grand Rapids Treatment-rooms,"475 Wealthy Ave., Grand Rapids, Mich.",United States
1905,45,Wm. Covert,Covert,,,male,President,,Wisconsin Conference,Lake Union Conference,Wisconsin,,"Bethel, Wis.",United States
1905,45,R. T. Dowsett,Dowsett,,,male,Secretary and Treasurer,,Wisconsin Conference,Lake Union Conference,Wisconsin,,"865 Fifth St., Milwaukee, Wis.",United States
1905,45,N. P. Neilsen,Neilsen,,,male,Secretary and Treasurer Tract Society,,Wisconsin Conference,Lake Union Conference,Wisconsin,Wisconsin Tract Society,"203 High St., Oshkosh, Wis.",United States
1905,45,L. A. Reed,Reed,,,male,Secretary and Treasurer S. S. Department and Church-school Superintendent,,Wisconsin Conference,Lake Union Conference,Wisconsin,,"Bethel, Wis.",United States
1905,45,A. J. Olsen,Olsen,,,male,Missionary Field Secretary,,Wisconsin Conference,Lake Union Conference,Wisconsin,,"Marshfield, Wis.",United States
1905,21,A. G. Daniells,Daniells,,,male,Board of Trustees,,General Conference Corporation,General Organizations,General Conference,,"Takoma Park Station, Washington, D.C.",United States
1905,21,H. W. Cottrell,Cottrell,,,male,Board of Trustees,,General Conference Corporation,General Organizations,General Conference,,"Takoma Park Station, Washington, D.C.",United States
1905,21,W. W. Prescott,Prescott,,,male,Board of Trustees,,General Conference Corporation,General Organizations,General Conference,,"Takoma Park Station, Washington, D.C.",United States
1905,21,A. P. Needham,Needham,,,male,Board of Trustees,,General Conference Corporation,General Organizations,General Conference,,"Takoma Park Station, Washington, D.C.",United States
1905,21,S. N. Curtiss,Curtiss,,,male,Board of Trustees,,General Conference Corporation,General Organizations,General Conference,,"Takoma Park Station, Washington, D.C.",United States
1905,21,G. A. Irwin,Irwin,,,male,Board of Trustees,,General Conference Corporation,General Organizations,General Conference,,"Takoma Park Station, Washington, D.C.",United States
1905,21,I. H. Evans,Evans,,,male,Board of Trustees,,General Conference Corporation,General Organizations,General Conference,,"Takoma Park Station, Washington, D.C.",United States
1905,21,A. G. Daniells,Daniells,,,male,President,,General Conference Corporation,General Organizations,General Conference,,"Takoma Park Station, Washington, D.C.",United States
1905,21,W. A. Spicer,Spicer,,,male,Secretary,,General Conference Corporation,General Organizations,General Conference,,"Takoma Park Station, Washington, D.C.",United States
1905,21,I. H. Evans,Evans,,,male,Treasurer,,General Conference Corporation,General Organizations,General Conference,,"Takoma Park Station, Washington, D.C.",United States
1905,21,I. H. Evans,Evans,,,male,Transportation Agent,,General Conference,General Organizations,General Conference,,"Takoma Park Station, Washington, D.C.",United States
1905,21,C. L. Kilgore,Kilgore,,,male,Transportation Agent,,General Conference,General Organizations,General Conference,,"Graysville, Tenn.",United States
1905,21,I. A. Ford,Ford,,,male,Transportation Agent,,General Conference,General Organizations,General Conference,,"Nashville, Tenn.",United States
1905,21,H. A. Morrison,Morrison,,,male,Transportation Agent,,General Conference,General Organizations,General Conference,,"College View, Nebr.",United States
1905,21,C. M. Everest,Everest,,,male,Transportation Agent,,General Conference,General Organizations,General Conference,,"Minneapolis, Minn.",United States
1905,21,Jas. Cochran,Cochran,,,male,Transportation Agent,,General Conference,General Organizations,General Conference,,"Kansas City, Mo.",United States
1905,21,C. N. Woodward,Woodward,,,male,Transportation Agent,,General Conference,General Organizations,General Conference,,"Keene, Tex.",United States
1905,21,C. H. Jones,Jones,,,male,Transportation Agent,,General Conference,General Organizations,General Conference,,"Mountain View, Cal.",United States
1905,21,A. Bacon,Bacon,,,male,Transportation Agent,,General Conference,General Organizations,General Conference,,"London, N., England",Europe
1905,21,Geo. S. Fisher,Fisher,,,male,Transportation Agent,,General Conference,General Organizations,General Conference,,"Sydney, N.S.W., Australia",Australia
1905,21,H. W. Decker,Decker,,,male,Transportation Agent,,General Conference,General Organizations,General Conference,,"Mt. Tabor, Oregon",United States
1905,21,W. Ising,Ising,,,male,Transportation Agent,,General Conference,General Organizations,General Conference,,"Hamburg, Germany",Europe
1905,21,J. M. Calvert,Calvert,,,male,Transportation Agent,,General Conference,General Organizations,General Conference,,"Bronx, New York, N.Y.",United States
1905,21,Wm. Covert,Covert,,,male,Transportation Agent,,General Conference,General Organizations,General Conference,,"Chicago, Ill.",United States
1905,21,Meade MacGuire,MacGuire,,,male,Transportation Agent,,General Conference,General Organizations,General Conference,,"Denver, Colo.",United States
1905,21,O. O. Fortner,Fortner,,,male,Transportation Agent,,General Conference,General Organizations,General Conference,,"Kenilworth, near Cape Town, South Africa",Africa
1905,21,N. Z. Town,Town,,,male,Transportation Agent,,General Conference,General Organizations,General Conference,,"Buenos Ayres, Argentine Republic, South America",South America
1905,21,J. N. Anderson,Anderson,,,male,Minister,General Work and Mission Fields,General Conference,Laborers Engaged in General Work and in Mission Fields,General Conference,,"Canton, China",Asia
1905,21,H. Armstrong,Armstrong,,,male,Minister,General Work and Mission Fields,General Conference,Laborers Engaged in General Work and in Mission Fields,General Conference,,"Colombo, Ceylon",Asia
1905,21,D. C. Babcock,Babcock,,,male,Minister,General Work and Mission Fields,General Conference,Laborers Engaged in General Work and in Mission Fields,General Conference,,"Cape Coast Castle, Gold Coast, West Africa",Africa
1905,21,Geo. I. Butler,Butler,,,male,Minister,General Work and Mission Fields,General Conference,Laborers Engaged in General Work and in Mission Fields,General Conference,,"Nashville, Tenn.",United States
1905,21,Geo. M. Brown,Brown,,,male,Minister,General Work and Mission Fields,General Conference,Laborers Engaged in General Work and in Mission Fields,General Conference,,"Tacubaya, D.F., Mexico",Central America
1905,21,G. W. Caviness,Caviness,,,male,Minister,General Work and Mission Fields,General Conference,Laborers Engaged in General Work and in Mission Fields,General Conference,,"Tacubaya, D.F., Mexico",Central America
1905,21,W. A. Colcord,Colcord,,,male,Minister,General Work and Mission Fields,General Conference,Laborers Engaged in General Work and in Mission Fields,General Conference,,"Takoma Park Station, Washington, D.C.",United States
1905,21,B. E. Connerly,Connerly,,,male,Minister,General Work and Mission Fields,General Conference,Laborers Engaged in General Work and in Mission Fields,General Conference,,"Mayaguez, Porto Rico, West Indies",West Indies
1905,21,A. G. Daniells,Daniells,,,male,Minister,General Work and Mission Fields,General Conference,Laborers Engaged in General Work and in Mission Fields,General Conference,,"Takoma Park Station, Washington, D.C.",United States
1905,21,I. H. Evans,Evans,,,male,Minister,General Work and Mission Fields,General Conference,Laborers Engaged in General Work and in Mission Fields,General Conference,,"Takoma Park Station, Washington, D.C.",United States
1905,21,E. W. Farnsworth,Farnsworth,,,male,Minister,General Work and Mission Fields,General Conference,Laborers Engaged in General Work and in Mission Fields,General Conference,,"Takoma Park Station, Washington, D.C.",United States
1905,21,F. W. Field,Field,,,male,Minister,General Work and Mission Fields,General Conference,Laborers Engaged in General Work and in Mission Fields,General Conference,,"Tokio, Japan",Asia
1905,21,H. C. Goodrich,Goodrich,,,male,Minister,General Work and Mission Fields,General Conference,Laborers Engaged in General Work and in Mission Fields,General Conference,,"Belize, British Honduras, Central America",Central America
1905,21,C. A. Hansen,Hansen,,,male,Minister,General Work and Mission Fields,General Conference,Laborers Engaged in General Work and in Mission Fields,General Conference,,"Calcutta, India",Asia
1905,21,S. N. Haskell,Haskell,,,male,Minister,General Work and Mission Fields,General Conference,Laborers Engaged in General Work and in Mission Fields,General Conference,,"Nashville, Tenn.",United States
1905,21,G. A. Irwin,Irwin,,,male,Minister,General Work and Mission Fields,General Conference,Laborers Engaged in General Work and in Mission Fields,General Conference,,"Takoma Park Station, Washington, D.C.",United States
1905,21,A. T. Jones,Jones,,,male,Minister,General Work and Mission Fields,General Conference,Laborers Engaged in General Work and in Mission Fields,General Conference,,"Battle Creek, Mich.",United States
1905,21,H. F. Ketring,Ketring,,,male,Minister,General Work and Mission Fields,General Conference,Laborers Engaged in General Work and in Mission Fields,General Conference,,"Topeka, Kans.",United States
1905,21,I. G. Knight,Knight,,,male,Minister,General Work and Mission Fields,General Conference,Laborers Engaged in General Work and in Mission Fields,General Conference,,"Bocas del Toro, Panama",Central America
1905,21,J. N. Loughborough,Loughborough,,,male,Minister,General Work and Mission Fields,General Conference,Laborers Engaged in General Work and in Mission Fields,General Conference,,"Mountain View, Cal.",United States
1905,21,H. W. Miller,Miller,,,male,Minister,General Work and Mission Fields,General Conference,Laborers Engaged in General Work and in Mission Fields,General Conference,,"Shang Tsai Hsien, Honan, via Hankow, China",Asia
1905,21,W. W. Miller,Miller,,,male,Minister,General Work and Mission Fields,General Conference,Laborers Engaged in General Work and in Mission Fields,General Conference,,"Calcutta, India",Asia
1905,21,G. K. Owen,Owen,,,male,Minister,General Work and Mission Fields,General Conference,Laborers Engaged in General Work and in Mission Fields,General Conference,,"Calcutta, India",Asia
1905,21,C. E. Peckover,Peckover,,,male,Minister,General Work and Mission Fields,General Conference,Laborers Engaged in General Work and in Mission Fields,General Conference,,"Bocas del Toro, Panama",Central America
1905,21,E. Pilquist,Pilquist,,,male,Minister,General Work and Mission Fields,General Conference,Laborers Engaged in General Work and in Mission Fields,General Conference,,"Lo San, Honan, via Hankow, China",Asia
1905,21,W. W. Prescott,Prescott,,,male,Minister,General Work and Mission Fields,General Conference,Laborers Engaged in General Work and in Mission Fields,General Conference,,"Washington, D.C.",United States
1905,21,K. C. Russell,Russell,,,male,Minister,General Work and Mission Fields,General Conference,Laborers Engaged in General Work and in Mission Fields,General Conference,,"Takoma Park Station, Washington, D.C.",United States
1905,21,A. C. Selmon,Selmon,,,male,Minister,General Work and Mission Fields,General Conference,Laborers Engaged in General Work and in Mission Fields,General Conference,,"Hsiang Cheng, Honan, via Hankow, China",Asia
1905,21,J. L. Shaw,Shaw,,,male,Minister,General Work and Mission Fields,General Conference,Laborers Engaged in General Work and in Mission Fields,General Conference,,"Calcutta, India",Asia
1905,21,L. C. Sheafe,Sheafe,,,male,Minister,General Work and Mission Fields,General Conference,Laborers Engaged in General Work and in Mission Fields,General Conference,,"Washington, D.C.",United States
1905,21,W. A. Spicer,Spicer,,,male,Minister,General Work and Mission Fields,General Conference,Laborers Engaged in General Work and in Mission Fields,General Conference,,"Takoma Park Station, Washington, D.C.",United States
1905,21,G. B. Thompson,Thompson,,,male,Minister,General Work and Mission Fields,General Conference,Laborers Engaged in General Work and in Mission Fields,General Conference,,"Takoma Park Station, Washington, D.C.",United States
1905,22,E. W. Thomann,Thomann,,,male,Ordained Minister,,General Conference,General Organizations,General Conference,,"Valparaiso, Chile, South America",South America
1905,22,H. H. Votaw,Votaw,,,male,Ordained Minister,,General Conference,General Organizations,General Conference,,"Insein, near Rangoon, Burma",Asia
1905,22,Luther Warren,Warren,,,male,Ordained Minister,,General Conference,General Organizations,General Conference,,"Chicago, Ill.",United States
1905,22,J. W. Westphal,Westphal,,,male,Ordained Minister,,General Conference,General Organizations,General Conference,,"Buenos Ayres, Argentine Republic, South America",South America
1905,22,F. H. Westphal,Westphal,,,male,Ordained Minister,,General Conference,General Organizations,General Conference,,"Valparaiso, Chile, South America",South America
1905,22,Mrs. E. G. White,White,Mrs.,,female,Ordained Minister,,General Conference,General Organizations,General Conference,,"Sanitarium, Napa Co., Cal.",United States
1905,22,W. C. White,White,,,male,Ordained Minister,,General Conference,General Organizations,General Conference,,"Sanitarium, Napa Co., Cal.",United States
1905,22,J. S. Washburn,Washburn,,,male,Ordained Minister,,General Conference,General Organizations,General Conference,,"Takoma Park Station, Washington, D. C.",United States
1905,22,J. J. Westrup,Westrup,,,male,Ordained Minister,,General Conference,General Organizations,General Conference,,"Sin Tsai Hsien, Honan, via Hankow, China",Asia
1905,22,B. G. Wilkinson,Wilkinson,,,male,Ordained Minister,,General Conference,General Organizations,General Conference,,"Takoma Park, Washington, D. C.",United States
1905,22,W. A. Barlow,Barlow,,,male,Licentiate,,General Conference,General Organizations,General Conference,,"Calcutta, India",Asia
1905,22,A. J. Bristol,Bristol,,,male,Licentiate,,General Conference,General Organizations,General Conference,,"Takoma Park Station, Washington, D. C.",United States
1905,22,W. D. Burden,Burden,,,male,Licentiate,,General Conference,General Organizations,General Conference,,"Tokio, Japan",Asia
1905,22,W. C. Hankins,Hankins,,,male,Licentiate,,General Conference,General Organizations,General Conference,,"Sin Tsai Hsien, Honan, via Hankow, China",Asia
1905,22,Mrs. H. H. Haskell,Haskell,Mrs.,,female,Licentiate,,General Conference,General Organizations,General Conference,,"Nashville, Tenn.",United States
1905,22,J. M. Hyatt,Hyatt,,,male,Licentiate,,General Conference,General Organizations,General Conference,,"Cape Coast Castle, Gold Coast, West Africa",Africa
1905,22,Carlos Krieghoff,Krieghoff,,,male,Licentiate,,General Conference,General Organizations,General Conference,,"Valparaiso, Chile, South America",South America
1905,22,J. W. Lawhead,Lawhead,,,male,Licentiate,,General Conference,General Organizations,General Conference,,"Takoma Park Station, Washington, D. C.",United States
1905,22,J. C. Little,Little,,,male,Licentiate,,General Conference,General Organizations,General Conference,,"Calcutta, India",Asia
1905,22,H. B. Myers,Myers,,,male,Licentiate,,General Conference,General Organizations,General Conference,,"Insein, near Rangoon, Burma",Asia
1905,22,E. R. Palmer,Palmer,,,male,Licentiate,,General Conference,General Organizations,General Conference,,"Mountain View, Cal.",United States
1905,22,Damaso Soto,Soto,,,male,Licentiate,,General Conference,General Organizations,General Conference,,"Valparaiso, Chile, South America",South America
1905,22,Wm. Steele,Steele,,,male,Licentiate,,General Conference,General Organizations,General Conference,,"Valparaiso, Chile, South America",South America
1905,22,G. A. Stevens,Stevens,,,male,Licentiate,,General Conference,General Organizations,General Conference,,"Washington, D. C.",United States
1905,22,A. N. Allen,Allen,,,male,Missionary Licentiate,,General Conference,General Organizations,General Conference,,"Belize, British Honduras, Central America",Central America
1905,22,Mrs. Emma Anderson,Anderson,Mrs.,,female,Missionary Licentiate,,General Conference,General Organizations,General Conference,,"Canton, China",Asia
1905,22,Mrs. D. C. Babcock,Babcock,Mrs.,,female,Missionary Licentiate,,General Conference,General Organizations,General Conference,,"Cape Coast Castle, Gold Coast, West Africa",Africa
1905,22,Dr. F. E. Braucht,Braucht,Dr.,,male,Missionary Licentiate,,General Conference,General Organizations,General Conference,,"Tegucigalpa, Spanish Honduras, Central America",Central America
1905,22,Mrs. Mina Braucht,Braucht,Mrs.,,female,Missionary Licentiate,,General Conference,General Organizations,General Conference,,"Tegucigalpa, Spanish Honduras, Central America",Central America
1905,22,Mrs. W. D. Burden,Burden,Mrs.,,female,Missionary Licentiate,,General Conference,General Organizations,General Conference,,"Kobe, Japan",Asia
1905,22,L. J. Burgess,Burgess,,,male,Missionary Licentiate,,General Conference,General Organizations,General Conference,,"Nashville, Tenn.",United States
1905,22,Mrs. Georgia B. Burgess,Burgess,Mrs.,,female,Missionary Licentiate,,General Conference,General Organizations,General Conference,,"Nashville, Tenn.",United States
1905,22,Della Burroway,Burroway,,,female,Missionary Licentiate,,General Conference,General Organizations,General Conference,,"Calcutta, India",Asia
1905,22,Mrs. G. W. Caviness,Caviness,Mrs.,,female,Missionary Licentiate,,General Conference,General Organizations,General Conference,,"Tacubaya, D. F., Mexico",Central America
1905,22,Della Coates,Coates,,,female,Missionary Licentiate,,General Conference,General Organizations,General Conference,,"Calcutta, India",Asia
1905,22,Mrs. B. E. Connerly,Connerly,Mrs.,,female,Missionary Licentiate,,General Conference,General Organizations,General Conference,,"Mayaguez, Porto Rico, West Indies",Central America
1905,22,C. C. Crisler,Crisler,,,male,Missionary Licentiate,,General Conference,General Organizations,General Conference,,"Sanitarium, Napa Co., Cal.",United States
1905,22,T. H. Davis,Davis,,,male,Missionary Licentiate,,General Conference,General Organizations,General Conference,,"Guayaquil, Ecuador, South America",South America
1905,22,Carrie Erickson,Erickson,,,female,Missionary Licentiate,,General Conference,General Organizations,General Conference,,"Sin Tsai Hsien, Honan, China",Asia
1905,22,J. W. Erkenbeck,Erkenbeck,,,male,Missionary Licentiate,,General Conference,General Organizations,General Conference,,"Guadalajara, Mexico",Central America
1905,22,Julia Nerio Espinoza,Espinoza,,,female,Missionary Licentiate,,General Conference,General Organizations,General Conference,,"Valparaiso, Chile, South America",South America
1905,22,Mrs. V. J. Farnsworth,Farnsworth,Mrs.,,female,Missionary Licentiate,,General Conference,General Organizations,General Conference,,"Takoma Park Station, Washington, D. C.",United States
1905,22,Mrs. F. W. Field,Field,Mrs.,,female,Missionary Licentiate,,General Conference,General Organizations,General Conference,,"Tokio, Japan",Asia
1905,22,Mrs. A. M. Fischer,Fischer,Mrs.,,female,Missionary Licentiate,,General Conference,General Organizations,General Conference,,"Mayaguez, Porto Rico, West Indies",Central America
1905,22,Mrs. A. S. Fleming,Fleming,Mrs.,,female,Missionary Licentiate,,General Conference,General Organizations,General Conference,,"Calcutta, India",Asia
1905,22,Mrs. W. C. Hankins,Hankins,Mrs.,,female,Missionary Licentiate,,General Conference,General Organizations,General Conference,,"Canton, China",Asia
1905,22,L. F. Hansen,Hansen,,,male,Missionary Licentiate,,General Conference,General Organizations,General Conference,,"Insein, near Rangoon, Burma",Asia
1905,22,Mrs. L. F. Hansen,Hansen,Mrs.,,female,Missionary Licentiate,,General Conference,General Organizations,General Conference,,"Insein, near Rangoon, Burma",Asia
1905,22,Mrs. C. A. Hansen,Hansen,Mrs.,,female,Missionary Licentiate,,General Conference,General Organizations,General Conference,,"Calcutta, India",Asia
1905,22,Miss Maggie Hare,Hare,Miss,,female,Missionary Licentiate,,General Conference,General Organizations,General Conference,,"Sanitarium, Napa Co., Cal.",United States
1905,22,Maude Harvey,Harvey,,,female,Missionary Licentiate,,General Conference,General Organizations,General Conference,,"Kobe, Japan",Asia
1905,22,John Harman,Harman,,,male,Missionary Licentiate,,General Conference,General Organizations,General Conference,,"Tacubaya, D. F., Mexico",Central America
1905,22,A. J. Hetherington,Hetherington,,,male,Missionary Licentiate,,General Conference,General Organizations,General Conference,,"Utilla, Bay Islands, Central America",Central America
1905,22,R. S. Ingersoll,Ingersoll,,,male,Missionary Licentiate,,General Conference,General Organizations,General Conference,,"Calcutta, India",Asia
1905,22,Mrs. Olive P. Ingersoll,Ingersoll,Mrs.,,female,Missionary Licentiate,,General Conference,General Organizations,General Conference,,"Calcutta, India",Asia
1905,22,Daisy Jewett,Jewett,,,female,Missionary Licentiate,,General Conference,General Organizations,General Conference,,"Calcutta, India",Asia
