yearbook_year,page,name,last_name,prefix,suffix,gender,position,position_information,organization,group,conference,institution_name,location,region
,,,,,,,,,,,,,,
1907,9,I. H. Evans,Evans,,,male,Executive Committee Member,,General Conference,GENERAL ORGANIZATIONS,General Conference,,"Takoma Park Station, Washington, D. C.",United States
1907,9,W. W. Prescott,Prescott,,,male,Executive Committee Member,,General Conference,GENERAL ORGANIZATIONS,General Conference,,"Takoma Park Station, Washington, D. C.",United States
1907,9,W. C. White,White,,,male,Executive Committee Member,,General Conference,GENERAL ORGANIZATIONS,General Conference,,"Sanitarium, Napa Co., Cal.",United States
1907,9,W. C. Sisley,Sisley,,,male,Executive Committee Member,,General Conference,GENERAL ORGANIZATIONS,General Conference,,"451 Holloway Road, London, N., England",Europe
1907,9,C. H. Jones,Jones,,,male,Executive Committee Member,,General Conference,GENERAL ORGANIZATIONS,General Conference,,"Mountain View, Cal.",United States
1907,9,S. N. Haskell,Haskell,,,male,Executive Committee Member,,General Conference,GENERAL ORGANIZATIONS,General Conference,,"South Lancaster, Mass.",United States
1907,9,Frederick Griggs,Griggs,,,male,Executive Committee Member,,General Conference,GENERAL ORGANIZATIONS,General Conference,,"Takoma Park Station, Washington, D. C.",United States
1907,9,H. R. Salisbury,Salisbury,,,male,Executive Committee Member,,General Conference,GENERAL ORGANIZATIONS,General Conference,,"451 Holloway Road, London, N., England",Europe
1907,9,W. A. George,George,,M. D.,male,Executive Committee Member,,General Conference,GENERAL ORGANIZATIONS,General Conference,,"College View, Nebr.",United States
1907,9,W. A. Ruble,Ruble,,M. D.,male,Executive Committee Member,,General Conference,GENERAL ORGANIZATIONS,General Conference,,Takoma Park,United States
1907,9,G. B. Thompson,Thompson,,,male,Executive Committee Member,,General Conference,GENERAL ORGANIZATIONS,General Conference,,Takoma Park,United States
1907,9,K. C. Russell,Russell,,,male,Executive Committee Member,,General Conference,GENERAL ORGANIZATIONS,General Conference,,"Takoma Park Station, Washington, D. C.",United States
1907,9,G. F. Haffner,Haffner,,,male,Executive Committee Member,,General Conference,GENERAL ORGANIZATIONS,General Conference,,"Shattuck, Okla.",United States
1907,9,Frederick Griggs,Griggs,Prof.,,male,Chairman,,Educational Department,GENERAL ORGANIZATIONS,General Conference,,"Takoma Park Station, Washington, D. C.",United States
1907,9,C. C. Lewis,Lewis,Prof.,,male,Secretary,,Educational Department,GENERAL ORGANIZATIONS,General Conference,,"College View, Nebr.",United States
1907,9,L. A. Hoopes,Hoopes,,,male,Member,,Educational Department,GENERAL ORGANIZATIONS,General Conference,,"Cooranbong, N. S. W., Australia",Australia
1907,9,C. W. Irwin,Irwin,,,male,Member,,Educational Department,GENERAL ORGANIZATIONS,General Conference,,"Cooranbong, N. S. W., Australia",Australia
1907,9,C. H. Hayton,Hayton,,,male,Member,,Educational Department,GENERAL ORGANIZATIONS,General Conference,,"Kenilworth, Cape, South Africa",Africa
1907,9,Arthur Fulton,Fulton,,,male,Member,,Educational Department,GENERAL ORGANIZATIONS,General Conference,,"Diamante, Prov. Entre Rios, South America",South America
1907,9,O. Luepke,Luepke,,,male,Member,,Educational Department,GENERAL ORGANIZATIONS,General Conference,,"Friedensau, Post Grabow, Bez. Magdeburg, Germany",Europe
1907,9,O. A. Johnson,Johnson,,,male,Member,,Educational Department,GENERAL ORGANIZATIONS,General Conference,,"Akersgaden 74, Christiania, Norway",Europe
1907,9,Jean Vuilleumier,Vuilleumier,,,male,Member,,Educational Department,GENERAL ORGANIZATIONS,General Conference,,"Gland, Switzerland",Europe
1907,9,M. E. Cady,Cady,,,male,Member,,Educational Department,GENERAL ORGANIZATIONS,General Conference,,"College Place, Wash.",United States
1907,9,Fannie M. Dickerson Chase,Chase,Mrs.,,female,Member,,Educational Department,GENERAL ORGANIZATIONS,General Conference,,"Takoma Park Station, Washington, D. C.",United States
1907,9,L. Flora Plummer,Plummer,Mrs.,,female,Member,,Educational Department,GENERAL ORGANIZATIONS,General Conference,,"Takoma Park Station, Washington, D. C.",United States
1907,9,B. E. Huffman,Huffman,,,male,Member,,Educational Department,GENERAL ORGANIZATIONS,General Conference,,"College View, Nebr.",United States
1907,9,O. A. Hall,Hall,,,male,Member,,Educational Department,GENERAL ORGANIZATIONS,General Conference,,"Portage la Prairie, Manitoba",Canada
1907,9,C. B. Hughes,Hughes,,,male,Member,,Educational Department,GENERAL ORGANIZATIONS,General Conference,,"Keene, Tex.",United States
1907,9,E. A. Sutherland,Sutherland,,,male,Member,,Educational Department,GENERAL ORGANIZATIONS,General Conference,,"Madison, Tenn.",United States
1907,9,J. E. Tenney,Tenney,,,male,Member,,Educational Department,GENERAL ORGANIZATIONS,General Conference,,"Graysville, Tenn.",United States
1907,9,J. W. Lawhead,Lawhead,,,male,Member,,Educational Department,GENERAL ORGANIZATIONS,General Conference,,Takoma Park,United States
1907,9,W. A. Spicer,Spicer,,,male,Member,,Educational Department,GENERAL ORGANIZATIONS,General Conference,,"Takoma Park Station, Washington, D. C.",United States
1907,9,W. E. Howell,Howell,,,male,Member,,Educational Department,GENERAL ORGANIZATIONS,General Conference,,"Loma Linda, Cal.",United States
1907,9,M. E. Kern,Kern,,,male,Member,,Educational Department,GENERAL ORGANIZATIONS,General Conference,,"College View, Nebr.",United States
1907,9,J. G. Lamson,Lamson,,,male,Member,,Educational Department,GENERAL ORGANIZATIONS,General Conference,,"Holly, Mich.",United States
1907,9,C. C. Lewis,Lewis,,,male,Chairman,Committee on Text-Books,Educational Department,GENERAL ORGANIZATIONS,General Conference,,"College View, Nebr.",United States
1907,9,M. E. Kern,Kern,,,male,Secretary,Committee on Text-Books,Educational Department,GENERAL ORGANIZATIONS,General Conference,,"College View, Nebr.",United States
1907,9,Sarah E. Peck,Peck,Miss,,female,Member,Committee on Text-Books,Educational Department,GENERAL ORGANIZATIONS,General Conference,,"Sanitarium, Cal.",United States
1907,9,Fannie M. Dickerson Chase,Chase,Mrs.,,female,Member,Committee on Text-Books,Educational Department,GENERAL ORGANIZATIONS,General Conference,,,
1907,9,Sara J. Hall,Hall,Mrs.,,female,Member,Committee on Text-Books,Educational Department,GENERAL ORGANIZATIONS,General Conference,,"South Lancaster, Mass.",United States
1907,9,N. H. Druillard,Druillard,Mrs.,,female,Member,Committee on Text-Books,Educational Department,GENERAL ORGANIZATIONS,General Conference,,"Madison, Tenn.",United States
1907,9,Flora H. Williams,Williams,Mrs.,,female,Member,Committee on Text-Books,Educational Department,GENERAL ORGANIZATIONS,General Conference,,"Battle Creek, Mich.",United States
1907,9,Frederick Griggs,Griggs,,,male,Chairman,Committee on Courses of Study,Educational Department,GENERAL ORGANIZATIONS,General Conference,,"Takoma Park Station, Washington, D. C.",United States
1907,9,B. G. Wilkinson,Wilkinson,,,male,Secretary,Committee on Courses of Study,Educational Department,GENERAL ORGANIZATIONS,General Conference,,"Takoma Park Station, Washington, D. C.",United States
1907,11,C. P. Farnsworth,Farnsworth,,M. D.,male,Member Appointed by General Conference Executive Committee,,General Conference Medical Department,General Organizations,General Conference,,"Madison, Wis.",United States
1907,11,C. C. Nicola,Nicola,,M. D.,male,Member Appointed by General Conference Executive Committee,,General Conference Medical Department,General Organizations,General Conference,,"Melrose, Mass.",United States
1907,11,F. M. Wilcox,Wilcox,,,male,Member Appointed by General Conference Executive Committee,,General Conference Medical Department,General Organizations,General Conference,Sanitarium,"Boulder, Colo.",United States
1907,11,E. P. Hawkins,Hawkins,,M. D.,male,Member Appointed by General Conference Executive Committee,,General Conference Medical Department,General Organizations,General Conference,,"Montrose, Minn.",United States
1907,11,W. C. Green,Green,,M. D.,male,Member Appointed by General Conference Executive Committee,,General Conference Medical Department,General Organizations,General Conference,,"Little Rock, Ark.",United States
1907,11,G. H. Heald,Heald,,M. D.,male,Member Appointed by General Conference Executive Committee,,General Conference Medical Department,General Organizations,General Conference,,"Takoma Park Station, Washington, D. C.",United States
1907,11,J. A. Burden,Burden,,,male,Member Appointed by General Conference Executive Committee,,General Conference Medical Department,General Organizations,General Conference,,"Loma Linda, Cal.",United States
1907,11,G. T. Harding,Harding,,M. D.,male,Ex-Officio Member by Union Conferences,,General Conference Medical Department,General Organizations,General Conference,,"Washington, D. C.",United States
1907,11,L. A. Hansen,Hansen,,,male,Ex-Officio Member by Union Conferences,,General Conference Medical Department,General Organizations,General Conference,Sanitarium,"Nashville, Tenn.",United States
1907,11,S. P. S. Edwards,Edwards,,M. D.,male,Ex-Officio Member by Union Conferences,,General Conference Medical Department,General Organizations,General Conference,,"Moline, Ill.",United States
1907,11,W. M. Adams,Adams,,,male,Ex-Officio Member by Union Conferences,,General Conference Medical Department,General Organizations,General Conference,,"Winnipeg, Manitoba",Canada
1907,11,J. E. Froom,Froom,,M. D.,male,Ex-Officio Member by Union Conferences,,General Conference Medical Department,General Organizations,General Conference,,"Mt. Tabor Station, Portland, Oregon",United States
1907,11,D. H. Kress,Kress,,M. D.,male,Ex-Officio Member by Union Conferences,,General Conference Medical Department,General Organizations,General Conference,,"Wahroonga, N. S. W., Australia",Australia
1907,11,J. C. Ottosen,Ottosen,,M. D.,male,Ex-Officio Member by Union Conferences,,General Conference Medical Department,General Organizations,General Conference,,"Skodsborg, Denmark",Scandinavia
1907,11,A. B. Olsen,Olsen,,M. D.,male,Ex-Officio Member by Union Conferences,,General Conference Medical Department,General Organizations,General Conference,The Hydro,"Caterham, Surrey, England",Europe
1907,11,A. J. Hoenes,Hoenes,,M. D.,male,Ex-Officio Member by Union Conferences,,General Conference Medical Department,General Organizations,General Conference,,"Friedensau, Post Grabow, Bez. Magdeburg, Germany",Europe
1907,11,P. A. De Forest,De Forest,,M. D.,male,Ex-Officio Member by Union Conferences,,General Conference Medical Department,General Organizations,General Conference,,"Gland, Switzerland",Europe
1907,11,Geo. Thomason,Thomason,,M. D.,male,Ex-Officio Member by Union Conferences,,General Conference Medical Department,General Organizations,General Conference,,"Plumstead, near Cape Town, South Africa",Africa
1907,11,R. H. Habenicht,Habenicht,,M. D.,male,Ex-Officio Member by Union Conferences,,General Conference Medical Department,General Organizations,General Conference,,"Buenos Ayres, Argentina, South America",South America
1907,11,G. B. Thompson,Thompson,,,male,Chairman,,Sabbath-School and Young People's Department,General Organizations,General Conference,,"Takoma Park Station, Washington, D. C.",United States
1907,11,Mrs. L. Flora Plummer,Plummer,Mrs.,,female,Secretary,,Sabbath-School and Young People's Department,General Organizations,General Conference,,"Takoma Park Station, Washington, D. C.",United States
1907,11,W. W. Prescott,Prescott,,,male,Member,,Sabbath-School and Young People's Department,General Organizations,General Conference,,"Takoma Park, Washington, D. C.",United States
1907,11,M. C. Wilcox,Wilcox,,,male,Member,,Sabbath-School and Young People's Department,General Organizations,General Conference,,"Mountain View, Cal.",United States
1907,11,Mrs. Fannie Dickerson Chase,Chase,Mrs.,,female,Member,,Sabbath-School and Young People's Department,General Organizations,General Conference,,"Takoma Park Station, Washington, D. C.",United States
1907,11,Miss M. Estella Houser,Houser,Miss,,female,Member,,Sabbath-School and Young People's Department,General Organizations,General Conference,,"Takoma Park Station, Washington, D. C.",United States
1907,11,J. A. L. Derby,Derby,,,male,Member,,Sabbath-School and Young People's Department,General Organizations,General Conference,,"Takoma Park Station, Washington, D. C.",United States
1907,11,M. E. Kern,Kern,,,male,Member,,Sabbath-School and Young People's Department,General Organizations,General Conference,,"College View, Nebr.",United States
1907,11,W. A. Colcord,Colcord,,,male,Member,,Sabbath-School and Young People's Department,General Organizations,General Conference,,"Takoma Park Station, Washington, D. C.",United States
1907,11,T. E. Bowen,Bowen,,,male,Member,,Sabbath-School and Young People's Department,General Organizations,General Conference,,"Takoma Park Station, Washington, D. C.",United States
1907,11,K. C. Russell,Russell,,,male,Chairman,,Religious Liberty Bureau,General Organizations,General Conference,,"Takoma Park Station, Washington, D. C.",United States
1907,11,W. A. Colcord,Colcord,,,male,Secretary,,Religious Liberty Bureau,General Organizations,General Conference,,"Takoma Park Station, Washington, D. C.",United States
1907,11,Allen Moon,Moon,,,male,Member,,Religious Liberty Bureau,General Organizations,General Conference,,"Indianapolis, Ind.",United States
1907,11,L. A. Smith,Smith,,,male,Member,,Religious Liberty Bureau,General Organizations,General Conference,,"Nashville, Tenn.",United States
1907,11,C. B. Thompson,Thompson,,,male,Member,,Religious Liberty Bureau,General Organizations,General Conference,,"Takoma Park Station, Washington, D. C.",United States
1907,11,D. W. Reavis,Reavis,,,male,Member,,Religious Liberty Bureau,General Organizations,General Conference,,"Takoma Park Station, Washington, D. C.",United States
1907,11,J. S. Washburn,Washburn,,,male,Member,,Religious Liberty Bureau,General Organizations,General Conference,,"Nashville, Tenn.",United States
1907,11,R. C. Porter,Porter,,,male,Member,,Religious Liberty Bureau,General Organizations,General Conference,,"Hamilton, Mo.",United States
1907,11,S. B. Horton,Horton,,,male,Member,,Religious Liberty Bureau,General Organizations,General Conference,,"New Orleans, La.",United States
1907,11,H. W. Reed,Reed,,,male,Member,,Religious Liberty Bureau,General Organizations,General Conference,,"Oshkosh, Wis.",United States
1907,11,G. A. Irwin,Irwin,,,male,Chairman,,North American Foreign Department,General Organizations,General Conference,,"Takoma Park Station, Washington, D. C.",United States
1907,10,W. E. Howell,Howell,,,male,Other Member,,Educational Department,General Organizations,General Conference,,"Loma Linda, Cal.",United States
1907,10,J. E. Tenney,Tenney,,,male,Other Member,,Educational Department,General Organizations,General Conference,,"Graysville, Tenn.",United States
1907,10,Mary Kinneburg,Kinneburg,Miss,,female,Other Member,,Educational Department,General Organizations,General Conference,,"College View, Nebr.",United States
1907,10,C. B. Hughes,Hughes,,,male,Other Member,,Educational Department,General Organizations,General Conference,,"Keene, Tex.",United States
1907,10,J. G. Lamson,Lamson,,,male,Other Member,,Educational Department,General Organizations,General Conference,,"Holly, Mich.",United States
1907,10,B. E. Huffman,Huffman,,,male,Other Member,,Educational Department,General Organizations,General Conference,,"College View, Nebr.",United States
1907,10,Lula I. Tarbell,Tarbell,Miss,,female,Other Member,,Educational Department,General Organizations,General Conference,,"Rock Hall, Md.",United States
1907,10,E. S. Ballenger,Ballenger,,,male,Chairman,Committee on Blanks and Reports,Educational Department,General Organizations,General Conference,,"Los Angeles, Cal.",United States
1907,10,Frederick Griggs,Griggs,,,male,Committee Member,Committee on Blanks and Reports,Educational Department,General Organizations,General Conference,,"Takoma Park Station, Washington, D.C.",United States
1907,10,E. A. Sutherland,Sutherland,,,male,Committee Member,Committee on Blanks and Reports,Educational Department,General Organizations,General Conference,,"Madison, Tenn.",United States
1907,10,J. S. Osborne,Osborne,,,male,Committee Member,Committee on Blanks and Reports,Educational Department,General Organizations,General Conference,,"Modesto, Cal.",United States
1907,10,Frederick Griggs,Griggs,,,male,Chairman,Committee on School Manual,Educational Department,General Organizations,General Conference,,"Takoma Park Station, Washington, D.C.",United States
1907,10,L. Flora Plummer,Plummer,Mrs.,,female,Secretary,Committee on School Manual,Educational Department,General Organizations,General Conference,,"Takoma Park Station, Washington, D.C.",United States
1907,10,M. E. Cady,Cady,,,male,Committee Member,Committee on School Manual,Educational Department,General Organizations,General Conference,,"College Place, Wash.",United States
1907,10,C. C. Lewis,Lewis,,,male,Committee Member,Committee on School Manual,Educational Department,General Organizations,General Conference,,"College View, Nebr.",United States
1907,10,C. B. Hughes,Hughes,,,male,Chairman,Committee on Manual Training,Educational Department,General Organizations,General Conference,,"Keene, Tex.",United States
1907,10,Floyd Bralliar,Bralliar,,,male,Committee Member,Committee on Manual Training,Educational Department,General Organizations,General Conference,,"Stuart, Iowa",United States
1907,10,H. A. Washburn,Washburn,,,male,Committee Member,Committee on Manual Training,Educational Department,General Organizations,General Conference,,"College Place, Wash.",United States
1907,10,J. H. Haughey,Haughey,,,male,Committee Member,Committee on Manual Training,Educational Department,General Organizations,General Conference,,"Berrien Springs, Mich.",United States
1907,10,J. W. Lawhead,Lawhead,,,male,Committee Member,Committee on Manual Training,Educational Department,General Organizations,General Conference,,Takoma Park,United States
1907,10,Mina Mann,Mann,Mrs.,,female,Committee Member,Committee on Manual Training,Educational Department,General Organizations,General Conference,,"Hanford, Cal.",United States
1907,10,C. H. Jones,Jones,,,male,Chairman,,Publishing Department,General Organizations,General Conference,,"Mountain View, Cal.",United States
1907,10,E. R. Palmer,Palmer,,,male,Secretary,,Publishing Department,General Organizations,General Conference,,"Mountain View, Cal.",United States
1907,10,H. H. Hall,Hall,,,male,Assistant Secretary,,Publishing Department,General Organizations,General Conference,,"Mountain View, Cal.",United States
1907,10,S. N. Curtiss,Curtiss,,,male,Other Member,,Publishing Department,General Organizations,General Conference,,"Takoma Park Station, Washington, D.C.",United States
1907,10,I. A. Ford,Ford,,,male,Other Member,,Publishing Department,General Organizations,General Conference,,"Nashville, Tenn.",United States
1907,10,F. F. Byington,Byington,,,male,Other Member,,Publishing Department,General Organizations,General Conference,,"College View, Nebr.",United States
1907,10,James Cochran,Cochran,,,male,Other Member,,Publishing Department,General Organizations,General Conference,,"Kansas City, Mo.",United States
1907,10,R. L. Pierce,Pierce,,,male,Other Member,,Publishing Department,General Organizations,General Conference,,"Fort Worth, Tex.",United States
1907,10,D. W. Reavis,Reavis,,,male,Other Member,,Publishing Department,General Organizations,General Conference,,"Takoma Park Station, Washington, D.C.",United States
1907,10,B. B. Noftsger,Noftsger,,,male,Other Member,,Publishing Department,General Organizations,General Conference,,"Toronto Junction, Ontario",Canada
1907,10,W. C. White,White,,,male,Other Member,,Publishing Department,General Organizations,General Conference,,"Sanitarium, Cal.",United States
1907,10,F. E. Painter,Painter,,,male,Other Member,,Publishing Department,General Organizations,General Conference,,"Wilkinsburg, Pa.",United States
1907,10,A. F. Harrison,Harrison,,,male,Other Member,,Publishing Department,General Organizations,General Conference,,"Graysville, Tenn.",United States
1907,10,J. B. Blosser,Blosser,,,male,Other Member,,Publishing Department,General Organizations,General Conference,,"Berrien Springs, Mich.",United States
1907,10,C. N. Woodward,Woodward,,,male,Other Member,,Publishing Department,General Organizations,General Conference,,"Keene, Tex.",United States
1907,10,A. G. Adams,Adams,,,male,Other Member,,Publishing Department,General Organizations,General Conference,,"Spokane, Wash.",United States
1907,10,I. H. Evans,Evans,,,male,Other Member,,Publishing Department,General Organizations,General Conference,,"Takoma Park Station, Washington, D.C.",United States
1907,10,W. A. Spicer,Spicer,,,male,Other Member,,Publishing Department,General Organizations,General Conference,,"Takoma Park Station, Washington, D.C.",United States
1907,10,W. A. Ruble,Ruble,,,male,Other Member,,Publishing Department,General Organizations,General Conference,,"Takoma Park Station, Washington, D.C.",United States
1907,10,W. C. White,White,,,male,Chairman,,Relief Bureau,General Organizations,General Conference,,"Sanitarium, Napa Co., Cal.",United States
1907,10,E. R. Palmer,Palmer,,,male,Secretary,,Relief Bureau,General Organizations,General Conference,,"Mountain View, Cal.",United States
1907,10,G. A. Irwin,Irwin,,,male,Member,,Relief Bureau,General Organizations,General Conference,,"Takoma Park Station, Washington, D.C.",United States
1907,10,J. E. Froom,Froom,,,male,Member,,Relief Bureau,General Organizations,General Conference,,"Portland, Oregon",United States
1907,10,H. H. Hall,Hall,,,male,Member,,Relief Bureau,General Organizations,General Conference,,"Mountain View, Cal.",United States
1907,10,W. A. George,George,,M.D.,male,Chairman,,Medical Missionary Council,General Organizations,General Conference,,"College View, Nebr.",United States
1907,10,W. A. Ruble,Ruble,,M.D.,male,Secretary,,Medical Missionary Council,General Organizations,General Conference,,"Takoma Park Station, Washington, D.C.",United States
1907,8,A. G. Daniells,Daniells,,,male,President,"Takoma Park Station, Washington, D. C.",General Conference,,General Conference,,"Takoma Park Station, Washington, D.C.",United States
1907,8,O. A. Irwin,Irwin,,,male,Vice-President,"Takoma Park Station, Washington, D. C.",General Conference,,General Conference,,"Takoma Park Station, Washington, D.C.",United States
1907,8,L. R. Conradi,Conradi,,,male,Vice-President,"Grindelberg 15a, Hamburg, Germany",General Conference,,General Conference,,"Hamburg, Germany",Europe
1907,8,W. A. Spicer,Spicer,,,male,Secretary,"Takoma Park Station, Washington, D. C.",General Conference,,General Conference,,"Takoma Park Station, Washington, D.C.",United States
1907,8,I. H. Evans,Evans,,,male,Treasurer,,General Conference,,General Conference,,"Takoma Park Station, Washington, D.C.",United States
1907,8,T. Bowen,Bowen,,,male,Home Secretary,"Takoma Park Station, Washington, D. C.",General Conference,Appointed Assistants,General Conference,,"Takoma Park Station, Washington, D.C.",United States
1907,8,H. E. Rogers,Rogers,,,male,Statistical Secretary,"Takoma Park Station, Washington, D. C.",General Conference,Appointed Assistants,General Conference,,"Takoma Park Station, Washington, D.C.",United States
1907,8,A. G. Daniells,Daniells,,,male,Executive Committee Member,"Takoma Park Station, Washington, D. C.",General Conference,Executive Committee,General Conference,,"Takoma Park Station, Washington, D.C.",United States
1907,8,O. A. Irwin,Irwin,,,male,Executive Committee Member,"Takoma Park Station, Washington, D. C.",General Conference,Executive Committee,General Conference,,"Takoma Park Station, Washington, D.C.",United States
1907,8,E. W. Farnsworth,Farnsworth,,,male,Executive Committee Member,"South Lancaster, Mass.",General Conference,Executive Committee,General Conference,,"South Lancaster, Mass.",United States
1907,8,W. H. Thurston,Thurston,,,male,Executive Committee Member,"123 Albert St., Ottawa, Ontario",General Conference,Executive Committee,General Conference,,"Ottawa, Ontario",Canada
1907,8,Geo. I. Butler,Butler,,,male,Executive Committee Member,"Twenty-fourth Ave., North, Nashville, Tenn.",General Conference,Executive Committee,General Conference,,"Nashville, Tenn.",United States
1907,8,Allen Moon,Moon,,,male,Executive Committee Member,"Room 223, Unity Building, 147 East Market St., Indianapolis, Ind.",General Conference,Executive Committee,General Conference,,"Indianapolis, Ind.",United States
1907,8,R. A. Underwood,Underwood,,,male,Executive Committee Member,"2718 Third Ave., South, Minneapolis, Minn.",General Conference,Executive Committee,General Conference,,"Minneapolis, Minn.",United States
1907,8,E. T. Russell,Russell,,,male,Executive Committee Member,"College View, Nebr.",General Conference,Executive Committee,General Conference,,"College View, Nebr.",United States
1907,8,R. C. Porter,Porter,,,male,Executive Committee Member,"Hamilton, Mo.",General Conference,Executive Committee,General Conference,,"Hamilton, Mo.",United States
1907,8,H. W. Cottrell,Cottrell,,,male,Executive Committee Member,"Mountain View, Cal.",General Conference,Executive Committee,General Conference,,"Mountain View, Cal.",United States
1907,8,W. B. White,White,,,male,Executive Committee Member,"College Place, Wash.",General Conference,Executive Committee,General Conference,,"College Place, Wash.",United States
1907,8,O. A. Olsen,Olsen,,,male,Executive Committee Member,"Elsnath, Burwood St., Strathfield, N. S. W., Australia",General Conference,Executive Committee,General Conference,,"Strathfield, N.S.W., Australia",Australasia
1907,8,L. R. Conradi,Conradi,,,male,Executive Committee Member,"Grindelberg 15a, Hamburg, Germany",General Conference,Executive Committee,General Conference,,"Hamburg, Germany",Europe
1907,8,P. A. Hansen,Hansen,,,male,Executive Committee Member,"Margrethevej 5, Copenhagen, V., Denmark",General Conference,Executive Committee,General Conference,,"Copenhagen, Denmark",Scandinavia
1907,8,E. E. Andross,Andross,,,male,Executive Committee Member,"451 Holloway Road, London, N., England",General Conference,Executive Committee,General Conference,,"London, England",Europe
1907,8,W. S. Hyatt,Hyatt,,,male,Executive Committee Member,"Kenilworth, Cape, South Africa",General Conference,Executive Committee,General Conference,,"Kenilworth, Cape, South Africa",Africa
1907,8,J. W. Westphal,Westphal,,,male,Executive Committee Member,"Casilla 481, Buenos Ayres, Argentina, South America",General Conference,Executive Committee,General Conference,,"Buenos Ayres, Argentina",South America
1907,8,U. Bender,Bender,,,male,Executive Committee Member,"32 Text Lane, Kingston, Jamaica, West Indies",General Conference,Executive Committee,General Conference,,"Kingston, Jamaica",West Indies
1907,8,W. A. Spicer,Spicer,,,male,Executive Committee Member,"Takoma Park Station, Washington, D. C.",General Conference,Executive Committee,General Conference,,"Takoma Park Station, Washington, D.C.",United States
1907,16,K. C. Russell,Russell,,,male,Chairman,"Takoma Park Station, Washington, D. C.",District of Columbia Conference,General Organizations,District of Columbia,,"Washington, D.C.",United States
1907,16,J. H. Neall,Neall,,,male,Secretary,"1528 Ninth St., N. W., Washington, D. C.",District of Columbia Conference,General Organizations,District of Columbia,,"Washington, D.C.",United States
1907,16,I. H. Evans,Evans,,,male,Treasurer,Takoma,District of Columbia Conference,General Organizations,District of Columbia,,"Washington, D.C.",United States
1907,16,G. B. Thompson,Thompson,,,male,Executive Committee Member,,District of Columbia Conference,General Organizations,District of Columbia,,"Washington, D.C.",United States
1907,16,L. C. Sheafe,Sheafe,,,male,Executive Committee Member,,District of Columbia Conference,General Organizations,District of Columbia,,"Washington, D.C.",United States
1907,16,G. A. Stevens,Stevens,,,male,Executive Committee Member,,District of Columbia Conference,General Organizations,District of Columbia,,"Washington, D.C.",United States
1907,16,D. W. Reavis,Reavis,,,male,Executive Committee Member,,District of Columbia Conference,General Organizations,District of Columbia,,"Washington, D.C.",United States
1907,16,J. N. Gillis,Gillis,,,male,Executive Committee Member,,District of Columbia Conference,General Organizations,District of Columbia,,"Washington, D.C.",United States
1907,16,G. T. Harding,Harding,,,male,Executive Committee Member,,District of Columbia Conference,General Organizations,District of Columbia,,"Washington, D.C.",United States
1907,16,L. C. Sheafe,Sheafe,,,male,Minister,"2021 Eighth St., N. W., Washington, D. C.",District of Columbia Conference,General Organizations,District of Columbia,,"Washington, D.C.",United States
1907,16,A. J. Bristol,Bristol,,,male,Licentiate,"Blair Road, Takoma",District of Columbia Conference,General Organizations,District of Columbia,,"Washington, D.C.",United States
1907,16,G. A. Stevens,Stevens,,,male,Licentiate,"1658-A Avon Place, N. W., Washington, D. C.",District of Columbia Conference,General Organizations,District of Columbia,,"Washington, D.C.",United States
1907,16,L. M. Slocum,Slocum,Miss,,female,Missionary Licentiate,"1528 Ninth St., Washington, D. C.",District of Columbia Conference,General Organizations,District of Columbia,,"Washington, D.C.",United States
1907,16,Annie C. Sheafe,Sheafe,Mrs.,,female,Missionary Licentiate,"2021 Eighth St., Washington, D. C.",District of Columbia Conference,General Organizations,District of Columbia,,"Washington, D.C.",United States
1907,16,H. N. Sisco,Sisco,,,male,Missionary Licentiate,"1 and 2 Iowa Circle, Washington, D. C.",District of Columbia Conference,General Organizations,District of Columbia,,"Washington, D.C.",United States
1907,16,P. S. Sisco,Sisco,Mrs.,,female,Missionary Licentiate,"1 and 2 Iowa Circle, Washington, D. C.",District of Columbia Conference,General Organizations,District of Columbia,,"Washington, D.C.",United States
1907,16,E. W. Farnsworth,Farnsworth,,,male,President,"South Lancaster, Mass.",Atlantic Union Conference,General Organizations,Atlantic Union,,"South Lancaster, Mass.",United States
1907,16,W. J. Fitzgerald,Fitzgerald,,,male,Vice-President,"1730 North Nineteenth St., Philadelphia, Pa.",Atlantic Union Conference,General Organizations,Atlantic Union,,"Philadelphia, Pa.",United States
1907,16,Jennie Thayer,Thayer,Miss,,female,Secretary and Treasurer,"South Lancaster, Mass.",Atlantic Union Conference,General Organizations,Atlantic Union,,"South Lancaster, Mass.",United States
1907,16,E. R. Brown,Brown,,,male,Auditor,,Atlantic Union Conference,General Organizations,Atlantic Union,,"South Lancaster, Mass.",United States
1907,16,F. E. Painter,Painter,,,male,General Missionary Agent,"Wilkinsburg, Pa.",Atlantic Union Conference,General Organizations,Atlantic Union,,"Wilkinsburg, Pa.",United States
1907,16,Frederick Griggs,Griggs,,,male,Executive Committee Member,,Atlantic Union Conference,General Organizations,Atlantic Union,,"South Lancaster, Mass.",United States
1907,16,C. C. Nicola,Nicola,,,male,Executive Committee Member,,Atlantic Union Conference,General Organizations,Atlantic Union,,"South Lancaster, Mass.",United States
1907,16,S. N. Curtiss,Curtiss,,,male,Executive Committee Member,,Atlantic Union Conference,General Organizations,Atlantic Union,,"South Lancaster, Mass.",United States
1907,16,E. E. Miles,Miles,,,male,Executive Committee Member,,Atlantic Union Conference,General Organizations,Atlantic Union,,"South Lancaster, Mass.",United States
1907,16,Eugene W. Farnsworth,Farnsworth,,,male,President,"Atlantic Union Conference Association of Seventh-day Adventists, Trustee",Atlantic Union Conference Association of Seventh-day Adventists,General Organizations,Atlantic Union,,"South Lancaster, Mass.",United States
1907,16,Horace B. Tucker,Tucker,,,male,Secretary and Treasurer,"Atlantic Union Conference Association of Seventh-day Adventists, Trustee",Atlantic Union Conference Association of Seventh-day Adventists,General Organizations,Atlantic Union,,"South Lancaster, Mass.",United States
1907,16,William J. Fitzgerald,Fitzgerald,,,male,Trustee,,Atlantic Union Conference Association of Seventh-day Adventists,General Organizations,Atlantic Union,,"South Lancaster, Mass.",United States
1907,16,Frederick Griggs,Griggs,,,male,Trustee,,Atlantic Union Conference Association of Seventh-day Adventists,General Organizations,Atlantic Union,,"South Lancaster, Mass.",United States
1907,16,Charles H. Edwards,Edwards,,,male,Trustee,,Atlantic Union Conference Association of Seventh-day Adventists,General Organizations,Atlantic Union,,"South Lancaster, Mass.",United States
1907,16,J. E. Jayne,Jayne,,,male,Auditor,,Atlantic Union Conference,General Organizations,Atlantic Union,,"South Lancaster, Mass.",United States
1907,16,G. T. Harding,Harding,,M.D.,male,"Advisory Committee Member, Medical Missionary Department",,Atlantic Union Conference,General Organizations,Atlantic Union,,"South Lancaster, Mass.",United States
1907,16,C. C. Nicola,Nicola,,M.D.,male,"Advisory Committee Member, Medical Missionary Department",,Atlantic Union Conference,General Organizations,Atlantic Union,,"South Lancaster, Mass.",United States
1907,16,H. B. Knapp,Knapp,,M.D.,male,"Advisory Committee Member, Medical Missionary Department",,Atlantic Union Conference,General Organizations,Atlantic Union,,"South Lancaster, Mass.",United States
1907,16,E. F. Otis,Otis,,M.D.,male,"Advisory Committee Member, Medical Missionary Department",,Atlantic Union Conference,General Organizations,Atlantic Union,,"South Lancaster, Mass.",United States
1907,16,Patience Bourdeau-Sisco,Bourdeau-Sisco,Mrs.,M.D.,female,"Advisory Committee Member, Medical Missionary Department",,Atlantic Union Conference,General Organizations,Atlantic Union,,"South Lancaster, Mass.",United States
1907,16,G. H. Heald,Heald,,M.D.,male,"Advisory Committee Member, Medical Missionary Department",,Atlantic Union Conference,General Organizations,Atlantic Union,,"South Lancaster, Mass.",United States
1907,16,J. E. Jayne,Jayne,,,male,"Advisory Committee Member, Medical Missionary Department",,Atlantic Union Conference,General Organizations,Atlantic Union,,"South Lancaster, Mass.",United States
1907,16,C. H. Edwards,Edwards,,,male,"Advisory Committee Member, Medical Missionary Department",,Atlantic Union Conference,General Organizations,Atlantic Union,,"South Lancaster, Mass.",United States
1907,16,W. J. Fitzgerald,Fitzgerald,,,male,"Advisory Committee Member, Medical Missionary Department",,Atlantic Union Conference,General Organizations,Atlantic Union,,"South Lancaster, Mass.",United States
1907,16,Frederick Griggs,Griggs,,,male,"Chairman, Educational Department",,Atlantic Union Conference,General Organizations,Atlantic Union,,"South Lancaster, Mass.",United States
1907,16,W. J. Fitzgerald,Fitzgerald,,,male,"Secretary, Educational Department",,Atlantic Union Conference,General Organizations,Atlantic Union,,"South Lancaster, Mass.",United States
1907,16,W. A. Westworth,Westworth,,,male,"Member, Educational Department",,Atlantic Union Conference,General Organizations,Atlantic Union,,"South Lancaster, Mass.",United States
1907,16,S. J. Hall,Hall,Mrs.,,female,"Member, Educational Department",,Atlantic Union Conference,General Organizations,Atlantic Union,,"South Lancaster, Mass.",United States
1907,16,H. W. Carr,Carr,,,male,"Member, Educational Department",,Atlantic Union Conference,General Organizations,Atlantic Union,,"South Lancaster, Mass.",United States
1907,16,C. H. Edwards,Edwards,,,male,"Member, Educational Department",,Atlantic Union Conference,General Organizations,Atlantic Union,,"South Lancaster, Mass.",United States
1907,16,J. E. Jayne,Jayne,,,male,"Member, Educational Department",,Atlantic Union Conference,General Organizations,Atlantic Union,,"South Lancaster, Mass.",United States
1907,12,I. H. Evans,Evans,,,male,Secretary,,General Conference,General Organizations,General Conference,,"Takoma Park Station, Washington, D. C.",United States
1907,12,G. F. Haffner,Haffner,,,male,Superintendent,German Department west of Mississippi River,General Conference,General Organizations,General Conference,,"Shattuck, Okla.",United States
1907,12,O. E. Reinke,Reinke,,,male,Superintendent,German Department east of Mississippi River,General Conference,General Organizations,General Conference,,"974 East 138th St., New York, N. Y.",United States
1907,12,S. Mortenson,Mortenson,,,male,Superintendent,Swedish Department,General Conference,General Organizations,General Conference,,"5942 Peoria St., Chicago, Ill.",United States
1907,12,L. H. Christian,Christian,,,male,Superintendent,Danish-Norwegian Department,General Conference,General Organizations,General Conference,,"Room 670, 324 Dearborn St., Chicago, Ill.",United States
1907,12,B. G. Wilkinson,Wilkinson,,,male,Other Member,,General Conference,General Organizations,General Conference,,"Takoma Park Station, Washington, D. C.",United States
1907,12,I. H. Evans,Evans,,,male,Transportation Agent,Also general agent for transatlantic steamship lines,General Conference,General Organizations,General Conference,,"Takoma Park Station, Washington, D. C.",United States
1907,12,C. H. Jones,Jones,,,male,Transportation Agent,Also general agent for transpacific steamship lines,General Conference,General Organizations,General Conference,,"Mountain View, Cal.",United States
1907,12,C. L. Kilgore,Kilgore,,,male,Transportation Agent,,General Conference,General Organizations,General Conference,,"Graysville, Tenn.",United States
1907,12,I. A. Ford,Ford,,,male,Transportation Agent,,General Conference,General Organizations,General Conference,,"Twenty-fourth Ave., North, Nashville, Tenn.",United States
1907,12,Wm. Covert,Covert,,,male,Transportation Agent,,General Conference,General Organizations,General Conference,,"Room 670, 324 Dearborn St., Chicago, Ill.",United States
1907,12,H. A. Morrison,Morrison,,,male,Transportation Agent,,General Conference,General Organizations,General Conference,,"College View, Nebr.",United States
1907,12,C. M. Everest,Everest,,,male,Transportation Agent,,General Conference,General Organizations,General Conference,,"Box 989, Minneapolis, Minn.",United States
1907,12,Jas. Cochran,Cochran,,,male,Transportation Agent,,General Conference,General Organizations,General Conference,,"1109 East Twelfth St., Kansas City, Mo.",United States
1907,12,Meade MacGuire,MacGuire,,,male,Transportation Agent,,General Conference,General Organizations,General Conference,,"1112 South Eleventh St., Denver, Colo.",United States
1907,12,C. N. Woodward,Woodward,,,male,Transportation Agent,,General Conference,General Organizations,General Conference,,"Keene, Tex.",United States
1907,12,A. Bacon,Bacon,,,male,Transportation Agent,,General Conference,General Organizations,General Conference,,"451 Holloway Road, London, N., England",Europe
1907,12,George Fisher,Fisher,,,male,Transportation Agent,,General Conference,General Organizations,General Conference,,"Burwood St., Strathfield, N. S. W., Australia",Australia
1907,12,H. W. Decker,Decker,,,male,Transportation Agent,,General Conference,General Organizations,General Conference,,"Mt. Tabor Station, Portland, Oregon",United States
1907,12,W. Ising,Ising,,,male,Transportation Agent,,General Conference,General Organizations,General Conference,,"Grindelberg 15a, Hamburg, Germany",Europe
1907,12,O. O. Fortner,Fortner,,,male,Transportation Agent,,General Conference,General Organizations,General Conference,,"Kenilworth, Cape, South Africa",Africa
1907,12,N. Z. Town,Town,,,male,Transportation Agent,,General Conference,General Organizations,General Conference,,"Casilla 481, Buenos Ayres, Argentine Republic, South America",South America
1907,12,J. M. Calvert,Calvert,,,male,Transportation Agent,,General Conference,General Organizations,General Conference,,"1159 Jackson Ave., Bronx, New York, N. Y.",United States
1907,12,A. G. Daniells,Daniells,,,male,President,,General Conference Corporation,Legal Corporations,General Conference,,"Takoma Park Station, Washington, D. C.",United States
1907,12,W. A. Spicer,Spicer,,,male,Secretary,,General Conference Corporation,Legal Corporations,General Conference,,"Takoma Park Station, Washington, D. C.",United States
1907,12,I. H. Evans,Evans,,,male,Treasurer,,General Conference Corporation,Legal Corporations,General Conference,,"Takoma Park Station, Washington, D. C.",United States
1907,12,A. G. Daniells,Daniells,,,male,Board of Trustees,,General Conference Corporation,Legal Corporations,General Conference,,"Takoma Park Station, Washington, D. C.",United States
1907,12,I. H. Evans,Evans,,,male,Board of Trustees,,General Conference Corporation,Legal Corporations,General Conference,,"Takoma Park Station, Washington, D. C.",United States
1907,12,W. W. Prescott,Prescott,,,male,Board of Trustees,,General Conference Corporation,Legal Corporations,General Conference,,"Takoma Park Station, Washington, D. C.",United States
1907,12,G. A. Irwin,Irwin,,,male,Board of Trustees,,General Conference Corporation,Legal Corporations,General Conference,,"Takoma Park Station, Washington, D. C.",United States
1907,12,K. C. Russell,Russell,,,male,Board of Trustees,,General Conference Corporation,Legal Corporations,General Conference,,"Takoma Park Station, Washington, D. C.",United States
1907,12,S. N. Curtiss,Curtiss,,,male,Board of Trustees,,General Conference Corporation,Legal Corporations,General Conference,,"Takoma Park Station, Washington, D. C.",United States
1907,12,A. P. Needham,Needham,,,male,Board of Trustees,,General Conference Corporation,Legal Corporations,General Conference,,"Takoma Park Station, Washington, D. C.",United States
1907,12,A. G. Daniells,Daniells,,,male,President,,General Conference Association,Legal Corporations,General Conference,,"Takoma Park Station, Washington, D. C.",United States
1907,12,I. H. Evans,Evans,,,male,Treasurer,,General Conference Association,Legal Corporations,General Conference,,"Takoma Park Station, Washington, D. C.",United States
1907,12,H. E. Rogers,Rogers,,,male,Secretary,,General Conference Association,Legal Corporations,General Conference,,"Takoma Park Station, Washington, D. C.",United States
1907,12,W. A. Spicer,Spicer,,,male,Member,,General Conference Association,Legal Corporations,General Conference,,"Takoma Park Station, Washington, D. C.",United States
1907,12,W. W. Prescott,Prescott,,,male,Member,,General Conference Association,Legal Corporations,General Conference,,"Takoma Park Station, Washington, D. C.",United States
1907,12,K. C. Russell,Russell,,,male,Member,,General Conference Association,Legal Corporations,General Conference,,"Takoma Park Station, Washington, D. C.",United States
1907,12,G. A. Irwin,Irwin,,,male,Member,,General Conference Association,Legal Corporations,General Conference,,"Takoma Park Station, Washington, D. C.",United States
1907,12,P. T. Magan,Magan,,,male,Member,,General Conference Association,Legal Corporations,General Conference,,"Takoma Park Station, Washington, D. C.",United States
1907,12,Allen Moon,Moon,,,male,Member,,General Conference Association,Legal Corporations,General Conference,,"Takoma Park Station, Washington, D. C.",United States
1907,12,Wm. Covert,Covert,,,male,Member,,General Conference Association,Legal Corporations,General Conference,,"Takoma Park Station, Washington, D. C.",United States
1907,12,A. G. Haughey,Haughey,,,male,Member,,General Conference Association,Legal Corporations,General Conference,,"Takoma Park Station, Washington, D. C.",United States
1907,12,H. A. Underwood,Underwood,,,male,Member,,General Conference Association,Legal Corporations,General Conference,,"Takoma Park Station, Washington, D. C.",United States
1907,12,J. E. Jayne,Jayne,,,male,Member,,General Conference Association,Legal Corporations,General Conference,,"Takoma Park Station, Washington, D. C.",United States
1907,12,H. W. Cottrell,Cottrell,,,male,Member,,General Conference Association,Legal Corporations,General Conference,,"Takoma Park Station, Washington, D. C.",United States
1907,12,S. N. Curtiss,Curtiss,,,male,Member,,General Conference Association,Legal Corporations,General Conference,,"Takoma Park Station, Washington, D. C.",United States
1907,12,J. S. Comins,Comins,,,male,Member,,General Conference Association,Legal Corporations,General Conference,,"Takoma Park Station, Washington, D. C.",United States
1907,12,A. E. Place,Place,,,male,Member,,General Conference Association,Legal Corporations,General Conference,,"Takoma Park Station, Washington, D. C.",United States
1907,12,D. B. Parmelee,Parmelee,,,male,Member,,General Conference Association,Legal Corporations,General Conference,,"Takoma Park Station, Washington, D. C.",United States
1907,12,J. Sutherland,Sutherland,,,male,Member,,General Conference Association,Legal Corporations,General Conference,,"Takoma Park Station, Washington, D. C.",United States
1907,12,T. E. Bowen,Bowen,,,male,Member,,General Conference Association,Legal Corporations,General Conference,,"Takoma Park Station, Washington, D. C.",United States
1907,12,Frederick Griggs,Griggs,,,male,Member,,General Conference Association,Legal Corporations,General Conference,,"Takoma Park Station, Washington, D. C.",United States
1907,12,A. G. Daniells,Daniells,,,male,Executive Committee,,General Conference Association,Legal Corporations,General Conference,,"Takoma Park Station, Washington, D. C.",United States
1907,12,W. W. Prescott,Prescott,,,male,Executive Committee,,General Conference Association,Legal Corporations,General Conference,,"Takoma Park Station, Washington, D. C.",United States
1907,12,I. H. Evans,Evans,,,male,Executive Committee,,General Conference Association,Legal Corporations,General Conference,,"Takoma Park Station, Washington, D. C.",United States
1907,12,W. A. Spicer,Spicer,,,male,Executive Committee,,General Conference Association,Legal Corporations,General Conference,,"Takoma Park Station, Washington, D. C.",United States
1907,17,E. W. Farnsworth,Farnsworth,,,male,Minister,,Central New England Conference,Atlantic Union Conference,Central New England,,"South Lancaster, Mass.",United States
1907,17,W. J. Fitzgerald,Fitzgerald,,,male,Minister,,Central New England Conference,Atlantic Union Conference,Central New England,,"Philadelphia, Pa.",United States
1907,17,Roy F. Cottrell,Cottrell,,,male,Minister,,Central New England Conference,Atlantic Union Conference,Central New England,,"South Lancaster, Mass.",United States
1907,17,F. E. Painter,Painter,,,male,Licentiate,,Central New England Conference,Atlantic Union Conference,Central New England,,"Wilkinsburg, Pa.",United States
1907,17,Roy F. Cottrell,Cottrell,,,male,Licentiate,,Central New England Conference,Atlantic Union Conference,Central New England,,"South Lancaster, Mass.",United States
1907,17,E. E. Miles,Miles,,,male,Licentiate,,Central New England Conference,Atlantic Union Conference,Central New England,,"South Lancaster, Mass.",United States
1907,17,J. Wallenkampf,Wallenkampf,,,male,Licentiate,,Central New England Conference,Atlantic Union Conference,Central New England,,"Worcester, Mass.",United States
1907,17,F. W. Stray,Stray,,,male,Licentiate,,Central New England Conference,Atlantic Union Conference,Central New England,,"Springfield, Mass.",United States
1907,17,Arthur E. Sanderson,Sanderson,,,male,Licentiate,,Central New England Conference,Atlantic Union Conference,Central New England,,"Lawrence, Mass.",United States
1907,17,W. R. Uchtman,Uchtman,,,male,Licentiate,,Central New England Conference,Atlantic Union Conference,Central New England,,"Boston, Mass.",United States
1907,17,C. F. Ulrich,Ulrich,,,male,Licentiate,,Central New England Conference,Atlantic Union Conference,Central New England,,"South Lancaster, Mass.",United States
1907,17,H. F. Ketring,Ketring,,,male,President,,Central New England Conference,Atlantic Union Conference,Central New England,,"South Lancaster, Mass.",United States
1907,17,H. B. Tucker,Tucker,,,male,Secretary and Treasurer of Conference and Tract Society,,Central New England Conference,Atlantic Union Conference,Central New England,,"South Lancaster, Mass.",United States
1907,17,Mrs. Lee S. Wheeler,Wheeler,Mrs.,,female,Sabbath-school and Missionary Secretary,,Central New England Conference,Atlantic Union Conference,Central New England,,"Malden, Mass.",United States
1907,17,H. C. Wilcox,Wilcox,,,male,Field Missionary Agent,,Central New England Conference,Atlantic Union Conference,Central New England,,"South Lancaster, Mass.",United States
1907,17,H. F. Ketring,Ketring,,,male,Minister,,Central New England Conference,Atlantic Union Conference,Central New England,,"South Lancaster, Mass.",United States
1907,17,Lee S. Wheeler,Wheeler,,,male,Minister,,Central New England Conference,Atlantic Union Conference,Central New England,,"Malden, Mass.",United States
1907,17,F. C. Gilbert,Gilbert,,,male,Minister,,Central New England Conference,Atlantic Union Conference,Central New England,,"South Lancaster, Mass.",United States
1907,17,H. E. Robinson,Robinson,,,male,Minister,,Central New England Conference,Atlantic Union Conference,Central New England,,"Melrose, Mass.",United States
1907,17,H. C. Hartwell,Hartwell,,,male,Minister,,Central New England Conference,Atlantic Union Conference,Central New England,,"Athol, Mass.",United States
1907,17,C. E. Palmer,Palmer,,,male,Minister,,Central New England Conference,Atlantic Union Conference,Central New England,,"Everett, Mass.",United States
1907,17,H. C. Wilcox,Wilcox,,,male,Minister,,Central New England Conference,Atlantic Union Conference,Central New England,,"South Lancaster, Mass.",United States
1907,17,Mrs. M. E. Clark,Clark,Mrs.,,female,Missionary Licentiate,,Central New England Conference,Atlantic Union Conference,Central New England,,"Lawrence, Mass.",United States
1907,17,Miss Jennie Person,Person,Miss,,female,Missionary Licentiate,,Central New England Conference,Atlantic Union Conference,Central New England,,"Boston, Mass.",United States
1907,17,Miss Minnie A. Sanderson,Sanderson,Miss,,female,Missionary Licentiate,,Central New England Conference,Atlantic Union Conference,Central New England,,"Boston, Mass.",United States
1907,17,Mrs. M. A. Wheeler,Wheeler,Mrs.,,female,Missionary Licentiate,,Central New England Conference,Atlantic Union Conference,Central New England,,"Boston, Mass.",United States
1907,17,Miss Anna Downs,Downs,Miss,,female,Missionary Licentiate,,Central New England Conference,Atlantic Union Conference,Central New England,,"Everett, Mass.",United States
1907,17,Mrs. Ella Wilber,Wilber,Mrs.,,female,Missionary Licentiate,,Central New England Conference,Atlantic Union Conference,Central New England,,"South Lancaster, Mass.",United States
1907,17,Mrs. R. F. Cottrell,Cottrell,Mrs.,,female,Missionary Licentiate,,Central New England Conference,Atlantic Union Conference,Central New England,,"South Lancaster, Mass.",United States
1907,17,Edgar A. Von Pohle,Von Pohle,,,male,Missionary Licentiate,,Central New England Conference,Atlantic Union Conference,Central New England,,"South Lancaster, Mass.",United States
1907,17,William E. Gerald,Gerald,,,male,Licensed Colporteur,,Central New England Conference,Atlantic Union Conference,Central New England,,"South Lancaster, Mass.",United States
1907,17,Miss Cora A. Spencer,Spencer,Miss,,female,Licensed Colporteur,,Central New England Conference,Atlantic Union Conference,Central New England,,"Worcester, Mass.",United States
1907,17,A. Judson Rice,Rice,,,male,Licensed Colporteur,,Central New England Conference,Atlantic Union Conference,Central New England,,"Chelmsford, Mass.",United States
1907,17,Mrs. A. J. Rice,Rice,Mrs.,,female,Licensed Colporteur,,Central New England Conference,Atlantic Union Conference,Central New England,,"Chelmsford, Mass.",United States
1907,17,William W. Rice,Rice,,,male,Licensed Colporteur,,Central New England Conference,Atlantic Union Conference,Central New England,,"Merrimac, Mass.",United States
1907,17,Mrs. G. Laycock,Laycock,Mrs.,,female,Licensed Colporteur,,Central New England Conference,Atlantic Union Conference,Central New England,,"Worcester, Mass.",United States
1907,17,D. A. Piper,Piper,,,male,Licensed Colporteur,,Central New England Conference,Atlantic Union Conference,Central New England,,"Hillsboro Bridge, N. H.",United States
1907,17,Miss Sadie E. Clark,Clark,Miss,,female,Church-School Teacher,,Central New England Conference,Atlantic Union Conference,Central New England,,"Athol, Mass.",United States
1907,18,Florence Kidder,Kidder,Miss,,female,,,Atlantic Union Conference,Atlantic Union Conference,Atlantic Union,,"Worcester, Mass.",United States
1907,18,Rowena Purdon,Purdon,Miss,,female,,,Atlantic Union Conference,Atlantic Union Conference,Atlantic Union,,"South Lancaster, Mass.",United States
1907,18,Morris Lukens,Lukens,,,male,President,,Chesapeake Conference,Atlantic Union Conference,Chesapeake,,"Baltimore, Md.",United States
1907,18,Edwin B. Nutter,Nutter,,,male,Secretary and Treasurer of Conference and Tract Society,,Chesapeake Conference,Atlantic Union Conference,Chesapeake,,"Baltimore, Md.",United States
1907,18,W. C. Fleisher,Fleisher,,,male,Field Missionary Agent,,Chesapeake Conference,Atlantic Union Conference,Chesapeake,,"Baltimore, Md.",United States
1907,18,Emma S. Newcomer,Newcomer,Miss,,female,Sabbath-school Secretary,,Chesapeake Conference,Atlantic Union Conference,Chesapeake,,"Hagerstown, Md.",United States
1907,18,Lula I. Tarbell,Tarbell,Miss,,female,Educational Secretary,,Chesapeake Conference,Atlantic Union Conference,Chesapeake,,"Rock Hall, Md.",United States
1907,18,V. H. Lucas,Lucas,,,male,Religious Liberty Secretary,,Chesapeake Conference,Atlantic Union Conference,Chesapeake,,"Takoma Park Station, Washington, D. C.",United States
1907,18,Morris Lukens,Lukens,,,male,Executive Committee Member,,Chesapeake Conference,Atlantic Union Conference,Chesapeake,,"Baltimore, Md.",United States
1907,18,E. R. Nutter,Nutter,,,male,Executive Committee Member,,Chesapeake Conference,Atlantic Union Conference,Chesapeake,,"Baltimore, Md.",United States
1907,18,J. F. Jones,Jones,,,male,Executive Committee Member,,Chesapeake Conference,Atlantic Union Conference,Chesapeake,,,United States
1907,18,N. C. Dreer,Dreer,,,male,Executive Committee Member,,Chesapeake Conference,Atlantic Union Conference,Chesapeake,,,United States
1907,18,S. H. Lister,Lister,,,male,Executive Committee Member,,Chesapeake Conference,Atlantic Union Conference,Chesapeake,,,United States
1907,18,Morris Lukens,Lukens,,,male,Minister,,Chesapeake Conference,Atlantic Union Conference,Chesapeake,,"Baltimore, Md.",United States
1907,18,John F. Jones,Jones,,,male,Minister,,Chesapeake Conference,Atlantic Union Conference,Chesapeake,,"Wilmington, Del.",United States
1907,18,J. A. Traugh,Traugh,,,male,Minister,,Chesapeake Conference,Atlantic Union Conference,Chesapeake,,"Cumberland, Md.",United States
1907,18,V. H. Lucas,Lucas,,,male,Minister,,Chesapeake Conference,Atlantic Union Conference,Chesapeake,,"Takoma Park Station, Washington, D. C.",United States
1907,18,Fred H. Seeney,Seeney,,,male,Minister,,Chesapeake Conference,Atlantic Union Conference,Chesapeake,,"Cheswold, Del.",United States
1907,18,E. R. Nutter,Nutter,,,male,Missionary Licentiate,,Chesapeake Conference,Atlantic Union Conference,Chesapeake,,"Baltimore, Md.",United States
1907,18,W. H. Pohle,Pohle,,,male,Missionary Licentiate,,Chesapeake Conference,Atlantic Union Conference,Chesapeake,,"Baltimore, Md.",United States
1907,18,Emma S. Newcomer,Newcomer,Miss,,female,Missionary Licentiate,,Chesapeake Conference,Atlantic Union Conference,Chesapeake,,"Hagerstown, Md.",United States
1907,18,Lula I. Tarbell,Tarbell,Miss,,female,Missionary Licentiate,,Chesapeake Conference,Atlantic Union Conference,Chesapeake,,"Rock Hall, Md.",United States
1907,18,May G. Cole,Cole,Miss,,female,Missionary Licentiate,,Chesapeake Conference,Atlantic Union Conference,Chesapeake,,"Baltimore, Md.",United States
1907,18,W. C. Fleisher,Fleisher,,,male,Missionary Licentiate,,Chesapeake Conference,Atlantic Union Conference,Chesapeake,,"Baltimore, Md.",United States
1907,18,Mary I. Cobban,Cobban,Miss,,female,Church-School Teacher,,Chesapeake Conference,Atlantic Union Conference,Chesapeake,,"Ford's Store, Md.",United States
1907,18,Lillian E. Warneck,Warneck,Miss,,female,Church-School Teacher,,Chesapeake Conference,Atlantic Union Conference,Chesapeake,,"Cheswold, Del.",United States
1907,18,Mae E. Willis,Willis,Miss,,female,Church-School Teacher,,Chesapeake Conference,Atlantic Union Conference,Chesapeake,,"Cumberland, Md.",United States
1907,18,W. Fitzgerald,Fitzgerald,,,male,President,,Eastern Pennsylvania Conference,Atlantic Union Conference,Eastern Pennsylvania,,"Philadelphia, Pa.",United States
1907,18,W. H. Smith,Smith,,,male,Vice-President,,Eastern Pennsylvania Conference,Atlantic Union Conference,Eastern Pennsylvania,,"Williamsport, Pa.",United States
1907,18,V. H. Cook,Cook,,,male,Secretary and Treasurer of Conference and Tract Society,,Eastern Pennsylvania Conference,Atlantic Union Conference,Eastern Pennsylvania,,"Philadelphia, Pa.",United States
1907,18,J. R. Ebersole,Ebersole,,,male,Field Missionary Agent,,Eastern Pennsylvania Conference,Atlantic Union Conference,Eastern Pennsylvania,,"Elizabethtown, Pa.",United States
1907,20,L. H. Proctor,Proctor,,,male,Minister,"Utica Ave. and Furnell St., Brooklyn, N. Y.",Greater New York Conference,Atlantic Union Conference,Greater New York,,"Brooklyn, N. Y.",United States
1907,20,M. L. Andreasen,Andreasen,,,male,Minister,"338 Seventy-sixth St., Brooklyn, N. Y.",Greater New York Conference,Atlantic Union Conference,Greater New York,,"Brooklyn, N. Y.",United States
1907,20,J. K. Humphrey,Humphrey,,,male,Minister,"2364 Pitkin Ave., Brooklyn, N. Y.",Greater New York Conference,Atlantic Union Conference,Greater New York,,"Brooklyn, N. Y.",United States
1907,20,H. C. Giles,Giles,,,male,Minister,"535 West 110th St., New York, N. Y.",Greater New York Conference,Atlantic Union Conference,Greater New York,,"New York, N. Y.",United States
1907,20,J. J. Kennedy,Kennedy,,,male,Licentiate,1482 Avenue A,Greater New York Conference,Atlantic Union Conference,Greater New York,,"New York, N. Y.",United States
1907,20,G. E. Nord,Nord,,,male,Licentiate,21 East 110th St.,Greater New York Conference,Atlantic Union Conference,Greater New York,,"New York, N. Y.",United States
1907,20,B. Voth,Voth,,,male,Licentiate,"720 Himrod St., Brooklyn, N. Y.",Greater New York Conference,Atlantic Union Conference,Greater New York,,"Brooklyn, N. Y.",United States
1907,20,J. C. Hennessy,Hennessy,,,male,Licentiate,"11 Oakley St., Poughkeepsie, N. Y.",Greater New York Conference,Atlantic Union Conference,Greater New York,,"Poughkeepsie, N. Y.",United States
1907,20,L. Zechetto,Zechetto,,,male,Licentiate,"18 and 20 West 107th St., New York, N. Y.",Greater New York Conference,Atlantic Union Conference,Greater New York,,"New York, N. Y.",United States
1907,20,Amos Mitchell,Mitchell,,,male,Licentiate,"5517 New Utrecht Ave., Brooklyn, N. Y.",Greater New York Conference,Atlantic Union Conference,Greater New York,,"Brooklyn, N. Y.",United States
1907,20,P. E. Brotherson,Brotherson,,,male,Licentiate,535 West 110th St.,Greater New York Conference,Atlantic Union Conference,Greater New York,,"New York, N. Y.",United States
1907,20,Mrs. R. Leo,Leo,Mrs.,,female,Missionary Licentiate,"275 Euclid Ave., Brooklyn, N. Y.",Greater New York Conference,Atlantic Union Conference,Greater New York,,"Brooklyn, N. Y.",United States
1907,20,Mrs. M. A. Scribner,Scribner,Mrs.,,female,Missionary Licentiate,"215 South Third Ave., Mt. Vernon, N. Y.",Greater New York Conference,Atlantic Union Conference,Greater New York,,"Mt. Vernon, N. Y.",United States
1907,20,Alice Williams,Williams,,,female,Missionary Licentiate,177 Schenectady,Greater New York Conference,Atlantic Union Conference,Greater New York,,"New York, N. Y.",United States
1907,20,Eliza Kehrein,Kehrein,,,female,Missionary Licentiate,864 East 140th St.,Greater New York Conference,Atlantic Union Conference,Greater New York,,"New York, N. Y.",United States
1907,20,R. Hannaford,Hannaford,,,,Missionary Licentiate,275 Euclid Ave.,Greater New York Conference,Atlantic Union Conference,Greater New York,,"New York, N. Y.",United States
1907,20,H. Borchgrevink,Borchgrevink,,,male,Missionary Licentiate,"275 Twenty-second St., Brooklyn, N. Y.",Greater New York Conference,Atlantic Union Conference,Greater New York,,"Brooklyn, N. Y.",United States
1907,20,A. Meyer,Meyer,,,male,Missionary Licentiate,78 Norwood Ave.,Greater New York Conference,Atlantic Union Conference,Greater New York,,"New York, N. Y.",United States
1907,20,Henry Pankoke,Pankoke,,,male,Missionary Licentiate,"504 East Seventy-ninth St., New York, N. Y.",Greater New York Conference,Atlantic Union Conference,Greater New York,,"New York, N. Y.",United States
1907,20,R. H. Martin,Martin,,,male,Missionary Licentiate,535 West 110th St.,Greater New York Conference,Atlantic Union Conference,Greater New York,,"New York, N. Y.",United States
1907,20,J. Mitchell,Mitchell,,,male,Missionary Licentiate,234 East Fifty-third,Greater New York Conference,Atlantic Union Conference,Greater New York,,"New York, N. Y.",United States
1907,20,C. De W. Sharp,Sharp,,,male,Missionary Licentiate,535 West 110th St.,Greater New York Conference,Atlantic Union Conference,Greater New York,,"New York, N. Y.",United States
1907,20,H. Tonjes,Tonjes,,,male,Missionary Licentiate,535 West 110th St.,Greater New York Conference,Atlantic Union Conference,Greater New York,,"New York, N. Y.",United States
1907,20,F. Scharff,Scharff,,,male,Missionary Licentiate,535 West 110th St.,Greater New York Conference,Atlantic Union Conference,Greater New York,,"New York, N. Y.",United States
1907,20,Mrs. E. S. Sydnor,Sydnor,Mrs.,,female,Missionary Licentiate,"Corona, Long Island, N. Y.",Greater New York Conference,Atlantic Union Conference,Greater New York,,"Corona, Long Island, N. Y.",United States
1907,20,S. J. Hersum,Hersum,,,male,President,"Richmond, Me.",Maine Conference,Atlantic Union Conference,Maine,,"Richmond, Me.",United States
1907,20,J. B. Goodrich,Goodrich,,,male,Vice-President,"Blaine, Me.",Maine Conference,Atlantic Union Conference,Maine,,"Blaine, Me.",United States
1907,20,Eliza H. Morton,Morton,Miss,,female,Secretary and Treasurer of Conference and Tract Society,"365 Allen Ave., North Deering, Me.",Maine Conference,Atlantic Union Conference,Maine,,"North Deering, Me.",United States
1907,20,Lilla M. Grant,Grant,Miss,,female,Secretary and Treasurer Sabbath-school Dept.,"North Jay, Me.",Maine Conference,Atlantic Union Conference,Maine,,"North Jay, Me.",United States
1907,20,C. H. Harmon,Harmon,,,male,Executive Committee Member,"Cliff Island, Me.",Maine Conference,Atlantic Union Conference,Maine,,"Cliff Island, Me.",United States
1907,20,John Easier,Easier,,,male,Executive Committee Member,"Richmond, Me.",Maine Conference,Atlantic Union Conference,Maine,,"Richmond, Me.",United States
1907,20,E. C. Taylor,Taylor,,,male,Executive Committee Member,"South Norridgewock, Me.",Maine Conference,Atlantic Union Conference,Maine,,"South Norridgewock, Me.",United States
1907,20,C. H. Harmon,Harmon,,,male,"President, Benevolent Association of Seventh-day Adventists",,Maine Conference,Atlantic Union Conference,Maine,Benevolent Association of Seventh-day Adventists,Maine,United States
1907,20,R. T. Hobbs,Hobbs,,,male,"Vice-President, Benevolent Association of Seventh-day Adventists",,Maine Conference,Atlantic Union Conference,Maine,Benevolent Association of Seventh-day Adventists,Maine,United States
1907,20,E. C. Taylor,Taylor,,,male,"Clerk and Treasurer, Benevolent Association of Seventh-day Adventists",,Maine Conference,Atlantic Union Conference,Maine,Benevolent Association of Seventh-day Adventists,Maine,United States
1907,20,W. J. Dunscomb,Dunscomb,,,male,"Member, Benevolent Association of Seventh-day Adventists",,Maine Conference,Atlantic Union Conference,Maine,Benevolent Association of Seventh-day Adventists,Maine,United States
1907,20,Geo. Whitney,Whitney,,,male,"Member, Benevolent Association of Seventh-day Adventists",,Maine Conference,Atlantic Union Conference,Maine,Benevolent Association of Seventh-day Adventists,Maine,United States
1907,20,L. L. Howard,Howard,,,male,District Director,"47 Vesper St., Portland, Me.",Maine Conference,Atlantic Union Conference,Maine,,"Portland, Me.",United States
1907,20,A. J. Verrill,Verrill,,,male,District Director,"R. F. D. No. 1, Oxford, Me.",Maine Conference,Atlantic Union Conference,Maine,,"Oxford, Me.",United States
1907,20,Geo. Whitney,Whitney,,,male,District Director,"10 Noyes St., Augusta, Me.",Maine Conference,Atlantic Union Conference,Maine,,"Augusta, Me.",United States
1907,20,L. L. Allen,Allen,,,male,District Director,"R. F. D. No. 1, Fairfield, Me.",Maine Conference,Atlantic Union Conference,Maine,,"Fairfield, Me.",United States
1907,20,Jennie Bates,Bates,,,female,District Director,"148 North St., Bath, Me.",Maine Conference,Atlantic Union Conference,Maine,,"Bath, Me.",United States
1907,20,J. B. Goodrich,Goodrich,,,male,District Director,"Blaine, Me.",Maine Conference,Atlantic Union Conference,Maine,,"Blaine, Me.",United States
1907,20,Timothy McGraw,McGraw,,,male,District Director,"Danforth, Me.",Maine Conference,Atlantic Union Conference,Maine,,"Danforth, Me.",United States
1907,20,John Olson,Olson,,,male,District Director,"New Sweden, Me.",Maine Conference,Atlantic Union Conference,Maine,,"New Sweden, Me.",United States
1907,20,S. J. Hersum,Hersum,,,male,Minister,"Richmond, Me.",Maine Conference,Atlantic Union Conference,Maine,,"Richmond, Me.",United States
1907,20,J. B. Goodrich,Goodrich,,,male,Minister,"Blaine, Me.",Maine Conference,Atlantic Union Conference,Maine,,"Blaine, Me.",United States
1907,20,P. B. Osborne,Osborne,,,male,Minister,"Skowhegan, Me.",Maine Conference,Atlantic Union Conference,Maine,,"Skowhegan, Me.",United States
1907,19,Sue M. Andrews,Andrews,Miss,,female,Secretary,Sabbath-school Department,Eastern Pennsylvania Conference,Atlantic Union Conference,Eastern Pennsylvania,,"Philadelphia, Pa.",United States
1907,19,V. H. Cook,Cook,,,male,Treasurer,Sabbath-school Department,Eastern Pennsylvania Conference,Atlantic Union Conference,Eastern Pennsylvania,,"Philadelphia, Pa.",United States
1907,19,G. W. Spies,Spies,,,male,Religious Liberty Secretary,,Eastern Pennsylvania Conference,Atlantic Union Conference,Eastern Pennsylvania,,"Dauphin, Pa.",United States
1907,19,W. J. Fitzgerald,Fitzgerald,,,male,Executive Committee Member,,Eastern Pennsylvania Conference,Atlantic Union Conference,Eastern Pennsylvania,,"Philadelphia, Pa.",United States
1907,19,W. H. Smith,Smith,,,male,Executive Committee Member,,Eastern Pennsylvania Conference,Atlantic Union Conference,Eastern Pennsylvania,,"Williamsport, Pa.",United States
1907,19,C. D. Christman,Christman,,,male,Executive Committee Member,,Eastern Pennsylvania Conference,Atlantic Union Conference,Eastern Pennsylvania,,,United States
1907,19,G. W. Spies,Spies,,,male,Executive Committee Member,,Eastern Pennsylvania Conference,Atlantic Union Conference,Eastern Pennsylvania,,"Dauphin, Pa.",United States
1907,19,Henry Baumgartner,Baumgartner,,,male,Executive Committee Member,,Eastern Pennsylvania Conference,Atlantic Union Conference,Eastern Pennsylvania,,,United States
1907,19,W. J. Fitzgerald,Fitzgerald,,,male,Minister,,Eastern Pennsylvania Conference,Atlantic Union Conference,Eastern Pennsylvania,,"Philadelphia, Pa.",United States
1907,19,S. S. Shrock,Shrock,,,male,Minister,,Eastern Pennsylvania Conference,Atlantic Union Conference,Eastern Pennsylvania,,"Scranton, Pa.",United States
1907,19,W. H. Smith,Smith,,,male,Minister,,Eastern Pennsylvania Conference,Atlantic Union Conference,Eastern Pennsylvania,,"Williamsport, Pa.",United States
1907,19,H. Meyer,Meyer,,,male,Minister,,Eastern Pennsylvania Conference,Atlantic Union Conference,Eastern Pennsylvania,,"Philadelphia, Pa.",United States
1907,19,Chas. Bairele,Bairele,,,male,Minister,,Eastern Pennsylvania Conference,Atlantic Union Conference,Eastern Pennsylvania,,"Philadelphia, Pa.",United States
1907,19,G. W. Spies,Spies,,,male,Minister,,Eastern Pennsylvania Conference,Atlantic Union Conference,Eastern Pennsylvania,,"Dauphin, Pa.",United States
1907,19,J. L. Baker,Baker,,,male,Minister,,Eastern Pennsylvania Conference,Atlantic Union Conference,Eastern Pennsylvania,,"Alba, Pa.",United States
1907,19,O. O. Bernstein,Bernstein,,,male,Minister,,Eastern Pennsylvania Conference,Atlantic Union Conference,Eastern Pennsylvania,,"Philadelphia, Pa.",United States
1907,19,C. E. Hilton,Hilton,,,male,Licentiate,,Eastern Pennsylvania Conference,Atlantic Union Conference,Eastern Pennsylvania,,"Ephrata, Pa.",United States
1907,19,I. M. Martin,Martin,,,male,Licentiate,,Eastern Pennsylvania Conference,Atlantic Union Conference,Eastern Pennsylvania,,"Northumberland, Pa.",United States
1907,19,Sue M. Andrews,Andrews,Miss,,female,Missionary Licentiate,,Eastern Pennsylvania Conference,Atlantic Union Conference,Eastern Pennsylvania,,"Philadelphia, Pa.",United States
1907,19,Jessie M. Weiss,Weiss,Miss,,female,Missionary Licentiate,,Eastern Pennsylvania Conference,Atlantic Union Conference,Eastern Pennsylvania,,"Kingston, Pa.",United States
1907,19,Nellie B. Underwood,Underwood,Miss,,female,Missionary Licentiate,,Eastern Pennsylvania Conference,Atlantic Union Conference,Eastern Pennsylvania,,"Williamsport, Pa.",United States
1907,19,Geo. F. B. Unger,Unger,,,male,Missionary Licentiate,,Eastern Pennsylvania Conference,Atlantic Union Conference,Eastern Pennsylvania,,"Vera Cruz, Pa.",United States
1907,19,V. H. Cook,Cook,,,male,Missionary Licentiate,,Eastern Pennsylvania Conference,Atlantic Union Conference,Eastern Pennsylvania,,"Philadelphia, Pa.",United States
1907,19,J. R. Ebersole,Ebersole,,,male,Missionary Licentiate,,Eastern Pennsylvania Conference,Atlantic Union Conference,Eastern Pennsylvania,,"Elizabethtown, Pa.",United States
1907,19,Frances Dinsmore,Dinsmore,Miss,,female,Missionary Licentiate,,Eastern Pennsylvania Conference,Atlantic Union Conference,Eastern Pennsylvania,,"Williamsport, Pa.",United States
1907,19,H. Langenberg,Langenberg,,,male,Missionary Licentiate,,Eastern Pennsylvania Conference,Atlantic Union Conference,Eastern Pennsylvania,,"Philadelphia, Pa.",United States
1907,19,Mrs. H. Langenberg,Langenberg,Mrs.,,female,Missionary Licentiate,,Eastern Pennsylvania Conference,Atlantic Union Conference,Eastern Pennsylvania,,"Philadelphia, Pa.",United States
1907,19,C. S. Wiest,Wiest,,,male,Missionary Licentiate,,Eastern Pennsylvania Conference,Atlantic Union Conference,Eastern Pennsylvania,,"South Lancaster, Mass.",United States
1907,19,C. S. Baum,Baum,,,male,Missionary Licentiate,,Eastern Pennsylvania Conference,Atlantic Union Conference,Eastern Pennsylvania,,"South Lancaster, Mass.",United States
1907,19,John I. Hughey,Hughey,,,male,Missionary Licentiate,,Eastern Pennsylvania Conference,Atlantic Union Conference,Eastern Pennsylvania,,"Kingston, Pa.",United States
1907,19,Elsie M. Swingle,Swingle,Miss,,female,Missionary Licentiate,,Eastern Pennsylvania Conference,Atlantic Union Conference,Eastern Pennsylvania,,"Philadelphia, Pa.",United States
1907,19,C. H. Edwards,Edwards,,,male,President,,Greater New York Conference,Atlantic Union Conference,Greater New York,,"New York, N. Y.",United States
1907,19,E. H. Hall,Hall,,,male,Secretary and Treasurer,Conference and Tract Society,Greater New York Conference,Atlantic Union Conference,Greater New York,,"New York, N. Y.",United States
1907,19,W. J. Mullen,Mullen,,,male,Field Missionary Secretary,,Greater New York Conference,Atlantic Union Conference,Greater New York,,"New York, N. Y.",United States
1907,19,C. H. Edwards,Edwards,,,male,Executive Committee Member,,Greater New York Conference,Atlantic Union Conference,Greater New York,,"New York, N. Y.",United States
1907,19,E. H. Hall,Hall,,,male,Executive Committee Member,,Greater New York Conference,Atlantic Union Conference,Greater New York,,"New York, N. Y.",United States
1907,19,M. L. Andreasen,Andreasen,,,male,Executive Committee Member,,Greater New York Conference,Atlantic Union Conference,Greater New York,,,United States
1907,19,O. E. Reinke,Reinke,,,male,Executive Committee Member,,Greater New York Conference,Atlantic Union Conference,Greater New York,,"New York, N. Y.",United States
1907,19,J. K. Humphrey,Humphrey,,,male,Executive Committee Member,,Greater New York Conference,Atlantic Union Conference,Greater New York,,,United States
1907,19,Amos Mitchell,Mitchell,,,male,Executive Committee Member,,Greater New York Conference,Atlantic Union Conference,Greater New York,,,United States
1907,19,J. J. Kennedy,Kennedy,,,male,Executive Committee Member,,Greater New York Conference,Atlantic Union Conference,Greater New York,,,United States
1907,19,E. H. M. Sell,Sell,,M.D.,male,Medical Department Member,,Greater New York Conference,Atlantic Union Conference,Greater New York,,,United States
1907,19,H. P. Vaughan,Vaughan,,M.D.,male,Medical Department Member,,Greater New York Conference,Atlantic Union Conference,Greater New York,,,United States
1907,19,O. E. Reinke,Reinke,,,male,Medical Department Member,,Greater New York Conference,Atlantic Union Conference,Greater New York,,"New York, N. Y.",United States
1907,19,Florence L. Coleman,Coleman,Miss,,female,Secretary,Sabbath-school Department,Greater New York Conference,Atlantic Union Conference,Greater New York,,"Brooklyn, N. Y.",United States
1907,19,Amos Mitchell,Mitchell,,,male,Secretary,Religious Liberty Department,Greater New York Conference,Atlantic Union Conference,Greater New York,,"Brooklyn, N. Y.",United States
1907,19,Amos Mitchell,Mitchell,,,male,Educational Department Member,,Greater New York Conference,Atlantic Union Conference,Greater New York,,"Brooklyn, N. Y.",United States
1907,19,M. L. Andreasen,Andreasen,,,male,Educational Department Member,,Greater New York Conference,Atlantic Union Conference,Greater New York,,,United States
1907,19,Mrs. L. H. Proctor,Proctor,Mrs.,,female,Educational Department Member,,Greater New York Conference,Atlantic Union Conference,Greater New York,,"Brooklyn, N. Y.",United States
1907,19,C. H. Edwards,Edwards,,,male,Minister,,Greater New York Conference,Atlantic Union Conference,Greater New York,,"New York, N. Y.",United States
1907,19,O. E. Reinke,Reinke,,,male,Minister,,Greater New York Conference,Atlantic Union Conference,Greater New York,,"New York, N. Y.",United States
1907,21,A. J. Verrill,Verrill,,,male,Licentiate,,Maine Conference,Atlantic Union Conference,Maine,,"Oxford, Me.",United States
1907,21,L. L. Howard,Howard,,,male,Licentiate,,Maine Conference,Atlantic Union Conference,Maine,,"Portland, Me.",United States
1907,21,C. W. Keniston,Keniston,,,male,Licentiate,,Maine Conference,Atlantic Union Conference,Maine,,"Gardiner, Me.",United States
1907,21,W. C. Thompson,Thompson,,,male,Missionary Licentiate,,Maine Conference,Atlantic Union Conference,Maine,,"Rockland, Me.",United States
1907,21,Minnie Prince,Prince,Miss,,female,Missionary Licentiate,,Maine Conference,Atlantic Union Conference,Maine,,"Bath, Me.",United States
1907,21,Maud Macomber,Macomber,Miss,,female,Missionary Licentiate,,Maine Conference,Atlantic Union Conference,Maine,,"Lewiston, Me.",United States
1907,21,Mrs. C. P. Wood,Wood,Mrs.,,female,Missionary Licentiate,,Maine Conference,Atlantic Union Conference,Maine,,"Skowhegan, Me.",United States
1907,21,Abbie Webber,Webber,Mrs.,,female,Missionary Licentiate,,Maine Conference,Atlantic Union Conference,Maine,,"Clinton, Me.",United States
1907,21,J. E. Jayne,Jayne,,,male,President,,New Jersey Conference,Atlantic Union Conference,New Jersey,,"Camden, N. J.",United States
1907,21,Mrs. Anna E. Rambo,Rambo,Mrs.,,female,Secretary and Treasurer of all Departments,,New Jersey Conference,Atlantic Union Conference,New Jersey,,"Swedesboro, N. J.",United States
1907,21,J. E. Jayne,Jayne,,,male,Executive Committee Member,,New Jersey Conference,Atlantic Union Conference,New Jersey,,"Camden, N. J.",United States
1907,21,Peter Van Duren,Van Duren,,,male,Executive Committee Member,,New Jersey Conference,Atlantic Union Conference,New Jersey,,,United States
1907,21,Edgar Pennington,Pennington,,,male,Executive Committee Member,,New Jersey Conference,Atlantic Union Conference,New Jersey,,,United States
1907,21,Benjamin Blinn,Blinn,,,male,Executive Committee Member,,New Jersey Conference,Atlantic Union Conference,New Jersey,,,United States
1907,21,H. J. Adams,Adams,,,male,Executive Committee Member,,New Jersey Conference,Atlantic Union Conference,New Jersey,,,United States
1907,21,J. E. Jayne,Jayne,,,male,Minister,,New Jersey Conference,Atlantic Union Conference,New Jersey,,"Camden, N. J.",United States
1907,21,A. R. Bell,Bell,,,male,Minister,,New Jersey Conference,Atlantic Union Conference,New Jersey,,"Washington, N. J.",United States
1907,21,E. E. Franke,Franke,,,male,Minister,,New Jersey Conference,Atlantic Union Conference,New Jersey,,"Irvington, N. J.",United States
1907,21,F. F. Stoll,Stoll,,,male,Minister,,New Jersey Conference,Atlantic Union Conference,New Jersey,,"Jersey City, N. J.",United States
1907,21,Carl B. Haynes,Haynes,,,male,Minister,,New Jersey Conference,Atlantic Union Conference,New Jersey,,"Camden, N. J.",United States
1907,21,Mrs. Anna E. Rambo,Rambo,Mrs.,,female,Missionary Licentiate,,New Jersey Conference,Atlantic Union Conference,New Jersey,,"Swedesboro, N. J.",United States
1907,21,J. W. Rambo,Rambo,,,male,Missionary Canvasser,,New Jersey Conference,Atlantic Union Conference,New Jersey,,"Swedesboro, N. J.",United States
1907,21,F. H. DeVinney,DeVinney,,,male,President,,New York Conference,Atlantic Union Conference,New York,,"Rome, N. Y.",United States
1907,21,F. N. Johnson,Johnson,,,male,Secretary and Treasurer,,New York Conference,Atlantic Union Conference,New York,,"Rome, N. Y.",United States
1907,21,F. N. Johnson,Johnson,,,male,Secretary and Treasurer,Tract Society,New York Conference,Atlantic Union Conference,New York,,"Rome, N. Y.",United States
1907,21,Bessie L. Jackson,Jackson,Miss,,female,Secretary,Educational Department,New York Conference,Atlantic Union Conference,New York,,"Rome, N. Y.",United States
1907,21,J. S. Wightman,Wightman,,,male,Secretary,Religious Liberty Department,New York Conference,Atlantic Union Conference,New York,,"Rome, N. Y.",United States
1907,21,Owen B. Green,Green,,,male,Secretary,Medical Missionary Department,New York Conference,Atlantic Union Conference,New York,,"Watertown, N. Y.",United States
1907,21,Mrs. L. M. Calkins,Calkins,Mrs.,,female,Secretary,Sabbath-school Department,New York Conference,Atlantic Union Conference,New York,,"Rome, N. Y.",United States
1907,21,F. C. Webster,Webster,,,male,Field Missionary Agent,,New York Conference,Atlantic Union Conference,New York,,"Rome, N. Y.",United States
1907,21,F. H. DeVinney,DeVinney,,,male,Executive Committee Member,,New York Conference,Atlantic Union Conference,New York,,"Rome, N. Y.",United States
1907,21,T. E. Bowen,Bowen,,,male,Executive Committee Member,,New York Conference,Atlantic Union Conference,New York,,,United States
1907,21,Courtland D. Green,Green,,,male,Executive Committee Member,,New York Conference,Atlantic Union Conference,New York,,,United States
1907,21,H. D. Church,Church,,,male,Executive Committee Member,,New York Conference,Atlantic Union Conference,New York,,,United States
1907,21,C. S. Coon,Coon,,,male,Executive Committee Member,,New York Conference,Atlantic Union Conference,New York,,,United States
1907,21,J. R. Calkins,Calkins,,,male,Executive Committee Member,,New York Conference,Atlantic Union Conference,New York,,,United States
1907,21,C. C. Harris,Harris,,,male,Executive Committee Member,,New York Conference,Atlantic Union Conference,New York,,,United States
1907,21,F. H. DeVinney,DeVinney,,,male,President,"New York Conference Association of Seventh-day Adventists, Trustee",New York Conference,Atlantic Union Conference,New York,New York Conference Association of Seventh-day Adventists,"Rome, N. Y.",United States
1907,21,T. E. Bowen,Bowen,,,male,Vice-President,"New York Conference Association of Seventh-day Adventists, Trustee",New York Conference,Atlantic Union Conference,New York,New York Conference Association of Seventh-day Adventists,,United States
1907,22,C. D. Green,Green,,,male,Executive Committee Member,,New York Conference,Atlantic Union Conference,New York,,,United States
1907,22,H. D. Church,Church,,,male,Executive Committee Member,,New York Conference,Atlantic Union Conference,New York,,,United States
1907,22,J. R. Calkins,Calkins,,,male,Executive Committee Member,,New York Conference,Atlantic Union Conference,New York,,,United States
1907,22,C. S. Coon,Coon,,,male,Executive Committee Member,,New York Conference,Atlantic Union Conference,New York,,,United States
1907,22,C. C. Harris,Harris,,,male,Executive Committee Member,,New York Conference,Atlantic Union Conference,New York,,,United States
1907,22,F. H. DeVinney,DeVinney,,,male,Minister,,New York Conference,Atlantic Union Conference,New York,,"Rome, N. Y.",United States
1907,22,S. B. Whitney,Whitney,,,male,Minister,,New York Conference,Atlantic Union Conference,New York,,"Syracuse, N. Y.",United States
1907,22,P. Wheeler,Wheeler,,,male,Minister,,New York Conference,Atlantic Union Conference,New York,,"West Monroe, Oswego Co., N. Y.",United States
1907,22,H. H. Wilcox,Wilcox,,,male,Minister,,New York Conference,Atlantic Union Conference,New York,,"Norwood, St. Lawrence Co., N. Y.",United States
1907,22,L. T. Nicola,Nicola,,,male,Minister,,New York Conference,Atlantic Union Conference,New York,,"Union, Broome Co., N. Y.",United States
1907,22,P. Z. Kinne,Kinne,,,male,Minister,,New York Conference,Atlantic Union Conference,New York,,"Kirkville, Onondaga, N. Y.",United States
1907,22,J. S. Wightman,Wightman,,,male,Minister,,New York Conference,Atlantic Union Conference,New York,,"Rome, N. Y.",United States
1907,22,Mrs. Lulu Wightman,Wightman,Mrs.,,female,Licentiate,,New York Conference,Atlantic Union Conference,New York,,"Rome, N. Y.",United States
1907,22,C. C. Harris,Harris,,,male,Licentiate,,New York Conference,Atlantic Union Conference,New York,,"Carlisle, N. Y.",United States
1907,22,F. C. Webster,Webster,,,male,Licentiate,,New York Conference,Atlantic Union Conference,New York,,"Rome, N. Y.",United States
1907,22,Mary A. Millington,Millington,,,female,Missionary Licentiate,,New York Conference,Atlantic Union Conference,New York,,"Albany, N. Y.",United States
1907,22,D. G. Turk,Turk,,,male,Missionary Licentiate,,New York Conference,Atlantic Union Conference,New York,,"Binghamton, N. Y.",United States
1907,22,Wm. A. Westworth,Westworth,,,male,President,,Southern New England Conference,Atlantic Union Conference,Southern New England,,"Hartford, Conn.",United States
1907,22,Miss Irene J. Cady,Cady,Miss,,female,Secretary and Treasurer of Conference and Tract Society,,Southern New England Conference,Atlantic Union Conference,Southern New England,,"Hartford, Conn.",United States
1907,22,Miss Ona M. Russell,Russell,Miss,,female,"Secretary, Sabbath-school Department",,Southern New England Conference,Atlantic Union Conference,Southern New England,,"Hartford, Conn.",United States
1907,22,W. R. Andrews,Andrews,,,male,"Secretary, Religious Liberty Bureau",,Southern New England Conference,Atlantic Union Conference,Southern New England,,"Hartford, Conn.",United States
1907,22,Chas. Dyer,Dyer,,,male,Field Missionary Agent,,Southern New England Conference,Atlantic Union Conference,Southern New England,,"Hartford, Conn.",United States
1907,22,Wm. A. Westworth,Westworth,,,male,Executive Committee Member,,Southern New England Conference,Atlantic Union Conference,Southern New England,,"Hartford, Conn.",United States
1907,22,D. B. Parmelee,Parmelee,,,male,Executive Committee Member,,Southern New England Conference,Atlantic Union Conference,Southern New England,,,United States
1907,22,D. A. Bidwell,Bidwell,,,male,Executive Committee Member,,Southern New England Conference,Atlantic Union Conference,Southern New England,,,United States
1907,22,G. P. Coates,Coates,,,male,Executive Committee Member,,Southern New England Conference,Atlantic Union Conference,Southern New England,,,United States
1907,22,James A. Toil,Toil,,,male,Executive Committee Member,,Southern New England Conference,Atlantic Union Conference,Southern New England,,,United States
1907,22,Wm. A. Westworth,Westworth,,,male,Minister,,Southern New England Conference,Atlantic Union Conference,Southern New England,,"Hartford, Conn.",United States
1907,22,J. C. Stevens,Stevens,,,male,Minister,,Southern New England Conference,Atlantic Union Conference,Southern New England,,"New Haven, Conn.",United States
1907,22,W. R. Andrews,Andrews,,,male,Minister,,Southern New England Conference,Atlantic Union Conference,Southern New England,,"Hartford, Conn.",United States
1907,22,Elof Johnson,Johnson,,,male,Minister,,Southern New England Conference,Atlantic Union Conference,Southern New England,,"Hartford, Conn.",United States
1907,22,A. J. Clark,Clark,,,male,Minister,,Southern New England Conference,Atlantic Union Conference,Southern New England,,"Middletown, Conn.",United States
1907,22,C. H. Reimers,Reimers,,,male,Minister,,Southern New England Conference,Atlantic Union Conference,Southern New England,,"Meriden, Conn.",United States
1907,22,H. Lesley Shoup,Shoup,,,male,Minister,,Southern New England Conference,Atlantic Union Conference,Southern New England,,"Torrington, Conn.",United States
1907,22,H. S. Prener,Prener,,,male,Minister,,Southern New England Conference,Atlantic Union Conference,Southern New England,,"Washington, D. C.",United States
1907,22,Miss E. Matilda Thaler,Thaler,Miss,,female,Minister,,Southern New England Conference,Atlantic Union Conference,Southern New England,,"South Lancaster, Mass.",United States
1907,22,Miss Lora L. Tarbell,Tarbell,Miss,,female,Minister,,Southern New England Conference,Atlantic Union Conference,Southern New England,,"South Lancaster, Mass.",United States
1907,22,Miss Ona M. Russell,Russell,Miss,,female,Minister,,Southern New England Conference,Atlantic Union Conference,Southern New England,,"Hartford, Conn.",United States
1907,22,Miss Irene J. Cady,Cady,Miss,,female,Minister,,Southern New England Conference,Atlantic Union Conference,Southern New England,,"Hartford, Conn.",United States
1907,22,Chas. Dyer,Dyer,,,male,Minister,,Southern New England Conference,Atlantic Union Conference,Southern New England,,"Hartford, Conn.",United States
1907,23,O. O. Farnsworth,Farnsworth,,,male,President,"Sharon, Vt.",Vermont Conference,Atlantic Union Conference,Vermont,,"Sharon, Vt.",United States
1907,23,W. E. Fortune,Fortune,,,male,Secretary and Treasurer of Conference and Tract Society,office address,Vermont Conference,Atlantic Union Conference,Vermont,,"Burlington, Vt.",United States
1907,23,Mrs. A. E. Taylor,Taylor,Mrs.,,female,Secretary Sabbath-school Department and Corresponding Secretary,"Brownington, Vt.",Vermont Conference,Atlantic Union Conference,Vermont,,"Brownington, Vt.",United States
1907,23,F. M. Dana,Dana,,,male,Educational and Field Secretary,"West Burke, Vt.",Vermont Conference,Atlantic Union Conference,Vermont,,"West Burke, Vt.",United States
1907,23,O. O. Farnsworth,Farnsworth,,,male,Educational Committee Member,,Vermont Conference,Atlantic Union Conference,Vermont,,"Sharon, Vt.",United States
1907,23,F. M. Dana,Dana,,,male,Educational Committee Secretary,,Vermont Conference,Atlantic Union Conference,Vermont,,"West Burke, Vt.",United States
1907,23,Mrs. A. E. Taylor,Taylor,Mrs.,,female,Educational Committee Member,,Vermont Conference,Atlantic Union Conference,Vermont,,"Brownington, Vt.",United States
1907,23,Dr. C. F. Ball,Ball,Dr.,,male,Educational Committee Member,,Vermont Conference,Atlantic Union Conference,Vermont,,,United States
1907,23,Miss Mary F. Rice,Rice,Miss,,female,Educational Committee Member,,Vermont Conference,Atlantic Union Conference,Vermont,,,United States
1907,23,T. H. Purdon,Purdon,,,male,Religious Liberty Secretary,"Rutland, Vt.",Vermont Conference,Atlantic Union Conference,Vermont,,"Rutland, Vt.",United States
1907,23,A. W. Boardman,Boardman,,,male,Field Missionary Agent,"North Wolcott, Vt.",Vermont Conference,Atlantic Union Conference,Vermont,,"North Wolcott, Vt.",United States
1907,23,O. O. Farnsworth,Farnsworth,,,male,Executive Committee Member,,Vermont Conference,Atlantic Union Conference,Vermont,,"Sharon, Vt.",United States
1907,23,F. M. Dana,Dana,,,male,Executive Committee Member,,Vermont Conference,Atlantic Union Conference,Vermont,,"West Burke, Vt.",United States
1907,23,A. W. Boardman,Boardman,,,male,Executive Committee Member,,Vermont Conference,Atlantic Union Conference,Vermont,,"North Wolcott, Vt.",United States
1907,23,T. H. Purdon,Purdon,,,male,Executive Committee Member,,Vermont Conference,Atlantic Union Conference,Vermont,,"Rutland, Vt.",United States
1907,23,A. P. Needham,Needham,,,male,Executive Committee Member,,Vermont Conference,Atlantic Union Conference,Vermont,,,United States
1907,23,O. O. Farnsworth,Farnsworth,,,male,Minister,,Vermont Conference,Atlantic Union Conference,Vermont,,"Sharon, Vt.",United States
1907,23,T. H. Purdon,Purdon,,,male,Minister,,Vermont Conference,Atlantic Union Conference,Vermont,,"Rutland, Vt.",United States
1907,23,Mrs. Carrie Farnsworth,Farnsworth,Mrs.,,female,Church-School Teacher,,Vermont Conference,Atlantic Union Conference,Vermont,,"Sharon, Vt.",United States
1907,23,Miss Mary F. Rice,Rice,Miss,,female,Church-School Teacher,,Vermont Conference,Atlantic Union Conference,Vermont,,"Taftsville, Vt.",United States
1907,23,R. D. Hottel,Hottel,,,male,President,"New Market, Va.",Virginia Conference,Atlantic Union Conference,Virginia,,"New Market, Va.",United States
1907,23,A. M. Neff,Neff,,,male,Secretary,"New Market, Va.",Virginia Conference,Atlantic Union Conference,Virginia,,"New Market, Va.",United States
1907,23,O. F. Dart,Dart,,,male,Treasurer,"1300 North Twenty-eighth St., Richmond, Va.",Virginia Conference,Atlantic Union Conference,Virginia,,"Richmond, Va.",United States
1907,23,A. M. Neff,Neff,,,male,Secretary and Treasurer Tract Society Department,"New Market, Va.",Virginia Conference,Atlantic Union Conference,Virginia,,"New Market, Va.",United States
1907,23,Miss Ada T. Gallaher,Gallaher,Miss,,female,Secretary Sabbath-school Department,"810 Wise St., Lynchburg, Va.",Virginia Conference,Atlantic Union Conference,Virginia,,"Lynchburg, Va.",United States
1907,23,H. J. Farman,Farman,,,male,Religious Liberty Secretary,"601 North Thirty-second St., Richmond, Va.",Virginia Conference,Atlantic Union Conference,Virginia,,"Richmond, Va.",United States
1907,23,W. H. Zeidler,Zeidler,,,male,Field Missionary Agent,"1312 North Twenty-eighth St., Richmond, Va.",Virginia Conference,Atlantic Union Conference,Virginia,,"Richmond, Va.",United States
1907,23,R. D. Hottel,Hottel,,,male,Executive Committee Member,,Virginia Conference,Atlantic Union Conference,Virginia,,"New Market, Va.",United States
1907,23,A. C. Neff,Neff,,,male,Executive Committee Member,,Virginia Conference,Atlantic Union Conference,Virginia,,,United States
1907,23,H. W. Herren,Herren,,,male,Executive Committee Member,,Virginia Conference,Atlantic Union Conference,Virginia,,,United States
1907,23,O. F. Dart,Dart,,,male,Executive Committee Member,,Virginia Conference,Atlantic Union Conference,Virginia,,"Richmond, Va.",United States
1907,23,M. S. Babcock,Babcock,,,male,Executive Committee Member,,Virginia Conference,Atlantic Union Conference,Virginia,,,United States
1907,23,R. D. Hottel,Hottel,,,male,"President, Virginia Conference Agency of Seventh-day Adventists",,Virginia Conference Agency of Seventh-day Adventists,Atlantic Union Conference,Virginia,Virginia Conference Agency of Seventh-day Adventists,"New Market, Va.",United States
1907,23,A. M. Neff,Neff,,,male,"Secretary and Treasurer, Virginia Conference Agency of Seventh-day Adventists",,Virginia Conference Agency of Seventh-day Adventists,Atlantic Union Conference,Virginia,Virginia Conference Agency of Seventh-day Adventists,"New Market, Va.",United States
1907,23,A. C. Neff,Neff,,,male,"Board Member, Virginia Conference Agency of Seventh-day Adventists",,Virginia Conference Agency of Seventh-day Adventists,Atlantic Union Conference,Virginia,Virginia Conference Agency of Seventh-day Adventists,,United States
1907,23,H. W. Herren,Herren,,,male,"Board Member, Virginia Conference Agency of Seventh-day Adventists",,Virginia Conference Agency of Seventh-day Adventists,Atlantic Union Conference,Virginia,Virginia Conference Agency of Seventh-day Adventists,,United States
1907,23,M. S. Babcock,Babcock,,,male,"Board Member, Virginia Conference Agency of Seventh-day Adventists",,Virginia Conference Agency of Seventh-day Adventists,Atlantic Union Conference,Virginia,Virginia Conference Agency of Seventh-day Adventists,,United States
1907,23,O. F. Dart,Dart,,,male,"Board Member, Virginia Conference Agency of Seventh-day Adventists",,Virginia Conference Agency of Seventh-day Adventists,Atlantic Union Conference,Virginia,Virginia Conference Agency of Seventh-day Adventists,"Richmond, Va.",United States
1907,23,G. W. Roat,Roat,,,male,"Board Member, Virginia Conference Agency of Seventh-day Adventists",,Virginia Conference Agency of Seventh-day Adventists,Atlantic Union Conference,Virginia,Virginia Conference Agency of Seventh-day Adventists,,United States
1907,23,R. D. Hottel,Hottel,,,male,Minister,,Virginia Conference,Atlantic Union Conference,Virginia,,"New Market, Va.",United States
1907,23,A. C. Neff,Neff,,,male,Minister,,Virginia Conference,Atlantic Union Conference,Virginia,,"Quicksburg, Va.",United States
1907,23,H. W. Herrell,Herrell,,,male,Minister,,Virginia Conference,Atlantic Union Conference,Virginia,,"Fredericksburg, Va.",United States
1907,23,H. J. Farman,Farman,,,male,Minister,,Virginia Conference,Atlantic Union Conference,Virginia,,"Richmond, Va.",United States
1907,23,M. S. Babcock,Babcock,,,male,Minister,,Virginia Conference,Atlantic Union Conference,Virginia,,"Roanoke, Va.",United States
1907,23,C. B. Rule,Rule,,,male,Minister,,Virginia Conference,Atlantic Union Conference,Virginia,,"Fords, Va.",United States
1907,23,M. S. Wooding,Wooding,,,male,Minister,,Virginia Conference,Atlantic Union Conference,Virginia,,"Spencer, Va.",United States
1907,23,Leslie Munee,Munee,,,male,Minister,,Virginia Conference,Atlantic Union Conference,Virginia,,"Alexandria, Va.",United States
1907,23,W. H. Zeidler,Zeidler,,,male,Missionary Licentiate,,Virginia Conference,Atlantic Union Conference,Virginia,,"Richmond, Va.",United States
1907,23,Mrs. M. S. Wooding,Wooding,Mrs.,,female,Missionary Licentiate,,Virginia Conference,Atlantic Union Conference,Virginia,,"Spencer, Va.",United States
1907,23,Mrs. Rebecca Clayborne,Clayborne,Mrs.,,female,Missionary Licentiate,,Virginia Conference,Atlantic Union Conference,Virginia,,"Danville, Va.",United States
1907,23,Mrs. Ella Ragsdale,Ragsdale,Mrs.,,female,Missionary Licentiate,,Virginia Conference,Atlantic Union Conference,Virginia,,"News Ferry, Va.",United States
1907,25,J. W. Raymond,Raymond,,,male,,"156 Monroe Ave., Rochester, N. Y.",Atlantic Union Conference,Atlantic Union Conference,Atlantic Union,,"Rochester, N. Y.",United States
1907,25,F. Peabody,Peabody,,,male,,"West Valley, Cattaraguas Co., N. Y.",Atlantic Union Conference,Atlantic Union Conference,Atlantic Union,,"West Valley, N. Y.",United States
1907,25,C. Meleen,Meleen,,,male,,"10 Highland Ave., Jamestown, N. Y.",Atlantic Union Conference,Atlantic Union Conference,Atlantic Union,,"Jamestown, N. Y.",United States
1907,25,F. H. Hicks,Hicks,,,male,Licentiate,"6 Jefferson St., Salamanca, N. Y.",Atlantic Union Conference,Atlantic Union Conference,Atlantic Union,,"Salamanca, N. Y.",United States
1907,25,B. E. Fisk,Fisk,,,male,Licentiate,"Richburg, N. Y.",Atlantic Union Conference,Atlantic Union Conference,Atlantic Union,,"Richburg, N. Y.",United States
1907,25,Mrs. D. D. Sinith,Sinith,Mrs.,,female,Missionary Licentiate,"Phelps, Ontario Co., N. Y.",Atlantic Union Conference,Atlantic Union Conference,Atlantic Union,,"Phelps, N. Y.",United States
1907,25,Mrs. Eva A. Jenks,Jenks,Mrs.,,female,Missionary Licentiate,"37 Minard St., Lockport, N. Y.",Atlantic Union Conference,Atlantic Union Conference,Atlantic Union,,"Lockport, N. Y.",United States
1907,25,E. J. Dryer,Dryer,,,male,President,,West Virginia Conference,Atlantic Union Conference,West Virginia,,"Parkersburg, W. Va.",United States
1907,25,L. E. Sufficool,Sufficool,,,male,Vice-President,,West Virginia Conference,Atlantic Union Conference,West Virginia,,"Charleston, W. Va.",United States
1907,25,P. W. Province,Province,,,male,Secretary and Treasurer of Conference and Tract Society,,West Virginia Conference,Atlantic Union Conference,West Virginia,,"Parkersburg, W. Va.",United States
1907,25,Mrs. M. L. Meredith,Meredith,Mrs.,,female,Secretary of Sabbath-school Department,,West Virginia Conference,Atlantic Union Conference,West Virginia,,"Parkersburg, W. Va.",United States
1907,25,L. E. Sufficool,Sufficool,,,male,Secretary Educational Department,,West Virginia Conference,Atlantic Union Conference,West Virginia,,"Charleston, W. Va.",United States
1907,25,E. J. Dryer,Dryer,,,male,Executive Committee Member,,West Virginia Conference,Atlantic Union Conference,West Virginia,,"Parkersburg, W. Va.",United States
1907,25,L. E. Sufficool,Sufficool,,,male,Executive Committee Member,,West Virginia Conference,Atlantic Union Conference,West Virginia,,"Charleston, W. Va.",United States
1907,25,S. F. Ross,Ross,,,male,Executive Committee Member,,West Virginia Conference,Atlantic Union Conference,West Virginia,,,United States
1907,25,David Haddix,Haddix,,,male,Executive Committee Member,,West Virginia Conference,Atlantic Union Conference,West Virginia,,,United States
1907,25,J. E. Meredith,Meredith,,,male,Executive Committee Member,,West Virginia Conference,Atlantic Union Conference,West Virginia,,,United States
1907,25,E. J. Dryer,Dryer,,,male,Minister,,West Virginia Conference,Atlantic Union Conference,West Virginia,,"Parkersburg, W. Va.",United States
1907,25,L. E. Sufficool,Sufficool,,,male,Minister,,West Virginia Conference,Atlantic Union Conference,West Virginia,,"Charleston, W. Va.",United States
1907,25,P. W. Province,Province,,,male,Minister,,West Virginia Conference,Atlantic Union Conference,West Virginia,,"Parkersburg, W. Va.",United States
1907,25,R. Foggin,Foggin,,,male,Minister,,West Virginia Conference,Atlantic Union Conference,West Virginia,,,United States
1907,25,B. F. Purdham,Purdham,,,male,Minister,,West Virginia Conference,Atlantic Union Conference,West Virginia,,"Parkersburg, W. Va.",United States
1907,25,F. M. Gardner,Gardner,,,male,Minister,,West Virginia Conference,Atlantic Union Conference,West Virginia,,"Clarksburg, W. Va.",United States
1907,25,David Haddix,Haddix,,,male,Minister,,West Virginia Conference,Atlantic Union Conference,West Virginia,,"Grafton, W. Va.",United States
1907,25,W. H. Thurston,Thurston,,,male,President,,Canadian Union Conference,Canadian Union Conference,Canadian Union,,"Ottawa, Ontario",Canada
1907,25,Wm. Guthrie,Guthrie,,,male,Vice-President,,Canadian Union Conference,Canadian Union Conference,Canadian Union,,"Williamsdale, East, Nova Scotia",Canada
1907,27,Eugene Leland,Leland,,,male,Educational and Religious Liberty Secretary,,Canadian Union Conference,Canadian Union Conference,Canadian Union,,,Canada
1907,27,R. A. Heard,Heard,,,male,Auditor,,Canadian Union Conference,Canadian Union Conference,Canadian Union,,,Canada
1907,27,Ira S. Jones,Jones,,,male,Canvassing Agent,"Toronto Jct., Ontario",Canadian Union Conference,Canadian Union Conference,Canadian Union,,"Toronto Jct., Ontario",Canada
1907,27,A. O. Burrill,Burrill,,,male,Minister,,Canadian Union Conference,Canadian Union Conference,Canadian Union,,"Galt, Ontario",Canada
1907,27,Eugene Leland,Leland,,,male,Minister,,Canadian Union Conference,Canadian Union Conference,Canadian Union,,"Millington, Mich.",Canada
1907,27,P. M. Howe,Howe,,,male,Minister,,Canadian Union Conference,Canadian Union Conference,Canadian Union,,"Paris, Ontario",Canada
1907,27,O. F. Butcher,Butcher,,,male,Minister,,Canadian Union Conference,Canadian Union Conference,Canadian Union,,"72 Preston St., Ottawa, Ontario",Canada
1907,27,J. H. McEachern,McEachern,,,male,Licentiate,,Canadian Union Conference,Canadian Union Conference,Canadian Union,,"Perivale, Ontario",Canada
1907,27,W. E. Hancock,Hancock,,,male,Licentiate,,Canadian Union Conference,Canadian Union Conference,Canadian Union,,"Grimesthorpe, Ontario",Canada
1907,27,Sadie Baker,Baker,Miss,,female,Missionary Licentiate,,Canadian Union Conference,Canadian Union Conference,Canadian Union,,"Lindsay, Ontario",Canada
1907,27,Rebecca Landon,Landon,Mrs.,,female,Missionary Licentiate,,Canadian Union Conference,Canadian Union Conference,Canadian Union,,"Galt, Ontario",Canada
1907,27,Hattie Boyce,Boyce,Mrs.,,female,Missionary Licentiate,,Canadian Union Conference,Canadian Union Conference,Canadian Union,,"Petrolea, Ontario",Canada
1907,27,D. E. Lindsey,Lindsey,,,male,President,,Quebec Conference,Canadian Union Conference,Quebec,,"Knowlton, Quebec",Canada
1907,27,W. H. Libby,Libby,,,male,Secretary and Treasurer,,Quebec Conference,Canadian Union Conference,Quebec,,"Knowlton, Quebec",Canada
1907,27,G. H. Skinner,Skinner,Mrs.,,female,Secretary Sabbath-school Department,,Quebec Conference,Canadian Union Conference,Quebec,,"North Hatley, Quebec",Canada
1907,27,D. E. Lindsey,Lindsey,,,male,Executive Committee Member,,Quebec Conference,Canadian Union Conference,Quebec,,"Knowlton, Quebec",Canada
1907,27,W. H. Libby,Libby,,,male,Executive Committee Member,,Quebec Conference,Canadian Union Conference,Quebec,,"Knowlton, Quebec",Canada
1907,27,P. Holden,Holden,,,male,Executive Committee Member,,Quebec Conference,Canadian Union Conference,Quebec,,,Canada
1907,27,E. J. Miller,Miller,,,male,Executive Committee Member,,Quebec Conference,Canadian Union Conference,Quebec,,,Canada
1907,27,F. W. McElroy,McElroy,,,male,Executive Committee Member,,Quebec Conference,Canadian Union Conference,Quebec,,,Canada
1907,27,D. E. Lindsey,Lindsey,,,male,Minister,,Quebec Conference,Canadian Union Conference,Quebec,,"Knowlton, Quebec",Canada
1907,27,H. E. Rickard,Rickard,,,male,Minister,,Quebec Conference,Canadian Union Conference,Quebec,,"Fitch Bay, Quebec",Canada
1907,27,G. H. Skinner,Skinner,,,male,Minister,,Quebec Conference,Canadian Union Conference,Quebec,,"North Hatley, Quebec",Canada
1907,27,S. A. Farnsworth,Farnsworth,,,male,Minister,,Quebec Conference,Canadian Union Conference,Quebec,,"99 Van Horn Ave., Outremont, Montreal, Quebec",Canada
1907,27,Albion Taylor,Taylor,,,male,Church-School Teacher,,Quebec Conference,Canadian Union Conference,Quebec,,"South Stukely, Quebec",Canada
1907,27,Naomi Worthen,Worthen,Miss,,female,Church-School Teacher,,Quebec Conference,Canadian Union Conference,Quebec,,"Fitch Bay, Quebec",Canada
1907,27,C. H. Keslake,Keslake,,,male,Superintendent,,Newfoundland Mission Field,Canadian Union Conference,Newfoundland Mission,,,Canada
1907,27,C. H. Keslake,Keslake,,,male,Director,,Newfoundland Mission Field,Canadian Union Conference,Newfoundland Mission,,,Canada
1907,27,J. R. Johnston,Johnston,,,male,Director,,Newfoundland Mission Field,Canadian Union Conference,Newfoundland Mission,,,Canada
1907,27,G. H. Morgan,Morgan,,,male,Director,,Newfoundland Mission Field,Canadian Union Conference,Newfoundland Mission,,,Canada
1907,27,W. H. Thurston,Thurston,,,male,Director,,Newfoundland Mission Field,Canadian Union Conference,Newfoundland Mission,,,Canada
1907,27,Wm. Guthrie,Guthrie,,,male,Director,,Newfoundland Mission Field,Canadian Union Conference,Newfoundland Mission,,,Canada
1907,27,Elizabeth Milley,Milley,Miss,,female,Sabbath-school Secretary,,Newfoundland Mission Field,Canadian Union Conference,Newfoundland Mission,,"15 Hamilton St., St. John's, Newfoundland",Canada
1907,27,C. H. Keslake,Keslake,,,male,Minister,,Newfoundland Mission Field,Canadian Union Conference,Newfoundland Mission,,"Box 217, St. John's, Newfoundland",Canada
1907,27,F. W. Johnston,Johnston,,,male,Licentiate,,Newfoundland Mission Field,Canadian Union Conference,Newfoundland Mission,,"28 Belvidere St., St. John's, Newfoundland",Canada
1907,27,Elizabeth Milley,Milley,Miss,,female,Church-School Teacher,,Newfoundland Mission Field,Canadian Union Conference,Newfoundland Mission,,"15 Hamilton St., St. John's, Newfoundland",Canada
1907,26,B. B. Noftsger,Noftsger,,,male,Secretary and Treasurer,"Box 178, Toronto Junction, Ontario",Canadian Union Conference,Canadian Union Conference,Canadian Union,,"Toronto Junction, Ontario",Canada
1907,26,W. H. Thurston,Thurston,,,male,Executive Committee Member,,Canadian Union Conference,Canadian Union Conference,Canadian Union,,"Ottawa, Ontario",Canada
1907,26,Wm. Guthrie,Guthrie,,,male,Executive Committee Member,,Canadian Union Conference,Canadian Union Conference,Canadian Union,,"Williamsdale, East, Cumberland Co., Nova Scotia",Canada
1907,26,A. O. Burrill,Burrill,,,male,Executive Committee Member,,Canadian Union Conference,Canadian Union Conference,Canadian Union,,,Canada
1907,26,E. E. Gardner,Gardner,,,male,Executive Committee Member,,Canadian Union Conference,Canadian Union Conference,Canadian Union,,"Williamsdale, East, Cumberland Co., Nova Scotia",Canada
1907,26,T. H. Robinson,Robinson,,,male,Executive Committee Member,,Canadian Union Conference,Canadian Union Conference,Canadian Union,,"London, Ontario",Canada
1907,26,G. H. Skinner,Skinner,,,male,Executive Committee Member,,Canadian Union Conference,Canadian Union Conference,Canadian Union,,,Canada
1907,26,Eugene Leland,Leland,,,male,Executive Committee Member,,Canadian Union Conference,Canadian Union Conference,Canadian Union,,,Canada
1907,26,D. E. Lindsey,Lindsey,,,male,Executive Committee Member,,Canadian Union Conference,Canadian Union Conference,Canadian Union,,,Canada
1907,26,W. H. Thurston,Thurston,,,male,Minister,,Canadian Union Conference,Canadian Union Conference,Canadian Union,,"Ottawa, Ontario",Canada
1907,26,F. A. Tracy,Tracy,,,male,Minister,,Canadian Union Conference,Canadian Union Conference,Canadian Union,,"Halifax, Nova Scotia",Canada
1907,26,C. H. Keslake,Keslake,,,male,Minister,,Canadian Union Conference,Canadian Union Conference,Canadian Union,,"St. John's, Newfoundland",Canada
1907,26,F. W. Johnston,Johnston,,,male,Licentiate,,Canadian Union Conference,Canadian Union Conference,Canadian Union,,"St. John's, Newfoundland",Canada
1907,26,Wm. Guthrie,Guthrie,,,male,President,,Maritime Conference,Canadian Union Conference,Maritime,,"Williamsdale, East, Cumberland Co., Nova Scotia",Canada
1907,26,Alberta McLeod,McLeod,,,female,Secretary and Treasurer,,Maritime Conference,Canadian Union Conference,Maritime,,"Halifax, Nova Scotia",Canada
1907,26,Alberta McLeod,McLeod,,,female,Secretary Sabbath-school Department,,Maritime Conference,Canadian Union Conference,Maritime,,"Halifax, Nova Scotia",Canada
1907,26,F. A. Tracy,Tracy,,,male,Executive Committee Member,,Maritime Conference,Canadian Union Conference,Maritime,,,Canada
1907,26,Levi Longard,Longard,,,male,Executive Committee Member,,Maritime Conference,Canadian Union Conference,Maritime,,"Tantallon, Halifax Co., Nova Scotia",Canada
1907,26,J. Greer Hanna,Hanna,,,male,Executive Committee Member,,Maritime Conference,Canadian Union Conference,Maritime,,,Canada
1907,26,A. A. Livingston,Livingston,,,male,Executive Committee Member,,Maritime Conference,Canadian Union Conference,Maritime,,"Albert Mines, Albert Co., New Brunswick",Canada
1907,26,E. E. Gardner,Gardner,,,male,Auditor,,Maritime Conference,Canadian Union Conference,Maritime,,"Williamsdale, East, Cumberland Co., Nova Scotia",Canada
1907,26,Wm. Guthrie,Guthrie,,,male,Minister,,Maritime Conference,Canadian Union Conference,Maritime,,"Williamsdale, East, Cumberland Co., Nova Scotia",Canada
1907,26,J. G. Hanna,Hanna,,,male,Minister,,Maritime Conference,Canadian Union Conference,Maritime,,"Charlottetown, Prince Edward Island",Canada
1907,26,E. E. Gardner,Gardner,,,male,Minister,,Maritime Conference,Canadian Union Conference,Maritime,,"Williamsdale, East, Cumberland Co., Nova Scotia",Canada
1907,26,J. O. Miller,Miller,,,male,Minister,,Maritime Conference,Canadian Union Conference,Maritime,,"St. Johns, New Brunswick",Canada
1907,26,Levi Longard,Longard,,,male,Licentiate,,Maritime Conference,Canadian Union Conference,Maritime,,"Tantallon, Halifax Co., Nova Scotia",Canada
1907,26,F. E. Gibson,Gibson,,,male,Licentiate,,Maritime Conference,Canadian Union Conference,Maritime,,"Moncton, New Brunswick",Canada
1907,26,A. A. Livingston,Livingston,,,male,Licentiate,,Maritime Conference,Canadian Union Conference,Maritime,,"Albert Mines, Albert Co., New Brunswick",Canada
1907,26,Alberta McLeod,McLeod,,,female,Missionary Licentiate,,Maritime Conference,Canadian Union Conference,Maritime,,"Halifax, Nova Scotia",Canada
1907,26,Mabel Dimock,Dimock,,,female,Missionary Licentiate,,Maritime Conference,Canadian Union Conference,Maritime,,"Farmington, Cumberland Co., Nova Scotia",Canada
1907,26,Mable Patterson,Patterson,,,female,Missionary Licentiate,,Maritime Conference,Canadian Union Conference,Maritime,,"Williamsdale, East, Cumberland Co., Nova Scotia",Canada
1907,26,A. O. Burrill,Burrill,,,male,President,,Ontario Conference,Canadian Union Conference,Ontario,,"Galt, Ontario",Canada
1907,26,T. H. Robinson,Robinson,,,male,Vice-President,,Ontario Conference,Canadian Union Conference,Ontario,,"London, Ontario",Canada
1907,26,B. B. Noftsger,Noftsger,,,male,Secretary and Treasurer of Conference and Sabbath-school Department,,Ontario Conference,Canadian Union Conference,Ontario,,"Toronto Junction, Ontario",Canada
1907,26,Eugene Leland,Leland,,,male,Executive Committee Member,,Ontario Conference,Canadian Union Conference,Ontario,,,Canada
1907,26,C. E. Wood,Wood,,,male,Executive Committee Member,,Ontario Conference,Canadian Union Conference,Ontario,,,Canada
1907,26,Charles Smith,Smith,,,male,Executive Committee Member,,Ontario Conference,Canadian Union Conference,Ontario,,,Canada
1907,26,A. O. Burrill,Burrill,,,male,Trustee,Ontario Seventh-day Adventist Conference Association,Ontario Conference,Canadian Union Conference,Ontario,,,Canada
1907,26,T. H. Robinson,Robinson,,,male,Trustee,Ontario Seventh-day Adventist Conference Association,Ontario Conference,Canadian Union Conference,Ontario,,,Canada
1907,26,Eugene Leland,Leland,,,male,Trustee,Ontario Seventh-day Adventist Conference Association,Ontario Conference,Canadian Union Conference,Ontario,,,Canada
1907,26,Chas. Smith,Smith,,,male,Trustee,Ontario Seventh-day Adventist Conference Association,Ontario Conference,Canadian Union Conference,Ontario,,,Canada
1907,26,C. E. Wood,Wood,,,male,Trustee,Ontario Seventh-day Adventist Conference Association,Ontario Conference,Canadian Union Conference,Ontario,,,Canada
1907,28,Geo. I. Butler,Butler,,,male,President,"Twenty-fourth Ave., North, Nashville, Tenn.",Southern Union Conference,,Southern Union,,"Nashville, Tenn.",United States
1907,28,R. M. Kilgore,Kilgore,,,male,Vice-President,"Graysville, Tenn.",Southern Union Conference,,Southern Union,,"Graysville, Tenn.",United States
1907,28,W. A. Wilcox,Wilcox,,,male,Treasurer and Financial Agent,"Twenty-fourth Ave., North, Nashville, Tenn.",Southern Union Conference,,Southern Union,,"Nashville, Tenn.",United States
1907,28,E. H. Rees,Rees,,,male,Secretary and Auditor,"Twenty-fourth Ave., North, Nashville, Tenn.",Southern Union Conference,,Southern Union,,"Nashville, Tenn.",United States
1907,28,A. F. Harrison,Harrison,,,male,General Missionary Agent,"Graysville, Tenn.",Southern Union Conference,,Southern Union,,"Graysville, Tenn.",United States
1907,28,S. B. Horton,Horton,,,male,Religious Liberty Secretary,"Box 415, New Orleans, La.",Southern Union Conference,,Southern Union,,"New Orleans, La.",United States
1907,28,J. E. Tenney,Tenney,,,male,Field Educational Secretary,"Graysville, Tenn.",Southern Union Conference,,Southern Union,,"Graysville, Tenn.",United States
1907,28,Mrs. Mettie Lenker,Lenker,Mrs.,,female,Secretary of Young People's Work,,Southern Union Conference,,Southern Union,,,United States
1907,28,Geo. I. Butler,Butler,,,male,Executive Committee Member,,Southern Union Conference,,Southern Union,,"Nashville, Tenn.",United States
1907,28,R. M. Kilgore,Kilgore,,,male,Executive Committee Member,,Southern Union Conference,,Southern Union,,"Graysville, Tenn.",United States
1907,28,I. A. Ford,Ford,,,male,Executive Committee Member,,Southern Union Conference,,Southern Union,,,United States
1907,28,W. A. Wilcox,Wilcox,,,male,Executive Committee Member,,Southern Union Conference,,Southern Union,,"Nashville, Tenn.",United States
1907,28,J. E. White,White,,,male,Executive Committee Member,,Southern Union Conference,,Southern Union,,,United States
1907,28,L. A. Hansen,Hansen,,,male,Medical Advisory Committee Chairman,,Southern Union Conference,,Southern Union,,,United States
1907,28,Dr. Lillis Wood-Starr,Wood-Starr,Dr.,,female,Medical Advisory Committee Member,,Southern Union Conference,,Southern Union,,,United States
1907,28,Dr. M. M. Martinson,Martinson,Dr.,,male,Medical Advisory Committee Member,,Southern Union Conference,,Southern Union,,,United States
1907,28,Dr. J. E. Caldwell,Caldwell,Dr.,,male,Medical Advisory Committee Member,,Southern Union Conference,,Southern Union,,,United States
1907,28,O. R. Staines,Staines,,,male,Medical Advisory Committee Member,,Southern Union Conference,,Southern Union,,,United States
1907,28,G. I. Butler,Butler,,,male,Director,,Southern Conference Association of Seventh-day Adventists,,Southern Union,,,United States
1907,28,R. M. Kilgore,Kilgore,,,male,Director,,Southern Conference Association of Seventh-day Adventists,,Southern Union,,"Graysville, Tenn.",United States
1907,28,Smith Sharp,Sharp,,,male,Director,,Southern Conference Association of Seventh-day Adventists,,Southern Union,,,United States
1907,28,C. L. Kilgore,Kilgore,,,male,Director,,Southern Conference Association of Seventh-day Adventists,,Southern Union,,,United States
1907,28,C. H. Moyer,Moyer,,,male,Director,,Southern Conference Association of Seventh-day Adventists,,Southern Union,,,United States
1907,28,S. M. Jacobs,Jacobs,,,male,Director,,Southern Conference Association of Seventh-day Adventists,,Southern Union,,,United States
1907,28,W. A. Wilcox,Wilcox,,,male,Director,,Southern Conference Association of Seventh-day Adventists,,Southern Union,,"Nashville, Tenn.",United States
1907,28,Geo. I. Butler,Butler,,,male,Minister,"Twenty-fourth Ave., Nashville, Tenn.",Southern Union Conference,,Southern Union,,"Nashville, Tenn.",United States
1907,28,R. M. Kilgore,Kilgore,,,male,Minister,,Southern Union Conference,,Southern Union,,"Graysville, Tenn.",United States
1907,28,J. E. White,White,,,male,Minister,,Southern Union Conference,,Southern Union,,"Edgefield, Tenn.",United States
1907,28,Smith Sharp,Sharp,,,male,Minister,,Southern Union Conference,,Southern Union,,"Graysville, Tenn.",United States
1907,28,J. E. Tenney,Tenney,,,male,Minister,,Southern Union Conference,,Southern Union,,"Graysville, Tenn.",United States
1907,28,R. T. Nash,Nash,,,male,Minister,,Southern Union Conference,,Southern Union,,"Campobello, S. C.",United States
1907,28,E. W. Webster,Webster,,,male,Minister,,Southern Union Conference,,Southern Union,,"Greenville, S. C.",United States
1907,28,F. R. Rogers,Rogers,,,male,Minister,,Southern Union Conference,,Southern Union,,"Vicksburg, Miss.",United States
1907,28,W. H. Sebastian,Sebastian,,,male,Minister,,Southern Union Conference,,Southern Union,,"Vicksburg, Miss.",United States
1907,28,E. H. Rees,Rees,,,male,Minister,"Twenty-fourth Ave., Nashville, Tenn.",Southern Union Conference,,Southern Union,,"Nashville, Tenn.",United States
1907,28,G. H. Baber,Baber,,,male,Minister,,Southern Union Conference,,Southern Union,,"Graysville, Tenn.",United States
1907,28,W. J. Blake,Blake,,,male,Minister,,Southern Union Conference,,Southern Union,,"Huntsville, Ala.",United States
1907,28,C. P. Bollman,Bollman,,,male,Minister,,Southern Union Conference,,Southern Union,,"Nashville, Tenn.",United States
1907,28,P. T. Magan,Magan,,,male,Minister,,Southern Union Conference,,Southern Union,,"Madison, Tenn.",United States
1907,28,E. A. Sutherland,Sutherland,,,male,Minister,,Southern Union Conference,,Southern Union,,"Madison, Tenn.",United States
1907,28,J. E. Caldwell,Caldwell,,,male,Minister,,Southern Union Conference,,Southern Union,,"Knoxville, Tenn.",United States
1907,28,F. W. Halladay,Halladay,,,male,Minister,,Southern Union Conference,,Southern Union,,"Huntsville, Ala.",United States
1907,28,J. S. Washburn,Washburn,,,male,Minister,,Southern Union Conference,,Southern Union,,"Nashville, Tenn.",United States
1907,28,Dr. F. A. Washburn,Washburn,Dr.,,male,Minister,"care Sanitarium, Nashville, Tenn.",Southern Union Conference,,Southern Union,,"Nashville, Tenn.",United States
1907,28,R. W. Parmele,Parmele,,,male,Minister,"Twenty-fourth Ave., Nashville, Tenn.",Southern Union Conference,,Southern Union,,"Nashville, Tenn.",United States
1907,28,A. F. Harrison,Harrison,,,male,Licentiate,,Southern Union Conference,,Southern Union,,"Graysville, Tenn.",United States
1907,28,E. W. Carey,Carey,,,male,Licentiate,,Southern Union Conference,,Southern Union,,"Spartanburg, S. C.",United States
1907,28,L. A. Hansen,Hansen,,,male,Licentiate,care Sanitarium,Southern Union Conference,,Southern Union,,"Nashville, Tenn.",United States
1907,29,I. A. Ford,Ford,,,male,,"Twenty-fourth Ave., North, Nashville, Tenn.",Southern Union Conference,,Southern Union,,"Nashville, Tenn.",United States
1907,29,Jennie Wilson,Wilson,Mrs.,,female,Missionary Licentiate,,Southern Union Conference,,Southern Union,,"Nashville, Tenn.",United States
1907,29,Rachel Webster,Webster,Mrs.,,female,Missionary Licentiate,,Southern Union Conference,,Southern Union,,"Greenville, S. C.",United States
1907,29,Mettie Lenker,Lenker,Mrs.,,female,Missionary Licentiate,,Southern Union Conference,,Southern Union,,"Graysville, Tenn.",United States
1907,29,Elizabeth McHugh,McHugh,Miss,,female,Missionary Licentiate,,Southern Union Conference,,Southern Union,,"Spartanburg, S. C.",United States
1907,29,C. L. Kilgore,Kilgore,,,male,Missionary Licentiate,,Southern Union Conference,,Southern Union,,"Graysville, Tenn.",United States
1907,29,O. R. Staines,Staines,,,male,Missionary Licentiate,,Southern Union Conference,,Southern Union,,"Huntsville, Ala.",United States
1907,29,W. H. Williams,Williams,,,male,Missionary Licentiate,,Southern Union Conference,,Southern Union,,"Huntsville, Ala.",United States
1907,29,Lottie Isbell,Isbell,Dr.,,female,Missionary Licentiate,,Southern Union Conference,,Southern Union,,"Birmingham, Ala.",United States
1907,29,Thos. Cherry,Cherry,,,male,Missionary Licentiate,,Southern Union Conference,,Southern Union,,"Greenville, S. C.",United States
1907,29,M. Bessie De Graw,De Graw,Miss,,female,Missionary Licentiate,,Southern Union Conference,,Southern Union,,"Madison, Tenn.",United States
1907,29,C. F. Dart,Dart,,,male,Missionary Licentiate,,Southern Union Conference,,Southern Union,,"Campobello, S. C.",United States
1907,29,N. H. Druillard,Druillard,Mrs.,,female,Missionary Licentiate,,Southern Union Conference,,Southern Union,,"Madison, Tenn.",United States
1907,29,M. M. Martinson,Martinson,Dr.,,male,Missionary Licentiate,,Southern Union Conference,,Southern Union,,"Graysville, Tenn.",United States
1907,29,Stella Martinson,Martinson,Dr.,,female,Missionary Licentiate,,Southern Union Conference,,Southern Union,,"Graysville, Tenn.",United States
1907,29,G. I. Butler,Butler,,,male,Chairman,,Southern Missionary Society,,Southern Union,,"Nashville, Tenn.",United States
1907,29,C. P. Bollman,Bollman,,,male,Secretary,,Southern Missionary Society,,Southern Union,,"Nashville, Tenn.",United States
1907,29,W. A. Wilcox,Wilcox,,,male,Treasurer,,Southern Missionary Society,,Southern Union,,"Nashville, Tenn.",United States
1907,29,J. S. Washburn,Washburn,,,male,Committee Member,,Southern Missionary Society,,Southern Union,,"Nashville, Tenn.",United States
1907,29,P. T. Magan,Magan,,,male,Committee Member,,Southern Missionary Society,,Southern Union,,"Nashville, Tenn.",United States
1907,29,G. H. Baber,Baber,,,male,Committee Member,,Southern Missionary Society,,Southern Union,,"Nashville, Tenn.",United States
1907,29,F. R. Rogers,Rogers,,,male,Committee Member,,Southern Missionary Society,,Southern Union,,"Nashville, Tenn.",United States
1907,29,E. H. Rees,Rees,,,male,Committee Member,,Southern Missionary Society,,Southern Union,,"Nashville, Tenn.",United States
1907,29,L. A. Hansen,Hansen,,,male,Committee Member,,Southern Missionary Society,,Southern Union,,"Nashville, Tenn.",United States
1907,29,A. J. Haysmer,Haysmer,,,male,President,,Alabama Conference,Southern Union Conference,Alabama,,"Elkwood, Ala.",United States
1907,29,Helen McKinnon,McKinnon,Miss,,female,Secretary and Treasurer,,Alabama Conference,Southern Union Conference,Alabama,,"Selma, Ala.",United States
1907,29,Helen McKinnon,McKinnon,,,female,Secretary Sabbath-school and Educational Department,,Alabama Conference,Southern Union Conference,Alabama,,"Selma, Ala.",United States
1907,29,Helen McKinnon,McKinnon,,,female,Secretary Religious Liberty Department,,Alabama Conference,Southern Union Conference,Alabama,,"Selma, Ala.",United States
1907,29,O. R. Staines,Staines,,,male,Secretary Medical Missionary Department,,Alabama Conference,Southern Union Conference,Alabama,,"Huntsville, Ala.",United States
1907,29,A. J. Haysmer,Haysmer,,,male,Executive Committee Member,,Alabama Conference,Southern Union Conference,Alabama,,"Elkwood, Ala.",United States
1907,29,W. S. Cruzan,Cruzan,,,male,Executive Committee Member,,Alabama Conference,Southern Union Conference,Alabama,,,United States
1907,29,W. J. Blake,Blake,,,male,Executive Committee Member,,Alabama Conference,Southern Union Conference,Alabama,,,United States
1907,29,Sydney Scott,Scott,,,male,Executive Committee Member,,Alabama Conference,Southern Union Conference,Alabama,,,United States
1907,29,J. H. Berry,Berry,,,male,Executive Committee Member,,Alabama Conference,Southern Union Conference,Alabama,,,United States
1907,29,A. J. Haysmer,Haysmer,,,male,"Trustee, President",Alabama Conference Association of the Seventh-day Adventists,Alabama Conference,Southern Union Conference,Alabama,Alabama Conference Association of the Seventh-day Adventists,"Elkwood, Ala.",United States
1907,29,W. H. Williams,Williams,,,male,"Trustee, Secretary and Treasurer",Alabama Conference Association of the Seventh-day Adventists,Alabama Conference,Southern Union Conference,Alabama,Alabama Conference Association of the Seventh-day Adventists,"Huntsville, Ala.",United States
1907,29,J. H. Smith,Smith,,,male,Trustee,Alabama Conference Association of the Seventh-day Adventists,Alabama Conference,Southern Union Conference,Alabama,Alabama Conference Association of the Seventh-day Adventists,,United States
1907,29,J. F. Dennis,Dennis,,,male,Trustee,Alabama Conference Association of the Seventh-day Adventists,Alabama Conference,Southern Union Conference,Alabama,Alabama Conference Association of the Seventh-day Adventists,,United States
1907,29,Sydney Scott,Scott,,,male,Trustee,Alabama Conference Association of the Seventh-day Adventists,Alabama Conference,Southern Union Conference,Alabama,Alabama Conference Association of the Seventh-day Adventists,,United States
1907,29,A. J. Haysmer,Haysmer,,,male,Minister,,Alabama Conference,Southern Union Conference,Alabama,,"Elkwood, Ala.",United States
1907,29,W. S. Cruzan,Cruzan,,,male,Minister,,Alabama Conference,Southern Union Conference,Alabama,,"Semmes, Ala.",United States
1907,29,Sydney Scott,Scott,,,male,Minister,,Alabama Conference,Southern Union Conference,Alabama,,"Birmingham, Ala.",United States
1907,29,C. C. Webster,Webster,,,male,Minister,,Alabama Conference,Southern Union Conference,Alabama,,"Birmingham, Ala.",United States
1907,29,Joseph Lawrence,Lawrence,,,male,Licentiate,,Alabama Conference,Southern Union Conference,Alabama,,"Birmingham, Ala.",United States
1907,29,J. J. Evans,Evans,,,male,Licentiate,,Alabama Conference,Southern Union Conference,Alabama,,"Sylacauga, Ala.",United States
1907,29,R. I. Keate,Keate,,,male,Licentiate,,Alabama Conference,Southern Union Conference,Alabama,,"Marlow, Ala.",United States
1907,29,Helen McKinnon,McKinnon,Miss,,female,Licentiate,,Alabama Conference,Southern Union Conference,Alabama,,"Selma, Ala.",United States
1907,29,E. G. Bennett,Bennett,Mrs.,,female,Church-School Teacher,,Alabama Conference,Southern Union Conference,Alabama,,"Chunchula, Ala.",United States
1907,29,Eunice Rainwater,Rainwater,Miss,,female,Church-School Teacher,,Alabama Conference,Southern Union Conference,Alabama,,"Borden Springs, Ala.",United States
1907,30,J. F. Pogue,Pogue,,,male,President,"Graysville, Tenn.",Cumberland Conference,Southern Union Conference,Cumberland,,"Graysville, Tenn.",United States
1907,30,W. W. Williams,Williams,,,male,Vice-President,"Graysville, Tenn.",Cumberland Conference,Southern Union Conference,Cumberland,,"Graysville, Tenn.",United States
1907,30,Everet Melendy,Melendy,,,male,Secretary,"Graysvale, Tenn.",Cumberland Conference,Southern Union Conference,Cumberland,,"Graysvale, Tenn.",United States
1907,30,S. M. Jacobs,Jacobs,,,male,Treasurer,"Graysville, Tenn.",Cumberland Conference,Southern Union Conference,Cumberland,,"Graysville, Tenn.",United States
1907,30,J. L. Maroon,Maroon,,,male,Field Missionary Agent,"Graysville, Tenn.",Cumberland Conference,Southern Union Conference,Cumberland,,"Graysville, Tenn.",United States
1907,30,Mrs. A. F. Harrison,Harrison,Mrs.,,female,Sabbath-school Department Secretary,,Cumberland Conference,Southern Union Conference,Cumberland,,,United States
1907,30,Dr. M. M. Martinson,Martinson,Dr.,,male,Medical Department Secretary,"Graysville, Tenn.",Cumberland Conference,Southern Union Conference,Cumberland,,"Graysville, Tenn.",United States
1907,30,Lewen Jacobs,Jacobs,,,male,Educational Department Secretary,Graysville,Cumberland Conference,Southern Union Conference,Cumberland,,"Graysville, Tenn.",United States
1907,30,W. W. Williams,Williams,,,male,Minister,,Cumberland Conference,Southern Union Conference,Cumberland,,"Graysville, Tenn.",United States
1907,30,E. L. Sanford,Sanford,,,male,Minister,,Cumberland Conference,Southern Union Conference,Cumberland,,"Graysville, Tenn.",United States
1907,30,W. L. Bird,Bird,,,male,Minister,,Cumberland Conference,Southern Union Conference,Cumberland,,"Dayton, Tenn.",United States
1907,30,J. F. Pogue,Pogue,,,male,Minister,,Cumberland Conference,Southern Union Conference,Cumberland,,"Knoxville, Tenn.",United States
1907,30,Wm. Woodford,Woodford,,,male,Minister,,Cumberland Conference,Southern Union Conference,Cumberland,,"Graysville, Tenn.",United States
1907,30,T. M. Steward,Steward,,,male,Minister,,Cumberland Conference,Southern Union Conference,Cumberland,,"Graysville, Tenn.",United States
1907,30,H. A. Washburn,Washburn,,,male,Minister,,Cumberland Conference,Southern Union Conference,Cumberland,,"College Place, Wash.",United States
1907,30,C. G. Howell,Howell,,,male,Minister,,Cumberland Conference,Southern Union Conference,Cumberland,,"Daylight, Tenn.",United States
1907,30,J. F. Brice,Brice,,,male,Licentiate,,Cumberland Conference,Southern Union Conference,Cumberland,,"Lexington, Ky.",United States
1907,30,Miss Maude Dortch,Dortch,Miss,,female,Missionary Licentiate,,Cumberland Conference,Southern Union Conference,Cumberland,,"Graysville, Tenn.",United States
1907,30,Miss Clara Jacobs,Jacobs,Miss,,female,Missionary Licentiate,,Cumberland Conference,Southern Union Conference,Cumberland,,"Graysville, Tenn.",United States
1907,30,Miss Minnie Hildebran,Hildebran,Miss,,female,Missionary Licentiate,,Cumberland Conference,Southern Union Conference,Cumberland,,"Graysville, Tenn.",United States
1907,30,Milo Emerson,Emerson,,,male,Missionary Licentiate,,Cumberland Conference,Southern Union Conference,Cumberland,,"Graysville, Tenn.",United States
1907,30,Lewen Jacobs,Jacobs,,,male,Missionary Licentiate,,Cumberland Conference,Southern Union Conference,Cumberland,,"Graysville, Tenn.",United States
1907,30,Mrs. A. F. Harrison,Harrison,Mrs.,,female,Missionary Licentiate,,Cumberland Conference,Southern Union Conference,Cumberland,,"Graysville, Tenn.",United States
1907,30,Mrs. L. Whitman,Whitman,Mrs.,,female,Missionary Licentiate,,Cumberland Conference,Southern Union Conference,Cumberland,,"Louisville, Ky.",United States
1907,30,J. L. Maroon,Maroon,,,male,Missionary Licentiate,,Cumberland Conference,Southern Union Conference,Cumberland,,"Graysville, Tenn.",United States
1907,30,C. L. Kilgore,Kilgore,,,male,Missionary Licentiate,,Cumberland Conference,Southern Union Conference,Cumberland,,"Graysville, Tenn.",United States
1907,30,Bertha Lea,Lea,,,female,Missionary Licentiate,,Cumberland Conference,Southern Union Conference,Cumberland,,"Cleveland, Tenn.",United States
1907,30,Miss Clara Jacobs,Jacobs,Miss,,female,Church-School Teacher,,Cumberland Conference,Southern Union Conference,Cumberland,,"East Chattanooga, Tenn.",United States
1907,30,L. H. Crisler,Crisler,,,male,President,"Orlando, Fla.",Florida Conference,Southern Union Conference,Florida,,"Orlando, Fla.",United States
1907,30,Mrs. R. G. Stringer,Stringer,Mrs.,,female,Secretary of Conference and Sabbath-school Dept.,"Box 453, Bartow, Fla.",Florida Conference,Southern Union Conference,Florida,,"Bartow, Fla.",United States
1907,30,W. H. Hall,Hall,,,male,Treasurer,Bartow,Florida Conference,Southern Union Conference,Florida,,"Bartow, Fla.",United States
1907,30,C. P. Whitford,Whitford,,,male,Religious Liberty Secretary,"Ft. Ogden, Fla.",Florida Conference,Southern Union Conference,Florida,,"Ft. Ogden, Fla.",United States
1907,30,Leroy T. Crisler,Crisler,,,male,Secretary of Educational and Young People's Work,"Orlando, Fla.",Florida Conference,Southern Union Conference,Florida,,"Orlando, Fla.",United States
1907,30,R. A. Highsmith,Highsmith,,,male,Field Missionary Agent,"Gainesville, Fla.",Florida Conference,Southern Union Conference,Florida,,"Gainesville, Fla.",United States
1907,30,L. H. Crisler,Crisler,,,male,Executive Committee Member,,Florida Conference,Southern Union Conference,Florida,,"Orlando, Fla.",United States
1907,30,C. B. Stephenson,Stephenson,,,male,Executive Committee Member,,Florida Conference,Southern Union Conference,Florida,,,United States
1907,30,J. H. Krum,Krum,,,male,Executive Committee Member,,Florida Conference,Southern Union Conference,Florida,,,United States
1907,30,Leroy T. Crisler,Crisler,,,male,Executive Committee Member,,Florida Conference,Southern Union Conference,Florida,,"Orlando, Fla.",United States
1907,30,W. F. Martin,Martin,,,male,Executive Committee Member,,Florida Conference,Southern Union Conference,Florida,,,United States
1907,30,L. H. Crisler,Crisler,,,male,Minister,,Florida Conference,Southern Union Conference,Florida,,"Orlando, Fla.",United States
1907,30,G. I. Butler,Butler,,,male,Minister,,Florida Conference,Southern Union Conference,Florida,,"Bowling Green, Fla.",United States
1907,30,Irving Keck,Keck,,,male,Minister,,Florida Conference,Southern Union Conference,Florida,,"Bowling Green, Fla.",United States
1907,30,C. B. Stephenson,Stephenson,,,male,Minister,,Florida Conference,Southern Union Conference,Florida,,"Brooker, Fla.",United States
1907,30,R. G. Stringer,Stringer,,,male,Minister,,Florida Conference,Southern Union Conference,Florida,,"Bartow, Fla.",United States
1907,30,Leroy T. Crisler,Crisler,,,male,Minister,,Florida Conference,Southern Union Conference,Florida,,"Orlando, Fla.",United States
1907,30,J. H. Krum,Krum,,,male,Minister,,Florida Conference,Southern Union Conference,Florida,,"Plant City, Fla.",United States
1907,30,O. N. Whetsel,Whetsel,,,male,Licentiate,,Florida Conference,Southern Union Conference,Florida,,"Jacksonville, Fla.",United States
1907,30,John Mitchell,Mitchell,,,male,Licentiate,,Florida Conference,Southern Union Conference,Florida,,"Lakeland, Fla.",United States
1907,31,J. B. Case,Case,,,male,Minister,,Florida Conference,Southern Union Conference,Florida,,"Port Orange, Fla.",United States
1907,31,John Mann,Mann,,,male,Minister,,Florida Conference,Southern Union Conference,Florida,,"Palmetto, Fla.",United States
1907,31,C. P. Whitford,Whitford,,,male,Missionary Licentiate,,Florida Conference,Southern Union Conference,Florida,,"Ft. Ogden, Fla.",United States
1907,31,Mrs. C. B. Stephenson,Stephenson,Mrs.,,female,Missionary Licentiate,,Florida Conference,Southern Union Conference,Florida,,"Brooker, Fla.",United States
1907,31,Mrs. R. G. Stringer,Stringer,Mrs.,,female,Missionary Licentiate,,Florida Conference,Southern Union Conference,Florida,,"Bartow, Fla.",United States
1907,31,Mrs. L. H. Crisler,Crisler,Mrs.,,female,Missionary Licentiate,,Florida Conference,Southern Union Conference,Florida,,"Orlando, Fla.",United States
1907,31,Mrs. L. T. Crisler,Crisler,Mrs.,,female,Missionary Licentiate,,Florida Conference,Southern Union Conference,Florida,,"Orlando, Fla.",United States
1907,31,R. A. Highsmith,Highsmith,,,male,Missionary Licentiate,,Florida Conference,Southern Union Conference,Florida,,"Gainesville, Fla.",United States
1907,31,Willie Vaughan,Vaughan,,,male,Missionary Licentiate,,Florida Conference,Southern Union Conference,Florida,,"Tampa, Fla.",United States
1907,31,J. M. Tennell,Tennell,,,male,Missionary Licentiate,,Florida Conference,Southern Union Conference,Florida,,"Orlando, Fla.",United States
1907,31,Mrs. O. N. Whetsel,Whetsel,Mrs.,,female,Missionary Licentiate,,Florida Conference,Southern Union Conference,Florida,,"Jacksonville, Fla.",United States
1907,31,Mrs. C. Williams,Williams,Mrs.,,female,Missionary Licentiate,,Florida Conference,Southern Union Conference,Florida,,"Bartow, Fla.",United States
1907,31,Mrs. M. M. Butler,Butler,Mrs.,,female,Missionary Licentiate,,Florida Conference,Southern Union Conference,Florida,,"Jacksonville, Fla.",United States
1907,31,Sanks,Sanks,,,,Missionary Licentiate,,Florida Conference,Southern Union Conference,Florida,,"Plant City, Fla.",United States
1907,31,Mrs. M. L. Mobly,Mobly,Mrs.,,female,Missionary Licentiate,,Florida Conference,Southern Union Conference,Florida,,"Punta Gorda, Fla.",United States
1907,31,Miss Elsie Hollingsworth,Hollingsworth,Miss,,female,Church-School Teacher,,Florida Conference,Southern Union Conference,Florida,,"Ft. Ogden, Fla.",United States
1907,31,Miss Rochelle Philmon,Philmon,Miss,,female,Church-School Teacher,,Florida Conference,Southern Union Conference,Florida,,"Jennings Lake, Fla.",United States
1907,31,Geo. W. Wells,Wells,,,male,President,,Georgia Conference,Southern Union Conference,Georgia,,"Alpharetta, Ga.",United States
1907,31,Mrs. Clara C. Phillips,Phillips,Mrs.,,female,Secretary and Treasurer of Conference and Missionary Department,,Georgia Conference,Southern Union Conference,Georgia,,"Atlanta, Ga.",United States
1907,31,A. Carey,Carey,,,male,Secretary Religious Liberty Department,,Georgia Conference,Southern Union Conference,Georgia,,"Gainesville, Ga.",United States
1907,31,Miss Rochelle Philmon,Philmon,Miss,,female,Secretary Sabbath-school Department,,Georgia Conference,Southern Union Conference,Georgia,,"Jennings Lake, Fla.",United States
1907,31,Geo. W. Wells,Wells,,,male,Executive Committee Member,,Georgia Conference,Southern Union Conference,Georgia,,"Alpharetta, Ga.",United States
1907,31,S. A. Maxwell,Maxwell,,,male,Executive Committee Member,,Georgia Conference,Southern Union Conference,Georgia,,,United States
1907,31,J. E. Bowen,Bowen,,,male,Executive Committee Member,,Georgia Conference,Southern Union Conference,Georgia,,,United States
1907,31,Arthur L. Manous,Manous,,,male,Executive Committee Member,,Georgia Conference,Southern Union Conference,Georgia,,,United States
1907,31,Geo. W. Wells,Wells,,,male,Minister,,Georgia Conference,Southern Union Conference,Georgia,,"Alpharetta, Ga.",United States
1907,31,Albert Carey,Carey,,,male,Minister,,Georgia Conference,Southern Union Conference,Georgia,,"Gainesville, Ga.",United States
1907,31,Miss M. M. Osborn,Osborn,Miss,,female,Minister,,Georgia Conference,Southern Union Conference,Georgia,,"Atlanta, Ga.",United States
1907,31,A. L. Manous,Manous,,,male,Minister,,Georgia Conference,Southern Union Conference,Georgia,,"Malton, Ga.",United States
1907,31,C. J. Boyd,Boyd,,,male,Minister,,Georgia Conference,Southern Union Conference,Georgia,,"Alpharetta, Ga.",United States
1907,31,J. T. Eaton,Eaton,,,male,Minister,,Georgia Conference,Southern Union Conference,Georgia,,"Alpharetta, Ga.",United States
1907,31,Mrs. Clara C. Phillips,Phillips,Mrs.,,female,Minister,,Georgia Conference,Southern Union Conference,Georgia,,"Atlanta, Ga.",United States
1907,31,S. B. Horton,Horton,,,male,President,,Louisiana Conference,Southern Union Conference,Louisiana,,"New Orleans, La.",United States
1907,31,Mrs. Dora F. King,King,Mrs.,,female,Secretary and Treasurer,,Louisiana Conference,Southern Union Conference,Louisiana,,"Shreveport, La.",United States
1907,31,Mrs. Smith Saxby,Saxby,Mrs.,,female,Corresponding Secretary,,Louisiana Conference,Southern Union Conference,Louisiana,,"Lake Charles, La.",United States
1907,31,Miss Kate Bickham,Bickham,Miss,,female,Educational Secretary,,Louisiana Conference,Southern Union Conference,Louisiana,,"Hayes, La.",United States
1907,31,Miss Kate Bickham,Bickham,Miss,,female,Sabbath-school Secretary,,Louisiana Conference,Southern Union Conference,Louisiana,,"Hayes, La.",United States
1907,31,S. B. Horton,Horton,,,male,Religious Liberty Secretary,,Louisiana Conference,Southern Union Conference,Louisiana,,"New Orleans, La.",United States
1907,31,I. T. Reynolds,Reynolds,,,male,Field Missionary Agent,,Louisiana Conference,Southern Union Conference,Louisiana,,"Pineville, La.",United States
1907,31,S. B. Horton,Horton,,,male,Executive Committee Member,,Louisiana Conference,Southern Union Conference,Louisiana,,"New Orleans, La.",United States
1907,31,H. S. Roach,Roach,,,male,Executive Committee Member,,Louisiana Conference,Southern Union Conference,Louisiana,,,United States
1907,31,M. D. Broussard,Broussard,,,male,Executive Committee Member,,Louisiana Conference,Southern Union Conference,Louisiana,,,United States
1907,31,C. A. Saxby,Saxby,,,male,Executive Committee Member,,Louisiana Conference,Southern Union Conference,Louisiana,,,United States
1907,31,F. Peabody,Peabody,,,male,Executive Committee Member,,Louisiana Conference,Southern Union Conference,Louisiana,,,United States
1907,31,S. B. Horton,Horton,,,male,Minister,,Louisiana Conference,Southern Union Conference,Louisiana,,"New Orleans, La.",United States
1907,32,I. T. Reynolds,Reynolds,,,male,Licentiate,,Louisiana Conference,Southern Union Conference,Louisiana,,"Pineville, La.",United States
1907,32,Page Shepard,Shepard,,,male,Licentiate,,Louisiana Conference,Southern Union Conference,Louisiana,,"New Orleans, La.",United States
1907,32,F. Peabody,Peabody,,,male,Licentiate,,Louisiana Conference,Southern Union Conference,Louisiana,,"New Orleans, La.",United States
1907,32,S. Broussard,Broussard,,,male,Licentiate,,Louisiana Conference,Southern Union Conference,Louisiana,,"Hope Villa, La.",United States
1907,32,B. L. Roberts,Roberts,,,male,Licentiate,,Louisiana Conference,Southern Union Conference,Louisiana,,"New Orleans, La.",United States
1907,32,Mrs. Belle Horton,Horton,Mrs.,,female,Missionary Licentiate,,Louisiana Conference,Southern Union Conference,Louisiana,,"New Orleans, La.",United States
1907,32,Miss Ruby Roach,Roach,Miss,,female,Missionary Licentiate,,Louisiana Conference,Southern Union Conference,Louisiana,,"Mansfield, La.",United States
1907,32,Miss Kate Bickham,Bickham,Miss,,female,Missionary Licentiate,,Louisiana Conference,Southern Union Conference,Louisiana,,"Shreveport, La.",United States
1907,32,Mrs. Dora F. King,King,Mrs.,,female,Missionary Licentiate,,Louisiana Conference,Southern Union Conference,Louisiana,,"Shreveport, La.",United States
1907,32,Miss Annie M. Horton,Horton,Miss,,female,Missionary Licentiate,,Louisiana Conference,Southern Union Conference,Louisiana,,"New Orleans, La.",United States
1907,32,Miss Frances P. Goodwyn,Goodwyn,Miss,,female,Missionary Licentiate,,Louisiana Conference,Southern Union Conference,Louisiana,,"New Orleans, La.",United States
1907,32,Mrs. Edmonia White,White,Mrs.,,female,Missionary Licentiate,,Louisiana Conference,Southern Union Conference,Louisiana,,"New Orleans, La.",United States
1907,32,Smith Saxby,Saxby,,,male,Missionary Licentiate,,Louisiana Conference,Southern Union Conference,Louisiana,,"Lake Charles, La.",United States
1907,32,J. S. DeWolfe,DeWolfe,,,male,Missionary Licentiate,,Louisiana Conference,Southern Union Conference,Louisiana,,"Welsh, La.",United States
1907,32,Miss Bertha Lea,Lea,Miss,,female,Missionary Licentiate,,Louisiana Conference,Southern Union Conference,Louisiana,,"Shreveport, La.",United States
1907,32,C. L. Collison,Collison,,,male,Missionary Licentiate,,Louisiana Conference,Southern Union Conference,Louisiana,,"New Orleans, La.",United States
1907,32,F. R. Shaeffer,Shaeffer,,,male,President,,Mississippi Conference,Southern Union Conference,Mississippi,,"Meridian, Miss.",United States
1907,32,F. R. Rogers,Rogers,,,male,Secretary,,Mississippi Conference,Southern Union Conference,Mississippi,,"Natchez, Miss.",United States
1907,32,L. V. Crawford,Crawford,,,male,Treasurer,,Mississippi Conference,Southern Union Conference,Mississippi,,"Vicksburg, Miss.",United States
1907,32,Jas. Bellinger,Bellinger,,,male,Corresponding Secretary,,Mississippi Conference,Southern Union Conference,Mississippi,,"Amory, Miss.",United States
1907,32,F. R. Shaeffer,Shaeffer,,,male,Religious Liberty Secretary,,Mississippi Conference,Southern Union Conference,Mississippi,,"Meridian, Miss.",United States
1907,32,F. R. Rogers,Rogers,,,male,Field Missionary Agent,,Mississippi Conference,Southern Union Conference,Mississippi,,"Natchez, Miss.",United States
1907,32,Mrs. L. V. Crawford,Crawford,Mrs.,,female,Sabbath-school Secretary,,Mississippi Conference,Southern Union Conference,Mississippi,,"Vicksburg, Miss.",United States
1907,32,F. R. Rogers,Rogers,,,male,Superintendent of Primary and Mission Schools,,Mississippi Conference,Southern Union Conference,Mississippi,,"Natchez, Miss.",United States
1907,32,F. R. Shaeffer,Shaeffer,,,male,Executive Committee Member,,Mississippi Conference,Southern Union Conference,Mississippi,,"Meridian, Miss.",United States
1907,32,F. R. Rogers,Rogers,,,male,Executive Committee Member,,Mississippi Conference,Southern Union Conference,Mississippi,,"Natchez, Miss.",United States
1907,32,L. V. Crawford,Crawford,,,male,Executive Committee Member,,Mississippi Conference,Southern Union Conference,Mississippi,,"Vicksburg, Miss.",United States
1907,32,M. T. Bellinger,Bellinger,,,male,Executive Committee Member,,Mississippi Conference,Southern Union Conference,Mississippi,,,United States
1907,32,Thomas Murphy,Murphy,,,male,Executive Committee Member,,Mississippi Conference,Southern Union Conference,Mississippi,,,United States
1907,32,F. R. Shaeffer,Shaeffer,,,male,Minister,,Mississippi Conference,Southern Union Conference,Mississippi,,"Meridian, Miss.",United States
1907,32,F. R. Rogers,Rogers,,,male,Minister,,Mississippi Conference,Southern Union Conference,Mississippi,,"Natchez, Miss.",United States
1907,32,H. W. Pierce,Pierce,,,male,Minister,,Mississippi Conference,Southern Union Conference,Mississippi,,"Quitman, Miss.",United States
1907,32,W. H. Sebastian,Sebastian,,,male,Minister,,Mississippi Conference,Southern Union Conference,Mississippi,,"Vicksburg, Miss.",United States
1907,32,S. A. Jordan,Jordan,,,male,Minister,,Mississippi Conference,Southern Union Conference,Mississippi,,"Brookhaven, Miss.",United States
1907,32,Thos. Murphy,Murphy,,,male,Minister,,Mississippi Conference,Southern Union Conference,Mississippi,,"Vicksburg, Miss.",United States
1907,32,N. B. King,King,,,male,Minister,,Mississippi Conference,Southern Union Conference,Mississippi,,"Yazoo City, Miss.",United States
1907,32,D. D. Butcher,Butcher,,,male,Minister,,Mississippi Conference,Southern Union Conference,Mississippi,,"Greenwood, Miss.",United States
1907,32,James Bellenger,Bellenger,,,male,Minister,,Mississippi Conference,Southern Union Conference,Mississippi,,"Natchez, Miss.",United States
1907,32,S. C. Coltrin,Coltrin,,,male,Minister,,Mississippi Conference,Southern Union Conference,Mississippi,,"Ellisville, Miss.",United States
1907,32,Mrs. F. R. Shaeffer,Shaeffer,Mrs.,,female,Missionary Licentiate,,Mississippi Conference,Southern Union Conference,Mississippi,,"Meridian, Miss.",United States
1907,32,Mrs. H. W. Pierce,Pierce,Mrs.,,female,Missionary Licentiate,,Mississippi Conference,Southern Union Conference,Mississippi,,"Quitman, Miss.",United States
1907,32,Mrs. L. V. Crawford,Crawford,Mrs.,,female,Missionary Licentiate,,Mississippi Conference,Southern Union Conference,Mississippi,,"Vicksburg, Miss.",United States
1907,32,Mrs. Carrie Bellenger,Bellenger,Mrs.,,female,Missionary Licentiate,,Mississippi Conference,Southern Union Conference,Mississippi,,"Natchez, Miss.",United States
1907,32,Mrs. O. C. Jordan,Jordan,Mrs.,,female,Missionary Licentiate,,Mississippi Conference,Southern Union Conference,Mississippi,,"Brookhaven, Miss.",United States
1907,32,Mrs. W. H. Sebastian,Sebastian,Mrs.,,female,Missionary Licentiate,,Mississippi Conference,Southern Union Conference,Mississippi,,"Vicksburg, Miss.",United States
1907,32,Mrs. Thos. Murphy,Murphy,Mrs.,,female,Missionary Licentiate,,Mississippi Conference,Southern Union Conference,Mississippi,,"Vicksburg, Miss.",United States
1907,32,J. D. Grimes,Grimes,,,male,Missionary Licentiate,,Mississippi Conference,Southern Union Conference,Mississippi,,"Vicksburg, Miss.",United States
1907,32,E. P. Auger,Auger,,,male,Missionary Licentiate,,Mississippi Conference,Southern Union Conference,Mississippi,,"Corinth, Miss.",United States
1907,32,D. W. Burton,Burton,,,male,Missionary Licentiate,,Mississippi Conference,Southern Union Conference,Mississippi,,"Amory, Miss.",United States
1907,33,L. V. Crawford,Crawford,,,male,,"Box 29, Vicksburg, Miss.",Mississippi Conference,Southern Union Conference,Mississippi,,"Vicksburg, Miss.",United States
1907,33,F. R. Rogers,Rogers,,,male,Superintendent,,Colored Missionary Training School for Workers,Southern Union Conference,Mississippi,Colored Missionary Training School for Workers,"Vicksburg, Miss.",United States
1907,33,F. R. Rogers,Rogers,,,male,Primary and Mission School Teacher,,Mississippi Conference,Southern Union Conference,Mississippi,,"Vicksburg, Miss.",United States
1907,33,Minnie Rogers,Rogers,Mrs.,,female,Primary and Mission School Teacher,,Mississippi Conference,Southern Union Conference,Mississippi,,"Vicksburg, Miss.",United States
1907,33,Parker Atwood,Atwood,,,male,Primary and Mission School Teacher,,Mississippi Conference,Southern Union Conference,Mississippi,,"Quitman, Miss.",United States
1907,33,Julia Atwood,Atwood,Mrs.,,female,Primary and Mission School Teacher,,Mississippi Conference,Southern Union Conference,Mississippi,,"Quitman, Miss.",United States
1907,33,Carrie Bellenger,Bellenger,Mrs.,,female,Primary and Mission School Teacher,,Mississippi Conference,Southern Union Conference,Mississippi,,"Natchez, Miss.",United States
1907,33,W. H. Sebastian,Sebastian,Mrs.,,female,Primary and Mission School Teacher,,Mississippi Conference,Southern Union Conference,Mississippi,,"Natchez, Miss.",United States
1907,33,Cornelia Murphy,Murphy,Mrs.,,female,Primary and Mission School Teacher,,Mississippi Conference,Southern Union Conference,Mississippi,,"Vicksburg, Miss.",United States
1907,33,N. B. King,King,,,male,Primary and Mission School Teacher,,Mississippi Conference,Southern Union Conference,Mississippi,,"Yazoo City, Miss.",United States
1907,33,L. G. Smith,Smith,Mrs.,,female,Primary and Mission School Teacher,,Mississippi Conference,Southern Union Conference,Mississippi,,"Vicksburg, Miss.",United States
1907,33,O. C. Jordan,Jordan,Mrs.,,female,Primary and Mission School Teacher,,Mississippi Conference,Southern Union Conference,Mississippi,,"Brookhaven, Miss.",United States
1907,33,T. H. Jeys,Jeys,,,male,President,,North Carolina Conference,Southern Union Conference,North Carolina,,"Spero, N. C.",United States
1907,33,D. T. Shireman,Shireman,,,male,Vice-President,,North Carolina Conference,Southern Union Conference,North Carolina,,"Toluca, N. C.",United States
1907,33,Jessie V. Bosworth,Bosworth,,,female,Secretary and Treasurer,,North Carolina Conference,Southern Union Conference,North Carolina,,"Hickory, N. C.",United States
1907,33,T. H. Jeys,Jeys,,,male,Executive Committee Member,,North Carolina Conference,Southern Union Conference,North Carolina,,"Spero, N. C.",United States
1907,33,D. T. Shireman,Shireman,,,male,Executive Committee Member,,North Carolina Conference,Southern Union Conference,North Carolina,,"Toluca, N. C.",United States
1907,33,W. H. Armstrong,Armstrong,,,male,Executive Committee Member,,North Carolina Conference,Southern Union Conference,North Carolina,,,United States
1907,33,B. A. Rogers,Rogers,,,male,Executive Committee Member,,North Carolina Conference,Southern Union Conference,North Carolina,,,United States
1907,33,J. W. Beach,Beach,,,male,Executive Committee Member,,North Carolina Conference,Southern Union Conference,North Carolina,,,United States
1907,33,T. J. Woodall,Woodall,,,male,Executive Committee Member,,North Carolina Conference,Southern Union Conference,North Carolina,,,United States
1907,33,F. A. Slate,Slate,,,male,Executive Committee Member,,North Carolina Conference,Southern Union Conference,North Carolina,,,United States
1907,33,Jessie V. Bosworth,Bosworth,,,female,Secretary and Treasurer Tract and Missionary Department,,North Carolina Conference,Southern Union Conference,North Carolina,,"Hickory, N. C.",United States
1907,33,Horace G. Miller,Miller,,,male,Field Missionary Agent,,North Carolina Conference,Southern Union Conference,North Carolina,,"Gastonia, N. C.",United States
1907,33,Emma B. Rogers,Rogers,Mrs.,,female,Secretary Sabbath-school and Educational Department,,North Carolina Conference,Southern Union Conference,North Carolina,,"Hickory, N. C.",United States
1907,33,M. H. Johnston,Johnston,,,male,Secretary Medical Department,,North Carolina Conference,Southern Union Conference,North Carolina,,"Hildebran, N. C.",United States
1907,33,T. H. Jeys,Jeys,,,male,Secretary Religious Liberty Department,,North Carolina Conference,Southern Union Conference,North Carolina,,"Spero, N. C.",United States
1907,33,J. O. Johnston,Johnston,,,male,President,,Southern Educational Company,Southern Union Conference,North Carolina,Southern Educational Company,"Eufola, N. C.",United States
1907,33,B. A. Rogers,Rogers,,,male,Vice-President,,Southern Educational Company,Southern Union Conference,North Carolina,Southern Educational Company,"Eufola, N. C.",United States
1907,33,S. L. Stafford,Stafford,,,male,Secretary,,Southern Educational Company,Southern Union Conference,North Carolina,Southern Educational Company,"Eufola, N. C.",United States
1907,33,J. O. Johnston,Johnston,,,male,Treasurer,,Southern Educational Company,Southern Union Conference,North Carolina,Southern Educational Company,"Eufola, N. C.",United States
1907,33,T. H. Jeys,Jeys,,,male,Minister,,North Carolina Conference,Southern Union Conference,North Carolina,,"Spero, N. C.",United States
1907,33,J. O. Johnston,Johnston,,,male,Minister,,North Carolina Conference,Southern Union Conference,North Carolina,,"Eufola, N. C.",United States
1907,33,D. T. Shireman,Shireman,,,male,Minister,,North Carolina Conference,Southern Union Conference,North Carolina,,"Toluca, N. C.",United States
1907,33,W. H. Armstrong,Armstrong,,,male,Minister,,North Carolina Conference,Southern Union Conference,North Carolina,,"Charlotte, N. C.",United States
1907,33,H. R. Shelton,Shelton,,,male,Minister,,North Carolina Conference,Southern Union Conference,North Carolina,,"Winston-Salem, N. C.",United States
1907,33,George Crawford,Crawford,,,male,Licentiate,,North Carolina Conference,Southern Union Conference,North Carolina,,"Eufola, N. C.",United States
1907,33,J. W. Beach,Beach,,,male,Licentiate,,North Carolina Conference,Southern Union Conference,North Carolina,,"Hildebran, N. C.",United States
1907,33,W. L. Killen,Killen,,,male,Licentiate,,North Carolina Conference,Southern Union Conference,North Carolina,,"Archdale, N. C.",United States
1907,33,Horace G. Miller,Miller,,,male,Missionary Licentiate,,North Carolina Conference,Southern Union Conference,North Carolina,,"Gastonia, N. C.",United States
1907,33,Mollie R. Miller,Miller,,,female,Missionary Licentiate,,North Carolina Conference,Southern Union Conference,North Carolina,,"Gastonia, N. C.",United States
1907,33,Jessie V. Bosworth,Bosworth,,,female,Missionary Licentiate,,North Carolina Conference,Southern Union Conference,North Carolina,,"Hickory, N. C.",United States
1907,33,Emma B. Rogers,Rogers,Mrs.,,female,Missionary Licentiate,,North Carolina Conference,Southern Union Conference,North Carolina,,"Hickory, N. C.",United States
1907,33,M. H. Johnston,Johnston,,,male,Missionary Licentiate,,North Carolina Conference,Southern Union Conference,North Carolina,,"Hildebran, N. C.",United States
1907,33,Robert L. Underwood,Underwood,,,male,Missionary Licentiate,,North Carolina Conference,Southern Union Conference,North Carolina,,"Waynesville, N. C.",United States
1907,33,Burton Church,Church,,,male,Missionary Licentiate,,North Carolina Conference,Southern Union Conference,North Carolina,,"Hickory, N. C.",United States
1907,33,W. E. Lanier,Lanier,,,male,Missionary Licentiate,,North Carolina Conference,Southern Union Conference,North Carolina,,"Charlotte, N. C.",United States
1907,33,Harry Smallwood,Smallwood,,,male,Missionary Licentiate,,North Carolina Conference,Southern Union Conference,North Carolina,,"Toluca, N. C.",United States
1907,33,J. S. Killen,Killen,,,male,Missionary Licentiate,,North Carolina Conference,Southern Union Conference,North Carolina,,"High Point, N. C.",United States
1907,33,T. H. Jeys,Jeys,Mrs.,,female,Church-School Teacher,,North Carolina Conference,Southern Union Conference,North Carolina,,"Spero, N. C.",United States
1907,33,Alice Bond,Bond,Miss,,female,Church-School Teacher,,North Carolina Conference,Southern Union Conference,North Carolina,,"Newton, N. C.",United States
1907,33,Mary E. McKenzie,McKenzie,,,female,Church-School Teacher,,North Carolina Conference,Southern Union Conference,North Carolina,,"Wilmington, N. C.",United States
1907,34,W. R. Burrow,Burrow,,,male,President,"Raleigh, Tenn.",Tennessee River Conference,Southern Union Conference,Tennessee River,,"Raleigh, Tenn.",United States
1907,34,C. P. Bollman,Bollman,,,male,Vice-President,"North Station, Nashville, Tenn.",Tennessee River Conference,Southern Union Conference,Tennessee River,,"Nashville, Tenn.",United States
1907,34,Thos. E. Pavey,Pavey,,,male,Secretary and Treasurer,"Twenty-fourth Ave., North, Nashville, Tenn.",Tennessee River Conference,Southern Union Conference,Tennessee River,,"Nashville, Tenn.",United States
1907,34,W. R. Burrow,Burrow,,,male,Executive Committee,,Tennessee River Conference,Southern Union Conference,Tennessee River,,"Raleigh, Tenn.",United States
1907,34,C. P. Bollman,Bollman,,,male,Executive Committee,,Tennessee River Conference,Southern Union Conference,Tennessee River,,"Nashville, Tenn.",United States
1907,34,I. A. Ford,Ford,,,male,Executive Committee,,Tennessee River Conference,Southern Union Conference,Tennessee River,,,United States
1907,34,L. A. Hansen,Hansen,,,male,Executive Committee,,Tennessee River Conference,Southern Union Conference,Tennessee River,,,United States
1907,34,L. A. Callicott,Callicott,,,male,Executive Committee,,Tennessee River Conference,Southern Union Conference,Tennessee River,,,United States
1907,34,W. S. Lowry,Lowry,,,male,Executive Committee,,Tennessee River Conference,Southern Union Conference,Tennessee River,,,United States
1907,34,M. C. Strachan,Strachan,,,male,Executive Committee,,Tennessee River Conference,Southern Union Conference,Tennessee River,,,United States
1907,34,C. P. Bollman,Bollman,,,male,Religious Liberty Secretary,"North Station, Nashville, Tenn.",Tennessee River Conference,Southern Union Conference,Tennessee River,,"Nashville, Tenn.",United States
1907,34,W. R. Hanson,Hanson,,,male,Field Missionary Agent,"Hazel, Ky.",Tennessee River Conference,Southern Union Conference,Tennessee River,,"Hazel, Ky.",United States
1907,34,Miss Clyde Callicott,Callicott,Miss,,female,"Secretary, Sabbath-school Department","Edgefield, Tenn.",Tennessee River Conference,Southern Union Conference,Tennessee River,,"Edgefield, Tenn.",United States
1907,34,Thos. E. Pavey,Pavey,,,male,"Secretary, Young People's Work","Twenty-fourth Ave., North, Nashville, Tenn.",Tennessee River Conference,Southern Union Conference,Tennessee River,,"Nashville, Tenn.",United States
1907,34,L. A. Hansen,Hansen,,,male,"Secretary, Medical Department","Station B, R. F. D. No. 7, Nashville, Tenn.",Tennessee River Conference,Southern Union Conference,Tennessee River,,"Nashville, Tenn.",United States
1907,34,Thos. D. Rowe,Rowe,,,male,Educational Department Secretary,"Hazel, Ky.",Tennessee River Conference,Southern Union Conference,Tennessee River,,"Hazel, Ky.",United States
1907,34,W. R. Burrow,Burrow,,,male,Minister,,Tennessee River Conference,Southern Union Conference,Tennessee River,,"Raleigh, Tenn.",United States
1907,34,N. W. Allee,Allee,,,male,Minister,,Tennessee River Conference,Southern Union Conference,Tennessee River,,"Keene, Tex.",United States
1907,34,C. P. Bollman,Bollman,,,male,Minister,,Tennessee River Conference,Southern Union Conference,Tennessee River,,"Nashville, Tenn.",United States
1907,34,Geo. I. Butler,Butler,,,male,Minister,,Tennessee River Conference,Southern Union Conference,Tennessee River,,"Nashville, Tenn.",United States
1907,34,J. S. Washburn,Washburn,,,male,Minister,,Tennessee River Conference,Southern Union Conference,Tennessee River,,610 Meridian St.,United States
1907,34,R. S. Donnell,Donnell,,,male,Minister,,Tennessee River Conference,Southern Union Conference,Tennessee River,,"Raleigh, Tenn.",United States
1907,34,R. G. Garrett,Garrett,,,male,Minister,,Tennessee River Conference,Southern Union Conference,Tennessee River,,"Linwood, Ky.",United States
1907,34,Frank Washburn,Washburn,,,male,Minister,,Tennessee River Conference,Southern Union Conference,Tennessee River,,"Nashville, Tenn.",United States
1907,34,W. S. Lowry,Lowry,,,male,Minister,,Tennessee River Conference,Southern Union Conference,Tennessee River,,"Nashville, Tenn.",United States
1907,34,Walter Jones,Jones,,,male,Minister,,Tennessee River Conference,Southern Union Conference,Tennessee River,,"Bowling Green, Ky.",United States
1907,34,A. J. Harris,Harris,,,male,Minister,,Tennessee River Conference,Southern Union Conference,Tennessee River,,"Nashville, Tenn.",United States
1907,34,M. C. Strachan,Strachan,,,male,Minister,,Tennessee River Conference,Southern Union Conference,Tennessee River,,"Nashville, Tenn.",United States
1907,34,E. A. Sutherland,Sutherland,,,male,Minister,,Tennessee River Conference,Southern Union Conference,Tennessee River,,"Madison, Tenn.",United States
1907,34,P. T. Magan,Magan,,,male,Minister,,Tennessee River Conference,Southern Union Conference,Tennessee River,,"Madison, Tenn.",United States
1907,34,H. C. Balsbaugh,Balsbaugh,,,male,Licentiate,,Tennessee River Conference,Southern Union Conference,Tennessee River,,"Memphis, Tenn.",United States
1907,34,Frank Mosebar,Mosebar,,,male,Licentiate,,Tennessee River Conference,Southern Union Conference,Tennessee River,,"Erin, Tenn.",United States
1907,34,L. A. Hansen,Hansen,,,male,Licentiate,,Tennessee River Conference,Southern Union Conference,Tennessee River,,"Nashville, Tenn.",United States
1907,34,B. W. Spire,Spire,,,male,Licentiate,,Tennessee River Conference,Southern Union Conference,Tennessee River,,"Edgefield, Tenn.",United States
1907,34,H. H. Johnson,Johnson,,,male,Licentiate,,Tennessee River Conference,Southern Union Conference,Tennessee River,,"Erin, Tenn.",United States
1907,34,Thos. D. Rowe,Rowe,,,male,Licentiate,,Tennessee River Conference,Southern Union Conference,Tennessee River,,"Hazel, Ky.",United States
1907,34,W. R. Hanson,Hanson,,,male,Licentiate,,Tennessee River Conference,Southern Union Conference,Tennessee River,,"Hazel, Ky.",United States
1907,34,I. A. Ford,Ford,,,male,Licentiate,,Tennessee River Conference,Southern Union Conference,Tennessee River,,"Nashville, Tenn.",United States
1907,34,Mrs. Jennie Wilson,Wilson,Mrs.,,female,Missionary Licentiate,,Tennessee River Conference,Southern Union Conference,Tennessee River,,"Nashville, Tenn.",United States
1907,34,F. T. Wales,Wales,,,male,Missionary Licentiate,,Tennessee River Conference,Southern Union Conference,Tennessee River,,"Memphis, Tenn.",United States
1907,34,Bertha Burrow,Burrow,,,female,Missionary Licentiate,,Tennessee River Conference,Southern Union Conference,Tennessee River,,"Jackson, Tenn.",United States
1907,34,Mrs. E. C. Spire,Spire,Mrs.,,female,Missionary Licentiate,,Tennessee River Conference,Southern Union Conference,Tennessee River,,"Graysville, Tenn.",United States
1907,34,Mary Balsbaugh,Balsbaugh,,,female,Missionary Licentiate,,Tennessee River Conference,Southern Union Conference,Tennessee River,,"Memphis, Tenn.",United States
1907,34,Mrs. L. A. Hansen,Hansen,Mrs.,,female,Missionary Licentiate,,Tennessee River Conference,Southern Union Conference,Tennessee River,,"Nashville, Tenn.",United States
1907,34,Mrs. W. R. Hanson,Hanson,Mrs.,,female,Missionary Licentiate,,Tennessee River Conference,Southern Union Conference,Tennessee River,,"Hazel, Ky.",United States
1907,34,Miss Beulah Callicott,Callicott,Miss,,female,Church-School Teacher,,Tennessee River Conference,Southern Union Conference,Tennessee River,,"Hazel, Ky.",United States
1907,34,Z. T. Burrow,Burrow,,,male,Church-School Teacher,,Tennessee River Conference,Southern Union Conference,Tennessee River,,"Trezevant, Tenn.",United States
1907,34,Miss Bertha Burrow,Burrow,Miss,,female,Church-School Teacher,,Tennessee River Conference,Southern Union Conference,Tennessee River,,"Jackson, Tenn.",United States
1907,34,Miss Minnie Gray,Gray,Miss,,female,Church-School Teacher,,Tennessee River Conference,Southern Union Conference,Tennessee River,,"Bowling Green, Ky.",United States
1907,34,Miss Bertha Mason,Mason,Miss,,female,Church-School Teacher,,Tennessee River Conference,Southern Union Conference,Tennessee River,,"Hazel, Ky.",United States
1907,34,Mrs. Bryant,Bryant,Mrs.,,female,Church-School Teacher,,Tennessee River Conference,Southern Union Conference,Tennessee River,,"Bowling Green, Ky.",United States
1907,34,Miss Dollie Callender,Callender,Miss,,female,Church-School Teacher,,Tennessee River Conference,Southern Union Conference,Tennessee River,,"Henderson, Ky.",United States
1907,35,E. W. Webster,Webster,,,male,Director,"Greenville, S. C.",South Carolina Mission Field,State Conference Directories,South Carolina,,"Greenville, S. C.",United States
1907,35,Mrs. R. T. Nash,Nash,Mrs.,,female,Treasurer,"Campobello, S. C.",South Carolina Mission Field,State Conference Directories,South Carolina,,"Campobello, S. C.",United States
1907,35,R. T. Nash,Nash,,,male,Sabbath-school Secretary,"Campobello, S. C.",South Carolina Mission Field,State Conference Directories,South Carolina,,"Campobello, S. C.",United States
1907,35,C. F. Dart,Dart,,,male,Field Missionary Agent,"Campobello, S. C.",South Carolina Mission Field,State Conference Directories,South Carolina,,"Campobello, S. C.",United States
1907,35,E. W. Webster,Webster,,,male,Minister,,South Carolina Mission Field,State Conference Directories,South Carolina,,"Greenville, S. C.",United States
1907,35,R. T. Nash,Nash,,,male,Minister,,South Carolina Mission Field,State Conference Directories,South Carolina,,"Campobello, S. C.",United States
1907,35,E. W. Carey,Carey,,,male,Licentiate,,South Carolina Mission Field,State Conference Directories,South Carolina,,"Spartanburg, S. C.",United States
1907,35,Mrs. E. W. Webster,Webster,Mrs.,,female,Missionary Licentiate,,South Carolina Mission Field,State Conference Directories,South Carolina,,"Greenville, S. C.",United States
1907,35,Miss Elizabeth McHugh,McHugh,Miss,,female,Missionary Licentiate,,South Carolina Mission Field,State Conference Directories,South Carolina,,"Spartanburg, S. C.",United States
1907,35,C. F. Dart,Dart,,,male,Missionary Licentiate,,South Carolina Mission Field,State Conference Directories,South Carolina,,"Campobello, S. C.",United States
1907,35,"Thos. Cherry, Jr.",Cherry,,Jr.,male,Missionary Licentiate,,South Carolina Mission Field,State Conference Directories,South Carolina,,"Johnston, S. C.",United States
1907,35,D. E. Blake,Blake,,,male,Missionary Licentiate,,South Carolina Mission Field,State Conference Directories,South Carolina,,"Spartanburg, S. C.",United States
1907,35,Allen Moon,Moon,,,male,President,,Lake Union Conference,Union Conference Directories,Lake Union,,"Indianapolis, Ind.",United States
1907,35,Wm. Covert,Covert,,,male,Vice-President,,Lake Union Conference,Union Conference Directories,Lake Union,,"Chicago, Ill.",United States
1907,35,W. H. Edwards,Edwards,,,male,Recording Secretary and Treasurer,,Lake Union Conference,Union Conference Directories,Lake Union,,"Indianapolis, Ind.",United States
1907,35,J. B. Musser,Musser,,,male,General Missionary Agent,,Lake Union Conference,Union Conference Directories,Lake Union,,"Berrien Springs, Mich.",United States
1907,35,W. D. Curtis,Curtis,,,male,Sabbath-school and Educational Field Secretary,,Lake Union Conference,Union Conference Directories,Lake Union,,"Berrien Springs, Mich.",United States
1907,35,N. W. Kauble,Kauble,,,male,Training-school Representative,,Lake Union Conference,Union Conference Directories,Lake Union,,"Berrien Springs, Mich.",United States
1907,35,Dr. S. P. S. Edwards,Edwards,Dr.,,male,Medical Secretary,,Lake Union Conference,Union Conference Directories,Lake Union,,"Moline, Ill.",United States
1907,35,J. G. Lamson,Lamson,,,male,Religious Liberty Secretary,,Lake Union Conference,Union Conference Directories,Lake Union,,"Holly, Mich.",United States
1907,35,W. H. Edwards,Edwards,,,male,Auditor,,Lake Union Conference,Union Conference Directories,Lake Union,,"Indianapolis, Ind.",United States
1907,35,Allen Moon,Moon,,,male,Executive Committee Member,,Lake Union Conference,Union Conference Directories,Lake Union,,"Indianapolis, Ind.",United States
1907,35,W. H. Edwards,Edwards,,,male,Executive Committee Member,,Lake Union Conference,Union Conference Directories,Lake Union,,"Indianapolis, Ind.",United States
1907,35,W. D. Curtis,Curtis,,,male,Executive Committee Member,,Lake Union Conference,Union Conference Directories,Lake Union,,"Berrien Springs, Mich.",United States
1907,35,N. W. Kauble,Kauble,,,male,Executive Committee Member,,Lake Union Conference,Union Conference Directories,Lake Union,,"Berrien Springs, Mich.",United States
1907,35,S. P. S. Edwards,Edwards,,,male,Executive Committee Member,,Lake Union Conference,Union Conference Directories,Lake Union,,"Moline, Ill.",United States
1907,35,J. B. Blosser,Blosser,,,male,Executive Committee Member,,Lake Union Conference,Union Conference Directories,Lake Union,,,United States
1907,35,J. G. Lamson,Lamson,,,male,Executive Committee Member,,Lake Union Conference,Union Conference Directories,Lake Union,,"Holly, Mich.",United States
1907,35,Allen Moon,Moon,,,male,Director,Lake Union Conference Association of Seventh-day Adventists,Lake Union Conference,Union Conference Directories,Lake Union,Lake Union Conference Association of Seventh-day Adventists,"Indianapolis, Ind.",United States
1907,35,Wm. Covert,Covert,,,male,Director,Lake Union Conference Association of Seventh-day Adventists,Lake Union Conference,Union Conference Directories,Lake Union,Lake Union Conference Association of Seventh-day Adventists,"Chicago, Ill.",United States
1907,35,H. H. Burkholder,Burkholder,,,male,Director,Lake Union Conference Association of Seventh-day Adventists,Lake Union Conference,Union Conference Directories,Lake Union,Lake Union Conference Association of Seventh-day Adventists,,United States
1907,35,E. K. Slade,Slade,,,male,Director,Lake Union Conference Association of Seventh-day Adventists,Lake Union Conference,Union Conference Directories,Lake Union,Lake Union Conference Association of Seventh-day Adventists,,United States
1907,35,Wm. H. Edwards,Edwards,,,male,Director,Lake Union Conference Association of Seventh-day Adventists,Lake Union Conference,Union Conference Directories,Lake Union,Lake Union Conference Association of Seventh-day Adventists,"Indianapolis, Ind.",United States
1907,35,A. G. Haughey,Haughey,,,male,Director,Lake Union Conference Association of Seventh-day Adventists,Lake Union Conference,Union Conference Directories,Lake Union,Lake Union Conference Association of Seventh-day Adventists,,United States
1907,35,C. McReynolds,McReynolds,,,male,Director,Lake Union Conference Association of Seventh-day Adventists,Lake Union Conference,Union Conference Directories,Lake Union,Lake Union Conference Association of Seventh-day Adventists,,United States
1907,36,Allen Moon,Moon,,,male,President,,Lake Union Conference,,Lake Union,,"Indianapolis, Ind.",United States
1907,36,Wm. Covert,Covert,,,male,Vice-President,,Lake Union Conference,,Lake Union,,,United States
1907,36,W. H. Edwards,Edwards,,,male,Secretary and Treasurer,,Lake Union Conference,,Lake Union,,,United States
1907,36,E. K. Slade,Slade,,,male,Auditor,,Lake Union Conference,,Lake Union,,,United States
1907,36,Allen Moon,Moon,,,male,Minister,,Lake Union Conference,,Lake Union,,"Room 223, Unity Bldg., 147 East Market St., Indianapolis, Ind.",United States
1907,36,N. W. Kauble,Kauble,,,male,Minister,,Lake Union Conference,,Lake Union,,"Berrien Springs, Mich.",United States
1907,36,W. D. Curtis,Curtis,,,male,Minister,,Lake Union Conference,,Lake Union,,"Berrien Springs, Mich.",United States
1907,36,J. B. Blosser,Blosser,,,male,Licentiate,,Lake Union Conference,,Lake Union,,"Berrien Springs, Mich.",United States
1907,36,W. M. Crothers,Crothers,,,male,Licentiate,,Lake Union Conference,,Lake Union,,"20 Helen Ave., Grand Rapids, Mich.",United States
1907,36,W. H. Edwards,Edwards,,,male,Missionary Licentiate,,Lake Union Conference,,Lake Union,,"Room 223, Unity Bldg., 147 East Market St., Indianapolis, Ind.",United States
1907,36,E. K. Slade,Slade,,,male,President,,East Michigan Conference,Lake Union Conference,East Michigan,,"Holly, Mich.",United States
1907,36,E. I. Beebe,Beebe,,,male,Secretary and Treasurer,,East Michigan Conference,Lake Union Conference,East Michigan,,"Holly, Mich.",United States
1907,36,Mina Pierce,Pierce,Miss,,female,Assistant Secretary and Treasurer,,East Michigan Conference,Lake Union Conference,East Michigan,,"Holly, Mich.",United States
1907,36,Frank Hiner,Hiner,,,male,Secretary and Treasurer Tract Society Department,,East Michigan Conference,Lake Union Conference,East Michigan,,"Holly, Mich.",United States
1907,36,H. A. Weaver,Weaver,,,male,Field Secretary,,East Michigan Conference,Lake Union Conference,East Michigan,,,United States
1907,36,R. B. Thurber,Thurber,,,male,Educational Department Superintendent,,East Michigan Conference,Lake Union Conference,East Michigan,,"Holly, Mich.",United States
1907,36,Mabel Parker,Parker,,,female,Sabbath-school Department Secretary,,East Michigan Conference,Lake Union Conference,East Michigan,,"Holly, Mich.",United States
1907,36,E. K. Slade,Slade,,,male,Executive Committee Member,,East Michigan Conference,Lake Union Conference,East Michigan,,,United States
1907,36,E. I. Beebe,Beebe,,,male,Executive Committee Member,,East Michigan Conference,Lake Union Conference,East Michigan,,,United States
1907,36,J. G. Lamson,Lamson,,,male,Executive Committee Member,,East Michigan Conference,Lake Union Conference,East Michigan,,,United States
1907,36,A. R. Sandborn,Sandborn,,,male,Executive Committee Member,,East Michigan Conference,Lake Union Conference,East Michigan,,,United States
1907,36,Frank Hiner,Hiner,,,male,Executive Committee Member,,East Michigan Conference,Lake Union Conference,East Michigan,,,United States
1907,36,E. K. Slade,Slade,,,male,President,East Michigan Conference Association,East Michigan Conference Association,Lake Union Conference,East Michigan,,,United States
1907,36,A. R. Sandborn,Sandborn,,,male,Vice-President,East Michigan Conference Association,East Michigan Conference Association,Lake Union Conference,East Michigan,,,United States
1907,36,J. G. Lamson,Lamson,,,male,Secretary,East Michigan Conference Association,East Michigan Conference Association,Lake Union Conference,East Michigan,,,United States
1907,36,E. I. Beebe,Beebe,,,male,Treasurer,East Michigan Conference Association,East Michigan Conference Association,Lake Union Conference,East Michigan,,,United States
1907,36,Frank Hiner,Hiner,,,male,Auditor,East Michigan Conference Association,East Michigan Conference Association,Lake Union Conference,East Michigan,,,United States
1907,36,R. B. Thurber,Thurber,,,male,Religious Liberty Secretary,,East Michigan Conference,Lake Union Conference,East Michigan,,"Holly, Mich.",United States
1907,36,Elsie Brown,Brown,Miss,,female,Medical Department Secretary,,East Michigan Conference,Lake Union Conference,East Michigan,,"Watrousville, Mich.",United States
1907,36,E. K. Slade,Slade,,,male,Minister,,East Michigan Conference,Lake Union Conference,East Michigan,,"Holly, Mich.",United States
1907,36,E. I. Beebe,Beebe,,,male,Minister,,East Michigan Conference,Lake Union Conference,East Michigan,,"Holly, Mich.",United States
1907,36,J. L. Edgar,Edgar,,,male,Minister,,East Michigan Conference,Lake Union Conference,East Michigan,,"327 West Eighth St., Flint, Mich.",United States
1907,36,J. G. Lamson,Lamson,,,male,Minister,,East Michigan Conference,Lake Union Conference,East Michigan,,"Holly, Mich.",United States
1907,36,L. G. Moore,Moore,,,male,Minister,,East Michigan Conference,Lake Union Conference,East Michigan,,"213 Pine St., North, Lansing, Mich.",United States
1907,36,Wm. Ostrander,Ostrander,,,male,Minister,,East Michigan Conference,Lake Union Conference,East Michigan,,"Saginaw, Mich.",United States
1907,36,C. N. Sanders,Sanders,,,male,Minister,,East Michigan Conference,Lake Union Conference,East Michigan,,"R. F. D. 10, Battle Creek, Mich.",United States
1907,36,A. R. Sandborn,Sandborn,,,male,Minister,,East Michigan Conference,Lake Union Conference,East Michigan,,"Lock Box 74, W. S., Bay City, Mich.",United States
1907,36,B. F. Stureman,Stureman,,,male,Minister,,East Michigan Conference,Lake Union Conference,East Michigan,,"325 West Eighth St., Flint, Mich.",United States
1907,36,M. Shepard,Shepard,,,male,Minister,,East Michigan Conference,Lake Union Conference,East Michigan,,"Belleville, Mich.",United States
1907,36,E. R. Lauda,Lauda,,,male,Minister,,East Michigan Conference,Lake Union Conference,East Michigan,,"Carsonville, Mich.",United States
1907,36,F. G. Lane,Lane,,,male,Minister,,East Michigan Conference,Lake Union Conference,East Michigan,,"Montrose, Mich.",United States
1907,36,Delmer P. Wood,Wood,,,male,Minister,,East Michigan Conference,Lake Union Conference,East Michigan,,"Wayne, Mich.",United States
1907,36,R. B. Thurber,Thurber,,,male,Minister,,East Michigan Conference,Lake Union Conference,East Michigan,,"Holly, Mich.",United States
1907,36,Tilden Black,Black,,,male,Minister,,East Michigan Conference,Lake Union Conference,East Michigan,,"Pittsford, Mich.",United States
1907,13,A. G. Daniells,Daniells,,,male,Trustee,,Foreign Mission Board,General Organizations,General Conference,,"Takoma Park Station, Washington, D. C.",United States
1907,13,W. A. Spicer,Spicer,,,male,Trustee,,Foreign Mission Board,General Organizations,General Conference,,"Takoma Park Station, Washington, D. C.",United States
1907,13,S. N. Curtiss,Curtiss,,,male,Trustee,,Foreign Mission Board,General Organizations,General Conference,,"Takoma Park Station, Washington, D. C.",United States
1907,13,H. W. Cottrell,Cottrell,,,male,Trustee,,Foreign Mission Board,General Organizations,General Conference,,"Takoma Park Station, Washington, D. C.",United States
1907,13,I. H. Evans,Evans,,,male,Trustee,,Foreign Mission Board,General Organizations,General Conference,,"Takoma Park Station, Washington, D. C.",United States
1907,13,G. A. Irwin,Irwin,,,male,Trustee,,Foreign Mission Board,General Organizations,General Conference,,"Takoma Park Station, Washington, D. C.",United States
1907,13,G. M. Chaffee,Chaffee,,,male,Trustee,,Foreign Mission Board,General Organizations,General Conference,,"Takoma Park Station, Washington, D. C.",United States
1907,13,W. W. Prescott,Prescott,,,male,Trustee,,Foreign Mission Board,General Organizations,General Conference,,"Takoma Park Station, Washington, D. C.",United States
1907,13,C. H. Edwards,Edwards,,,male,Trustee,,Foreign Mission Board,General Organizations,General Conference,,"Takoma Park Station, Washington, D. C.",United States
1907,13,A. G. Daniells,Daniells,,,male,President,,Foreign Mission Board,General Organizations,General Conference,,"Takoma Park Station, Washington, D. C.",United States
1907,13,W. A. Spicer,Spicer,,,male,Secretary,,Foreign Mission Board,General Organizations,General Conference,,"Takoma Park Station, Washington, D. C.",United States
1907,13,I. H. Evans,Evans,,,male,Treasurer,,Foreign Mission Board,General Organizations,General Conference,,"Takoma Park Station, Washington, D. C.",United States
1907,13,B. L. Anderson,Anderson,,,male,Minister,,Laborers Engaged in General Work and in Mission Fields,General Conference,General Conference,,"Kulangsu, Amoy, China",Asia
1907,13,J. N. Anderson,Anderson,,,male,Minister,,Laborers Engaged in General Work and in Mission Fields,General Conference,General Conference,,"Canton, China",Asia
1907,13,D. C. Babcock,Babcock,,,male,Minister,,Laborers Engaged in General Work and in Mission Fields,General Conference,General Conference,,"Freetown, Sierra Leone, West Africa",Africa
1907,13,Geo. M. Brown,Brown,,,male,Minister,,Laborers Engaged in General Work and in Mission Fields,General Conference,General Conference,,"Tacubaya, D. F., Mexico",Mexico
1907,13,Geo. I. Butler,Butler,,,male,Minister,,Laborers Engaged in General Work and in Mission Fields,General Conference,General Conference,,"Nashville, Tenn.",United States
1907,13,G. W. Caviness,Caviness,,,male,Minister,,Laborers Engaged in General Work and in Mission Fields,General Conference,General Conference,,"Tacubaya, D. F., Mexico",Mexico
1907,13,L. H. Christian,Christian,,,male,Minister,,Laborers Engaged in General Work and in Mission Fields,General Conference,General Conference,,"Chicago, Ill.",United States
1907,13,W. A. Colcord,Colcord,,,male,Minister,,Laborers Engaged in General Work and in Mission Fields,General Conference,General Conference,,"Takoma Park Station, Washington, D. C.",United States
1907,13,A. G. Daniells,Daniells,,,male,Minister,,Laborers Engaged in General Work and in Mission Fields,General Conference,General Conference,,"Takoma Park Station, Washington, D. C.",United States
1907,13,I. H. Evans,Evans,,,male,Minister,,Laborers Engaged in General Work and in Mission Fields,General Conference,General Conference,,"Takoma Park Station, Washington, D. C.",United States
1907,13,E. W. Farnsworth,Farnsworth,,,male,Minister,,Laborers Engaged in General Work and in Mission Fields,General Conference,General Conference,,"South Lancaster, Mass.",United States
1907,13,F. W. Field,Field,,,male,Minister,,Laborers Engaged in General Work and in Mission Fields,General Conference,General Conference,,"Tokyo, Japan",Asia
1907,13,Frederick Griggs,Griggs,,,male,Minister,,Laborers Engaged in General Work and in Mission Fields,General Conference,General Conference,,"Takoma Park Station, Washington, D. C.",United States
1907,13,G. F. Haffner,Haffner,,,male,Minister,,Laborers Engaged in General Work and in Mission Fields,General Conference,General Conference,,"Shattuck, Okla.",United States
1907,13,W. C. Hankins,Hankins,,,male,Minister,,Laborers Engaged in General Work and in Mission Fields,General Conference,General Conference,,"Kulangsu, Amoy, China",Asia
1907,13,S. N. Haskell,Haskell,,,male,Minister,,Laborers Engaged in General Work and in Mission Fields,General Conference,General Conference,,"South Lancaster, Mass.",United States
1907,13,G. A. Irwin,Irwin,,,male,Minister,,Laborers Engaged in General Work and in Mission Fields,General Conference,General Conference,,"Takoma Park Station, Washington, D. C.",United States
1907,13,H. Kuniya,Kuniya,,,male,Minister,,Laborers Engaged in General Work and in Mission Fields,General Conference,General Conference,,"Tokyo, Japan",Asia
1907,13,J. N. Loughborough,Loughborough,,,male,Minister,,Laborers Engaged in General Work and in Mission Fields,General Conference,General Conference,,"Mountain View, Cal.",United States
1907,13,H. W. Miller,Miller,,,male,Minister,,Laborers Engaged in General Work and in Mission Fields,General Conference,General Conference,,"Sin Iang Cheo, Honan, via Hankow, China",Asia
1907,13,W. W. Miller,Miller,,,male,Minister,,Laborers Engaged in General Work and in Mission Fields,General Conference,General Conference,,"Calcutta, India",Asia
1907,13,S. Mortenson,Mortenson,,,male,Minister,,Laborers Engaged in General Work and in Mission Fields,General Conference,General Conference,,"Chicago, Ill.",United States
1907,13,T. H. Okohira,Okohira,,,male,Minister,,Laborers Engaged in General Work and in Mission Fields,General Conference,General Conference,,"Tokyo, Japan",Asia
1907,13,G. K. Owen,Owen,,,male,Minister,,Laborers Engaged in General Work and in Mission Fields,General Conference,General Conference,,"Colpetty, Colombo, Ceylon",Asia
1907,13,E. Pilquist,Pilquist,,,male,Minister,,Laborers Engaged in General Work and in Mission Fields,General Conference,General Conference,,"Lo Shan Hsien, Honan, via Hankow, China",Asia
1907,13,W. W. Prescott,Prescott,,,male,Minister,,Laborers Engaged in General Work and in Mission Fields,General Conference,General Conference,,"Takoma Park Station, Washington, D. C.",United States
1907,13,O. E. Reinke,Reinke,,,male,Minister,,Laborers Engaged in General Work and in Mission Fields,General Conference,General Conference,,"New York, N. Y.",United States
1907,13,K. C. Russell,Russell,,,male,Minister,,Laborers Engaged in General Work and in Mission Fields,General Conference,General Conference,,"Takoma Park Station, Washington, D. C.",United States
1907,13,A. C. Selmon,Selmon,,,male,Minister,,Laborers Engaged in General Work and in Mission Fields,General Conference,General Conference,,"Siang Cheng Hsien, Honan, via Hankow, China",Asia
1907,13,J. L. Shaw,Shaw,,,male,Minister,,Laborers Engaged in General Work and in Mission Fields,General Conference,General Conference,,"Calcutta, India",Asia
1907,13,W. R. Smith,Smith,,,male,Minister,,Laborers Engaged in General Work and in Mission Fields,General Conference,General Conference,,"Soonan, Korea",Asia
1907,13,W. A. Spicer,Spicer,,,male,Minister,,Laborers Engaged in General Work and in Mission Fields,General Conference,General Conference,,"Takoma Park Station, Washington, D. C.",United States
1907,13,Geo. B. Thompson,Thompson,,,male,Minister,,Laborers Engaged in General Work and in Mission Fields,General Conference,General Conference,,"Takoma Park Station, Washington, D. C.",United States
1907,13,H. H. Votaw,Votaw,,,male,Minister,,Laborers Engaged in General Work and in Mission Fields,General Conference,General Conference,,"Insein, near Rangoon, Burma",Asia
1907,13,J. J. Westrup,Westrup,,,male,Minister,,Laborers Engaged in General Work and in Mission Fields,General Conference,General Conference,,"Lo Shan Hsien, China",Asia
1907,13,Mrs. E. G. White,White,Mrs.,,female,Minister,,Laborers Engaged in General Work and in Mission Fields,General Conference,General Conference,,"Sanitarium, Napa Co., Cal.",United States
1907,13,W. C. White,White,,,male,Minister,,Laborers Engaged in General Work and in Mission Fields,General Conference,General Conference,,"Sanitarium, Napa Co., Cal.",United States
1907,13,B. G. Wilkinson,Wilkinson,,,male,Minister,,Laborers Engaged in General Work and in Mission Fields,General Conference,General Conference,,"Takoma Park Station, Washington, D. C.",United States
1907,13,W. A. Barlow,Barlow,,,male,Licentiate,,Laborers Engaged in General Work and in Mission Fields,General Conference,General Conference,,"Simultala, E. I. R., India",Asia
1907,13,H. F. Benson,Benson,,,male,Licentiate,,Laborers Engaged in General Work and in Mission Fields,General Conference,General Conference,,"Tokyo, Japan",Asia
1907,13,T. E. Bowen,Bowen,,,male,Licentiate,,Laborers Engaged in General Work and in Mission Fields,General Conference,General Conference,,"Takoma Park Station, Washington, D. C.",United States
1907,13,W. D. Burden,Burden,,,male,Licentiate,,Laborers Engaged in General Work and in Mission Fields,General Conference,General Conference,,"Tokyo, Japan",Asia
1907,13,J. F. Froom,Froom,,,male,Licentiate,,Laborers Engaged in General Work and in Mission Fields,General Conference,General Conference,,"Mt. Tabor Station, Portland, Oregon",United States
1907,38,J. M. Rees,Rees,,,male,Credentialed Worker,"323 West Sycamore St., Kokomo, Ind.",Indiana Conference,Lake Union,Indiana,,"Kokomo, Ind.",United States
1907,38,A. L. Miller,Miller,,,male,Credentialed Worker,"322 Mill St., Seymour, Ind.",Indiana Conference,Lake Union,Indiana,,"Seymour, Ind.",United States
1907,38,C. J. Buhalts,Buhalts,,,male,Credentialed Worker,"221 Unity Bldg., Indianapolis, Ind.",Indiana Conference,Lake Union,Indiana,,"Indianapolis, Ind.",United States
1907,38,U. S. Anderson,Anderson,,,male,Credentialed Worker,"R. F. D. No. 1, Hartford City, Ind.",Indiana Conference,Lake Union,Indiana,,"Hartford City, Ind.",United States
1907,38,C. L. Stone,Stone,,,male,Credentialed Worker,"R. F. D. No. 1, Fairland, Ind.",Indiana Conference,Lake Union,Indiana,,"Fairland, Ind.",United States
1907,38,B. Hagle,Hagle,,,male,Credentialed Worker,,Indiana Conference,Lake Union,Indiana,,"Wolf Lake, Ind.",United States
1907,38,J. F. Steele,Steele,,,male,Credentialed Worker,,Indiana Conference,Lake Union,Indiana,,"Bloomington, Ind.",United States
1907,38,A. W. Bartlett,Bartlett,,,male,Credentialed Worker,"816 North Temple Ave., Indianapolis, Ind.",Indiana Conference,Lake Union,Indiana,,"Indianapolis, Ind.",United States
1907,38,O. S. Hadley,Hadley,,,male,Credentialed Worker,2034 Cornell Ave.,Indiana Conference,Lake Union,Indiana,,"Indianapolis, Ind.",United States
1907,38,Dr. Wm. Hill,Hill,Dr.,,male,Honorary Credentials,,Indiana Conference,Lake Union,Indiana,,"Rochester, Ind.",United States
1907,38,J. M. Ellis,Ellis,,,male,Honorary Credentials,,Indiana Conference,Lake Union,Indiana,,"Idaville, Ind.",United States
1907,38,J. W. Covert,Covert,,,male,Honorary Credentials,"R. F. D. No. 2, Albion, Ind.",Indiana Conference,Lake Union,Indiana,,"Albion, Ind.",United States
1907,38,R. M. Harrison,Harrison,,,male,Honorary Credentials,,Indiana Conference,Lake Union,Indiana,,"Brazil, Ind.",United States
1907,38,Victor Thompson,Thompson,,,male,Honorary Credentials,,Indiana Conference,Lake Union,Indiana,,"Russiaville, Ind.",United States
1907,38,W. W. Worster,Worster,,,male,Licentiate,"R. F. D. No. 1, Lafayette, Ind.",Indiana Conference,Lake Union,Indiana,,"Lafayette, Ind.",United States
1907,38,Robert M. Leach,Leach,,,male,Licentiate,"37 Booth St., Seymour, Ind.",Indiana Conference,Lake Union,Indiana,,"Seymour, Ind.",United States
1907,38,R. C. Spohr,Spohr,,,male,Licentiate,"221 Unity Bldg., Indianapolis, Ind.",Indiana Conference,Lake Union,Indiana,,"Indianapolis, Ind.",United States
1907,38,B. F. Machlan,Machlan,,,male,Licentiate,,Indiana Conference,Lake Union,Indiana,,"South Lancaster, Mass.",United States
1907,38,A. L. Chew,Chew,,,male,Honorary Licentiate,,Indiana Conference,Lake Union,Indiana,,"Glenwood, Ind.",United States
1907,38,Mrs. Florence Niehaus,Niehaus,Mrs.,,female,Missionary Licentiate,"221 Unity Bldg., Indianapolis, Ind.",Indiana Conference,Lake Union,Indiana,,"Indianapolis, Ind.",United States
1907,38,J. H. Niehaus,Niehaus,,,male,Missionary Licentiate,221 Unity Bldg.,Indiana Conference,Lake Union,Indiana,,"Indianapolis, Ind.",United States
1907,38,Miss J. Theresa Thompson,Thompson,Miss,,female,Missionary Licentiate,,Indiana Conference,Lake Union,Indiana,,"Russiaville, Ind.",United States
1907,38,Miss Nellie Rothbaust,Rothbaust,Miss,,female,Missionary Licentiate,"554 South Center St., Franklin, Ind.",Indiana Conference,Lake Union,Indiana,,"Franklin, Ind.",United States
1907,38,Miss Ella Leach,Leach,Miss,,female,Missionary Licentiate,"37 Booth St., Seymour, Ind.",Indiana Conference,Lake Union,Indiana,,"Seymour, Ind.",United States
1907,38,Miss Mary C. Kent,Kent,Miss,,female,Missionary Licentiate,,Indiana Conference,Lake Union,Indiana,,"Seymour, Ind.",United States
1907,38,Grover R. Fattic,Fattic,,,male,Missionary Licentiate,"1220 West Sixth St., Anderson, Ind.",Indiana Conference,Lake Union,Indiana,,"Anderson, Ind.",United States
1907,38,L. F. Elliott,Elliott,,,male,Missionary Licentiate,"R. F. D. No. 1, Fairland, Ind.",Indiana Conference,Lake Union,Indiana,,"Fairland, Ind.",United States
1907,38,Mrs. Emma Sparks,Sparks,Mrs.,,female,Missionary Licentiate,717 Lord St.,Indiana Conference,Lake Union,Indiana,,,United States
1907,38,Miss Laura Stone,Stone,Miss,,female,Missionary Licentiate,"R. F. D. No. 3, Plymouth, Ind.",Indiana Conference,Lake Union,Indiana,,"Plymouth, Ind.",United States
1907,38,Miss Donna Priddy,Priddy,Miss,,female,Missionary Licentiate,"132 East North St., Noblesville, Ind.",Indiana Conference,Lake Union,Indiana,,"Noblesville, Ind.",United States
1907,38,Roy Roberts,Roberts,,,male,Missionary Licentiate,"221 Unity Bldg., Indianapolis, Ind.",Indiana Conference,Lake Union,Indiana,,"Indianapolis, Ind.",United States
1907,38,H. M. Kelley,Kelley,,,male,Missionary Licentiate,"221 Unity Bldg., Indianapolis, Ind.",Indiana Conference,Lake Union,Indiana,,"Indianapolis, Ind.",United States
1907,38,Mrs. Dora Roberts,Roberts,Mrs.,,female,Missionary Licentiate,221 Unity Bldg.,Indiana Conference,Lake Union,Indiana,,"Indianapolis, Ind.",United States
1907,38,Mrs. Ida V. Hadley,Hadley,Mrs.,,female,Missionary Licentiate,2034 Cornell Ave.,Indiana Conference,Lake Union,Indiana,,"Indianapolis, Ind.",United States
1907,38,Miss Mary Huntzinger,Huntzinger,Miss,,female,Missionary Licentiate,,Indiana Conference,Lake Union,Indiana,,"Greenfield, Ind.",United States
1907,38,Thomas Hubbard,Hubbard,,,male,Honorary Missionary Licentiate,"R. F. D. No. 1, Fairland, Ind.",Indiana Conference,Lake Union,Indiana,,"Fairland, Ind.",United States
1907,38,J. J. Fellow,Fellow,,,male,Honorary Missionary Licentiate,"R. F. D. No. 3, Greentown, Ind.",Indiana Conference,Lake Union,Indiana,,"Greentown, Ind.",United States
1907,38,Mrs. R. W. McMahan,McMahan,Mrs.,,female,Licensed Colporteur,"805 Meridian St., Anderson, Ind.",Indiana Conference,Lake Union,Indiana,,"Anderson, Ind.",United States
1907,38,T. A. Goodwin,Goodwin,,,male,Licensed Colporteur,221 Unity Bldg.,Indiana Conference,Lake Union,Indiana,,"Indianapolis, Ind.",United States
1907,38,H. N. Lee,Lee,,,male,Licensed Colporteur,"R. F. D. No. 1, Fairland, Ind.",Indiana Conference,Lake Union,Indiana,,"Fairland, Ind.",United States
1907,38,A. C. Ford,Ford,,,male,Licensed Colporteur,"R. F. D. No. 1, Fairland, Ind.",Indiana Conference,Lake Union,Indiana,,"Fairland, Ind.",United States
1907,38,Mrs. Mary Buhalts,Buhalts,Mrs.,,female,Licensed Colporteur,221 Unity Bldg.,Indiana Conference,Lake Union,Indiana,,"Indianapolis, Ind.",United States
1907,38,Mrs. Ada Worster,Worster,Mrs.,,female,Licensed Colporteur,R. F. D. No. 1,Indiana Conference,Lake Union,Indiana,,"Lafayette, Ind.",United States
1907,38,Miss Pearl L. Rees,Rees,Miss,,female,Licensed Colporteur,"323 West Sycamore St., Kokomo, Ind.",Indiana Conference,Lake Union,Indiana,,"Kokomo, Ind.",United States
1907,38,James Blankenship,Blankenship,,,male,Licensed Colporteur,,Indiana Conference,Lake Union,Indiana,,"Monon, Ind.",United States
1907,38,Stephen Boze,Boze,,,male,Licensed Colporteur,,Indiana Conference,Lake Union,Indiana,,"Buffalo, Ind.",United States
1907,38,Geo. W. Rader,Rader,,,male,Licensed Colporteur,"R. F. D. No. 1, Marion, Ind.",Indiana Conference,Lake Union,Indiana,,"Marion, Ind.",United States
1907,38,Charles E. Allen,Allen,,,male,Licensed Colporteur,,Indiana Conference,Lake Union,Indiana,,"Greenwood, Ind.",United States
1907,38,H. C. Carmichael,Carmichael,,,male,Licensed Colporteur,,Indiana Conference,Lake Union,Indiana,,"Heltonville, Ind.",United States
1907,38,Martin Grini,Grini,,,male,Licensed Colporteur,"R. F. D. No. 1, Lafayette, Ind.",Indiana Conference,Lake Union,Indiana,,"Lafayette, Ind.",United States
1907,38,Athen Metzker,Metzker,,,male,Licensed Colporteur,,Indiana Conference,Lake Union,Indiana,,"Eaton, Ind.",United States
1907,38,Belva Vance,Vance,,,female,Church-School Teacher,"R. F. D. No. 1, Box 60, Tell City, Ind.",Indiana Conference,Lake Union,Indiana,,"Tell City, Ind.",United States
1907,38,Clara Allen,Allen,,,female,Church-School Teacher,,Indiana Conference,Lake Union,Indiana,,"Princeton, Ind.",United States
1907,15,Dr. S. A. Lockwood,Lockwood,Dr.,,male,Missionary,,General Conference,General Organizations,General Conference,,"42 Yamamoto-dori, Nichome, Kobe, Japan",Asia
1907,15,Mrs. Myrtle S. Lockwood,Lockwood,Mrs.,,female,Missionary,,General Conference,General Organizations,General Conference,,"42 Yamamoto-dori, Nichome, Kobe, Japan",Asia
1907,15,Sara MacEnterfer,MacEnterfer,,,female,Missionary,,General Conference,General Organizations,General Conference,,"Sanitarium, Cal.",United States
1907,15,Mrs. Thekla B. Mackey,Mackey,Mrs.,,female,Missionary,,General Conference,General Organizations,General Conference,,"39-1 Free School St., Calcutta, India",Asia
1907,15,Dr. Lucinda A. Marsh,Marsh,Dr.,,female,Missionary,,General Conference,General Organizations,General Conference,,"Dhun Bldg., Mereweather Road, Apollo, Bunder, Bombay, India",Asia
1907,15,Mrs. L. L. McCarnley,McCarnley,Mrs.,,female,Missionary,,General Conference,General Organizations,General Conference,,"39-1 Free School St., Calcutta, India",Asia
1907,15,Miss Ella McIntyre,McIntyre,Miss,,female,Missionary,,General Conference,General Organizations,General Conference,,"50 Park St., Calcutta, India",Asia
1907,15,Dr. H. C. Menkel,Menkel,Dr.,,male,Missionary,,General Conference,General Organizations,General Conference,,"39-1 Free School St., Calcutta, India",Asia
1907,15,Mrs. May P. Menkel,Menkel,Mrs.,,female,Missionary,,General Conference,General Organizations,General Conference,,"39-1 Free School St., Calcutta, India",Asia
1907,15,Mrs. Ruth M. Miller,Miller,Mrs.,,female,Missionary,,General Conference,General Organizations,General Conference,,"39-1 Free School St., Calcutta, India",Asia
1907,15,Mong Mong,Mong,,,,Missionary,,General Conference,General Organizations,General Conference,,"116 Coavasjee Terrace, Montgomery Road, Rangoon, Burma",Asia
1907,15,A. C. Mookerjee,Mookerjee,,,male,Missionary,,General Conference,General Organizations,General Conference,,"Old Baydakana, 2d Lane, Calcutta, India",Asia
1907,15,Mrs. Grace K. Mookerjee,Mookerjee,Mrs.,,female,Missionary,,General Conference,General Organizations,General Conference,,"39-1 Free School St., Calcutta, India",Asia
1907,15,Claude E. Morgan,Morgan,,,male,Missionary,,General Conference,General Organizations,General Conference,,"Box 105, Belize, British Honduras, Central America",Central America
1907,15,Mrs. C. E. Morgan,Morgan,Mrs.,,female,Missionary,,General Conference,General Organizations,General Conference,,"Box 105, Belize, British Honduras, Central America",Central America
1907,15,Dr. Ollie Oberholtzer,Oberholtzer,Dr.,,female,Missionary,,General Conference,General Organizations,General Conference,,"39-1 Free School St., Calcutta, India",Asia
1907,15,Miss A. O'Connor,O'Connor,Miss,,female,Missionary,,General Conference,General Organizations,General Conference,,"39-1 Free School St., Calcutta, India",Asia
1907,15,Mrs. S. J. Olney,Olney,Mrs.,,female,Missionary,,General Conference,General Organizations,General Conference,,"50 Park St., Calcutta, India",Asia
1907,15,Anna Orr,Orr,,,female,Missionary,,General Conference,General Organizations,General Conference,,"Orion, St. Johns Hill, Bangalore, South India",Asia
1907,15,Mrs. Ida Pilquist,Pilquist,Mrs.,,female,Missionary,,General Conference,General Organizations,General Conference,,"Lo Shan, Honan, via Hankow, China",Asia
1907,15,Miguel Placencia,Placencia,,,male,Missionary,,General Conference,General Organizations,General Conference,,"No. 92, Aranzazu, Guadalajara, Mexico",Central America
1907,15,Mrs. L. Flora Plummer,Plummer,Mrs.,,female,Missionary,,General Conference,General Organizations,General Conference,,"Takoma Park Station, Washington, D. C.",United States
1907,15,H. E. Rogers,Rogers,,,male,Missionary,,General Conference,General Organizations,General Conference,,"Takoma Park Station, Washington, D. C.",United States
1907,15,Miss Mimi Scharffenberg,Scharffenberg,Miss,,female,Missionary,,General Conference,General Organizations,General Conference,,"Soonan, Korea",Asia
1907,15,Mrs. Bertha L. Selmon,Selmon,Mrs.,,female,Missionary,,General Conference,General Organizations,General Conference,,"Siang Cheng Hsien, Honan, via Hankow, China",Asia
1907,15,D. Ella Smith,Smith,,,female,Missionary,,General Conference,General Organizations,General Conference,,"Dhun Bldg., Mereweather Road, Apollo, Bunder, Bombay, India",Asia
1907,15,Mrs. Addie Smith,Smith,Mrs.,,female,Missionary,,General Conference,General Organizations,General Conference,,"Soonan, Korea",Asia
1907,15,Charlotte Simpson,Simpson,,,female,Missionary,,General Conference,General Organizations,General Conference,,"Sin Tsai Hsien, Honan, via Hankow, China",Asia
1907,15,Mrs. Bessie Shaw,Shaw,Mrs.,,female,Missionary,,General Conference,General Organizations,General Conference,,"39-1 Free School St., Calcutta, India",Asia
1907,15,Ida Thompson,Thompson,,,female,Missionary,,General Conference,General Organizations,General Conference,,"care British Post-office, Canton, China",Asia
1907,15,Miss Amanda Vanscoy,Vanscoy,Miss,,female,Missionary,,General Conference,General Organizations,General Conference,,"care British Post-office, Canton, China",Asia
1907,15,Mrs. Caroline Votaw,Votaw,Mrs.,,female,Missionary,,General Conference,General Organizations,General Conference,,"Grennan Slopes, Insein, Burma",Asia
1907,15,A. G. Watson,Watson,,,male,Missionary,,General Conference,General Organizations,General Conference,,"105 Corporation St., Calcutta, India",Asia
1907,15,Mrs. J. J. Westrup,Westrup,Mrs.,,female,Missionary,,General Conference,General Organizations,General Conference,,"Lo Shan, Honan, via Hankow, China",Asia
1907,15,Miss Cora Whaley,Whaley,Miss,,female,Missionary,,General Conference,General Organizations,General Conference,,"Dhun Bldg., Mereweather Road, Apollo, Bunder, Bombay, India",Asia
1907,15,Samantha E. Whiteis,Whiteis,,,female,Missionary,In U. S. on furlough,General Conference,General Organizations,General Conference,,"Karinatar, E. I. R., India",Asia
1907,15,E. H. Wilbur,Wilbur,,,male,Missionary,,General Conference,General Organizations,General Conference,,"care British Post-office, Canton, China",Asia
1907,15,Mrs. Susan H. Wilbur,Wilbur,Mrs.,,female,Missionary,,General Conference,General Organizations,General Conference,,"care British Post-office, Canton, China",Asia
1907,15,A. Helen Wilcox,Wilcox,,,female,Missionary,,General Conference,General Organizations,General Conference,,"Fairy Villa, Simultala, E. I. R., India",Asia
1907,15,Mrs. Maude M. Wilkinson,Wilkinson,Mrs.,,female,Missionary,,General Conference,General Organizations,General Conference,,"Takoma Park Station, Washington, D. C.",United States
1907,15,Miss Bessie Young,Young,Miss,,female,Missionary,,General Conference,General Organizations,General Conference,,"30 Oiwakecho, Hongo-ku, Tokyo, Japan",Asia
1907,40,J. M. Burdick,Burdick,,,male,Licensed Minister,"717 Second St., Dixon, Ill.",Illinois Conference,Lake Union Conference,Illinois,,"Dixon, Ill.",United States
1907,40,J. R. Buster,Buster,,,male,Licensed Minister,"5400 Dearborn St., Chicago, Ill.",Illinois Conference,Lake Union Conference,Illinois,,"Chicago, Ill.",United States
1907,40,Clara Silver,Silver,,,female,Missionary Licentiate,"1213 Fifteenth St., Moline, Ill.",Illinois Conference,Lake Union Conference,Illinois,,"Moline, Ill.",United States
1907,40,Jean Phillips,Phillips,,,female,Missionary Licentiate,"30 Jansen Ave., Chicago, Ill.",Illinois Conference,Lake Union Conference,Illinois,,"Chicago, Ill.",United States
1907,40,Pearl Hallock,Hallock,,,female,Missionary Licentiate,"Room 670, 324 Dearborn St., Chicago, Ill.",Illinois Conference,Lake Union Conference,Illinois,,"Chicago, Ill.",United States
1907,40,I. D. Richardson,Richardson,,,male,Missionary Licentiate,"Sheridan, Ill.",Illinois Conference,Lake Union Conference,Illinois,,"Sheridan, Ill.",United States
1907,40,Anna Hibben,Hibben,,,female,Missionary Licentiate,30 Jansen Ave.,Illinois Conference,Lake Union Conference,Illinois,,,United States
1907,40,Ella Hancock,Hancock,,,female,Missionary Licentiate,"1087 West North Ave., Chicago, Ill.",Illinois Conference,Lake Union Conference,Illinois,,"Chicago, Ill.",United States
1907,40,Mabel Thiel,Thiel,,,female,Missionary Licentiate,"1087 West North Ave., Chicago, Ill.",Illinois Conference,Lake Union Conference,Illinois,,"Chicago, Ill.",United States
1907,40,Margaret Nelson,Nelson,,,female,Missionary Licentiate,65 McLean Ave.,Illinois Conference,Lake Union Conference,Illinois,,,United States
1907,40,H. E. Moon,Moon,,,male,Missionary Licentiate,"Room 670, 324 Dearborn St., Chicago, Ill.",Illinois Conference,Lake Union Conference,Illinois,,"Chicago, Ill.",United States
1907,40,Bertha Erickson,Erickson,,,female,Missionary Licentiate,"Room 670, 324",Illinois Conference,Lake Union Conference,Illinois,,,United States
1907,40,L. Bedford,Bedford,,M.D.,,Missionary Licentiate,"4530 Champlain Ave., Chicago, Ill.",Illinois Conference,Lake Union Conference,Illinois,,"Chicago, Ill.",United States
1907,40,Helen Odell,Odell,,,female,Missionary Licentiate,461 Orchard Ave.,Illinois Conference,Lake Union Conference,Illinois,,,United States
1907,40,C. R. Magoon,Magoon,,,male,Missionary Licentiate,"213 National St., Elgin, Ill.",Illinois Conference,Lake Union Conference,Illinois,,"Elgin, Ill.",United States
1907,40,Carrie Kerns,Kerns,Miss,,female,Church-School Teacher,"326 East Forty-fourth St., Chicago, Ill.",Illinois Conference,Lake Union Conference,Illinois,,"Chicago, Ill.",United States
1907,40,Lena Fletcher,Fletcher,Miss,,female,Church-School Teacher,"115 South First St., Streator, Ill.",Illinois Conference,Lake Union Conference,Illinois,,"Streator, Ill.",United States
1907,40,Mae Lewins,Lewins,Miss,,female,Church-School Teacher,"781 East Main St., Galesburg, Ill.",Illinois Conference,Lake Union Conference,Illinois,,"Galesburg, Ill.",United States
1907,40,Mina Hansen,Hansen,Miss,,female,Church-School Teacher,"Route 3, Aledo",Illinois Conference,Lake Union Conference,Illinois,,"Aledo, Ill.",United States
1907,40,K. Virgie Johnson,Johnson,Miss,,female,Church-School Teacher,"813 Emmet St., Chicago, Ill.",Illinois Conference,Lake Union Conference,Illinois,,"Chicago, Ill.",United States
1907,40,S. E. Wight,Wight,,,male,President,"220 Michigan St., Petoskey, Mich.",North Michigan Conference,Lake Union Conference,North Michigan,,"Petoskey, Mich.",United States
1907,40,Edith McClellan,McClellan,,,female,Secretary,"224 Michigan St., Petoskey, Mich.",North Michigan Conference,Lake Union Conference,North Michigan,,"Petoskey, Mich.",United States
1907,40,E. A. Bristol,Bristol,,,male,"Secretary and Treasurer, Tract Society Department","423 Petoskey St., Petoskey",North Michigan Conference,Lake Union Conference,North Michigan,,"Petoskey, Mich.",United States
1907,40,H. W. Johnson,Johnson,,,male,Field Missionary Agent,"802 1/2 Petoskey St., Petoskey, Mich.",North Michigan Conference,Lake Union Conference,North Michigan,,"Petoskey, Mich.",United States
1907,40,Myrta M. Kellogg,Kellogg,,,female,"Superintendent, Educational Department","Le Roy, Mich.",North Michigan Conference,Lake Union Conference,North Michigan,,"Le Roy, Mich.",United States
1907,40,S. E. Wight,Wight,,,male,Executive Committee Member,,North Michigan Conference,Lake Union Conference,North Michigan,,"Petoskey, Mich.",United States
1907,40,W. R. Matthews,Matthews,,,male,Executive Committee Member,,North Michigan Conference,Lake Union Conference,North Michigan,,,United States
1907,40,O. Montgomery,Montgomery,,,male,Executive Committee Member,,North Michigan Conference,Lake Union Conference,North Michigan,,"Hancock, Mich.",United States
1907,40,Geo. G. Johnson,Johnson,,,male,Executive Committee Member,,North Michigan Conference,Lake Union Conference,North Michigan,,,United States
1907,40,Morton Stephens,Stephens,,,male,Executive Committee Member,,North Michigan Conference,Lake Union Conference,North Michigan,,,United States
1907,40,S. E. Wight,Wight,,,male,"Trustee, North Michigan Conference Association of Seventh-day Adventists",,North Michigan Conference,Lake Union Conference,North Michigan,,"Petoskey, Mich.",United States
1907,40,W. R. Matthews,Matthews,,,male,"Trustee, North Michigan Conference Association of Seventh-day Adventists",,North Michigan Conference,Lake Union Conference,North Michigan,,,United States
1907,40,E. A. Bristol,Bristol,,,male,"Trustee, North Michigan Conference Association of Seventh-day Adventists",,North Michigan Conference,Lake Union Conference,North Michigan,,"Petoskey, Mich.",United States
1907,40,O. Montgomery,Montgomery,,,male,"Trustee, North Michigan Conference Association of Seventh-day Adventists",,North Michigan Conference,Lake Union Conference,North Michigan,,"Hancock, Mich.",United States
1907,40,Morton Stephens,Stephens,,,male,"Trustee, North Michigan Conference Association of Seventh-day Adventists",,North Michigan Conference,Lake Union Conference,North Michigan,,,United States
1907,40,S. E. Wight,Wight,,,male,Minister,"220 Michigan St., Petoskey, Mich.",North Michigan Conference,Lake Union Conference,North Michigan,,"Petoskey, Mich.",United States
1907,40,W. R. Matthews,Matthews,,,male,Minister,"R. F. D. 2, Mancelona, Mich.",North Michigan Conference,Lake Union Conference,North Michigan,,"Mancelona, Mich.",United States
1907,40,M. C. Guild,Guild,,,male,Minister,"821 Lynn St., Cadillac, Mich.",North Michigan Conference,Lake Union Conference,North Michigan,,"Cadillac, Mich.",United States
1907,40,M. W. Lewis,Lewis,,,male,Minister,"3609 Broadway, Menominee, Mich.",North Michigan Conference,Lake Union Conference,North Michigan,,"Menominee, Mich.",United States
1907,40,Geo. G. Johnson,Johnson,,,male,Minister,"2815 Broadway, Menominee, Mich.",North Michigan Conference,Lake Union Conference,North Michigan,,"Menominee, Mich.",United States
1907,40,O. Montgomery,Montgomery,,,male,Minister,"Hancock, Mich.",North Michigan Conference,Lake Union Conference,North Michigan,,"Hancock, Mich.",United States
1907,40,H. S. Guilford,Guilford,,,male,Honorary Ministerial License,West Branch,North Michigan Conference,Lake Union Conference,North Michigan,,"West Branch, Mich.",United States
1907,41,E. A. Bristol,Bristol,,,male,Licentiate,"423 Petoskey St., Petoskey, Mich.",East Michigan Conference,Lake Union Conference,East Michigan,,"Petoskey, Mich.",United States
1907,41,R. J. Bellows,Bellows,,,male,Licentiate,,East Michigan Conference,Lake Union Conference,East Michigan,,"Gladstone, Mich.",United States
1907,41,T. G. Lewis,Lewis,,,male,Licentiate,,East Michigan Conference,Lake Union Conference,East Michigan,,"Omer, Mich.",United States
1907,41,Isabella Campbell,Campbell,Miss,,female,Missionary Licentiate,"224 Michigan St., Petoskey, Mich.",East Michigan Conference,Lake Union Conference,East Michigan,,"Petoskey, Mich.",United States
1907,41,Ethel Peters,Peters,Miss,,female,Missionary Licentiate,,East Michigan Conference,Lake Union Conference,East Michigan,,"East Jordan, Mich.",United States
1907,41,Myrta M. Kellogg,Kellogg,Miss,,female,Missionary Licentiate,,East Michigan Conference,Lake Union Conference,East Michigan,,"Le Roy, Mich.",United States
1907,41,Inez A. E. Lay,Lay,Miss,,female,Missionary Licentiate,,East Michigan Conference,Lake Union Conference,East Michigan,,"Iron Mountain, Mich.",United States
1907,41,Edith McClellan,McClellan,Miss,,female,Missionary Licentiate,"224 Michigan St., Petoskey, Mich.",East Michigan Conference,Lake Union Conference,East Michigan,,"Petoskey, Mich.",United States
1907,41,H. W. Johnson,Johnson,,,male,Missionary Licentiate,"802 1/2 Petoskey St., Petoskey, Mich.",East Michigan Conference,Lake Union Conference,East Michigan,,"Petoskey, Mich.",United States
1907,41,Silas Griffin,Griffin,Mrs.,,female,Church-School Teacher,,East Michigan Conference,Lake Union Conference,East Michigan,,"Gaylord, Mich.",United States
1907,41,Oscar Burt,Burt,Mrs.,,female,Church-School Teacher,,East Michigan Conference,Lake Union Conference,East Michigan,,"Omer, Mich.",United States
1907,41,Nora Willaman,Willaman,Miss,,female,Church-School Teacher,,East Michigan Conference,Lake Union Conference,East Michigan,,"Mesick, Mich.",United States
1907,41,Olive Siemann,Siemann,Miss,,female,Church-School Teacher,,East Michigan Conference,Lake Union Conference,East Michigan,,"Menominee, Mich.",United States
1907,41,Don C. Ludington,Ludington,,,male,Church-School Teacher,,East Michigan Conference,Lake Union Conference,East Michigan,,"Onaway, Mich.",United States
1907,41,Ethel Voorheis,Voorheis,Miss,,female,Church-School Teacher,,East Michigan Conference,Lake Union Conference,East Michigan,,"Baldwin, Mich.",United States
1907,41,Amy Du Bois,Du Bois,Miss,,female,Church-School Teacher,,East Michigan Conference,Lake Union Conference,East Michigan,,"Mesick, Mich.",United States
1907,41,Gertrude Wahl,Wahl,Miss,,female,Church-School Teacher,,East Michigan Conference,Lake Union Conference,East Michigan,,"Traverse City, Mich.",United States
1907,41,Thos. Steen,Steen,,,male,Church-School Teacher,,East Michigan Conference,Lake Union Conference,East Michigan,,"Iron River, Mich.",United States
1907,41,Ethyl Hammond,Hammond,Miss,,female,Church-School Teacher,,East Michigan Conference,Lake Union Conference,East Michigan,,"Gladwin, Mich.",United States
1907,41,Edna Decker,Decker,Miss,,female,Church-School Teacher,,East Michigan Conference,Lake Union Conference,East Michigan,,"Frankfort, Mich.",United States
1907,41,Jane Sweet,Sweet,Miss,,female,Church-School Teacher,,East Michigan Conference,Lake Union Conference,East Michigan,,"Lake Ann, Mich.",United States
1907,41,H. Kent Nelson,Nelson,,,male,Church-School Teacher,,East Michigan Conference,Lake Union Conference,East Michigan,,"Leetsville, Mich.",United States
1907,41,Armilda Bogar,Bogar,Miss,,female,Church-School Teacher,,East Michigan Conference,Lake Union Conference,East Michigan,,"Alden, Mich.",United States
1907,41,Clara Stephens,Stephens,Miss,,female,Church-School Teacher,,East Michigan Conference,Lake Union Conference,East Michigan,,"Cedar Run, Mich.",United States
1907,41,Etta Alsberge,Alsberge,Miss,,female,Church-School Teacher,,East Michigan Conference,Lake Union Conference,East Michigan,,"Frankfort, Mich.",United States
1907,41,Chas. West,West,,,male,Church-School Teacher,,East Michigan Conference,Lake Union Conference,East Michigan,,"Baldwin, Mich.",United States
1907,41,Nellie Spencer,Spencer,Miss,,female,Church-School Teacher,,East Michigan Conference,Lake Union Conference,East Michigan,,"Rose City, Mich.",United States
1907,41,H. H. Burkholder,Burkholder,,,male,President,,Ohio Conference,Lake Union Conference,Ohio,,"Bellville, Ohio",United States
1907,41,R. R. Kennedy,Kennedy,,,male,Vice-President,,Ohio Conference,Lake Union Conference,Ohio,,"Wheelersburg, Ohio",United States
1907,41,C. V. Hamer,Hamer,,,male,Recording Secretary and Treasurer,"Box 187, Mt. Vernon, Ohio",Ohio Conference,Lake Union Conference,Ohio,,"Mt. Vernon, Ohio",United States
1907,41,N. S. Miller,Miller,,,male,Tract Society Secretary,"Box 187, Mt. Vernon, Ohio",Ohio Conference,Lake Union Conference,Ohio,,"Mt. Vernon, Ohio",United States
1907,41,Jas. E. Shultz,Shultz,,,male,Educational Superintendent,"Box 187, Mt. Vernon, Ohio",Ohio Conference,Lake Union Conference,Ohio,,"Mt. Vernon, Ohio",United States
1907,41,Carl E. Weaks,Weaks,,,male,Field Missionary Agent,,Ohio Conference,Lake Union Conference,Ohio,,"Clyde, Ohio",United States
1907,41,C. A. Pedicord,Pedicord,,,male,Religious Liberty Secretary,"2617 Gilbert Ave., Cincinnati, Ohio",Ohio Conference,Lake Union Conference,Ohio,,"Cincinnati, Ohio",United States
1907,41,Howard M. Jump,Jump,,M. D.,male,Medical Missionary Secretary,"Box 55, Dowling, Ohio",Ohio Conference,Lake Union Conference,Ohio,,"Dowling, Ohio",United States
1907,41,W. H. Edwards,Edwards,,,male,Auditor,"Unity Bldg., Indianapolis, Ind.",Ohio Conference,Lake Union Conference,Ohio,,"Indianapolis, Ind.",United States
1907,41,L. C. Mitchell,Mitchell,,,male,Custodian of Conference Property,"R. F. D. No. 1, Mt. Vernon, Ohio",Ohio Conference,Lake Union Conference,Ohio,,"Mt. Vernon, Ohio",United States
1907,41,Thomas Thornton,Thornton,,,male,Executive Committee Member,,Ohio Conference,Lake Union Conference,Ohio,,,United States
1907,41,G. C. Quillin,Quillin,,,male,Executive Committee Member,,Ohio Conference,Lake Union Conference,Ohio,,,United States
1907,41,Francis M. Fairchild,Fairchild,,,male,Executive Committee Member,,Ohio Conference,Lake Union Conference,Ohio,,,United States
1907,41,R. G. Patterson,Patterson,,,male,Executive Committee Member,,Ohio Conference,Lake Union Conference,Ohio,,,United States
1907,41,J. G. Wood,Wood,,,male,Minister,"42 Prairie Ave., Springfield, Ohio",Ohio Conference,Lake Union Conference,Ohio,,"Springfield, Ohio",United States
1907,41,M. C. Kirkendall,Kirkendall,,,male,Minister,,Ohio Conference,Lake Union Conference,Ohio,,"Mt. Vernon, Ohio",United States
1907,37,Anna Boehm,Boehm,Miss,,female,Missionary Licentiate,,East Michigan Conference,Lake Union Conference,East Michigan,,"Detroit, Mich.",United States
1907,37,Ethel Burnett,Burnett,Miss,,female,Missionary Licentiate,,East Michigan Conference,Lake Union Conference,East Michigan,,"Detroit, Mich.",United States
1907,37,Tillie E. Barr,Barr,Miss,,female,Missionary Licentiate,,East Michigan Conference,Lake Union Conference,East Michigan,,"Holly, Mich.",United States
1907,37,Ida Dunlap,Dunlap,,,female,Missionary Licentiate,,East Michigan Conference,Lake Union Conference,East Michigan,,"Holly, Mich.",United States
1907,37,Katherine Dunham,Dunham,Miss,,female,Missionary Licentiate,,East Michigan Conference,Lake Union Conference,East Michigan,,"Bay City, Mich.",United States
1907,37,Frank Hiner,Hiner,,,male,Missionary Licentiate,,East Michigan Conference,Lake Union Conference,East Michigan,,"Holly, Mich.",United States
1907,37,Marie Harriman,Harriman,Miss,,female,Missionary Licentiate,,East Michigan Conference,Lake Union Conference,East Michigan,,"Saginaw, Mich.",United States
1907,37,Clara Kiep,Kiep,,,female,Missionary Licentiate,,East Michigan Conference,Lake Union Conference,East Michigan,,"Saginaw, Mich.",United States
1907,37,Nina Nelson,Nelson,Miss,,female,Missionary Licentiate,,East Michigan Conference,Lake Union Conference,East Michigan,,"Cedar Lake, Mich.",United States
1907,37,Mina Pierce,Pierce,Miss,,female,Missionary Licentiate,,East Michigan Conference,Lake Union Conference,East Michigan,,"Holly, Mich.",United States
1907,37,Mabel Reavis,Reavis,Miss,,female,Missionary Licentiate,,East Michigan Conference,Lake Union Conference,East Michigan,,"Bay City, Mich.",United States
1907,37,Lucy F. Tyte,Tyte,Miss,,female,Missionary Licentiate,,East Michigan Conference,Lake Union Conference,East Michigan,,"Saginaw, Mich.",United States
1907,37,Nora B. Ammon,Ammon,Mrs.,,female,Missionary Licentiate,,East Michigan Conference,Lake Union Conference,East Michigan,,"Detroit, Mich.",United States
1907,37,Daniel Wood,Wood,,,male,Missionary Licentiate,,East Michigan Conference,Lake Union Conference,East Michigan,,"Alma, Mich.",United States
1907,37,Agnes Everest,Everest,Miss,,female,Church-School Teacher,,East Michigan Conference,Lake Union Conference,East Michigan,,"St. Charles, Mich.",United States
1907,37,Nina Fleetwood,Fleetwood,Miss,,female,Church-School Teacher,,East Michigan Conference,Lake Union Conference,East Michigan,,"Ashley, Mich.",United States
1907,37,Margaret Lowell,Lowell,Miss,,female,Church-School Teacher,,East Michigan Conference,Lake Union Conference,East Michigan,,"Owosso, Mich.",United States
1907,37,Francis Barr,Barr,,,male,Church-School Teacher,,East Michigan Conference,Lake Union Conference,East Michigan,,"Edenville, Mich.",United States
1907,37,Flossie Smith,Smith,Miss,,female,Church-School Teacher,,East Michigan Conference,Lake Union Conference,East Michigan,,"Rives, Mich.",United States
1907,37,Lorena Smith,Smith,Miss,,female,Church-School Teacher,,East Michigan Conference,Lake Union Conference,East Michigan,,"Jackson, Mich.",United States
1907,37,Hattie Hamer,Hamer,Miss,,female,Church-School Teacher,,East Michigan Conference,Lake Union Conference,East Michigan,,"Prattville, Mich.",United States
1907,37,Mildred Smith,Smith,Miss,,female,Church-School Teacher,,East Michigan Conference,Lake Union Conference,East Michigan,,"Jefferson, Mich.",United States
1907,37,Ellen Eefft,Eefft,Miss,,female,Church-School Teacher,,East Michigan Conference,Lake Union Conference,East Michigan,,"Ithaca, Mich.",United States
1907,37,Lelia Stevenson,Stevenson,Miss,,female,Church-School Teacher,,East Michigan Conference,Lake Union Conference,East Michigan,,"Belleville, Mich.",United States
1907,37,W. J. Fairchild,Fairchild,,,male,Church-School Teacher,,East Michigan Conference,Lake Union Conference,East Michigan,,"DeWitt, Mich.",United States
1907,37,W. J. Stone,Stone,,,male,President,,Indiana Conference,Lake Union Conference,Indiana,,"Indianapolis, Ind.",United States
1907,37,W. A. Young,Young,,,male,Secretary,,Indiana Conference,Lake Union Conference,Indiana,,"Indianapolis, Ind.",United States
1907,37,T. A. Goodwin,Goodwin,,,male,Treasurer and Financial Secretary,,Indiana Conference,Lake Union Conference,Indiana,,"Indianapolis, Ind.",United States
1907,37,C. L. Stone,Stone,,,male,Educational Superintendent,,Indiana Conference,Lake Union Conference,Indiana,,"Fairland, Ind.",United States
1907,37,Mrs. R. W. McMahan,McMahan,Mrs.,,female,Educational Secretary,,Indiana Conference,Lake Union Conference,Indiana,,"Anderson, Ind.",United States
1907,37,W. W. Worster,Worster,Dr.,,male,Medical Secretary,,Indiana Conference,Lake Union Conference,Indiana,,"Lafayette, Ind.",United States
1907,37,R. C. Spohr,Spohr,,,male,Tract Society Secretary,,Indiana Conference,Lake Union Conference,Indiana,,"Indianapolis, Ind.",United States
1907,37,A. L. Miller,Miller,,,male,Religious Liberty Secretary,,Indiana Conference,Lake Union Conference,Indiana,,"Seymour, Ind.",United States
1907,37,A. C. Ford,Ford,,,male,Field Missionary Agent,,Indiana Conference,Lake Union Conference,Indiana,,"Fairland, Ind.",United States
1907,37,W. J. Stone,Stone,,,male,Executive Committee Member,,Indiana Conference,Lake Union Conference,Indiana,,"Indianapolis, Ind.",United States
1907,37,W. A. Young,Young,,,male,Executive Committee Member,,Indiana Conference,Lake Union Conference,Indiana,,"Indianapolis, Ind.",United States
1907,37,A. L. Miller,Miller,,,male,Executive Committee Member,,Indiana Conference,Lake Union Conference,Indiana,,"Seymour, Ind.",United States
1907,37,C. J. Buhalts,Buhalts,,,male,Executive Committee Member,,Indiana Conference,Lake Union Conference,Indiana,,,United States
1907,37,T. A. Goodwin,Goodwin,,,male,Executive Committee Member,,Indiana Conference,Lake Union Conference,Indiana,,"Indianapolis, Ind.",United States
1907,37,W. W. Worster,Worster,Dr.,,male,Executive Committee Member,,Indiana Conference,Lake Union Conference,Indiana,,"Lafayette, Ind.",United States
1907,37,C. L. Stone,Stone,,,male,Executive Committee Member,,Indiana Conference,Lake Union Conference,Indiana,,"Fairland, Ind.",United States
1907,37,W. J. Stone,Stone,,,male,President,Indiana Association of Seventh-day Adventists,Indiana Association of Seventh-day Adventists,Lake Union Conference,Indiana,,"Indianapolis, Ind.",United States
1907,37,W. P. Cunningham,Cunningham,,,male,Vice-President,Indiana Association of Seventh-day Adventists,Indiana Association of Seventh-day Adventists,Lake Union Conference,Indiana,,,United States
1907,37,W. A. Young,Young,,,male,Secretary,Indiana Association of Seventh-day Adventists,Indiana Association of Seventh-day Adventists,Lake Union Conference,Indiana,,"Indianapolis, Ind.",United States
1907,37,T. A. Goodwin,Goodwin,,,male,Treasurer,Indiana Association of Seventh-day Adventists,Indiana Association of Seventh-day Adventists,Lake Union Conference,Indiana,,"Indianapolis, Ind.",United States
1907,37,W. H. Edwards,Edwards,,,male,Auditor,Indiana Association of Seventh-day Adventists,Indiana Association of Seventh-day Adventists,Lake Union Conference,Indiana,,,United States
1907,37,J. W. Johnston,Johnston,,,male,Councilman,Indiana Association of Seventh-day Adventists,Indiana Association of Seventh-day Adventists,Lake Union Conference,Indiana,,,United States
1907,37,G. W. Boston,Boston,,,male,Councilman,Indiana Association of Seventh-day Adventists,Indiana Association of Seventh-day Adventists,Lake Union Conference,Indiana,,,United States
1907,37,W. J. Stone,Stone,,,male,President,Indiana Medical Missionary and Benevolent Association,Indiana Medical Missionary and Benevolent Association,Lake Union Conference,Indiana,,"Indianapolis, Ind.",United States
1907,37,C. J. Buhalts,Buhalts,,,male,Vice-President,Indiana Medical Missionary and Benevolent Association,Indiana Medical Missionary and Benevolent Association,Lake Union Conference,Indiana,,,United States
1907,37,W. W. Worster,Worster,Dr.,,male,Secretary,Indiana Medical Missionary and Benevolent Association,Indiana Medical Missionary and Benevolent Association,Lake Union Conference,Indiana,,"Lafayette, Ind.",United States
1907,37,T. A. Goodwin,Goodwin,,,male,Treasurer,Indiana Medical Missionary and Benevolent Association,Indiana Medical Missionary and Benevolent Association,Lake Union Conference,Indiana,,"Indianapolis, Ind.",United States
1907,37,W. H. Edwards,Edwards,,,male,Auditor,Indiana Medical Missionary and Benevolent Association,Indiana Medical Missionary and Benevolent Association,Lake Union Conference,Indiana,,,United States
1907,37,Allen Moon,Moon,,,male,Councilman,Indiana Medical Missionary and Benevolent Association,Indiana Medical Missionary and Benevolent Association,Lake Union Conference,Indiana,,,United States
1907,37,Wm. Applegate,Applegate,,,male,Councilman,Indiana Medical Missionary and Benevolent Association,Indiana Medical Missionary and Benevolent Association,Lake Union Conference,Indiana,,,United States
1907,37,W. J. Stone,Stone,,,male,Minister,,Indiana Conference,Lake Union Conference,Indiana,,"Indianapolis, Ind.",United States
1907,37,W. A. Young,Young,,,male,Minister,,Indiana Conference,Lake Union Conference,Indiana,,"Indianapolis, Ind.",United States
1907,37,F. M. Roberts,Roberts,,,male,Minister,,Indiana Conference,Lake Union Conference,Indiana,,"Jonesboro, Ind.",United States
1907,14,Mrs. H. N. Haskell,Haskell,Mrs.,,female,Missionary Credential Holder,,General Conference,General Organizations,General Conference,,"South Lancaster, Mass.",United States
1907,14,J. M. Hyatt,Hyatt,,,male,Missionary Credential Holder,,General Conference,General Organizations,General Conference,,"Lagos, South Nigeria, West Africa",Africa
1907,14,J. S. James,James,,,male,Missionary Credential Holder,,General Conference,General Organizations,General Conference,,"Calcutta, India",Asia
1907,14,S. Keh,Keh,,,,Missionary Credential Holder,,General Conference,General Organizations,General Conference,,"Kulangsu, Amoy, China",Asia
1907,14,P. J. Laird,Laird,,,male,Missionary Credential Holder,,General Conference,General Organizations,General Conference,,"Changsha, Hunan, China",Asia
1907,14,J. W. Lawhead,Lawhead,,,male,Missionary Credential Holder,,General Conference,General Organizations,General Conference,,"Takoma Park Station, Washington, D. C.",United States
1907,14,J. C. Little,Little,,,male,Missionary Credential Holder,,General Conference,General Organizations,General Conference,,"Karmatar, E. I. R., India",Asia
1907,14,H. B. Meyers,Meyers,,,male,Missionary Credential Holder,,General Conference,General Organizations,General Conference,,"Bangalore, South India",Asia
1907,14,E. R. Palmer,Palmer,,,male,Missionary Credential Holder,,General Conference,General Organizations,General Conference,,"Mountain View, Cal.",United States
1907,14,Dores E. Robinson,Robinson,,,male,Missionary Credential Holder,,General Conference,General Organizations,General Conference,,"Sanitarium, Cal.",United States
1907,14,W. A. Ruble,Ruble,,,male,Missionary Credential Holder,,General Conference,General Organizations,General Conference,,"Takoma Park Station, Washington, D. C.",United States
1907,14,F. A. Allum,Allum,,,male,Missionary Licentiate,,General Conference,General Organizations,General Conference,,"Sin Tang Cheo, Honan, via Hankow, China",Asia
1907,14,Mrs. F. A. Allum,Allum,Mrs.,,female,Missionary Licentiate,,General Conference,General Organizations,General Conference,,"Sin Tang Cheo, Honan, via Hankow, China",Asia
1907,14,Mrs. B. L. Anderson,Anderson,Mrs.,,female,Missionary Licentiate,,General Conference,General Organizations,General Conference,,"Kulangsu, Amoy, China",Asia
1907,14,Mrs. Emma T. Anderson,Anderson,Mrs.,,female,Missionary Licentiate,,General Conference,General Organizations,General Conference,,"Canton, China",Asia
1907,14,Mrs. Mina Babcock,Babcock,Mrs.,,female,Missionary Licentiate,,General Conference,General Organizations,General Conference,,"Freetown, Sierra Leone, West Africa",Africa
1907,14,Mrs. Helen Benson,Benson,Mrs.,,female,Missionary Licentiate,,General Conference,General Organizations,General Conference,,"846 Sendagaya-mura, Tokyo, Japan",Asia
1907,14,Mrs. W. D. Burden,Burden,Mrs.,,female,Missionary Licentiate,,General Conference,General Organizations,General Conference,,"846 Sendagaya-mura, Tokyo, Japan",Asia
1907,14,L. J. Burgess,Burgess,,,male,Missionary Licentiate,,General Conference,General Organizations,General Conference,,"Almora, via Kathgodam, India",Asia
1907,14,Mrs. Georgia A. Burgess,Burgess,Mrs.,,female,Missionary Licentiate,,General Conference,General Organizations,General Conference,,"Almora, via Kathgodam, India",Asia
1907,14,Della Burroway,Burroway,,,female,Missionary Licentiate,,General Conference,General Organizations,General Conference,,"Karmatar, E. I. R., India",Asia
1907,14,Mrs. G. W. Caviness,Caviness,Mrs.,,female,Missionary Licentiate,,General Conference,General Organizations,General Conference,,"Tacubaya, D. F., Mexico",Mexico
1907,14,R. R. Cook,Cook,,,male,Missionary Licentiate,,General Conference,General Organizations,General Conference,,"Calcutta, India",Asia
1907,14,Mrs. Lucy B. Cook,Cook,Mrs.,,female,Missionary Licentiate,,General Conference,General Organizations,General Conference,,"Calcutta, India",Asia
1907,14,C. C. Crisler,Crisler,,,male,Missionary Licentiate,,General Conference,General Organizations,General Conference,,"Sanitarium, Cal.",United States
1907,14,Carrie Erickson,Erickson,,,female,Missionary Licentiate,,General Conference,General Organizations,General Conference,,"Sin Tsai Hsien, China",Asia
1907,14,J. M. Erkenbeck,Erkenbeck,,,male,Missionary Licentiate,,General Conference,General Organizations,General Conference,,"Ameca, Jalisco, Mexico",Mexico
1907,14,Mrs. V. J. Farnsworth,Farnsworth,Mrs.,,female,Missionary Licentiate,,General Conference,General Organizations,General Conference,,"South Lancaster, Mass.",United States
1907,14,U. C. Fattebert,Fattebert,,,male,Missionary Licentiate,,General Conference,General Organizations,General Conference,,"San Luis Potosi, Mexico",Mexico
1907,14,Mrs. Helen I. Fattebert,Fattebert,Mrs.,,female,Missionary Licentiate,,General Conference,General Organizations,General Conference,,"San Luis Potosi, Mexico",Mexico
1907,14,Mrs. F. W. Field,Field,Mrs.,,female,Missionary Licentiate,,General Conference,General Organizations,General Conference,,"Hongo-ku, Tokyo, Japan",Asia
1907,14,Mrs. Bessie L. Hankins,Hankins,Mrs.,,female,Missionary Licentiate,,General Conference,General Organizations,General Conference,,"Kulangsu, Amoy, China",Asia
1907,14,L. F. Hansen,Hansen,,,male,Missionary Licentiate,,General Conference,General Organizations,General Conference,,"Insein, near Rangoon, Burma",Asia
1907,14,Mrs. L. F. Hansen,Hansen,Mrs.,,female,Missionary Licentiate,,General Conference,General Organizations,General Conference,,"Insein, near Rangoon, Burma",Asia
1907,14,Maggie Hare,Hare,,,female,Missionary Licentiate,,General Conference,General Organizations,General Conference,,"Sanitarium, Cal.",United States
1907,14,Hattie Harriman,Harriman,,,female,Missionary Licentiate,,General Conference,General Organizations,General Conference,,"Kobe, Japan",Asia
1907,14,John Harzman,Harzman,,,male,Missionary Licentiate,,General Conference,General Organizations,General Conference,,"San Luis Potosi, Mexico",Mexico
1907,14,John Herboltzheimer,Herboltzheimer,,,male,Missionary Licentiate,,General Conference,General Organizations,General Conference,,"Kobe, Japan",Asia
1907,14,Mrs. J. Herboltzheimer,Herboltzheimer,Mrs.,,female,Missionary Licentiate,,General Conference,General Organizations,General Conference,,"Kobe, Japan",Asia
1907,14,R. S. Ingersoll,Ingersoll,,,male,Missionary Licentiate,,General Conference,General Organizations,General Conference,,"Calcutta, India",Asia
1907,14,Mrs. Olive P. Ingersoll,Ingersoll,Mrs.,,female,Missionary Licentiate,,General Conference,General Organizations,General Conference,,"Calcutta, India",Asia
1907,14,Mrs. J. S. James,James,Mrs.,,female,Missionary Licentiate,,General Conference,General Organizations,General Conference,,"Calcutta, India",Asia
1907,14,H. J. Jewell,Jewell,,,male,Missionary Licentiate,,General Conference,General Organizations,General Conference,,"Calcutta, India",Asia
1907,14,Daisy Jewett,Jewett,,,female,Missionary Licentiate,,General Conference,General Organizations,General Conference,,"Darjeeling, India",Asia
1907,14,Miss Rachel Johnson,Johnson,Miss,,female,Missionary Licentiate,,General Conference,General Organizations,General Conference,,"Calcutta, India",Asia
1907,14,Law Keem,Keem,,M. D.,,Missionary Licentiate,,General Conference,General Organizations,General Conference,,"Canton, China",Asia
1907,14,Mrs. Edith M. Keem,Keem,Mrs.,,female,Missionary Licentiate,,General Conference,General Organizations,General Conference,,"Canton, China",Asia
1907,14,Miss Bertha J. King,King,Miss,,female,Missionary Licentiate,,General Conference,General Organizations,General Conference,,"Calcutta, India",Asia
1907,14,Annie Knight,Knight,,,female,Missionary Licentiate,,General Conference,General Organizations,General Conference,,"Sheultala, E. I. R., India",Asia
1907,14,Miss Bertha Kurtz,Kurtz,Miss,,female,Missionary Licentiate,,General Conference,General Organizations,General Conference,,"Bombay, India",Asia
1907,14,Dr. Emma Perrine Laird,Laird,Dr.,,female,Missionary Licentiate,,General Conference,General Organizations,General Conference,,"Changsha, Hunan, China",Asia
1907,14,Mrs. J. C. Little,Little,Mrs.,,female,Missionary Licentiate,,General Conference,General Organizations,General Conference,,"Karmatar, E. I. R., India",Asia
1907,39,Lewis R. Knapp,Knapp,,,male,Licensed Missionary,"R. F. D. No. 5, Sullivan, Ind.",Indiana Conference,Lake Union Conference,Indiana,,"Sullivan, Ind.",United States
1907,39,Nannie Blake,Blake,,,female,Licensed Missionary,"Dana, Ind.",Indiana Conference,Lake Union Conference,Indiana,,"Dana, Ind.",United States
1907,39,Susie C. Blake,Blake,,,female,Licensed Missionary,"Montezuma, Ind.",Indiana Conference,Lake Union Conference,Indiana,,"Montezuma, Ind.",United States
1907,39,Mattie Bailey,Bailey,,,female,Licensed Missionary,"Monon, Ind.",Indiana Conference,Lake Union Conference,Indiana,,"Monon, Ind.",United States
1907,39,Charles E. Allen,Allen,,,male,Licensed Missionary,"Greenwood, Ind.",Indiana Conference,Lake Union Conference,Indiana,,"Greenwood, Ind.",United States
1907,39,Linnie Vance,Vance,,,female,Licensed Missionary,"Moral, Ind.",Indiana Conference,Lake Union Conference,Indiana,,"Moral, Ind.",United States
1907,39,Grover R. Fattic,Fattic,,,male,Licensed Missionary,"1220 W. Sixth St., Anderson, Ind.",Indiana Conference,Lake Union Conference,Indiana,,"Anderson, Ind.",United States
1907,39,Bertha Bartholomew,Bartholomew,,,female,Licensed Missionary,"827 North Takoma St., Indianapolis, Ind.",Indiana Conference,Lake Union Conference,Indiana,,"Indianapolis, Ind.",United States
1907,39,Collins Chapman,Chapman,,,male,Licensed Missionary,"R. F. D. No. 5, Albion, Ind.",Indiana Conference,Lake Union Conference,Indiana,,"Albion, Ind.",United States
1907,39,Carrie Applegate,Applegate,,,female,Licensed Missionary,"R. F. D. No. 1, Fairland, Ind.",Indiana Conference,Lake Union Conference,Indiana,,"Fairland, Ind.",United States
1907,39,Alta Custer,Custer,,,female,Licensed Missionary,"R. F. D. No. 3, Plymouth, Ind.",Indiana Conference,Lake Union Conference,Indiana,,"Plymouth, Ind.",United States
1907,39,Alta Gerstner,Gerstner,,,female,Licensed Missionary,"R. F. D. No. 3, Bluffton, Ind.",Indiana Conference,Lake Union Conference,Indiana,,"Bluffton, Ind.",United States
1907,39,Wm. Covert,Covert,,,male,President,"Room 670, 324 Dearborn St., Chicago, Ill.",Northern Illinois Conference,Lake Union Conference,Northern Illinois,,"Chicago, Ill.",United States
1907,39,S. P. S. Edwards,Edwards,,M. D.,male,Vice-President,"1213 Fifteenth St., Moline, Ill.",Northern Illinois Conference,Lake Union Conference,Northern Illinois,,"Moline, Ill.",United States
1907,39,H. E. Moon,Moon,,,male,Secretary of Conference and Tract Society Department,office address,Northern Illinois Conference,Lake Union Conference,Northern Illinois,,"Chicago, Ill.",United States
1907,39,I. D. Richardson,Richardson,,,male,Field Missionary Agent,"Sheridan, Ill.",Northern Illinois Conference,Lake Union Conference,Northern Illinois,,"Sheridan, Ill.",United States
1907,39,Pearl Hallock,Hallock,,,female,Educational and Sabbath-school Department Secretary,office address,Northern Illinois Conference,Lake Union Conference,Northern Illinois,,"Chicago, Ill.",United States
1907,39,L. D. Santee,Santee,,,male,Religious Liberty Secretary,"719 Second St., Dixon, Ill.",Northern Illinois Conference,Lake Union Conference,Northern Illinois,,"Dixon, Ill.",United States
1907,39,H. Hansen,Hansen,,,male,Executive Committee Member,,Northern Illinois Conference,Lake Union Conference,Northern Illinois,,"Chicago, Ill.",United States
1907,39,F. J. Harris,Harris,,,male,Executive Committee Member,,Northern Illinois Conference,Lake Union Conference,Northern Illinois,,"Mount Carroll, Ill.",United States
1907,39,J. W. Cummings,Cummings,,,male,Executive Committee Member,,Northern Illinois Conference,Lake Union Conference,Northern Illinois,,,United States
1907,39,W. T. Bland,Bland,,,male,Executive Committee Member,,Northern Illinois Conference,Lake Union Conference,Northern Illinois,,"Sheridan, Ill.",United States
1907,39,S. Mortenson,Mortenson,,,male,Executive Committee Member,,Northern Illinois Conference,Lake Union Conference,Northern Illinois,,,United States
1907,39,Jacob Klooster,Klooster,,,male,Treasurer,,Illinois Conference Association of Seventh-day Adventists,Lake Union Conference,Northern Illinois,,,United States
1907,39,W. H. Edwards,Edwards,,,male,Auditor,,Illinois Conference Association of Seventh-day Adventists,Lake Union Conference,Northern Illinois,,,United States
1907,39,H. C. Winslow,Winslow,,,male,Councilman,,Illinois Conference Association of Seventh-day Adventists,Lake Union Conference,Northern Illinois,,,United States
1907,39,Chas. Erickson,Erickson,,,male,Councilman,,Illinois Conference Association of Seventh-day Adventists,Lake Union Conference,Northern Illinois,,,United States
1907,39,David Paulson,Paulson,,,male,Board Member,,Northern Illinois Medical Missionary and Benevolent Association,Lake Union Conference,Northern Illinois,,,United States
1907,39,Jay W. Cummings,Cummings,,,male,Board Member,,Northern Illinois Medical Missionary and Benevolent Association,Lake Union Conference,Northern Illinois,,,United States
1907,39,W. A. Marsh,Marsh,,Jr.,male,Board Member,,Northern Illinois Medical Missionary and Benevolent Association,Lake Union Conference,Northern Illinois,,,United States
1907,39,A. J. Stone,Stone,,,male,Minister,"927 Melrose St., Chicago, Ill.",Northern Illinois Conference,Lake Union Conference,Northern Illinois,,"Chicago, Ill.",United States
1907,39,E. R. Williams,Williams,,,male,Minister,"1087 West North Ave., Chicago, Ill.",Northern Illinois Conference,Lake Union Conference,Northern Illinois,,"Chicago, Ill.",United States
1907,39,J. C. Harris,Harris,,,male,Minister,"Sheridan, Ill.",Northern Illinois Conference,Lake Union Conference,Northern Illinois,,"Sheridan, Ill.",United States
1907,39,Luther Warren,Warren,,,male,Minister,"544 Estes Ave., Chicago, Ill.",Northern Illinois Conference,Lake Union Conference,Northern Illinois,,"Chicago, Ill.",United States
1907,39,Wm. Lewsadder,Lewsadder,,,male,Minister,"173 Day St., Galesburg, Ill.",Northern Illinois Conference,Lake Union Conference,Northern Illinois,,"Galesburg, Ill.",United States
1907,39,Chancy Wood,Wood,,,male,Minister,"127 Payson St., Pontiac, Ill.",Northern Illinois Conference,Lake Union Conference,Northern Illinois,,"Pontiac, Ill.",United States
1907,39,C. W. Weber,Weber,,,male,Minister,1019 North Halsted,Northern Illinois Conference,Lake Union Conference,Northern Illinois,,"Chicago, Ill.",United States
1907,39,Carl Hansen,Hansen,,,male,Licentiate,2254 North Albany,Northern Illinois Conference,Lake Union Conference,Northern Illinois,,"Chicago, Ill.",United States
1907,39,J. Tabor,Tabor,,,male,Licentiate,"451 Lake Ave., Chicago, Ill.",Northern Illinois Conference,Lake Union Conference,Northern Illinois,,"Chicago, Ill.",United States
1907,39,C. Edwardson,Edwardson,,,male,Licentiate,"Room 670, 324 Dearborn St., Chicago, Ill.",Northern Illinois Conference,Lake Union Conference,Northern Illinois,,"Chicago, Ill.",United States
1907,39,W. T. Bland,Bland,,,male,Licentiate,"Sheridan, Ill.",Northern Illinois Conference,Lake Union Conference,Northern Illinois,,"Sheridan, Ill.",United States
