yearbook_year,page,name,last_name,prefix,suffix,gender,position,position_information,organization,group,conference,institution_name,location,region
1908,12,A. G. Daniells,Daniells,,,male,President,"Takoma Park Station, Washington, D. C.",General Conference,,General Conference,,"Takoma Park Station, Washington, D.C.",United States
1908,12,L. R. Conradi,Conradi,,,male,Vice-President,"Grindelberg 15a, Hamburg, Germany",General Conference,,General Conference,,"Hamburg, Germany",Europe
1908,12,G. A. Irwin,Irwin,,,male,Vice-President,"Takoma Park Station, Washington, D. C.",General Conference,,General Conference,,"Takoma Park Station, Washington, D.C.",United States
1908,12,W. A. Spicer,Spicer,,,male,Secretary,"Takoma Park Station, Washington, D. C.",General Conference,,General Conference,,"Takoma Park Station, Washington, D.C.",United States
1908,12,I. H. Evans,Evans,,,male,Treasurer,"Takoma Park Station, Washington, D. C.",General Conference,,General Conference,,"Takoma Park Station, Washington, D.C.",United States
1908,12,Guy Dail,Dail,,,male,Assistant Secretary for Europe,"Grindelberg 15a, Hamburg, Germany",General Conference,Appointed Assistants,General Conference,,"Hamburg, Germany",Europe
1908,12,Alice Kiissner,Kiissner,Miss,,female,Subtreasurer for Europe,"Grindelberg 15a, Hamburg, Germany",General Conference,Appointed Assistants,General Conference,,"Hamburg, Germany",Europe
1908,12,T. E. Bowen,Bowen,,,male,Home Secretary,"Takoma Park Station, Washington, D. C.",General Conference,Appointed Assistants,General Conference,,"Takoma Park Station, Washington, D.C.",United States
1908,12,H. E. Rogers,Rogers,,,male,Statistical Secretary,"Takoma Park Station, Washington, D. C.",General Conference,Appointed Assistants,General Conference,,"Takoma Park Station, Washington, D.C.",United States
1908,12,A. G. Daniells,Daniells,,,male,Executive Committee Member,,General Conference,Executive Committee,General Conference,,"Takoma Park Station, Washington, D.C.",United States
1908,12,G. A. Irwin,Irwin,,,male,Executive Committee Member,,General Conference,Executive Committee,General Conference,,"Takoma Park Station, Washington, D.C.",United States
1908,12,E. W. Farnsworth,Farnsworth,,,male,Executive Committee Member,,General Conference,Executive Committee,General Conference,,"South Lancaster, Mass.",United States
1908,12,W. H. Thurston,Thurston,,,male,Executive Committee Member,,General Conference,Executive Committee,General Conference,,"Ottawa, Ontario",Canada
1908,12,Allen Moon,Moon,,,male,Executive Committee Member,,General Conference,Executive Committee,General Conference,,"South Bend, Ind.",United States
1908,12,R. A. Underwood,Underwood,,,male,Executive Committee Member,,General Conference,Executive Committee,General Conference,,"Minneapolis, Minn.",United States
1908,12,E. T. Russell,Russell,,,male,Executive Committee Member,,General Conference,Executive Committee,General Conference,,"College View, Nebr.",United States
1908,12,R. C. Porter,Porter,,,male,Executive Committee Member,,General Conference,Executive Committee,General Conference,,"Hamilton, Mo.",United States
1908,12,H. W. Cottrell,Cottrell,,,male,Executive Committee Member,,General Conference,Executive Committee,General Conference,,"Mountain View, Cal.",United States
1908,12,W. B. White,White,,,male,Executive Committee Member,,General Conference,Executive Committee,General Conference,,"College Place, Wash.",United States
1908,12,O. A. Olsen,Olsen,,,male,Executive Committee Member,,General Conference,Executive Committee,General Conference,,"Burwood, N.S.W., Australia",Australasia
1908,16,Geo. Thomason,Thomason,,M. D.,male,Member,,General Conference,General Organizations,General Conference,,"Plumstead, Cape, South Africa",Africa
1908,16,R. H. Habenicht,Habenicht,,M. D.,male,Member,,General Conference,General Organizations,General Conference,,"Buenos Ayres, Argentina, South America",South America
1908,16,M. E. Kern,Kern,,,male,Chairman,,Young People's Missionary Volunteer Department,General Organizations,General Conference,,"Takoma Park Station, Washington, D. C.",United States
1908,16,Matilda Erickson,Erickson,Miss,,female,Secretary,,Young People's Missionary Volunteer Department,General Organizations,General Conference,,"Takoma Park Station, Washington, D. C.",United States
1908,16,G. B. Thompson,Thompson,,,male,Member,,Young People's Missionary Volunteer Department,General Organizations,General Conference,,"Takoma Park Station, Washington, D. C.",United States
1908,16,H. R. Salisbury,Salisbury,,,male,Member,,Young People's Missionary Volunteer Department,General Organizations,General Conference,,"Takoma Park Station, Washington, D. C.",United States
1908,16,Frederick Griggs,Griggs,,,male,Member,,Young People's Missionary Volunteer Department,General Organizations,General Conference,,"Takoma Park Station, Washington, D. C.",United States
1908,16,L. Flora Plummer,Plummer,Mrs.,,female,Member,,Young People's Missionary Volunteer Department,General Organizations,General Conference,,"Takoma Park Station, Washington, D. C.",United States
1908,16,Fannie Dickerson Chase,Chase,Mrs.,,female,Member,,Young People's Missionary Volunteer Department,General Organizations,General Conference,,"Takoma Park Station, Washington, D. C.",United States
1908,16,Meade Mac Guire,Mac Guire,,,male,Member,,Young People's Missionary Volunteer Department,General Organizations,General Conference,,"1112 Kalamath St., Denver, Colo.",United States
1908,16,C. L. Benson,Benson,,,male,Member,,Young People's Missionary Volunteer Department,General Organizations,General Conference,,"2718 Third St., South, Minneapolis, Minn.",United States
1908,16,M. E. Cady,Cady,,,male,Member,,Young People's Missionary Volunteer Department,General Organizations,General Conference,,"College Place, Wash.",United States
1908,16,Edith M. Graham,Graham,Miss,,female,Member,,Young People's Missionary Volunteer Department,General Organizations,General Conference,,"Burwood, N. S. W., Australia",Australia
1908,16,W. T. Bartlett,Bartlett,,,male,Member,,Young People's Missionary Volunteer Department,General Organizations,General Conference,,"Stanborough Park, Watford, Herts, England",Europe
1908,16,Erik Arnesen,Arnesen,,,male,Member,,Young People's Missionary Volunteer Department,General Organizations,General Conference,,"Skodsborg, Denmark",Scandinavia
1908,16,G. Pearl Hallock,Hallock,Miss,,female,Member,,Young People's Missionary Volunteer Department,General Organizations,General Conference,,"313 Addison St., Chicago, Ill.",United States
1908,16,Mettie S. Lenker,Lenker,Mrs.,,female,Member,,Young People's Missionary Volunteer Department,General Organizations,General Conference,,"Graysville, Tenn.",United States
1908,16,E. S. Taylor,Taylor,,,male,Member,,Young People's Missionary Volunteer Department,General Organizations,General Conference,,"Keene, Tex.",United States
1908,16,W. W. Ruble,Ruble,,,male,Member,,Young People's Missionary Volunteer Department,General Organizations,General Conference,,"Alexandria, Minn.",United States
1908,16,Carrie R. King,King,Mrs.,,female,Member,,Young People's Missionary Volunteer Department,General Organizations,General Conference,,"Mountain View, Cal.",United States
1908,16,V. J. Farnsworth,Farnsworth,Mrs.,,female,Member,,Young People's Missionary Volunteer Department,General Organizations,General Conference,,"South Lancaster, Mass.",United States
1908,16,Mary E. Robertson,Robertson,Miss,,female,Member,,Young People's Missionary Volunteer Department,General Organizations,General Conference,,"Pietermaritzburg, Natal, South Africa",Africa
1908,16,H. H. Cobban,Cobban,,,male,Member,,Young People's Missionary Volunteer Department,General Organizations,General Conference,,"Riversdale, Jamaica, West Indies",West Indies
1908,16,C. D. Lude,Lude,,,male,Member,,Young People's Missionary Volunteer Department,General Organizations,General Conference,,"Buenos Ayres, Argentina, South America",South America
1908,16,Matilda Erickson,Erickson,Miss,,female,Secretary,Literature Committee,Young People's Missionary Volunteer Department,General Organizations,General Conference,,"Takoma Park Station, Washington, D. C.",United States
1908,16,W. A. Spicer,Spicer,,,male,Committee Member,Literature Committee,Young People's Missionary Volunteer Department,General Organizations,General Conference,,,
1908,16,Frederick Griggs,Griggs,,,male,Committee Member,Literature Committee,Young People's Missionary Volunteer Department,General Organizations,General Conference,,,
1908,16,L. Flora Plummer,Plummer,Mrs.,,female,Committee Member,Literature Committee,Young People's Missionary Volunteer Department,General Organizations,General Conference,,,
1908,16,Fannie D. Chase,Chase,Mrs.,,female,Committee Member,Literature Committee,Young People's Missionary Volunteer Department,General Organizations,General Conference,,,
1908,16,C. L. Benson,Benson,,,male,Committee Member,Literature Committee,Young People's Missionary Volunteer Department,General Organizations,General Conference,,,
1908,16,K. C. Russell,Russell,,,male,Chairman,,Religious Liberty Bureau,General Organizations,General Conference,,"Takoma Park Station, Washington, D. C.",United States
1908,16,W. A. Colcord,Colcord,,,male,Secretary,,Religious Liberty Bureau,General Organizations,General Conference,,"Takoma Park Station, Washington, D. C.",United States
1908,16,Allen Moon,Moon,,,male,Member,,Religious Liberty Bureau,General Organizations,General Conference,,"209 South Main St., South Bend, Ind.",United States
1908,16,L. A. Smith,Smith,,,male,Member,,Religious Liberty Bureau,General Organizations,General Conference,,"Twenty-fourth Ave., North, Nashville, Tenn.",United States
1908,16,D. W. Reavis,Reavis,,,male,Member,,Religious Liberty Bureau,General Organizations,General Conference,,"Takoma Park Station, Washington, D. C.",United States
1908,16,J. S. Washburn,Washburn,,,male,Member,,Religious Liberty Bureau,General Organizations,General Conference,,"610 Meridian St., Nashville, Tenn.",United States
1908,16,R. C. Porter,Porter,,,male,Member,,Religious Liberty Bureau,General Organizations,General Conference,,"Hamilton, Mo.",United States
1908,16,S. B. Horton,Horton,,,male,Member,,Religious Liberty Bureau,General Organizations,General Conference,,"810 Jackson Ave., New Orleans, La.",United States
1908,16,H. W. Reed,Reed,,,male,Member,,Religious Liberty Bureau,General Organizations,General Conference,,"Seim, S. Dak.",United States
1908,14,M. E. Cady,Cady,,,male,Committee Member,,Educational Department,General Organizations,General Conference,,"College Place, Wash.",United States
1908,14,Fannie Dickerson Chase,Chase,Mrs.,,female,Committee Member,,Educational Department,General Organizations,General Conference,,"Takoma Park Station, Washington, D.C.",United States
1908,14,E. R. Palmer,Palmer,,,male,Committee Member,,Educational Department,General Organizations,General Conference,,"Takoma Park Station, Washington, D.C.",United States
1908,14,H. R. Salisbury,Salisbury,,,male,Committee Member,,Educational Department,General Organizations,General Conference,,"Takoma Park Station, Washington, D.C.",United States
1908,14,B. F. Machlan,Machlan,,,male,Committee Member,,Educational Department,General Organizations,General Conference,,"South Lancaster, Mass.",United States
1908,14,L. Flora Plummer,Plummer,Mrs.,,female,Committee Member,,Educational Department,General Organizations,General Conference,,"Takoma Park Station, Washington, D.C.",United States
1908,14,B. E. Huffman,Huffman,,,male,Committee Member,,Educational Department,General Organizations,General Conference,,"College View, Nebr.",United States
1908,14,O. J. Graf,Graf,,,male,Committee Member,,Educational Department,General Organizations,General Conference,,"College View, Nebr.",United States
1908,14,C. Sorenson,Sorenson,,,male,Committee Member,,Educational Department,General Organizations,General Conference,,"Keene, Tex.",United States
1908,14,C. B. Hughes,Hughes,,,male,Committee Member,,Educational Department,General Organizations,General Conference,,"Riversdale, Jamaica, West Indies",West Indies
1908,14,E. A. Sutherland,Sutherland,,,male,Committee Member,,Educational Department,General Organizations,General Conference,,"Madison, Tenn.",United States
1908,14,J. E. Tenney,Tenney,,,male,Committee Member,,Educational Department,General Organizations,General Conference,,"Graysville, Tenn.",United States
1908,14,J. W. Lawhead,Lawhead,,,male,Committee Member,,Educational Department,General Organizations,General Conference,,"Falls Church, Va.",United States
1908,14,W. W. Prescott,Prescott,,,male,Committee Member,,Educational Department,General Organizations,General Conference,,"Takoma Park, Washington, D.C.",United States
1908,14,W. A. Spicer,Spicer,,,male,Committee Member,,Educational Department,General Organizations,General Conference,,"Takoma Park Station, Washington, D.C.",United States
1908,14,M. E. Kern,Kern,,,male,Committee Member,,Educational Department,General Organizations,General Conference,,"Takoma Park Station, Washington, D.C.",United States
1908,14,Frederick Griggs,Griggs,,,male,Chairman,Committee on Text-Books,Educational Department,General Organizations,General Conference,,"Takoma Park Station, Washington, D.C.",United States
1908,14,M. E. Kern,Kern,,,male,Secretary,Committee on Text-Books,Educational Department,General Organizations,General Conference,,"Takoma Park Station, Washington, D.C.",United States
1908,14,C. C. Lewis,Lewis,,,male,Committee Member,Committee on Text-Books,Educational Department,General Organizations,General Conference,,"College View, Nebr.",United States
1908,14,Sarah E. Peck,Peck,Miss,,female,Committee Member,Committee on Text-Books,Educational Department,General Organizations,General Conference,,"College View, Nebr.",United States
1908,14,Fannie D. Chase,Chase,Mrs.,,female,Committee Member,Committee on Text-Books,Educational Department,General Organizations,General Conference,,"Takoma Park Station, Washington, D.C.",United States
1908,14,Sara J. Hall,Hall,Mrs.,,female,Committee Member,Committee on Text-Books,Educational Department,General Organizations,General Conference,,"South Lancaster, Mass.",United States
1908,14,N. H. Druillard,Druillard,Mrs.,,female,Committee Member,Committee on Text-Books,Educational Department,General Organizations,General Conference,,"Madison, Tenn.",United States
1908,14,Flora H. Williams,Williams,Mrs.,,female,Committee Member,Committee on Text-Books,Educational Department,General Organizations,General Conference,,"Battle Creek, Mich.",United States
1908,14,C. H. Jones,Jones,,,male,Chairman,,Publishing Department,General Organizations,General Conference,,"Mountain View, Cal.",United States
1908,14,E. R. Palmer,Palmer,,,male,Secretary,,Publishing Department,General Organizations,General Conference,,"Takoma Park Station, Washington, D.C.",United States
1908,14,H. H. Hall,Hall,,,male,Assistant Secretary,,Publishing Department,General Organizations,General Conference,,"Mountain View, Cal.",United States
1908,14,S. N. Curtiss,Curtiss,,,male,Publishing House Member,,Publishing Department,General Organizations,General Conference,,"Takoma Park Station, Washington, D.C.",United States
1908,14,D. W. Reavis,Reavis,,,male,Publishing House Member,,Publishing Department,General Organizations,General Conference,,"Takoma Park Station, Washington, D.C.",United States
1908,14,L. W. Graham,Graham,,,male,Publishing House Member,,Publishing Department,General Organizations,General Conference,,"Room 404, 32 Union Square, East, New York, N.Y.",United States
1908,14,J. W. Mace,Mace,,,male,Publishing House Member,,Publishing Department,General Organizations,General Conference,,"Battle Creek, Mich.",United States
1908,14,Jas. Cochran,Cochran,,,male,Publishing House Member,,Publishing Department,General Organizations,General Conference,,"1109 East Twelfth St., Kansas City, Mo.",United States
1908,14,W. V. Sample,Sample,,,male,Publishing House Member,,Publishing Department,General Organizations,General Conference,,"285 Salmon St., Portland, Oregon",United States
1908,14,I. A. Ford,Ford,,,male,Publishing House Member,,Publishing Department,General Organizations,General Conference,,"Nashville, Tenn.",United States
1908,14,R. L. Pierce,Pierce,,,male,Publishing House Member,,Publishing Department,General Organizations,General Conference,,"217 South Main St., Fort Worth, Texas",United States
1908,14,F. F. Byington,Byington,,,male,Publishing House Member,,Publishing Department,General Organizations,General Conference,,"College View, Nebr.",United States
1908,14,B. B. Noftsger,Noftsger,,,male,Publishing House Member,,Publishing Department,General Organizations,General Conference,,"Box 178, Toronto Junction, Ontario",Canada
1908,14,R. J. Bryant,Bryant,,,male,General Agent,,Publishing Department,General Organizations,General Conference,,"R.F.D. No. 2, Saratoga Springs, N.Y.",United States
1908,14,I. D. Richardson,Richardson,,,male,General Agent,,Publishing Department,General Organizations,General Conference,,"Takoma Park Station, Washington, D.C.",United States
1908,14,J. B. Blosser,Blosser,,,male,General Agent,,Publishing Department,General Organizations,General Conference,,"Berrien Springs, Mich.",United States
1908,14,A. F. Harrison,Harrison,,,male,General Agent,,Publishing Department,General Organizations,General Conference,,"Twenty-fourth Ave., North, Nashville, Tenn.",United States
1908,14,W. W. Eastman,Eastman,,,male,General Agent,,Publishing Department,General Organizations,General Conference,,"Keene, Texas",United States
1908,14,C. G. Bellah,Bellah,,,male,General Agent,,Publishing Department,General Organizations,General Conference,,"1109 East Twelfth St., Kansas City, Mo.",United States
1908,14,W. L. Manful,Manful,,,male,General Agent,,Publishing Department,General Organizations,General Conference,,"Elk Point, S. Dak.",United States
1908,14,Carl E. Weaks,Weaks,,,male,General Agent,,Publishing Department,General Organizations,General Conference,,"College Place, Wash.",United States
1908,13,L. R. Conradi,Conradi,,,male,Committee Member,,General Conference,General Organizations,General Conference,,"Hamburg, Germany",Europe
1908,13,E. E. Andross,Andross,,,male,Committee Member,,General Conference,General Organizations,General Conference,,"Watford, Herts, England",Europe
1908,13,W. S. Hyatt,Hyatt,,,male,Committee Member,,General Conference,General Organizations,General Conference,,"Kenilworth, Cape, South Africa",Africa
1908,13,J. W. Westphal,Westphal,,,male,Committee Member,,General Conference,General Organizations,General Conference,,"Buenos Ayres, Argentina, South America",South America
1908,13,U. Bender,Bender,,,male,Committee Member,,General Conference,General Organizations,General Conference,,"Riversdale, Jamaica, West Indies",West Indies
1908,13,W. A. Spicer,Spicer,,,male,Committee Member,,General Conference,General Organizations,General Conference,,"Takoma Park Station, Washington, D.C.",United States
1908,13,I. H. Evans,Evans,,,male,Committee Member,,General Conference,General Organizations,General Conference,,"Takoma Park Station, Washington, D.C.",United States
1908,13,W. W. Prescott,Prescott,,,male,Committee Member,,General Conference,General Organizations,General Conference,,"Takoma Park Station, Washington, D.C.",United States
1908,13,W. C. White,White,,,male,Committee Member,,General Conference,General Organizations,General Conference,,"Sanitarium, Napa Co., Cal.",United States
1908,13,W. C. Sisley,Sisley,,,male,Committee Member,,General Conference,General Organizations,General Conference,,"Watford, Herts, England",Europe
1908,13,C. H. Jones,Jones,,,male,Committee Member,,General Conference,General Organizations,General Conference,,"Mountain View, Cal.",United States
1908,13,S. N. Haskell,Haskell,,,male,Committee Member,,General Conference,General Organizations,General Conference,,"South Lancaster, Mass.",United States
1908,13,Frederick Griggs,Griggs,,,male,Committee Member,,General Conference,General Organizations,General Conference,,"Takoma Park, Washington, D.C.",United States
1908,13,H. R. Salisbury,Salisbury,,,male,Committee Member,,General Conference,General Organizations,General Conference,,"Takoma Park, Washington, D.C.",United States
1908,13,W. A. George,George,,M.D.,male,Committee Member,,General Conference,General Organizations,General Conference,Sanitarium,"Nashville, Tenn.",United States
1908,13,W. A. Ruble,Ruble,,M.D.,male,Committee Member,,General Conference,General Organizations,General Conference,,"Takoma Park, Washington, D.C.",United States
1908,13,G. B. Thompson,Thompson,,,male,Committee Member,,General Conference,General Organizations,General Conference,,"Takoma Park, Washington, D.C.",United States
1908,13,K. C. Russell,Russell,,,male,Committee Member,,General Conference,General Organizations,General Conference,,"Takoma Park Station, Washington, D.C.",United States
1908,13,G. F. Haffner,Haffner,,,male,Committee Member,,General Conference,General Organizations,General Conference,,"Shattuck, Okla.",United States
1908,13,L. P. Tieche,Tieche,,,male,Committee Member,,General Conference,General Organizations,General Conference,,"Geneva, Switzerland",Europe
1908,13,E. L. Stewart,Stewart,,,male,Committee Member,,General Conference,General Organizations,General Conference,,"Gladstone, Manitoba",Canada
1908,13,W. J. Fitzgerald,Fitzgerald,,,male,Committee Member,,General Conference,General Organizations,General Conference,,"Cumberland, Md.",United States
1908,13,J. T. Boettcher,Boettcher,,,male,Committee Member,,General Conference,General Organizations,General Conference,,"Riga, Russia",Europe
1908,13,G. B. Thompson,Thompson,,,male,Chairman,,Sabbath-School Department,General Organizations,General Conference,,"Takoma Park Station, Washington, D.C.",United States
1908,13,Mrs. L. Flora Plummer,Plummer,Mrs.,,female,Secretary,,Sabbath-School Department,General Organizations,General Conference,,"Takoma Park Station, Washington, D.C.",United States
1908,13,M. C. Wilcox,Wilcox,,,male,Member,,Sabbath-School Department,General Organizations,General Conference,,"Mountain View, Cal.",United States
1908,13,W. A. Spicer,Spicer,,,male,Member,,Sabbath-School Department,General Organizations,General Conference,,"Takoma Park Station, Washington, D.C.",United States
1908,13,C. M. Snow,Snow,,,male,Member,,Sabbath-School Department,General Organizations,General Conference,,"Takoma Park Station, Washington, D.C.",United States
1908,13,H. R. Salisbury,Salisbury,,,male,Member,,Sabbath-School Department,General Organizations,General Conference,,"Takoma Park, Washington, D.C.",United States
1908,13,Mrs. Fannie Dickerson Chase,Chase,Mrs.,,female,Member,,Sabbath-School Department,General Organizations,General Conference,,"Takoma Park Station, Washington, D.C.",United States
1908,13,M. E. Kern,Kern,,,male,Member,,Sabbath-School Department,General Organizations,General Conference,,"Takoma Park Station, Washington, D.C.",United States
1908,13,T. E. Bowen,Bowen,,,male,Member,,Sabbath-School Department,General Organizations,General Conference,,"Takoma Park Station, Washington, D.C.",United States
1908,13,Frederick Griggs,Griggs,Prof.,,male,Chairman,,Educational Department,General Organizations,General Conference,,"Takoma Park Station, Washington, D.C.",United States
1908,13,C. C. Lewis,Lewis,Prof.,,male,Secretary,,Educational Department,General Organizations,General Conference,,"College View, Nebr.",United States
1908,13,L. A. Hoopes,Hoopes,,,male,Member,,Educational Department,General Organizations,General Conference,,"Cooranbong, N.S.W., Australia",Australia
1908,13,C. W. Irwin,Irwin,,,male,Member,,Educational Department,General Organizations,General Conference,,"Cooranbong, N.S.W., Australia",Australia
1908,13,C. H. Hayton,Hayton,,,male,Member,,Educational Department,General Organizations,General Conference,,"Takoma Park Station, Washington, D.C.",United States
1908,13,R. H. Habenicht,Habenicht,,,male,Member,,Educational Department,General Organizations,General Conference,,"Buenos Ayres, Argentina, South America",South America
1908,13,H. C. Lacey,Lacey,,,male,Member,,Educational Department,General Organizations,General Conference,,"Watford, England",Europe
1908,13,O. Luepke,Luepke,,,male,Member,,Educational Department,General Organizations,General Conference,,"Friedensau, Post Grabow, Bez. Magdeburg, Germany",Europe
1908,13,O. A. Johnson,Johnson,,,male,Member,,Educational Department,General Organizations,General Conference,,"Christiania, Norway",Europe
1908,13,Jean Vuilleumier,Vuilleumier,,,male,Member,,Educational Department,General Organizations,General Conference,,"Gland, Switzerland",Europe
1908,15,L. R. Conradi,Conradi,,,male,Foreign Member,"Grindelberg 15a, Hamburg, Germany",General Conference Committee,General Organizations,General Conference,,"Hamburg, Germany",Europe
1908,15,H. Hartkop,Hartkop,,,male,Foreign Member,Grindelberg 15a,General Conference Committee,General Organizations,General Conference,,"Hamburg, Germany",Europe
1908,15,W. D. Salisbury,Salisbury,,,male,Foreign Member,"Warburton, Victoria, Australia",General Conference Committee,General Organizations,General Conference,,"Warburton, Victoria, Australia",Australia
1908,15,J. M. Johanson,Johanson,,,male,Foreign Member,"Warburton, Victoria, Australia",General Conference Committee,General Organizations,General Conference,,"Warburton, Victoria, Australia",Australia
1908,15,W. C. Sisley,Sisley,,,male,Foreign Member,"Stanborough Park, Watford, Herts, England",General Conference Committee,General Organizations,General Conference,,"Watford, Herts, England",Europe
1908,15,A. C. Christensen,Christensen,,,male,Foreign Member,"Akersgaden 74, Christiania, Norway",General Conference Committee,General Organizations,General Conference,,"Christiania, Norway",Scandinavia
1908,15,E. Lind,Lind,,,male,Foreign Member,"Kungsgatan 34, Stockholm, Sweden",General Conference Committee,General Organizations,General Conference,,"Stockholm, Sweden",Scandinavia
1908,15,J. Robert,Robert,,,male,Foreign Member,"29 rue de la Synagogue, Geneva, Switzerland",General Conference Committee,General Organizations,General Conference,,"Geneva, Switzerland",Europe
1908,15,N. Z. Town,Town,,,male,Foreign Member,"Casilla 481, Buenos Ayres, Argentina, South America",General Conference Committee,General Organizations,General Conference,,"Buenos Ayres, Argentina",South America
1908,15,D. E. Wellman,Wellman,,,male,Foreign Member,"31 Dundonald St., Port of Spain, Trinidad, West Indies",General Conference Committee,General Organizations,General Conference,,"Port of Spain, Trinidad",West Indies
1908,15,W. C. White,White,,,male,General Member,"Sanitarium, Napa Co., Cal.",General Conference Committee,General Organizations,General Conference,,"Sanitarium, Napa Co., Cal.",United States
1908,15,I. H. Evans,Evans,,,male,General Member,"Takoma Park Station, Washington, D. C.",General Conference Committee,General Organizations,General Conference,,"Takoma Park Station, Washington, D.C.",United States
1908,15,W. A. Spicer,Spicer,,,male,General Member,"Takoma Park Station, Washington, D. C.",General Conference Committee,General Organizations,General Conference,,"Takoma Park Station, Washington, D.C.",United States
1908,15,W. A. Ruble,Ruble,,,male,General Member,"Takoma Park Station, Washington, D. C.",General Conference Committee,General Organizations,General Conference,,"Takoma Park Station, Washington, D.C.",United States
1908,15,F. Griggs,Griggs,,,male,General Member,"Takoma Park Station, Washington, D. C.",General Conference Committee,General Organizations,General Conference,,"Takoma Park Station, Washington, D.C.",United States
1908,15,W. A. Ruble,Ruble,,,male,Chairman,"Takoma Park Station, Washington, D. C.",Relief Bureau,General Organizations,General Conference,,"Takoma Park Station, Washington, D.C.",United States
1908,15,E. R. Palmer,Palmer,,,male,Secretary,"Takoma Park Station, Washington, D. C.",Relief Bureau,General Organizations,General Conference,,"Takoma Park Station, Washington, D.C.",United States
1908,15,G. A. Irwin,Irwin,,,male,Other Member,"Takoma Park Station, Washington, D. C.",Relief Bureau,General Organizations,General Conference,,"Takoma Park Station, Washington, D.C.",United States
1908,15,H. H. Hall,Hall,,,male,Other Member,"Mountain View, Cal.",Relief Bureau,General Organizations,General Conference,,"Mountain View, Cal.",United States
1908,15,M. E. Kern,Kern,,,male,Other Member,"Takoma Park Station, Washington, D. C.",Relief Bureau,General Organizations,General Conference,,"Takoma Park Station, Washington, D.C.",United States
1908,15,W. A. George,George,,M.D.,male,Chairman,"care Sanitarium, Nashville, Tenn.",Medical Missionary Council,General Organizations,General Conference,,"Nashville, Tenn.",United States
1908,15,W. A. Ruble,Ruble,,M.D.,male,Secretary,"1 and 2 Iowa Circle, Washington, D. C.",Medical Missionary Council,General Organizations,General Conference,,"Washington, D.C.",United States
1908,15,D. H. Kress,Kress,,M.D.,male,Member Appointed by General Conference Committee,"Takoma Park Station, Washington, D. C.",Medical Missionary Council,General Organizations,General Conference,,"Takoma Park Station, Washington, D.C.",United States
1908,15,H. F. Rand,Rand,,M.D.,male,Member Appointed by General Conference Committee,"Sanitarium, Napa Co., Cal.",Medical Missionary Council,General Organizations,General Conference,,"Sanitarium, Napa Co., Cal.",United States
1908,15,F. A. Washburn,Washburn,,M.D.,male,Member Appointed by General Conference Committee,"Nashville, Tenn.",Medical Missionary Council,General Organizations,General Conference,,"Nashville, Tenn.",United States
1908,15,G. H. Heald,Heald,,M.D.,male,Member Appointed by General Conference Committee,"Takoma Park Station, Washington, D. C.",Medical Missionary Council,General Organizations,General Conference,,"Takoma Park Station, Washington, D.C.",United States
1908,15,F. J. Otis,Otis,,M.D.,male,Member Appointed by General Conference Committee,"28 Thirty-third Place, Chicago, Ill.",Medical Missionary Council,General Organizations,General Conference,,"Chicago, Ill.",United States
1908,15,F. M. Wilcox,Wilcox,,,male,Member Appointed by General Conference Committee,"care Boulder Sanitarium, Boulder, Colo.",Medical Missionary Council,General Organizations,General Conference,Boulder Sanitarium,"Boulder, Colo.",United States
1908,15,C. O. Prince,Prince,,M.D.,male,Member Appointed by General Conference Committee,"Melrose, Mass.",Medical Missionary Council,General Organizations,General Conference,,"Melrose, Mass.",United States
1908,15,L. A. Hansen,Hansen,,,male,Ex-Officio Member by Union Conferences,"Graysville, Tenn.",Medical Missionary Council,General Organizations,General Conference,,"Graysville, Tenn.",United States
1908,15,S. P. S. Edwards,Edwards,,M.D.,male,Ex-Officio Member by Union Conferences,"1213 Fifteenth St., Moline, Ill.",Medical Missionary Council,General Organizations,General Conference,,"Moline, Ill.",United States
1908,15,W. M. Adams,Adams,,,male,Ex-Officio Member by Union Conferences,"Port Hammond, British Columbia",Medical Missionary Council,General Organizations,General Conference,,"Port Hammond, British Columbia",Canada
1908,15,W. C. Green,Green,,M.D.,male,Ex-Officio Member by Union Conferences,"1223 Wolfe St., Little Rock, Ark.",Medical Missionary Council,General Organizations,General Conference,,"Little Rock, Ark.",United States
1908,15,J. R. Leadsworth,Leadsworth,,,male,Ex-Officio Member by Union Conferences,"257 South Hill St., Los Angeles, Cal.",Medical Missionary Council,General Organizations,General Conference,,"Los Angeles, Cal.",United States
1908,15,J. E. Froom,Froom,,M.D.,male,Ex-Officio Member by Union Conferences,"Boise City Nat'l Bank Bldg., Boise, Idaho",Medical Missionary Council,General Organizations,General Conference,,"Boise, Idaho",United States
1908,15,F. C. Richards,Richards,,M.D.,male,Ex-Officio Member by Union Conferences,"Wahroonga, N. S. W., Australia",Medical Missionary Council,General Organizations,General Conference,,"Wahroonga, N.S.W., Australia",Australia
1908,15,E. Meyer,Meyer,,M.D.,male,Ex-Officio Member by Union Conferences,"Friedensau, Post Grabow, Bez. Magdeburg, Germany",Medical Missionary Council,General Organizations,General Conference,,"Friedensau, Germany",Europe
1908,15,J. C. Ottosen,Ottosen,,M.D.,male,Ex-Officio Member by Union Conferences,"Skodsborg, Denmark",Medical Missionary Council,General Organizations,General Conference,,"Skodsborg, Denmark",Scandinavia
1908,15,A. B. Olsen,Olsen,,M.D.,male,Ex-Officio Member by Union Conferences,"The Hydro, Caterham, Surrey, England",Medical Missionary Council,General Organizations,General Conference,,"Caterham, Surrey, England",Europe
1908,15,P. A. De Forest,De Forest,,M.D.,male,Ex-Officio Member by Union Conferences,"Sanitarium, Gland, Switzerland",Medical Missionary Council,General Organizations,General Conference,,"Gland, Switzerland",Europe
1908,17,C. M. Snow,Snow,,,male,Member,"Takoma Park Station, Washington, D. C.",General Conference,General Organizations,General Conference,,"Takoma Park Station, Washington, D.C.",United States
1908,17,W. T. Bartlett,Bartlett,,,male,Member,"Stanborough Park, Watford, England",General Conference,General Organizations,General Conference,,"Watford, England",Europe
1908,17,A. J. S. Bourdeau,Bourdeau,,,male,Member,"Mountain View, Cal.",General Conference,General Organizations,General Conference,,"Mountain View, Cal.",United States
1908,17,W. Ising,Ising,,,male,Member,"Grindelberg 15a, Hamburg, Germany",General Conference,General Organizations,General Conference,,"Hamburg, Germany",Europe
1908,17,W. A. Hennig,Hennig,,,male,Member,"Burwood, N. S. W., Australia",General Conference,General Organizations,General Conference,,"Burwood, N.S.W., Australia",Australia
1908,17,G. A. Irwin,Irwin,,,male,Chairman,"Takoma Park Station, Washington, D. C.",North American Foreign Department,General Organizations,General Conference,,"Takoma Park Station, Washington, D.C.",United States
1908,17,I. H. Evans,Evans,,,male,Secretary,"Takoma Park Station, Washington, D. C.",North American Foreign Department,General Organizations,General Conference,,"Takoma Park Station, Washington, D.C.",United States
1908,17,G. F. Haffner,Haffner,,,male,Superintendent German Department west of Mississippi River,"Shattuck, Okla.",North American Foreign Department,General Organizations,General Conference,,"Shattuck, Okla.",United States
1908,17,O. E. Reinke,Reinke,,,male,Superintendent German Department east of Mississippi River,"1519 Greene Ave., Brooklyn, N. Y.",North American Foreign Department,General Organizations,General Conference,,"Brooklyn, N.Y.",United States
1908,17,S. Mortenson,Mortenson,,,male,Superintendent Swedish Department,"5942 Peoria St., Chicago, Ill.",North American Foreign Department,General Organizations,General Conference,,"Chicago, Ill.",United States
1908,17,L. H. Christian,Christian,,,male,Superintendent Danish-Norwegian Department,"Room 670, 324 Dearborn St., Chicago, Ill.",North American Foreign Department,General Organizations,General Conference,,"Chicago, Ill.",United States
1908,17,B. G. Wilkinson,Wilkinson,,,male,Member,"Takoma Park Station, Washington, D. C.",North American Foreign Department,General Organizations,General Conference,,"Takoma Park Station, Washington, D.C.",United States
1908,17,A. Boettcher,Boettcher,,,male,Corresponding Secretary,"Manager of the New York City Foreign Literature Depository; 32 Union Square, East, New York, N. Y.",North American Foreign Department,General Organizations,General Conference,,"New York, N.Y.",United States
1908,17,I. H. Evans,Evans,,,male,Transportation Agent,"Also general agent for transatlantic steamship lines; Takoma Park Station, Washington, D. C.",Transportation Agents,General Organizations,General Conference,,"Takoma Park Station, Washington, D.C.",United States
1908,17,C. H. Jones,Jones,,,male,Transportation Agent,"Also general agent for transpacific steamship lines; Mountain View, Cal.",Transportation Agents,General Organizations,General Conference,,"Mountain View, Cal.",United States
1908,17,C. L. Kilgore,Kilgore,,,male,Transportation Agent,"Graysville, Tenn.",Transportation Agents,General Organizations,General Conference,,"Graysville, Tenn.",United States
1908,17,I. A. Ford,Ford,,,male,Transportation Agent,"Twenty-fourth Ave., North, Nashville, Tenn.",Transportation Agents,General Organizations,General Conference,,"Nashville, Tenn.",United States
1908,17,Wm. Covert,Covert,,,male,Transportation Agent,"Room 670, 324 Dearborn St., Chicago, Ill.",Transportation Agents,General Organizations,General Conference,,"Chicago, Ill.",United States
1908,17,H. A. Morrison,Morrison,,,male,Transportation Agent,"College View, Nebr.",Transportation Agents,General Organizations,General Conference,,"College View, Nebr.",United States
1908,17,C. M. Everest,Everest,,,male,Transportation Agent,"Box 989, Minneapolis, Minn.",Transportation Agents,General Organizations,General Conference,,"Minneapolis, Minn.",United States
1908,17,Jas. Cochran,Cochran,,,male,Transportation Agent,"1109 East Twelfth St., Kansas City, Mo.",Transportation Agents,General Organizations,General Conference,,"Kansas City, Mo.",United States
1908,17,Meade Mac Guire,Mac Guire,,,male,Transportation Agent,"1112 Kalamath St., Denver, Colo.",Transportation Agents,General Organizations,General Conference,,"Denver, Colo.",United States
1908,17,C. N. Woodward,Woodward,,,male,Transportation Agent,"Keene, Tex.",Transportation Agents,General Organizations,General Conference,,"Keene, Tex.",United States
1908,17,A. Bacon,Bacon,,,male,Transportation Agent,"451 Holloway Road, London, N., England",Transportation Agents,General Organizations,General Conference,,"London, England",Europe
1908,17,George Fisher,Fisher,,,male,Transportation Agent,"Burwood St., Burwood, N. S. W.",Transportation Agents,General Organizations,General Conference,,"Burwood, N.S.W., Australia",Australia
1908,17,H. W. Decker,Decker,,,male,Transportation Agent,"Mt. Tabor Station, Portland, Oregon",Transportation Agents,General Organizations,General Conference,,"Portland, Oregon",United States
1908,17,N. Z. Town,Town,,,male,Transportation Agent,"Casilla 481, Buenos Ayres, Argentine Republic, South America",Transportation Agents,General Organizations,General Conference,,"Buenos Ayres, Argentine Republic",South America
1908,17,A. G. Daniells,Daniells,,,male,President,,General Conference Corporation,Legal Corporations,General Conference,General Conference Corporation of Seventh-day Adventists,"Takoma Park Station, Washington, D.C.",United States
1908,17,W. A. Spicer,Spicer,,,male,Secretary,,General Conference Corporation,Legal Corporations,General Conference,General Conference Corporation of Seventh-day Adventists,"Takoma Park Station, Washington, D.C.",United States
1908,17,I. H. Evans,Evans,,,male,Treasurer,,General Conference Corporation,Legal Corporations,General Conference,General Conference Corporation of Seventh-day Adventists,"Takoma Park Station, Washington, D.C.",United States
1908,17,A. G. Daniells,Daniells,,,male,Board of Trustees,,General Conference Corporation,Legal Corporations,General Conference,General Conference Corporation of Seventh-day Adventists,"Takoma Park Station, Washington, D.C.",United States
1908,17,I. H. Evans,Evans,,,male,Board of Trustees,,General Conference Corporation,Legal Corporations,General Conference,General Conference Corporation of Seventh-day Adventists,"Takoma Park Station, Washington, D.C.",United States
1908,17,W. W. Prescott,Prescott,,,male,Board of Trustees,,General Conference Corporation,Legal Corporations,General Conference,General Conference Corporation of Seventh-day Adventists,"Takoma Park Station, Washington, D.C.",United States
1908,17,G. A. Irwin,Irwin,,,male,Board of Trustees,,General Conference Corporation,Legal Corporations,General Conference,General Conference Corporation of Seventh-day Adventists,"Takoma Park Station, Washington, D.C.",United States
1908,17,K. C. Russell,Russell,,,male,Board of Trustees,,General Conference Corporation,Legal Corporations,General Conference,General Conference Corporation of Seventh-day Adventists,"Takoma Park Station, Washington, D.C.",United States
1908,17,S. N. Curtiss,Curtiss,,,male,Board of Trustees,,General Conference Corporation,Legal Corporations,General Conference,General Conference Corporation of Seventh-day Adventists,"Takoma Park Station, Washington, D.C.",United States
1908,17,W. A. Spicer,Spicer,,,male,Board of Trustees,,General Conference Corporation,Legal Corporations,General Conference,General Conference Corporation of Seventh-day Adventists,"Takoma Park Station, Washington, D.C.",United States
1908,24,W. R. Uchtman,Uchtman,,,male,Missionary Licentiate,"105 Staniford St., Boston, Mass.",New England Conference,Atlantic Union Conference,New England,,"Boston, Mass.",United States
1908,24,E. A. Von Pohle,Von Pohle,,,male,Missionary Licentiate,,New England Conference,Atlantic Union Conference,New England,,"South Lancaster, Mass.",United States
1908,24,J. H. Anderson,Anderson,,,male,Missionary Licentiate,"16 Hooper St., Worcester, Mass.",New England Conference,Atlantic Union Conference,New England,,"Worcester, Mass.",United States
1908,24,H. B. Tucker,Tucker,,,male,Missionary Licentiate,,New England Conference,Atlantic Union Conference,New England,,"South Lancaster, Mass.",United States
1908,24,C. E. Palmer,Palmer,,,male,Missionary Licentiate,"8 Maple Ave., Everett, Mass.",New England Conference,Atlantic Union Conference,New England,,"Everett, Mass.",United States
1908,24,H. C. Wilcox,Wilcox,,,male,Missionary Licentiate,,New England Conference,Atlantic Union Conference,New England,,"South Lancaster, Mass.",United States
1908,24,C. O. Prince,Prince,,M.D.,male,Missionary Licentiate,"care New England Sanitarium, Melrose, Mass.",New England Conference,Atlantic Union Conference,New England,New England Sanitarium,"Melrose, Mass.",United States
1908,24,Joel P. Bradford,Bradford,,M.D.,male,Missionary Licentiate,"25 Main St., New Bedford, Mass.",New England Conference,Atlantic Union Conference,New England,,"New Bedford, Mass.",United States
1908,24,D. H. Jones,Jones,,,male,Missionary Licentiate,,New England Conference,Atlantic Union Conference,New England,,"Fiskdale, Mass.",United States
1908,24,Mrs. L. S. Wheeler,Wheeler,Mrs.,,female,Missionary Licentiate,"33 Magnolia St., Malden, Mass.",New England Conference,Atlantic Union Conference,New England,,"Malden, Mass.",United States
1908,24,Mrs. Ella M. Wilber,Wilber,Mrs.,,female,Missionary Licentiate,,New England Conference,Atlantic Union Conference,New England,,"South Lancaster, Mass.",United States
1908,24,Mary Sanderson,Sanderson,,M.D.,female,Missionary Licentiate,"46 Forest Park Ave., Springfield, Mass.",New England Conference,Atlantic Union Conference,New England,,"Springfield, Mass.",United States
1908,24,Lesley Frazier,Frazier,,M.D.,,Missionary Licentiate,"care New England Sanitarium, Melrose, Mass.",New England Conference,Atlantic Union Conference,New England,New England Sanitarium,"Melrose, Mass.",United States
1908,24,Mrs. M. E. Clark,Clark,Mrs.,,female,Missionary Licentiate,108 Fairmont,New England Conference,Atlantic Union Conference,New England,,,United States
1908,24,Mrs. M. A. Wheeler,Wheeler,Mrs.,,female,Missionary Licentiate,,New England Conference,Atlantic Union Conference,New England,,"South Lancaster, Mass.",United States
1908,24,Miss Anna M. Downs,Downs,Miss,,female,Missionary Licentiate,"37 Hosmer St., Everett, Mass.",New England Conference,Atlantic Union Conference,New England,,"Everett, Mass.",United States
1908,24,Miss D. J. Wheeler,Wheeler,Miss,,female,Missionary Licentiate,,New England Conference,Atlantic Union Conference,New England,,"South Lancaster, Mass.",United States
1908,24,Miss Ethel W. Meek,Meek,Miss,,female,Missionary Licentiate,"87 Shawmut St., Chelsea, Mass.",New England Conference,Atlantic Union Conference,New England,,"Chelsea, Mass.",United States
1908,24,Miss Jennie L. Person,Person,Miss,,female,Missionary Licentiate,"105 Staniford St., Boston, Mass.",New England Conference,Atlantic Union Conference,New England,,"Boston, Mass.",United States
1908,24,Miss Minnie E. Sanderson,Sanderson,Miss,,female,Missionary Licentiate,"105 Staniford St., Boston, Mass.",New England Conference,Atlantic Union Conference,New England,,"Boston, Mass.",United States
1908,24,Miss Cora Young,Young,Miss,,female,Missionary Licentiate,33 Magnolia St.,New England Conference,Atlantic Union Conference,New England,,,United States
1908,24,Miss Zaidie Goodrich,Goodrich,Miss,,female,Missionary Licentiate,"care New England Sanitarium, Melrose, Mass.",New England Conference,Atlantic Union Conference,New England,New England Sanitarium,"Melrose, Mass.",United States
1908,24,Pasqualino Scatterregio,Scatterregio,,,male,Missionary Licentiate,,New England Conference,Atlantic Union Conference,New England,,"South Lancaster, Mass.",United States
1908,24,Miss Annie B. Smith,Smith,Miss,,female,Church-School Teacher,"23 Dewey St., Worcester, Mass.",New England Conference,Atlantic Union Conference,New England,,"Worcester, Mass.",United States
1908,24,Miss Carrie E. Robie,Robie,Miss,,female,Church-School Teacher,,New England Conference,Atlantic Union Conference,New England,,"South Lancaster, Mass.",United States
1908,24,C. O. Prince,Prince,,M.D.,male,Medical Worker,"care New England Sanitarium, Melrose, Mass.",New England Conference,Atlantic Union Conference,New England,New England Sanitarium,"Melrose, Mass.",United States
1908,24,C. H. Edwards,Edwards,,,male,President,"1370 Boston Road, New York, N. Y.",Greater New York Conference,Atlantic Union Conference,Greater New York,,"New York, N. Y.",United States
1908,24,Amos Mitchell,Mitchell,,,male,Secretary,"5798 New Utrecht Ave., Brooklyn, N. Y.",Greater New York Conference,Atlantic Union Conference,Greater New York,,"Brooklyn, N. Y.",United States
1908,24,L. W. Graham,Graham,,,male,Treasurer,"32 Union Square, East, New York, N. Y.",Greater New York Conference,Atlantic Union Conference,Greater New York,,"New York, N. Y.",United States
1908,24,C. H. Edwards,Edwards,,,male,Executive Committee Member,,Greater New York Conference,Atlantic Union Conference,Greater New York,,"New York, N. Y.",United States
1908,24,M. L. Andreasen,Andreasen,,,male,Executive Committee Member,,Greater New York Conference,Atlantic Union Conference,Greater New York,,,United States
1908,24,C. F. Knott,Knott,,,male,Executive Committee Member,,Greater New York Conference,Atlantic Union Conference,Greater New York,,,United States
1908,24,Amos Mitchell,Mitchell,,,male,Executive Committee Member,,Greater New York Conference,Atlantic Union Conference,Greater New York,,"Brooklyn, N. Y.",United States
1908,24,J. J. Kennedy,Kennedy,,,male,Executive Committee Member,,Greater New York Conference,Atlantic Union Conference,Greater New York,,,United States
1908,24,Louis Zecchetto,Zecchetto,,,male,Executive Committee Member,,Greater New York Conference,Atlantic Union Conference,Greater New York,,,United States
1908,24,Claude Maybel,Maybel,,,male,Executive Committee Member,,Greater New York Conference,Atlantic Union Conference,Greater New York,,,United States
1908,24,E. H. M. Sell,Sell,,M.D.,male,Medical Department,,Greater New York Conference,Atlantic Union Conference,Greater New York,,,United States
1908,24,H. P. Vaughan,Vaughan,,M.D.,male,Medical Department,,Greater New York Conference,Atlantic Union Conference,Greater New York,,,United States
1908,24,B. B. Kinne,Kinne,,M.D.,male,Medical Department,,Greater New York Conference,Atlantic Union Conference,Greater New York,,,United States
1908,23,Jennie Thayer,Thayer,,,female,Committee Member,,Atlantic Union Conference,,Atlantic Union,,,United States
1908,23,E. E. Miles,Miles,,,male,Committee Member,,Atlantic Union Conference,,Atlantic Union,,,United States
1908,23,B. F. Machlan,Machlan,,,male,Committee Member,,Atlantic Union Conference,,Atlantic Union,,,United States
1908,23,R. J. Bryant,Bryant,,,male,Committee Member,,Atlantic Union Conference,,Atlantic Union,,,United States
1908,23,T. H. Purdon,Purdon,,,male,Committee Member,,Atlantic Union Conference,,Atlantic Union,,,United States
1908,23,M. L. Andreasen,Andreasen,,,male,Committee Member,,Atlantic Union Conference,,Atlantic Union,,,United States
1908,23,C. O. Prince,Prince,,,male,Committee Member,,Atlantic Union Conference,,Atlantic Union,,,United States
1908,23,Eugene W. Farnsworth,Farnsworth,,,male,President,Trustee,Atlantic Union Conference Association of Seventh-day Adventists,,Atlantic Union,,,United States
1908,23,Horace B. Tucker,Tucker,,,male,Secretary and Treasurer,Trustee,Atlantic Union Conference Association of Seventh-day Adventists,,Atlantic Union,,,United States
1908,23,H. F. Ketring,Ketring,,,male,Trustee,,Atlantic Union Conference Association of Seventh-day Adventists,,Atlantic Union,,,United States
1908,23,B. F. Machlan,Machlan,,,male,Trustee,,Atlantic Union Conference Association of Seventh-day Adventists,,Atlantic Union,,,United States
1908,23,W. A. Westworth,Westworth,,,male,Trustee,,Atlantic Union Conference Association of Seventh-day Adventists,,Atlantic Union,,,United States
1908,23,F. H. De Vinney,De Vinney,,,male,Trustee,,Atlantic Union Conference Association of Seventh-day Adventists,,Atlantic Union,,,United States
1908,23,C. H. Edwards,Edwards,,,male,Trustee,,Atlantic Union Conference Association of Seventh-day Adventists,,Atlantic Union,,,United States
1908,23,C. O. Prince,Prince,Dr.,,male,Secretary,Medical Missionary Department,Atlantic Union Conference,,Atlantic Union,,,United States
1908,23,B. F. Machlan,Machlan,,,male,Secretary,Educational Department,Atlantic Union Conference,,Atlantic Union,,"South Lancaster, Mass.",United States
1908,23,F. M. Dana,Dana,,,male,Secretary,Young People's Department,Atlantic Union Conference,,Atlantic Union,,"South Lancaster, Mass.",United States
1908,23,C. S. Longacre,Longacre,,,male,Religious Liberty Secretary,,Atlantic Union Conference,,Atlantic Union,,"South Lancaster, Mass.",United States
1908,23,E. W. Farnsworth,Farnsworth,,,male,Minister,,Atlantic Union Conference,,Atlantic Union,,"South Lancaster, Mass.",United States
1908,23,C. S. Longacre,Longacre,,,male,Minister,,Atlantic Union Conference,,Atlantic Union,,"South Lancaster, Mass.",United States
1908,23,B. F. Machlan,Machlan,,,male,Licentiate,,Atlantic Union Conference,,Atlantic Union,,"South Lancaster, Mass.",United States
1908,23,R. J. Bryant,Bryant,,,male,Licentiate,,Atlantic Union Conference,,Atlantic Union,,"Saratoga Springs, N. Y.",United States
1908,23,F. M. Dana,Dana,,,male,Licentiate,,Atlantic Union Conference,,Atlantic Union,,"South Lancaster, Mass.",United States
1908,23,H. F. Ketring,Ketring,,,male,President,,Central New England Conference,Atlantic Union Conference,Central New England,,"South Lancaster, Mass.",United States
1908,23,H. B. Tucker,Tucker,,,male,Secretary and Treasurer,Conference and Tract Society,Central New England Conference,Atlantic Union Conference,Central New England,,"South Lancaster, Mass.",United States
1908,23,Mrs. L. S. Wheeler,Wheeler,Mrs.,,female,Secretary,Sabbath-school and Young People's Work,Central New England Conference,Atlantic Union Conference,Central New England,,"Malden, Mass.",United States
1908,23,H. C. Wilcox,Wilcox,,,male,Field Missionary Agent,,Central New England Conference,Atlantic Union Conference,Central New England,,"South Lancaster, Mass.",United States
1908,23,P. F. Bicknell,Bicknell,,,male,Secretary,Religious Liberty Department,Central New England Conference,Atlantic Union Conference,Central New England,,"Melrose, Mass.",United States
1908,23,Joel P. Bradford,Bradford,,M.D.,male,Secretary,,Central New England Conference,Atlantic Union Conference,Central New England,,"New Bedford, Mass.",United States
1908,23,F. C. Gilbert,Gilbert,Eld.,,male,Secretary,Jewish Department,Central New England Conference,Atlantic Union Conference,Central New England,,"South Lancaster, Mass.",United States
1908,23,H. F. Ketring,Ketring,,,male,Minister,,Central New England Conference,Atlantic Union Conference,Central New England,,"South Lancaster, Mass.",United States
1908,23,Lee S. Wheeler,Wheeler,,,male,Minister,,Central New England Conference,Atlantic Union Conference,Central New England,,"Malden, Mass.",United States
1908,23,F. C. Gilbert,Gilbert,,,male,Minister,,Central New England Conference,Atlantic Union Conference,Central New England,,"South Lancaster, Mass.",United States
1908,23,P. F. Bicknell,Bicknell,,,male,Minister,,Central New England Conference,Atlantic Union Conference,Central New England,,"Melrose, Mass.",United States
1908,23,H. C. Hartwell,Hartwell,,,male,Minister,,Central New England Conference,Atlantic Union Conference,Central New England,,"Fall River, Mass.",United States
1908,23,E. E. Miles,Miles,,,male,Minister,,Central New England Conference,Atlantic Union Conference,Central New England,,"South Lancaster, Mass.",United States
1908,23,H. E. Robinson,Robinson,,,male,Minister,,Central New England Conference,Atlantic Union Conference,Central New England,,"Boston, Mass.",United States
1908,23,F. W. Stray,Stray,,,male,Minister,,Central New England Conference,Atlantic Union Conference,Central New England,,"Bradford, Mass.",United States
1908,23,A. E. Sanderson,Sanderson,,,male,Minister,,Central New England Conference,Atlantic Union Conference,Central New England,,"Keene, N. H.",United States
1908,23,C. F. Ulrich,Ulrich,,,male,Minister,,Central New England Conference,Atlantic Union Conference,Central New England,,"South Lancaster, Mass.",United States
1908,18,A. G. Daniells,Daniells,,,male,President,"Takoma Park Station, Washington, D. C.",General Conference Association,General Organizations,General Conference,,"Takoma Park Station, Washington, D.C.",United States
1908,18,I. H. Evans,Evans,,,male,Treasurer,"Takoma Park Station, Washington, D. C.",General Conference Association,General Organizations,General Conference,,"Takoma Park Station, Washington, D.C.",United States
1908,18,H. E. Rogers,Rogers,,,male,Secretary,,General Conference Association,General Organizations,General Conference,,"Takoma Park Station, Washington, D.C.",United States
1908,18,W. A. Spicer,Spicer,,,male,Other Member,,General Conference Association,General Organizations,General Conference,,,United States
1908,18,W. W. Prescott,Prescott,,,male,Other Member,,General Conference Association,General Organizations,General Conference,,,United States
1908,18,K. C. Russell,Russell,,,male,Other Member,,General Conference Association,General Organizations,General Conference,,,United States
1908,18,G. A. Irwin,Irwin,,,male,Other Member,,General Conference Association,General Organizations,General Conference,,,United States
1908,18,D. K. Nicola,Nicola,,,male,Other Member,,General Conference Association,General Organizations,General Conference,,,United States
1908,18,Allen Moon,Moon,,,male,Other Member,,General Conference Association,General Organizations,General Conference,,,United States
1908,18,Wm. Covert,Covert,,,male,Other Member,,General Conference Association,General Organizations,General Conference,,,United States
1908,18,A. G. Haughey,Haughey,,,male,Other Member,,General Conference Association,General Organizations,General Conference,,,United States
1908,18,R. A. Underwood,Underwood,,,male,Other Member,,General Conference Association,General Organizations,General Conference,,,United States
1908,18,J. E. Jayne,Jayne,,,male,Other Member,,General Conference Association,General Organizations,General Conference,,,United States
1908,18,H. W. Cottrell,Cottrell,,,male,Other Member,,General Conference Association,General Organizations,General Conference,,,United States
1908,18,S. N. Curtiss,Curtiss,,,male,Other Member,,General Conference Association,General Organizations,General Conference,,,United States
1908,18,D. W. Reavis,Reavis,,,male,Other Member,,General Conference Association,General Organizations,General Conference,,,United States
1908,18,A. E. Place,Place,,,male,Other Member,,General Conference Association,General Organizations,General Conference,,,United States
1908,18,J. R. Scott,Scott,,,male,Other Member,,General Conference Association,General Organizations,General Conference,,,United States
1908,18,J. Sutherland,Sutherland,,,male,Other Member,,General Conference Association,General Organizations,General Conference,,,United States
1908,18,T. E. Bowen,Bowen,,,male,Other Member,,General Conference Association,General Organizations,General Conference,,,United States
1908,18,Frederick Griggs,Griggs,,,male,Other Member,,General Conference Association,General Organizations,General Conference,,,United States
1908,18,A. G. Daniells,Daniells,,,male,Executive Committee Member,,General Conference Association,General Organizations,General Conference,,"Takoma Park Station, Washington, D.C.",United States
1908,18,W. W. Prescott,Prescott,,,male,Executive Committee Member,,General Conference Association,General Organizations,General Conference,,,United States
1908,18,I. H. Evans,Evans,,,male,Executive Committee Member,,General Conference Association,General Organizations,General Conference,,,United States
1908,18,W. A. Spicer,Spicer,,,male,Executive Committee Member,,General Conference Association,General Organizations,General Conference,,,United States
1908,18,H. E. Rogers,Rogers,,,male,Executive Committee Member,,General Conference Association,General Organizations,General Conference,,,United States
1908,18,A. G. Daniells,Daniells,,,male,President,Trustee,Foreign Mission Board,General Organizations,General Conference,,"Takoma Park Station, Washington, D.C.",United States
1908,18,W. A. Spicer,Spicer,,,male,Secretary,Trustee,Foreign Mission Board,General Organizations,General Conference,,,United States
1908,18,S. N. Curtiss,Curtiss,,,male,Trustee,,Foreign Mission Board,General Organizations,General Conference,,,United States
1908,18,H. W. Cottrell,Cottrell,,,male,Trustee,,Foreign Mission Board,General Organizations,General Conference,,,United States
1908,18,I. H. Evans,Evans,,,male,Treasurer,Trustee,Foreign Mission Board,General Organizations,General Conference,,,United States
1908,18,G. A. Irwin,Irwin,,,male,Trustee,,Foreign Mission Board,General Organizations,General Conference,,,United States
1908,18,G. M. Chaffee,Chaffee,,,male,Trustee,,Foreign Mission Board,General Organizations,General Conference,,,United States
1908,18,W. W. Prescott,Prescott,,,male,Trustee,,Foreign Mission Board,General Organizations,General Conference,,,United States
1908,18,C. H. Edwards,Edwards,,,male,Trustee,,Foreign Mission Board,General Organizations,General Conference,,,United States
1908,18,B. L. Anderson,Anderson,,,male,Minister,,General Conference,Laborers Engaged in General Work and in Mission Fields,General Conference,,"Kulangsu, Amoy, China",Asia
1908,18,J. N. Anderson,Anderson,,,male,Minister,,General Conference,Laborers Engaged in General Work and in Mission Fields,General Conference,,"Canton, China",Asia
1908,18,D. C. Babcock,Babcock,,,male,Minister,,General Conference,Laborers Engaged in General Work and in Mission Fields,General Conference,,"Freetown, Sierra Leone, West Africa",Africa
1908,18,Geo. M. Brown,Brown,,,male,Minister,,General Conference,Laborers Engaged in General Work and in Mission Fields,General Conference,,"Tacubaya, D. F., Mexico",Central America
1908,18,Geo. I. Butler,Butler,,,male,Minister,,General Conference,Laborers Engaged in General Work and in Mission Fields,General Conference,,"Bowling Green, Fla.",United States
1908,18,G. W. Caviness,Caviness,,,male,Minister,,General Conference,Laborers Engaged in General Work and in Mission Fields,General Conference,,"Tacubaya, D. F., Mexico",Central America
1908,18,L. H. Christian,Christian,,,male,Minister,,General Conference,Laborers Engaged in General Work and in Mission Fields,General Conference,,"Chicago, Ill.",United States
1908,18,W. A. Colcord,Colcord,,,male,Minister,,General Conference,Laborers Engaged in General Work and in Mission Fields,General Conference,,"Takoma Park Station, Washington, D.C.",United States
1908,18,L. R. Conradi,Conradi,,,male,Minister,,General Conference,Laborers Engaged in General Work and in Mission Fields,General Conference,,"Hamburg, Germany",Europe
1908,18,R. F. Cottrell,Cottrell,,,male,Minister,,General Conference,Laborers Engaged in General Work and in Mission Fields,General Conference,,"Changsha, Hunan, China",Asia
1908,18,A. G. Daniells,Daniells,,,male,Minister,,General Conference,Laborers Engaged in General Work and in Mission Fields,General Conference,,"Takoma Park Station, Washington, D.C.",United States
1908,18,Geo. F. Enoch,Enoch,,,male,Minister,,General Conference,Laborers Engaged in General Work and in Mission Fields,General Conference,,"Calcutta, India",Asia
1908,18,I. H. Evans,Evans,,,male,Minister,,General Conference,Laborers Engaged in General Work and in Mission Fields,General Conference,,"Takoma Park Station, Washington, D.C.",United States
1908,18,E. W. Farnsworth,Farnsworth,,,male,Minister,,General Conference,Laborers Engaged in General Work and in Mission Fields,General Conference,,"South Lancaster, Mass.",United States
1908,18,F. W. Field,Field,,,male,Minister,,General Conference,Laborers Engaged in General Work and in Mission Fields,General Conference,,"Tokyo, Japan",Asia
1908,18,Frederick Griggs,Griggs,,,male,Minister,,General Conference,Laborers Engaged in General Work and in Mission Fields,General Conference,,"Takoma Park Station, Washington, D.C.",United States
1908,18,G. F. Haffner,Haffner,,,male,Minister,,General Conference,Laborers Engaged in General Work and in Mission Fields,General Conference,,"Shattuck, Okla.",United States
1908,18,W. C. Hankins,Hankins,,,male,Minister,,General Conference,Laborers Engaged in General Work and in Mission Fields,General Conference,,"Kulangsu, Amoy, China",Asia
1908,18,S. N. Haskell,Haskell,,,male,Minister,,General Conference,Laborers Engaged in General Work and in Mission Fields,General Conference,,"Mountain View, Cal.",United States
1908,18,G. A. Irwin,Irwin,,,male,Minister,,General Conference,Laborers Engaged in General Work and in Mission Fields,General Conference,,"Takoma Park Station, Washington, D.C.",United States
1908,18,J. S. James,James,,,male,Minister,,General Conference,Laborers Engaged in General Work and in Mission Fields,General Conference,,"Bangalore, India",Asia
1908,18,Nga Pit Keh,Keh,,,male,Minister,,General Conference,Laborers Engaged in General Work and in Mission Fields,General Conference,,"Kulangsu, Amoy, China",Asia
1908,18,D. H. Kress,Kress,,,male,Minister,,General Conference,Laborers Engaged in General Work and in Mission Fields,General Conference,,"Takoma Park Station, Washington, D.C.",United States
1908,18,H. Kuniya,Kuniya,,,male,Minister,,General Conference,Laborers Engaged in General Work and in Mission Fields,General Conference,,"Tokyo, Japan",Asia
1908,18,J. C. Little,Little,,,male,Minister,,General Conference,Laborers Engaged in General Work and in Mission Fields,General Conference,,"Karmatar, E. I. R., India",Asia
1908,26,E. H. Morton,Morton,,,male,Trustee,,Maine Conference,Atlantic Union Conference,Maine,,,United States
1908,26,W. J. Dunscomb,Dunscomb,,,male,Trustee,,Maine Conference,Atlantic Union Conference,Maine,,,United States
1908,26,J. B. Goodrich,Goodrich,,,male,Trustee,,Maine Conference,Atlantic Union Conference,Maine,,,United States
1908,26,E. C. Taylor,Taylor,,,male,Trustee,,Maine Conference,Atlantic Union Conference,Maine,,,United States
1908,26,Geo. Whitney,Whitney,,,male,Trustee,,Maine Conference,Atlantic Union Conference,Maine,,,United States
1908,26,Chas. Harmon,Harmon,,,male,Trustee,,Maine Conference,Atlantic Union Conference,Maine,,,United States
1908,26,B. F. Davis,Davis,,,male,Trustee,,Maine Conference,Atlantic Union Conference,Maine,,,United States
1908,26,S. J. Hersum,Hersum,,,male,Trustee,,Maine Conference,Atlantic Union Conference,Maine,,,United States
1908,26,S. J. Hersum,Hersum,,,male,Minister,,Maine Conference,Atlantic Union Conference,Maine,,"Richmond, Me.",United States
1908,26,J. B. Goodrich,Goodrich,,,male,Minister,,Maine Conference,Atlantic Union Conference,Maine,,"Blaine, Me.",United States
1908,26,P. B. Osborne,Osborne,,,male,Minister,,Maine Conference,Atlantic Union Conference,Maine,,"Skowhegan, Me.",United States
1908,26,H. C. Giles,Giles,,,male,Minister,,Maine Conference,Atlantic Union Conference,Maine,,"Bath, Me.",United States
1908,26,John Wilson,Wilson,,,male,Minister,,Maine Conference,Atlantic Union Conference,Maine,,"Portland, Me.",United States
1908,26,A. J. Verrill,Verrill,,,male,Licentiate,,Maine Conference,Atlantic Union Conference,Maine,,"Oxford, Me.",United States
1908,26,L. L. Howard,Howard,,,male,Licentiate,,Maine Conference,Atlantic Union Conference,Maine,,"Portland, Me.",United States
1908,26,Chas. A. Brown,Brown,,,male,Licentiate,,Maine Conference,Atlantic Union Conference,Maine,,"South Orrington, Me.",United States
1908,26,Jennie R. Bates,Bates,,,female,Missionary Licentiate,,Maine Conference,Atlantic Union Conference,Maine,,"Bath, Me.",United States
1908,26,Mrs. C. P. Wood,Wood,Mrs.,,female,Missionary Licentiate,,Maine Conference,Atlantic Union Conference,Maine,,"Skowhegan, Me.",United States
1908,26,Jennie Giles,Giles,,,female,Missionary Licentiate,,Maine Conference,Atlantic Union Conference,Maine,,"Bath, Me.",United States
1908,26,E. H. Morton,Morton,,,male,Missionary Licentiate,,Maine Conference,Atlantic Union Conference,Maine,,"North Deering, Me.",United States
1908,26,Mrs. W. O. Howe,Howe,Mrs.,,female,Missionary Licentiate,,Maine Conference,Atlantic Union Conference,Maine,,"North Deering, Me.",United States
1908,26,F. H. DeVinney,DeVinney,,,male,President,,New York Conference,Atlantic Union Conference,New York,,"Rome, N. Y.",United States
1908,26,F. N. Johnson,Johnson,,,male,Secretary and Treasurer,,New York Conference,Atlantic Union Conference,New York,,"Rome, N. Y.",United States
1908,26,F. N. Johnson,Johnson,,,male,Secretary and Treasurer,Tract Society,New York Conference,Atlantic Union Conference,New York,,"Rome, N. Y.",United States
1908,26,Ethel M. Harris,Harris,Miss,,female,Secretary,Educational Department,New York Conference,Atlantic Union Conference,New York,,"Rome, N. Y.",United States
1908,26,Owen B. Green,Green,,,male,Secretary,Medical Missionary Department,New York Conference,Atlantic Union Conference,New York,,"Watertown, N. Y.",United States
1908,26,Mrs. L. M. Calkins,Calkins,Mrs.,,female,Secretary,Sabbath-school Department,New York Conference,Atlantic Union Conference,New York,,"Rome, N. Y.",United States
1908,26,A. R. Scott,Scott,,,male,Field Missionary Agent,,New York Conference,Atlantic Union Conference,New York,,"Rome, N. Y.",United States
1908,26,F. H. DeVinney,DeVinney,,,male,Executive Committee Member,,New York Conference,Atlantic Union Conference,New York,,"Rome, N. Y.",United States
1908,26,D. E. Wood,Wood,,,male,Executive Committee Member,,New York Conference,Atlantic Union Conference,New York,,,United States
1908,26,J. G. White,White,,,male,Executive Committee Member,,New York Conference,Atlantic Union Conference,New York,,,United States
1908,26,C. D. Green,Green,,,male,Executive Committee Member,,New York Conference,Atlantic Union Conference,New York,,,United States
1908,26,F. N. Johnson,Johnson,,,male,Executive Committee Member,,New York Conference,Atlantic Union Conference,New York,,,United States
1908,26,F. H. DeVinney,DeVinney,,,male,President,New York Conference Association of Seventh-day Adventists,New York Conference,Atlantic Union Conference,New York,New York Conference Association of Seventh-day Adventists,"Rome, N. Y.",United States
1908,26,J. G. White,White,,,male,Vice-President,New York Conference Association of Seventh-day Adventists,New York Conference,Atlantic Union Conference,New York,New York Conference Association of Seventh-day Adventists,,United States
1908,26,F. N. Johnson,Johnson,,,male,Secretary and Treasurer,New York Conference Association of Seventh-day Adventists,New York Conference,Atlantic Union Conference,New York,New York Conference Association of Seventh-day Adventists,,United States
1908,26,L. A. Ferris,Ferris,,,male,Auditor,New York Conference Association of Seventh-day Adventists,New York Conference,Atlantic Union Conference,New York,New York Conference Association of Seventh-day Adventists,,United States
1908,26,C. D. Green,Green,,,male,Trustee,New York Conference Association of Seventh-day Adventists,New York Conference,Atlantic Union Conference,New York,New York Conference Association of Seventh-day Adventists,,United States
1908,26,H. D. Church,Church,,,male,Trustee,New York Conference Association of Seventh-day Adventists,New York Conference,Atlantic Union Conference,New York,New York Conference Association of Seventh-day Adventists,,United States
1908,26,D. E. Wood,Wood,,,male,Trustee,New York Conference Association of Seventh-day Adventists,New York Conference,Atlantic Union Conference,New York,New York Conference Association of Seventh-day Adventists,,United States
1908,26,F. H. DeVinney,DeVinney,,,male,Minister,,New York Conference,Atlantic Union Conference,New York,,"Rome, N. Y.",United States
1908,26,S. B. Whitney,Whitney,,,male,Minister,,New York Conference,Atlantic Union Conference,New York,,"Rome, N. Y.",United States
1908,26,F. Wheeler,Wheeler,,,male,Minister,,New York Conference,Atlantic Union Conference,New York,,"West Monroe, N. Y.",United States
1908,26,H. H. Wilcox,Wilcox,,,male,Minister,,New York Conference,Atlantic Union Conference,New York,,"Norwood, N. Y.",United States
1908,26,L. T. Nicola,Nicola,,,male,Minister,,New York Conference,Atlantic Union Conference,New York,,"Union, N. Y.",United States
1908,26,P. Z. Kinne,Kinne,,,male,Minister,,New York Conference,Atlantic Union Conference,New York,,"Kirkville, N. Y.",United States
1908,26,C. C. Harris,Harris,,,male,Minister,,New York Conference,Atlantic Union Conference,New York,,"Rome, N. Y.",United States
1908,27,F. C. Webster,Webster,,,male,Minister,"317 West Bloomfield St., Rome, N. Y.",New York Conference,Atlantic Union Conference,New York,,"Rome, N. Y.",United States
1908,27,D. G. Turk,Turk,,,male,Minister,"525 State St., Binghamton, N. Y.",New York Conference,Atlantic Union Conference,New York,,"Binghamton, N. Y.",United States
1908,27,A. J. Clark,Clark,,,male,Minister,"Hudson, Columbia Co., N. Y.",New York Conference,Atlantic Union Conference,New York,,"Hudson, N. Y.",United States
1908,27,Mary A. Millington,Millington,,,female,Missionary Licentiate,"8 First St., Albany, N. Y.",New York Conference,Atlantic Union Conference,New York,,"Albany, N. Y.",United States
1908,27,Emma L. Lawrence,Lawrence,,,female,Missionary Licentiate,"952 Emmett St., Schenectady, N. Y.",New York Conference,Atlantic Union Conference,New York,,"Schenectady, N. Y.",United States
1908,27,Ethel M. Harris,Harris,,,female,Missionary Licentiate,"952 Emmett St., Schenectady, N. Y.",New York Conference,Atlantic Union Conference,New York,,"Schenectady, N. Y.",United States
1908,27,Hattie M. Ball,Ball,Mrs.,,female,Missionary Licentiate,"19 State St., Watertown, N. Y.",New York Conference,Atlantic Union Conference,New York,,"Watertown, N. Y.",United States
1908,27,Wm. A. Westworth,Westworth,,,male,President,,Southern New England Conference,Atlantic Union Conference,Southern New England,,"Hartford, Conn.",United States
1908,27,Ona M. Russell,Russell,Miss,,female,Secretary and Treasurer of Conference and Tract Society,,Southern New England Conference,Atlantic Union Conference,Southern New England,,"Hartford, Conn.",United States
1908,27,Ona M. Russell,Russell,Miss,,female,"Secretary, Sabbath-school Department",,Southern New England Conference,Atlantic Union Conference,Southern New England,,"Hartford, Conn.",United States
1908,27,Leon W. Cobb,Cobb,,,male,"Secretary, Young People's Department",,Southern New England Conference,Atlantic Union Conference,Southern New England,,"Hartford, Conn.",United States
1908,27,W. R. Andrews,Andrews,,,male,"Secretary, Religious Liberty Bureau",,Southern New England Conference,Atlantic Union Conference,Southern New England,,"Hartford, Conn.",United States
1908,27,Wm. A. Westworth,Westworth,,,male,Executive Committee Member,,Southern New England Conference,Atlantic Union Conference,Southern New England,,"Hartford, Conn.",United States
1908,27,D. B. Parmelee,Parmelee,,,male,Executive Committee Member,,Southern New England Conference,Atlantic Union Conference,Southern New England,,,United States
1908,27,D. A. Bidwell,Bidwell,,,male,Executive Committee Member,,Southern New England Conference,Atlantic Union Conference,Southern New England,,,United States
1908,27,G. P. Coates,Coates,,,male,Executive Committee Member,,Southern New England Conference,Atlantic Union Conference,Southern New England,,,United States
1908,27,J. A. Tefft,Tefft,,,male,Executive Committee Member,,Southern New England Conference,Atlantic Union Conference,Southern New England,,,United States
1908,27,Wm. A. Westworth,Westworth,,,male,Minister,"55 Whitmore St., Hartford, Conn.",Southern New England Conference,Atlantic Union Conference,Southern New England,,"Hartford, Conn.",United States
1908,27,J. C. Stevens,Stevens,,,male,Minister,"55 Whitmore St., Hartford, Conn.",Southern New England Conference,Atlantic Union Conference,Southern New England,,"Hartford, Conn.",United States
1908,27,W. R. Andrews,Andrews,,,male,Minister,"55 Whitmore St., Hartford, Conn.",Southern New England Conference,Atlantic Union Conference,Southern New England,,"Hartford, Conn.",United States
1908,27,Elof Johnson,Johnson,,,male,Minister,"55 Whitmore St., Hartford, Conn.",Southern New England Conference,Atlantic Union Conference,Southern New England,,"Hartford, Conn.",United States
1908,27,H. Lesley Shoup,Shoup,,,male,Licentiate,"55 Whitmore St., Hartford, Conn.",Southern New England Conference,Atlantic Union Conference,Southern New England,,"Hartford, Conn.",United States
1908,27,Leon W. Cobb,Cobb,,,male,Licentiate,"55 Whitmore St., Hartford, Conn.",Southern New England Conference,Atlantic Union Conference,Southern New England,,"Hartford, Conn.",United States
1908,27,E. Matilda Thaler,Thaler,Miss,,female,Licentiate,"55 Whitmore St., Hartford, Conn.",Southern New England Conference,Atlantic Union Conference,Southern New England,,"Hartford, Conn.",United States
1908,27,Ona M. Russell,Russell,Miss,,female,Licentiate,"55 Whitmore St., Hartford, Conn.",Southern New England Conference,Atlantic Union Conference,Southern New England,,"Hartford, Conn.",United States
1908,27,Eva B. Daggett,Daggett,Mrs.,,female,Licentiate,"55 Whitmore St., Hartford, Conn.",Southern New England Conference,Atlantic Union Conference,Southern New England,,"Hartford, Conn.",United States
1908,27,O. O. Farnsworth,Farnsworth,,,male,President,,Vermont Conference,Atlantic Union Conference,Vermont,,"Sharon, Vt.",United States
1908,27,T. H. Purdon,Purdon,,,male,Vice-President,,Vermont Conference,Atlantic Union Conference,Vermont,,"Rutland, Vt.",United States
1908,27,W. E. Fortune,Fortune,,,male,Secretary and Treasurer of Conference and Tract Society,,Vermont Conference,Atlantic Union Conference,Vermont,,"Burlington, Vt.",United States
1908,27,E. W. Thurber,Thurber,,,male,Field Missionary Secretary,,Vermont Conference,Atlantic Union Conference,Vermont,,"Williamstown, Vt.",United States
1908,27,A. E. Taylor,Taylor,Mrs.,,female,"Secretary, Sabbath-school and Missionary Volunteer Departments",,Vermont Conference,Atlantic Union Conference,Vermont,,"Brownington, Vt.",United States
1908,29,Mrs. R. B. Clapp,Clapp,Mrs.,,female,,,Atlantic Union Conference,Atlantic Union Conference,Atlantic Union,,"Tunesassa, N. Y.",United States
1908,29,Mrs. H. W. Carr,Carr,Mrs.,,female,,,Atlantic Union Conference,Atlantic Union Conference,Atlantic Union,,"Salamanca, N. Y.",United States
1908,29,Miss Delight M. Landon,Landon,Miss,,female,,,Atlantic Union Conference,Atlantic Union Conference,Atlantic Union,,"Salamanca, N. Y.",United States
1908,29,E. A. Manry,Manry,,,male,,,Atlantic Union Conference,Atlantic Union Conference,Atlantic Union,,"Tunesassa, N. Y.",United States
1908,29,W. S. Cleveland,Cleveland,,,male,,,Atlantic Union Conference,Atlantic Union Conference,Atlantic Union,,"Jamestown, N. Y.",United States
1908,29,Miss Laura Hutchinson,Hutchinson,Miss,,female,Church-School Teacher,,Atlantic Union Conference,Atlantic Union Conference,Atlantic Union,,"Medina, N. Y.",United States
1908,29,W. H. Thurston,Thurston,,,male,President,,Canadian Union Conference,Canadian Union Conference,Canadian Union,,"Ottawa, Ontario",Canada
1908,29,Wm. Guthrie,Guthrie,,,male,Vice-President,,Canadian Union Conference,Canadian Union Conference,Canadian Union,,"Williamsdale, East, Cumberland Co., Nova Scotia",Canada
1908,29,B. B. Noftsger,Noftsger,,,male,Secretary and Treasurer,,Canadian Union Conference,Canadian Union Conference,Canadian Union,,"Toronto, Ontario",Canada
1908,29,W. H. Thurston,Thurston,,,male,Executive Committee Member,,Canadian Union Conference,Canadian Union Conference,Canadian Union,,"Ottawa, Ontario",Canada
1908,29,Wm. Guthrie,Guthrie,,,male,Executive Committee Member,,Canadian Union Conference,Canadian Union Conference,Canadian Union,,"Williamsdale, East, Cumberland Co., Nova Scotia",Canada
1908,29,E. E. Gardner,Gardner,,,male,Executive Committee Member,,Canadian Union Conference,Canadian Union Conference,Canadian Union,,,Canada
1908,29,T. H. Robinson,Robinson,,,male,Executive Committee Member,,Canadian Union Conference,Canadian Union Conference,Canadian Union,,,Canada
1908,29,G. H. Skinner,Skinner,,,male,Executive Committee Member,,Canadian Union Conference,Canadian Union Conference,Canadian Union,,,Canada
1908,29,Eugene Leland,Leland,,,male,Executive Committee Member,,Canadian Union Conference,Canadian Union Conference,Canadian Union,,,Canada
1908,29,D. E. Lindsey,Lindsey,,,male,Executive Committee Member,,Canadian Union Conference,Canadian Union Conference,Canadian Union,,,Canada
1908,29,Eugene Leland,Leland,,,male,Educational and Religious Liberty Secretary,,Canadian Union Conference,Canadian Union Conference,Canadian Union,,,Canada
1908,29,R. A. Heard,Heard,,,male,Auditor,,Canadian Union Conference,Canadian Union Conference,Canadian Union,,,Canada
1908,29,Ira S. Jones,Jones,,,male,Canvassing Agent,,Canadian Union Conference,Canadian Union Conference,Canadian Union,,"Toronto Junction, Ontario",Canada
1908,29,W. H. Thurston,Thurston,,,male,Minister,,Canadian Union Conference,Canadian Union Conference,Canadian Union,,"Ottawa, Ontario",Canada
1908,30,C. H. Keslake,Keslake,,,male,Minister,"St. John's, Newfoundland",Newfoundland Conference,Canadian Union Conference,Newfoundland,,"St. John's, Newfoundland",Canada
1908,30,F. W. Johnston,Johnston,,,male,Licentiate,"28 Belvidere St., St. John's, Newfoundland",Newfoundland Conference,Canadian Union Conference,Newfoundland,,"St. John's, Newfoundland",Canada
1908,30,Wm. Guthrie,Guthrie,,,male,President,"Williamsdale, East, Cumberland Co.",Maritime Conference,Canadian Union Conference,Maritime,,"Williamsdale, East, Cumberland Co.",Canada
1908,30,Alberta McLeod,McLeod,,,female,Secretary and Treasurer,office address,Maritime Conference,Canadian Union Conference,Maritime,,"Halifax, Nova Scotia",Canada
1908,30,Alberta McLeod,McLeod,,,female,Secretary Sabbath-school Department,,Maritime Conference,Canadian Union Conference,Maritime,,"Halifax, Nova Scotia",Canada
1908,30,A. A. Livingston,Livingston,,,male,Secretary Young People's Department,"92 Somerset St., St. John, New Brunswick",Maritime Conference,Canadian Union Conference,Maritime,,"St. John, New Brunswick",Canada
1908,30,Wm. Guthrie,Guthrie,,,male,Executive Committee Member,,Maritime Conference,Canadian Union Conference,Maritime,,"Williamsdale, East",Canada
1908,30,J. O. Miller,Miller,,,male,Executive Committee Member,,Maritime Conference,Canadian Union Conference,Maritime,,,Canada
1908,30,Alven Hukley,Hukley,,,male,Executive Committee Member,,Maritime Conference,Canadian Union Conference,Maritime,,,Canada
1908,30,A. A. Livingston,Livingston,,,male,Executive Committee Member,,Maritime Conference,Canadian Union Conference,Maritime,,"St. John, New Brunswick",Canada
1908,30,E. E. Gardner,Gardner,,,male,Executive Committee Member,,Maritime Conference,Canadian Union Conference,Maritime,,,Canada
1908,30,E. E. Gardner,Gardner,,,male,Auditor,,Maritime Conference,Canadian Union Conference,Maritime,,,Canada
1908,30,Wm. Guthrie,Guthrie,,,male,Minister,"Williamsdale, East",Maritime Conference,Canadian Union Conference,Maritime,,"Williamsdale, East",Canada
1908,30,J. O. Miller,Miller,,,male,Minister,"17 Metcalf St., St. John, New Brunswick",Maritime Conference,Canadian Union Conference,Maritime,,"St. John, New Brunswick",Canada
1908,30,E. E. Gardner,Gardner,,,male,Minister,"Williamsdale, East",Maritime Conference,Canadian Union Conference,Maritime,,"Williamsdale, East",Canada
1908,30,F. E. Gibson,Gibson,,,male,Licentiate,"Box 533, Fredericton, New Brunswick",Maritime Conference,Canadian Union Conference,Maritime,,"Fredericton, New Brunswick",Canada
1908,30,A. A. Livingston,Livingston,,,male,Licentiate,"Williamsdale, East, Nova Scotia",Maritime Conference,Canadian Union Conference,Maritime,,"Williamsdale, East, Nova Scotia",Canada
1908,30,Alberta McLeod,McLeod,,,female,Missionary Licentiate,"Longard Road, Halifax, Nova Scotia",Maritime Conference,Canadian Union Conference,Maritime,,"Halifax, Nova Scotia",Canada
1908,30,Mabel A. Dimock,Dimock,,,female,Missionary Licentiate,"Farmington, Nova Scotia, New Brunswick",Maritime Conference,Canadian Union Conference,Maritime,,"Farmington, Nova Scotia",Canada
1908,30,Mable Patterson,Patterson,,,female,Missionary Licentiate,"Williamsdale, East, Nova Scotia",Maritime Conference,Canadian Union Conference,Maritime,,"Williamsdale, East, Nova Scotia",Canada
1908,30,Eugene Leland,Leland,,,male,President,"Box 178, Toronto Junction, Ontario",Ontario Conference,Canadian Union Conference,Ontario,,"Toronto Junction, Ontario",Canada
1908,30,B. B. Noftsger,Noftsger,,,male,Secretary and Treasurer of Conference,"Box 178, Toronto Junction, Ontario",Ontario Conference,Canadian Union Conference,Ontario,,"Toronto Junction, Ontario",Canada
1908,30,Margaret Shanks,Shanks,Miss,,female,Secretary Sabbath-school and Young People's Departments,"213 Dalhousie St., Brantford, Ontario",Ontario Conference,Canadian Union Conference,Ontario,,"Brantford, Ontario",Canada
1908,30,Eugene Leland,Leland,,,male,Executive Committee Member,,Ontario Conference,Canadian Union Conference,Ontario,,"Toronto Junction, Ontario",Canada
1908,30,C. E. Wood,Wood,,,male,Executive Committee Member,,Ontario Conference,Canadian Union Conference,Ontario,,,Canada
1908,30,Charles Smith,Smith,,,male,Executive Committee Member,,Ontario Conference,Canadian Union Conference,Ontario,,,Canada
1908,30,R. A. Heard,Heard,,,male,Executive Committee Member,,Ontario Conference,Canadian Union Conference,Ontario,,,Canada
1908,30,B. B. Noftsger,Noftsger,,,male,Executive Committee Member,,Ontario Conference,Canadian Union Conference,Ontario,,,Canada
1908,30,Eugene Leland,Leland,,,male,Trustee,Ontario Seventh-day Adventist Conference Association,Ontario Conference,Canadian Union Conference,Ontario,,"Toronto Junction, Ontario",Canada
1908,30,Chas. Smith,Smith,,,male,Trustee,Ontario Seventh-day Adventist Conference Association,Ontario Conference,Canadian Union Conference,Ontario,,,Canada
1908,30,C. E. Wood,Wood,,,male,Trustee,Ontario Seventh-day Adventist Conference Association,Ontario Conference,Canadian Union Conference,Ontario,,,Canada
1908,30,R. A. Heard,Heard,,,male,Trustee,Ontario Seventh-day Adventist Conference Association,Ontario Conference,Canadian Union Conference,Ontario,,,Canada
1908,30,B. B. Noftsger,Noftsger,,,male,Trustee,Ontario Seventh-day Adventist Conference Association,Ontario Conference,Canadian Union Conference,Ontario,,,Canada
1908,30,Eugene Leland,Leland,,,male,Minister,"Box 178, Toronto Junction, Ontario",Ontario Conference,Canadian Union Conference,Ontario,,"Toronto Junction, Ontario",Canada
1908,30,P. M. Howe,Howe,,,male,Minister,"Paris, Ontario",Ontario Conference,Canadian Union Conference,Ontario,,"Paris, Ontario",Canada
1908,30,F. A. Tracy,Tracy,,,male,Minister,"276a Bank St., Ottawa, Ontario",Ontario Conference,Canadian Union Conference,Ontario,,"Ottawa, Ontario",Canada
1908,30,O. F. Butcher,Butcher,,,male,Minister,"Takoma Park Station, Washington, D. C.",Ontario Conference,Canadian Union Conference,Ontario,,"Washington, D.C.",United States
1908,28,Dr. C. F. Ball,Ball,Dr.,,male,Medical Missionary Secretary,,Vermont Conference,Atlantic Union Conference,Vermont,,,United States
1908,28,O. O. Farnsworth,Farnsworth,,,male,Educational Committee,,Vermont Conference,Atlantic Union Conference,Vermont,,,United States
1908,28,W. E. Fortune,Fortune,,,male,Educational Committee,,Vermont Conference,Atlantic Union Conference,Vermont,,,United States
1908,28,A. P. Needham,Needham,,,male,Educational Committee,,Vermont Conference,Atlantic Union Conference,Vermont,,,United States
1908,28,Florence Kidder,Kidder,,,female,Educational Committee,,Vermont Conference,Atlantic Union Conference,Vermont,,,United States
1908,28,T. H. Purdon,Purdon,,,male,Religious Liberty Secretary,"Rutland, Vt.",Vermont Conference,Atlantic Union Conference,Vermont,,"Rutland, Vt.",United States
1908,28,A. W. Coon,Coon,,,male,Field Missionary Agent,"188 South Main St., Rutland, Vt.",Vermont Conference,Atlantic Union Conference,Vermont,,"Rutland, Vt.",United States
1908,28,O. O. Farnsworth,Farnsworth,,,male,Executive Committee,,Vermont Conference,Atlantic Union Conference,Vermont,,,United States
1908,28,T. H. Purdon,Purdon,,,male,Executive Committee,,Vermont Conference,Atlantic Union Conference,Vermont,,,United States
1908,28,W. E. Fortune,Fortune,,,male,Executive Committee,,Vermont Conference,Atlantic Union Conference,Vermont,,,United States
1908,28,A. P. Needham,Needham,,,male,Executive Committee,,Vermont Conference,Atlantic Union Conference,Vermont,,,United States
1908,28,O. O. Farnsworth,Farnsworth,,,male,Minister,,Vermont Conference,Atlantic Union Conference,Vermont,,"Sharon, Vt.",United States
1908,28,T. H. Purdon,Purdon,,,male,Minister,,Vermont Conference,Atlantic Union Conference,Vermont,,"Rutland, Vt.",United States
1908,28,B. F. Colby,Colby,,,male,Licentiate,,Vermont Conference,Atlantic Union Conference,Vermont,,"Brownington, Vt.",United States
1908,28,E. W. Thurber,Thurber,,,male,Missionary Licentiate,,Vermont Conference,Atlantic Union Conference,Vermont,,"Williamstown, Vt.",United States
1908,28,Florence Kidder,Kidder,,,female,Church-School Teacher,,Vermont Conference,Atlantic Union Conference,Vermont,,"Hartland, Vt.",United States
1908,28,Ruth A. Barton,Barton,,,female,Church-School Teacher,,Vermont Conference,Atlantic Union Conference,Vermont,,"Sharon, Vt.",United States
1908,28,Winnifred Young,Young,,,female,Church-School Teacher,,Vermont Conference,Atlantic Union Conference,Vermont,,"Randolph, Vt.",United States
1908,28,H. W. Carr,Carr,,,male,President,,Western New York Conference,Atlantic Union Conference,Western New York,,"Salamanca, N. Y.",United States
1908,28,J. W. Raymond,Raymond,,,male,Vice-President,,Western New York Conference,Atlantic Union Conference,Western New York,,"Rochester, N. Y.",United States
1908,28,Delight M. Landon,Landon,Miss,,female,Secretary and Treasurer,,Western New York Conference,Atlantic Union Conference,Western New York,,"Salamanca, N. Y.",United States
1908,28,Delight M. Landon,Landon,Miss,,female,Tract Society Secretary and Treasurer,,Western New York Conference,Atlantic Union Conference,Western New York,,"Salamanca, N. Y.",United States
1908,28,R. B. Clapp,Clapp,,,male,Educational Department Secretary,,Western New York Conference,Atlantic Union Conference,Western New York,,"Tunesassa, N. Y.",United States
1908,28,W. S. Cleveland,Cleveland,,,male,Missionary Secretary,,Western New York Conference,Atlantic Union Conference,Western New York,,"Jamestown, N. Y.",United States
1908,28,E. A. Manry,Manry,,,male,Field Missionary Agent,,Western New York Conference,Atlantic Union Conference,Western New York,,"Tunesassa, N. Y.",United States
1908,28,T. B. Westbrook,Westbrook,,,male,Religious Liberty Secretary,,Western New York Conference,Atlantic Union Conference,Western New York,,"Elmira, N. Y.",United States
1908,28,Mrs. H. W. Carr,Carr,Mrs.,,female,Sabbath-school Department Secretary,,Western New York Conference,Atlantic Union Conference,Western New York,,"Salamanca, N. Y.",United States
1908,28,Mrs. H. W. Carr,Carr,Mrs.,,female,Young People's Missionary Volunteer Department Secretary,,Western New York Conference,Atlantic Union Conference,Western New York,,"Salamanca, N. Y.",United States
1908,28,H. W. Carr,Carr,,,male,Executive Committee,,Western New York Conference,Atlantic Union Conference,Western New York,,,United States
1908,28,J. W. Raymond,Raymond,,,male,Executive Committee,,Western New York Conference,Atlantic Union Conference,Western New York,,,United States
1908,28,F. H. Hicks,Hicks,,,male,Executive Committee,,Western New York Conference,Atlantic Union Conference,Western New York,,,United States
1908,28,Emory Breitsman,Breitsman,,,male,Executive Committee,,Western New York Conference,Atlantic Union Conference,Western New York,,,United States
1908,28,F. E. Kriley,Kriley,,,male,Executive Committee,,Western New York Conference,Atlantic Union Conference,Western New York,,,United States
1908,28,H. W. Carr,Carr,,,male,Minister,,Western New York Conference,Atlantic Union Conference,Western New York,,"Salamanca, N. Y.",United States
1908,28,J. W. Raymond,Raymond,,,male,Minister,,Western New York Conference,Atlantic Union Conference,Western New York,,"Rochester, N. Y.",United States
1908,28,F. Peabody,Peabody,,,male,Minister,,Western New York Conference,Atlantic Union Conference,Western New York,,"West Valley, N. Y.",United States
1908,28,E. J. Dryer,Dryer,,,male,Minister,,Western New York Conference,Atlantic Union Conference,Western New York,,"Salamanca, N. Y.",United States
1908,28,F. H. Hicks,Hicks,,,male,Licentiate,,Western New York Conference,Atlantic Union Conference,Western New York,,"Salamanca, N. Y.",United States
1908,28,B. E. Fisk,Fisk,,,male,Licentiate,,Western New York Conference,Atlantic Union Conference,Western New York,,"Richburg, N. Y.",United States
1908,28,T. B. Westbrook,Westbrook,,,male,Licentiate,,Western New York Conference,Atlantic Union Conference,Western New York,,"Elmira, N. Y.",United States
1908,28,R. B. Clapp,Clapp,,,male,Licentiate,,Western New York Conference,Atlantic Union Conference,Western New York,,"Tunesassa, N. Y.",United States
1908,28,Mrs. Eva Jenks,Jenks,Mrs.,,female,Missionary Licentiate,,Western New York Conference,Atlantic Union Conference,Western New York,,"Lockport, N. Y.",United States
1908,28,Miss Effa Gilbert,Gilbert,Miss,,female,Missionary Licentiate,,Western New York Conference,Atlantic Union Conference,Western New York,,"Wellsville, N. Y.",United States
1908,28,Mrs. Helen Miller,Miller,Mrs.,,female,Missionary Licentiate,,Western New York Conference,Atlantic Union Conference,Western New York,,,United States
1908,31,W. E. Hancock,Hancock,,,male,Licentiate,,Ontario Conference,Canadian Union Conference,Ontario,,"Takoma Park Station, Washington, D. C.",Canada
1908,31,B. B. Noftsger,Noftsger,,,male,Licentiate,,Ontario Conference,Canadian Union Conference,Ontario,,"Toronto Junction, Ontario",Canada
1908,31,Sadie Baker,Baker,Miss,,female,Missionary Licentiate,,Ontario Conference,Canadian Union Conference,Ontario,,"Palmerston, Ontario",Canada
1908,31,Katie Hancock,Hancock,Mrs.,,female,Missionary Licentiate,,Ontario Conference,Canadian Union Conference,Ontario,,"Takoma Park Station, Washington, D. C.",Canada
1908,31,Margaret Shanks,Shanks,Miss,,female,Missionary Licentiate,,Ontario Conference,Canadian Union Conference,Ontario,,"213 Dalhousie St., Brantford, Ontario",Canada
1908,31,D. E. Lindsey,Lindsey,,,male,President,,Quebec Conference,Canadian Union Conference,Quebec,,"Knowlton, Quebec",Canada
1908,31,Darwin Dingman,Dingman,,,male,Secretary and Treasurer,,Quebec Conference,Canadian Union Conference,Quebec,,"South Bolton, Quebec",Canada
1908,31,Mrs. G. H. Skinner,Skinner,Mrs.,,female,Secretary Sabbath-school Department,,Quebec Conference,Canadian Union Conference,Quebec,,"North Hatley, Quebec",Canada
1908,31,D. E. Lindsey,Lindsey,,,male,Executive Committee Member,,Quebec Conference,Canadian Union Conference,Quebec,,"Knowlton, Quebec",Canada
1908,31,G. H. Skinner,Skinner,,,male,Executive Committee Member,,Quebec Conference,Canadian Union Conference,Quebec,,,Canada
1908,31,D. Dingman,Dingman,,,male,Executive Committee Member,,Quebec Conference,Canadian Union Conference,Quebec,,,Canada
1908,31,P. W. Brown,Brown,,,male,Executive Committee Member,,Quebec Conference,Canadian Union Conference,Quebec,,,Canada
1908,31,Geo. Cushing,Cushing,,,male,Executive Committee Member,,Quebec Conference,Canadian Union Conference,Quebec,,,Canada
1908,31,D. E. Lindsey,Lindsey,,,male,Minister,,Quebec Conference,Canadian Union Conference,Quebec,,"Knowlton, Quebec",Canada
1908,31,H. E. Rickard,Rickard,,,male,Minister,,Quebec Conference,Canadian Union Conference,Quebec,,"Fitch Bay, Quebec",Canada
1908,31,G. H. Skinner,Skinner,,,male,Minister,,Quebec Conference,Canadian Union Conference,Quebec,,"North Hatley, Quebec",Canada
1908,31,J. G. Hanna,Hanna,,,male,Minister,,Quebec Conference,Canadian Union Conference,Quebec,,"613 Huntley St., Montreal, Quebec",Canada
1908,31,W. H. Ingham,Ingham,,,male,Church-School Teacher,,Quebec Conference,Canadian Union Conference,Quebec,,"Fitch Bay, Quebec",Canada
1908,31,C. H. Keslake,Keslake,,,male,Superintendent,,Newfoundland Mission Field,Canadian Union Conference,Newfoundland Mission Field,,"Box 217, St. John's, Newfoundland",Canada
1908,31,C. H. Keslake,Keslake,,,male,Director,,Newfoundland Mission Field,Canadian Union Conference,Newfoundland Mission Field,,"St. John's, Newfoundland",Canada
1908,31,J. R. Johnston,Johnston,,,male,Director,,Newfoundland Mission Field,Canadian Union Conference,Newfoundland Mission Field,,,Canada
1908,31,G. H. Morgan,Morgan,,,male,Director,,Newfoundland Mission Field,Canadian Union Conference,Newfoundland Mission Field,,,Canada
1908,31,W. H. Thurston,Thurston,,,male,Director,,Newfoundland Mission Field,Canadian Union Conference,Newfoundland Mission Field,,,Canada
1908,31,Wm. Guthrie,Guthrie,,,male,Director,,Newfoundland Mission Field,Canadian Union Conference,Newfoundland Mission Field,,,Canada
1908,31,Elizabeth Milley,Milley,Miss,,female,Sabbath-school Secretary,,Newfoundland Mission Field,Canadian Union Conference,Newfoundland Mission Field,,"15 Hamilton St., St. John's, Newfoundland",Canada
1908,31,C. H. Keslake,Keslake,,,male,Minister,,Newfoundland Mission Field,Canadian Union Conference,Newfoundland Mission Field,,"Box 217, St. John's, Newfoundland",Canada
1908,31,F. W. Johnston,Johnston,,,male,Licentiate,,Newfoundland Mission Field,Canadian Union Conference,Newfoundland Mission Field,,"28 Belvidere St., St. John's, Newfoundland",Canada
1908,31,Lucinda Her,Her,Miss,,female,Missionary Nurse,,Newfoundland Mission Field,Canadian Union Conference,Newfoundland Mission Field,,"Box 217, St. John's, Newfoundland",Canada
1908,31,Elizabeth Milley,Milley,Miss,,female,Church-School Teacher,,Newfoundland Mission Field,Canadian Union Conference,Newfoundland Mission Field,,"15 Hamilton St., St. John's, Newfoundland",Canada
1908,32,E. T. Russell,Russell,,,male,President,,Central Union Conference,Union Conference Directories,Central Union,,"College View, Nebr.",United States
1908,32,A. T. Robinson,Robinson,,,male,Vice-President,,Central Union Conference,Union Conference Directories,Central Union,,"905 North California Ave., Hastings, Nebr.",United States
1908,32,B. E. Huffman,Huffman,,,male,Secretary,,Central Union Conference,Union Conference Directories,Central Union,,"College View, Nebr.",United States
1908,32,C. T. Cavaness,Cavaness,,,male,Auditor,,Central Union Conference,Union Conference Directories,Central Union,,"College View, Nebr.",United States
1908,32,B. E. Huffman,Huffman,,,male,"Secretary, Educational Department",,Central Union Conference,Union Conference Directories,Central Union,,"College View, Nebr.",United States
1908,32,Meade Mac Guire,Mac Guire,,,male,"Secretary, Young People's Department",,Central Union Conference,Union Conference Directories,Central Union,,"1112 Kalamath St., Denver, Colo.",United States
1908,32,Otto John,John,,,male,"Assistant Secretary, Young People's Department",,Central Union Conference,Union Conference Directories,Central Union,,"College View, Nebr.",United States
1908,32,J. F. Beatty,Beatty,,,male,Missionary Secretary,,Central Union Conference,Union Conference Directories,Central Union,,"College View, Nebr.",United States
1908,25,Mrs. L. H. Proctor,Proctor,Mrs.,,female,,"412 Eleventh St., Brooklyn, N. Y.",Greater New York Conference,Atlantic Union Conference,Greater New York,,"Brooklyn, N. Y.",United States
1908,25,Louis Klebahn,Klebahn,,,male,Religious Liberty Department,"48 West Twenty-seventh St., New York, N. Y.",Greater New York Conference,Atlantic Union Conference,Greater New York,,"New York, N. Y.",United States
1908,25,M. L. Andreasen,Andreasen,,,male,Religious Liberty Department,"338 Seventy-sixth St., Brooklyn, N. Y.",Greater New York Conference,Atlantic Union Conference,Greater New York,,"Brooklyn, N. Y.",United States
1908,25,Claude Maybel,Maybel,,,male,Religious Liberty Department,"care Brooklyn Daily Eagle, Brooklyn, N. Y.",Greater New York Conference,Atlantic Union Conference,Greater New York,,"Brooklyn, N. Y.",United States
1908,25,Amos Mitchell,Mitchell,,,male,Educational Department,,Greater New York Conference,Atlantic Union Conference,Greater New York,,,United States
1908,25,M. L. Andreasen,Andreasen,,,male,Educational Department,,Greater New York Conference,Atlantic Union Conference,Greater New York,,,United States
1908,25,Mrs. L. H. Proctor,Proctor,Mrs.,,female,Educational Department,,Greater New York Conference,Atlantic Union Conference,Greater New York,,,United States
1908,25,C. H. Edwards,Edwards,,,male,Minister,"1370 Boston Road, New York, N. Y.",Greater New York Conference,Atlantic Union Conference,Greater New York,,"New York, N. Y.",United States
1908,25,L. H. Proctor,Proctor,,,male,Minister,"412 Eleventh St., Brooklyn, N. Y.",Greater New York Conference,Atlantic Union Conference,Greater New York,,"Brooklyn, N. Y.",United States
1908,25,M. L. Andreasen,Andreasen,,,male,Minister,"338 Seventy-sixth St., Brooklyn, N. Y.",Greater New York Conference,Atlantic Union Conference,Greater New York,,"Brooklyn, N. Y.",United States
1908,25,J. K. Humphrey,Humphrey,,,male,Minister,436 Elton St.,Greater New York Conference,Atlantic Union Conference,Greater New York,,,United States
1908,25,C. F. Knott,Knott,,,male,Minister,"888 Union Ave., New York, N. Y.",Greater New York Conference,Atlantic Union Conference,Greater New York,,"New York, N. Y.",United States
1908,25,Amos Mitchell,Mitchell,,,male,Licentiate,"5708 New Utrecht Ave., Brooklyn, N. Y.",Greater New York Conference,Atlantic Union Conference,Greater New York,,"Brooklyn, N. Y.",United States
1908,25,G. E. Nord,Nord,,,male,Licentiate,"412 Fifty-seventh St., Brooklyn, N. Y.",Greater New York Conference,Atlantic Union Conference,Greater New York,,"Brooklyn, N. Y.",United States
1908,25,Louis Zecchetto,Zecchetto,,,male,Licentiate,500 Fifth Ave.,Greater New York Conference,Atlantic Union Conference,Greater New York,,,United States
1908,25,J. J. Kennedy,Kennedy,,,male,Licentiate,1181 Union Ave.,Greater New York Conference,Atlantic Union Conference,Greater New York,,,United States
1908,25,J. C. Hennessy,Hennessy,,,male,Licentiate,"Fishkill-on-Hudson, N. Y.",Greater New York Conference,Atlantic Union Conference,Greater New York,,"Fishkill-on-Hudson, N. Y.",United States
1908,25,B. Calderone,Calderone,,,male,Licentiate,"500 Fifth Ave., New York",Greater New York Conference,Atlantic Union Conference,Greater New York,,"New York, N. Y.",United States
1908,25,Antonio Savarese,Savarese,,,male,Licentiate,500 Fifth Ave.,Greater New York Conference,Atlantic Union Conference,Greater New York,,,United States
1908,25,S. Halusic,Halusic,,,male,Licentiate,"415 East Seventy-third St., New York, N. Y.",Greater New York Conference,Atlantic Union Conference,Greater New York,,"New York, N. Y.",United States
1908,25,H. Pankoke,Pankoke,,,male,Missionary Licentiate,82 East End Ave.,Greater New York Conference,Atlantic Union Conference,Greater New York,,,United States
1908,25,Henry Thomson,Thomson,,,male,Missionary Licentiate,"New York Ave., Jamaica, N. Y.",Greater New York Conference,Atlantic Union Conference,Greater New York,,"Jamaica, N. Y.",United States
1908,25,Mrs. R. Leo,Leo,Mrs.,,female,Missionary Licentiate,349 Sixty-fifth St.,Greater New York Conference,Atlantic Union Conference,Greater New York,,,United States
1908,25,Mrs. M. A. Scribner,Scribner,Mrs.,,female,Missionary Licentiate,"215 South Third Ave., Mount Vernon, N. Y.",Greater New York Conference,Atlantic Union Conference,Greater New York,,"Mount Vernon, N. Y.",United States
1908,25,Miss R. Hannaford,Hannaford,Miss,,female,Missionary Licentiate,"535 West 110th St., New York, N. Y.",Greater New York Conference,Atlantic Union Conference,Greater New York,,"New York, N. Y.",United States
1908,25,Miss H. Borchgrevink,Borchgrevink,Miss,,female,Missionary Licentiate,"275 Twenty-second St., Brooklyn, N. Y.",Greater New York Conference,Atlantic Union Conference,Greater New York,,"Brooklyn, N. Y.",United States
1908,25,Miss C. Swahn,Swahn,Miss,,female,Missionary Licentiate,"136 West 116th St., New York, N. Y.",Greater New York Conference,Atlantic Union Conference,Greater New York,,"New York, N. Y.",United States
1908,25,Miss E. Kehrein,Kehrein,Miss,,female,Missionary Licentiate,402 East 163d,Greater New York Conference,Atlantic Union Conference,Greater New York,,,United States
1908,25,Miss A. Meyer,Meyer,Miss,,female,Missionary Licentiate,78 Norwood Ave.,Greater New York Conference,Atlantic Union Conference,Greater New York,,,United States
1908,25,Henry Tonjes,Tonjes,,,male,Missionary Licentiate,82 East End Ave.,Greater New York Conference,Atlantic Union Conference,Greater New York,,,United States
1908,25,Fred Scharff,Scharff,,,male,Missionary Licentiate,1519 Greene Ave.,Greater New York Conference,Atlantic Union Conference,Greater New York,,,United States
1908,25,S. J. Hersum,Hersum,,,male,President,"Richmond, Me.",Maine Conference,Atlantic Union Conference,Maine,,"Richmond, Me.",United States
1908,25,B. F. Davis,Davis,,,male,Vice-President,"Hartland, Me.",Maine Conference,Atlantic Union Conference,Maine,,"Hartland, Me.",United States
1908,25,Eliza H. Morton,Morton,Miss,,female,Secretary and Treasurer of Conference and Tract Society,"365 Allen Ave., North Deering, Me.",Maine Conference,Atlantic Union Conference,Maine,,"North Deering, Me.",United States
1908,25,Mrs. W. O. Howe,Howe,Mrs.,,female,Secretary and Treasurer of Sabbath-school Department,"357 Allen Ave., North Deering, Me.",Maine Conference,Atlantic Union Conference,Maine,,"North Deering, Me.",United States
1908,25,Jennie R. Bates,Bates,,,female,Secretary of Young People's Work,"148 North St., Bath, Me.",Maine Conference,Atlantic Union Conference,Maine,,"Bath, Me.",United States
1908,25,L. L. Howard,Howard,,,male,Secretary of Religious Liberty Department,"47 Vesper St., Portland, Me.",Maine Conference,Atlantic Union Conference,Maine,,"Portland, Me.",United States
1908,25,S. J. Hersum,Hersum,,,male,Executive Committee Member,,Maine Conference,Atlantic Union Conference,Maine,,,United States
1908,25,B. F. Davis,Davis,,,male,Executive Committee Member,,Maine Conference,Atlantic Union Conference,Maine,,,United States
1908,25,L. L. Allen,Allen,,,male,Executive Committee Member,,Maine Conference,Atlantic Union Conference,Maine,,,United States
1908,25,John Easier,Easier,,,male,Executive Committee Member,,Maine Conference,Atlantic Union Conference,Maine,,,United States
1908,25,E. C. Taylor,Taylor,,,male,Executive Committee Member,,Maine Conference,Atlantic Union Conference,Maine,,,United States
1908,25,C. H. Harmon,Harmon,,,male,President,Benevolent Association of Seventh-day Adventists,Maine Conference,Atlantic Union Conference,Maine,Benevolent Association of Seventh-day Adventists,,United States
1908,25,Geo. Whitney,Whitney,,,male,Vice-President,"Benevolent Association of Seventh-day Adventists; 10 Noyes Place, Augusta, Me.",Maine Conference,Atlantic Union Conference,Maine,Benevolent Association of Seventh-day Adventists,"Augusta, Me.",United States
1908,25,E. C. Taylor,Taylor,,,male,Clerk and Treasurer,Benevolent Association of Seventh-day Adventists,Maine Conference,Atlantic Union Conference,Maine,Benevolent Association of Seventh-day Adventists,,United States
1908,34,O. Nelson,Nelson,,,male,Committee Member,Western District,Colorado Conference,Central Union Conference,Colorado,,,United States
1908,34,M. P. Walker,Walker,,,male,Committee Member,,Colorado Conference,Central Union Conference,Colorado,,,United States
1908,34,F. F. De Rush,De Rush,,,male,Committee Member,,Colorado Conference,Central Union Conference,Colorado,,,United States
1908,34,B. F. Hutchinson,Hutchinson,,,male,Committee Member,,Colorado Conference,Central Union Conference,Colorado,,,United States
1908,34,John Pearson,Pearson,,,male,Committee Member,,Colorado Conference,Central Union Conference,Colorado,,,United States
1908,34,G. F. Watson,Watson,,,male,Minister,,Colorado Conference,Central Union Conference,Colorado,,"Palisades, Colo.",United States
1908,34,G. W. Anglebarger,Anglebarger,,,male,Minister,,Colorado Conference,Central Union Conference,Colorado,,"Denver, Colo.",United States
1908,34,Watson Ziegler,Ziegler,,,male,Minister,,Colorado Conference,Central Union Conference,Colorado,,"Ft. Collins, Colo.",United States
1908,34,H. M. J. Richards,Richards,,,male,Minister,,Colorado Conference,Central Union Conference,Colorado,,"Palisades, Colo.",United States
1908,34,M. Mackintosh,Mackintosh,,,male,Minister,,Colorado Conference,Central Union Conference,Colorado,,"Florence, Colo.",United States
1908,34,L. A. Spring,Spring,,,male,Minister,,Colorado Conference,Central Union Conference,Colorado,,"Vernon, Colo.",United States
1908,34,H. A. Aufderhar,Aufderhar,,,male,Minister,,Colorado Conference,Central Union Conference,Colorado,,"Lyons, Colo.",United States
1908,34,M. D. Warfle,Warfle,,,male,Minister,,Colorado Conference,Central Union Conference,Colorado,,"Boulder, Colo.",United States
1908,34,G. M. Alway,Alway,,,male,Minister,,Colorado Conference,Central Union Conference,Colorado,,"Pueblo, Colo.",United States
1908,34,C. H. Bates,Bates,,,male,Minister,,Colorado Conference,Central Union Conference,Colorado,,"Durango, Colo.",United States
1908,34,Geo. O. States,States,,,male,Minister,,Colorado Conference,Central Union Conference,Colorado,,"Cedaredge, Colo.",United States
1908,34,J. B. Wilson,Wilson,,,male,Minister,,Colorado Conference,Central Union Conference,Colorado,,"Pueblo, Colo.",United States
1908,34,F. M. Wilcox,Wilcox,,,male,Minister,,Colorado Conference,Central Union Conference,Colorado,Colorado Sanitarium,"Boulder, Colo.",United States
1908,34,Wm. Kennedy,Kennedy,,,male,Minister,,Colorado Conference,Central Union Conference,Colorado,,"Palisades, Colo.",United States
1908,34,Meade Mac Guire,Mac Guire,,,male,Minister,,Colorado Conference,Central Union Conference,Colorado,,"Denver, Colo.",United States
1908,34,E. E. Farnsworth,Farnsworth,,,male,Minister,,Colorado Conference,Central Union Conference,Colorado,,"College View, Nebr.",United States
1908,34,E. R. Curtis,Curtis,,,male,Minister,,Colorado Conference,Central Union Conference,Colorado,,"Hotchkiss, Colo.",United States
1908,34,U. P. Long,Long,,,male,Minister,,Colorado Conference,Central Union Conference,Colorado,,"Ft. Morgan, Colo.",United States
1908,34,C. O. Svensson,Svensson,,,male,Minister,,Colorado Conference,Central Union Conference,Colorado,,"Denver, Colo.",United States
1908,34,F. M. Coraley,Coraley,,,male,Minister,,Colorado Conference,Central Union Conference,Colorado,,"Denver, Colo.",United States
1908,34,B. L. Dieffenbacher,Dieffenbacher,,,male,Minister,,Colorado Conference,Central Union Conference,Colorado,,"Denver, Colo.",United States
1908,34,W. F. Hills,Hills,,,male,Licentiate,,Colorado Conference,Central Union Conference,Colorado,,"Palisades, Colo.",United States
1908,34,W. D. Emery,Emery,,,male,Licentiate,,Colorado Conference,Central Union Conference,Colorado,,"Boulder, Colo.",United States
1908,34,Wm. Andress,Andress,,,male,Licentiate,,Colorado Conference,Central Union Conference,Colorado,,"Palisades, Colo.",United States
1908,34,T. Valentiner,Valentiner,,,male,Licentiate,,Colorado Conference,Central Union Conference,Colorado,,"Denver, Colo.",United States
1908,34,Minnie Mac Guire,Mac Guire,Mrs.,,female,Missionary Licentiate,,Colorado Conference,Central Union Conference,Colorado,,"Denver, Colo.",United States
1908,34,Alice Finch,Finch,Miss,,female,Missionary Licentiate,,Colorado Conference,Central Union Conference,Colorado,,"Pueblo, Colo.",United States
1908,34,Lida B. Moore,Moore,Miss,,female,Missionary Licentiate,,Colorado Conference,Central Union Conference,Colorado,,"Grand Junction, Colo.",United States
1908,34,Flora Watson,Watson,Mrs.,,female,Missionary Licentiate,,Colorado Conference,Central Union Conference,Colorado,,"Palisades, Colo.",United States
1908,34,Ella Anglebarger,Anglebarger,Mrs.,,female,Missionary Licentiate,,Colorado Conference,Central Union Conference,Colorado,,"Denver, Colo.",United States
1908,34,Ura Spring,Spring,Mrs.,,female,Missionary Licentiate,,Colorado Conference,Central Union Conference,Colorado,,"Canon City, Colo.",United States
1908,34,Mary Ziegler,Ziegler,Mrs.,,female,Missionary Licentiate,,Colorado Conference,Central Union Conference,Colorado,,"Ft. Collins, Colo.",United States
1908,34,Mae Warfle,Warfle,Mrs.,,female,Missionary Licentiate,,Colorado Conference,Central Union Conference,Colorado,,"Denver, Colo.",United States
1908,34,Bertie C. Richards,Richards,Mrs.,,female,Missionary Licentiate,,Colorado Conference,Central Union Conference,Colorado,,"Palisades, Colo.",United States
1908,34,Bruce H. Shaw,Shaw,,,male,Missionary Licentiate,,Colorado Conference,Central Union Conference,Colorado,,"Denver, Colo.",United States
1908,34,Cush Sparks,Sparks,,,male,Missionary Licentiate,,Colorado Conference,Central Union Conference,Colorado,,"College View, Nebr.",United States
1908,34,J. Z. Walker,Walker,,,male,Missionary Licentiate,,Colorado Conference,Central Union Conference,Colorado,,"Trinidad, Colo.",United States
1908,34,Eunice LeMaster,LeMaster,Miss,,female,Missionary Licentiate,,Colorado Conference,Central Union Conference,Colorado,,"Denver, Colo.",United States
1908,34,Hattie E. Adams,Adams,,,female,Missionary Licentiate,,Colorado Conference,Central Union Conference,Colorado,,"Boulder, Colo.",United States
1908,34,R. T. Emery,Emery,,,male,Missionary Licentiate,,Colorado Conference,Central Union Conference,Colorado,,"Boulder, Colo.",United States
1908,34,Chas. Thompson,Thompson,,,male,President,,Kansas Conference,Central Union Conference,Kansas,,"Topeka, Kans.",United States
1908,34,A. R. Ogden,Ogden,,,male,Vice-President,,Kansas Conference,Central Union Conference,Kansas,,"Wichita, Kans.",United States
1908,34,J. M. Fletcher,Fletcher,,,male,Secretary and Treasurer,,Kansas Conference,Central Union Conference,Kansas,,"Topeka, Kans.",United States
1908,34,Minnie M.,,Mrs.,,female,Secretary of Sabbath-school Department,,Kansas Conference,Central Union Conference,Kansas,,"Topeka, Kans.",United States
1908,34,H. M. Hiatt,Hiatt,,,male,Educational Superintendent,,Kansas Conference,Central Union Conference,Kansas,,"Kansas City, Kans.",United States
1908,34,F. L. Limerick,Limerick,,,male,Field Missionary Agent,,Kansas Conference,Central Union Conference,Kansas,,"Topeka, Kans.",United States
1908,34,Chas. Thompson,Thompson,,,male,Executive Committee Member,,Kansas Conference,Central Union Conference,Kansas,,"Topeka, Kans.",United States
1908,34,A. R. Ogden,Ogden,,,male,Executive Committee Member,,Kansas Conference,Central Union Conference,Kansas,,"Wichita, Kans.",United States
1908,34,Jacob Riffel,Riffel,,,male,Executive Committee Member,,Kansas Conference,Central Union Conference,Kansas,,"Topeka, Kans.",United States
1908,34,N. T. Sutton,Sutton,,,male,Executive Committee Member,,Kansas Conference,Central Union Conference,Kansas,,"Topeka, Kans.",United States
1908,34,H. Osterloh,Osterloh,,,male,Executive Committee Member,,Kansas Conference,Central Union Conference,Kansas,,"Topeka, Kans.",United States
1908,34,Wm. H. Mills,Mills,,,male,Executive Committee Member,,Kansas Conference,Central Union Conference,Kansas,,"Topeka, Kans.",United States
1908,34,H. Osterloh,Osterloh,,,male,President,Medical Missionary Association,Kansas Conference,Central Union Conference,Kansas,,"Topeka, Kans.",United States
1908,35,L. F. Trubey,Trubey,,,male,Committee Member,,Kansas Conference,Central Union Conference,Kansas,,,United States
1908,35,J. P. Yates,Yates,,,male,Committee Member,,Kansas Conference,Central Union Conference,Kansas,,,United States
1908,35,J. E. Brown,Brown,,,male,Committee Member,,Kansas Conference,Central Union Conference,Kansas,,,United States
1908,35,F. E. Braucht,Braucht,,,male,Committee Member,,Kansas Conference,Central Union Conference,Kansas,,,United States
1908,35,J. D. McBroom,McBroom,,,male,Committee Member,,Kansas Conference,Central Union Conference,Kansas,,,United States
1908,35,H. E. Kirk,Kirk,,,male,Secretary and Treasurer,,Kansas Conference,Central Union Conference,Kansas,,,United States
1908,35,J. Emil Anderson,Anderson,,,male,Committee Member,,Kansas Conference,Central Union Conference,Kansas,,,United States
1908,35,A. R. Ogden,Ogden,,,male,District Superintendent,,Kansas Conference,Central Union Conference,Kansas,,,United States
1908,35,L. F. Trubey,Trubey,,,male,District Superintendent,,Kansas Conference,Central Union Conference,Kansas,,,United States
1908,35,N. T. Sutton,Sutton,,,male,District Superintendent,,Kansas Conference,Central Union Conference,Kansas,,,United States
1908,35,I. G. Knight,Knight,,,male,District Superintendent,,Kansas Conference,Central Union Conference,Kansas,,,United States
1908,35,B. W. Brown,Brown,,,male,District Superintendent,,Kansas Conference,Central Union Conference,Kansas,,,United States
1908,35,J. W. Lair,Lair,,,male,District Superintendent,,Kansas Conference,Central Union Conference,Kansas,,,United States
1908,35,C. E. Peckover,Peckover,,,male,District Superintendent,,Kansas Conference,Central Union Conference,Kansas,,,United States
1908,35,Chas. Thompson,Thompson,,,male,Trustee,Kansas Seventh-day Adventist Conference Association,Kansas Conference,Central Union Conference,Kansas,,,United States
1908,35,J. M. Fletcher,Fletcher,,,male,Trustee,Kansas Seventh-day Adventist Conference Association,Kansas Conference,Central Union Conference,Kansas,,,United States
1908,35,L. F. Trubley,Trubley,,,male,Trustee,Kansas Seventh-day Adventist Conference Association,Kansas Conference,Central Union Conference,Kansas,,,United States
1908,35,L. Winston,Winston,,,male,Trustee,Kansas Seventh-day Adventist Conference Association,Kansas Conference,Central Union Conference,Kansas,,,United States
1908,35,James Wiley,Wiley,,,male,Trustee,Kansas Seventh-day Adventist Conference Association,Kansas Conference,Central Union Conference,Kansas,,,United States
1908,35,Chas. Thompson,Thompson,,,male,Minister,,Kansas Conference,Central Union Conference,Kansas,,"Topeka, Kans.",United States
1908,35,A. R. Ogden,Ogden,,,male,Minister,,Kansas Conference,Central Union Conference,Kansas,,"Wichita, Kans.",United States
1908,35,L. F. Trubey,Trubey,,,male,Minister,,Kansas Conference,Central Union Conference,Kansas,,"Oakland, Kans.",United States
1908,35,J. Riffel,Riffel,,,male,Minister,,Kansas Conference,Central Union Conference,Kansas,,"Carrier, Okla.",United States
1908,35,N. T. Sutton,Sutton,,,male,Minister,,Kansas Conference,Central Union Conference,Kansas,,"Topeka, Kans.",United States
1908,35,B. W. Brown,Brown,,,male,Minister,,Kansas Conference,Central Union Conference,Kansas,,"Topeka, Kans.",United States
1908,35,J. Emil Anderson,Anderson,,,male,Minister,,Kansas Conference,Central Union Conference,Kansas,,"Nekoma, Kans.",United States
1908,35,J. W. Lair,Lair,,,male,Minister,,Kansas Conference,Central Union Conference,Kansas,,"Oswego, Kans.",United States
1908,35,C. E. Peckover,Peckover,,,male,Minister,,Kansas Conference,Central Union Conference,Kansas,,"Glen Elder, Kans.",United States
1908,35,I. G. Knight,Knight,,,male,Minister,,Kansas Conference,Central Union Conference,Kansas,,"Abilene, Kans.",United States
1908,35,A. S. Bringle,Bringle,,,male,Minister,,Kansas Conference,Central Union Conference,Kansas,,"Wellington, Kans.",United States
1908,35,Dan E. Huffman,Huffman,,,male,Licentiate,,Kansas Conference,Central Union Conference,Kansas,,"Centerville, Kans.",United States
1908,35,W. A. Easley,Easley,,,male,Licentiate,,Kansas Conference,Central Union Conference,Kansas,,,United States
1908,35,V. W. Robb,Robb,,,male,Licentiate,,Kansas Conference,Central Union Conference,Kansas,,"Kansas City, Kans.",United States
1908,35,F. C. Clark,Clark,,,male,Licentiate,,Kansas Conference,Central Union Conference,Kansas,,"Lola, Kans.",United States
1908,35,F. L. Limerick,Limerick,,,male,Licentiate,,Kansas Conference,Central Union Conference,Kansas,,"Topeka, Kans.",United States
1908,35,J. A. Miner,Miner,,,male,Licentiate,,Kansas Conference,Central Union Conference,Kansas,,"Blaine, Kans.",United States
1908,35,H. E. Kirk,Kirk,,,male,Licentiate,,Kansas Conference,Central Union Conference,Kansas,,"Wichita, Kans.",United States
1908,35,H. R. Godfrey,Godfrey,,,male,Licentiate,,Kansas Conference,Central Union Conference,Kansas,,"Great Bend, Kans.",United States
1908,35,Edith Hiatt,Hiatt,,,female,Missionary Licentiate,,Kansas Conference,Central Union Conference,Kansas,,,United States
1908,35,M. W. Neal,Neal,,,male,Missionary Licentiate,,Kansas Conference,Central Union Conference,Kansas,,"Columbus, Kans.",United States
1908,35,Lizzie Sutton,Sutton,,,female,Missionary Licentiate,,Kansas Conference,Central Union Conference,Kansas,,"Thayer, Kans.",United States
1908,35,Jennie Edwards,Edwards,,,female,Missionary Licentiate,,Kansas Conference,Central Union Conference,Kansas,,"Chanute, Kans.",United States
1908,35,Mary Edwards,Edwards,,,female,Missionary Licentiate,,Kansas Conference,Central Union Conference,Kansas,,"Galena, Kans.",United States
1908,35,J. M. Fletcher,Fletcher,,,male,Missionary Licentiate,,Kansas Conference,Central Union Conference,Kansas,,"Topeka, Kans.",United States
1908,35,Mrs. Minnie M. Fletcher,Fletcher,Mrs.,,female,Missionary Licentiate,,Kansas Conference,Central Union Conference,Kansas,,"Topeka, Kans.",United States
1908,35,B. W. Roberts,Roberts,,,male,Missionary Licentiate,,Kansas Conference,Central Union Conference,Kansas,,"Ottawa, Kans.",United States
1908,35,Margaret Strobel,Strobel,,,female,Missionary Licentiate,,Kansas Conference,Central Union Conference,Kansas,,"Kansas City, Kans.",United States
1908,35,W. H. Clark,Clark,,,male,Missionary Licentiate,,Kansas Conference,Central Union Conference,Kansas,,"Topeka, Kans.",United States
1908,35,H. W. Schmidt,Schmidt,,,male,Missionary Licentiate,,Kansas Conference,Central Union Conference,Kansas,,"Tampa, Kans.",United States
1908,35,Mary Perin,Perin,,,female,Missionary Licentiate,,Kansas Conference,Central Union Conference,Kansas,,"Topeka, Kans.",United States
1908,35,Anna Patzkowski,Patzkowski,,,female,Missionary Licentiate,,Kansas Conference,Central Union Conference,Kansas,,"Topeka, Kans.",United States
1908,35,Agnes Wammack,Wammack,,,female,Missionary Licentiate,,Kansas Conference,Central Union Conference,Kansas,,"Logan, Kans.",United States
1908,35,H. L. Shafer,Shafer,,,male,Missionary Licentiate,,Kansas Conference,Central Union Conference,Kansas,,"Wichita, Kans.",United States
1908,35,Susie Masted,Masted,,,female,Missionary Licentiate,,Kansas Conference,Central Union Conference,Kansas,,"Kansas City, Kans.",United States
1908,35,U. S. Willis,Willis,,,male,Missionary Licentiate,,Kansas Conference,Central Union Conference,Kansas,,,United States
1908,35,R. L. Bradford,Bradford,,,male,Missionary Licentiate,,Kansas Conference,Central Union Conference,Kansas,,,United States
1908,35,Mrs. Lillie Bland,Bland,Mrs.,,female,Missionary Licentiate,,Kansas Conference,Central Union Conference,Kansas,,"East Mineral, Kans.",United States
1908,35,Dora Roberts,Roberts,,,female,Missionary Licentiate,,Kansas Conference,Central Union Conference,Kansas,,"Wellington, Kans.",United States
1908,35,A. Vermilion,Vermilion,,,male,Missionary Licentiate,,Kansas Conference,Central Union Conference,Kansas,,"McPherson, Kans.",United States
1908,35,Maude Curtis,Curtis,,,female,Missionary Licentiate,,Kansas Conference,Central Union Conference,Kansas,,"Topeka, Kans.",United States
1908,35,Bessie Hyatt,Hyatt,,,female,Missionary Licentiate,,Kansas Conference,Central Union Conference,Kansas,,"Topeka, Kans.",United States
1908,35,Dr. F. E. Braucht,Braucht,Dr.,,male,Medical Missionary Licentiate,,Kansas Conference,Central Union Conference,Kansas,,,United States
1908,35,H. G. Leffingwell,Leffingwell,,,male,Church-School Teacher,,Kansas Conference,Central Union Conference,Kansas,,"Oswego, Kans.",United States
1908,35,Amanda Spillman,Spillman,,,female,Church-School Teacher,,Kansas Conference,Central Union Conference,Kansas,,"Oswego, Kans.",United States
1908,35,Maud Rater,Rater,,,female,Church-School Teacher,,Kansas Conference,Central Union Conference,Kansas,,"Thayer, Kans.",United States
1908,35,Dottie Wilson,Wilson,,,female,Church-School Teacher,,Kansas Conference,Central Union Conference,Kansas,,"Thayer, Kans.",United States
1908,35,Nettie Hardiman,Hardiman,,,female,Church-School Teacher,,Kansas Conference,Central Union Conference,Kansas,,,United States
1908,35,Sarah Sutton,Sutton,,,female,Church-School Teacher,,Kansas Conference,Central Union Conference,Kansas,,,United States
1908,35,Lesta Seaward,Seaward,,,female,Church-School Teacher,,Kansas Conference,Central Union Conference,Kansas,,"Ottawa, Kans.",United States
1908,35,Iva Sinclair,Sinclair,,,female,Church-School Teacher,,Kansas Conference,Central Union Conference,Kansas,,"Burlington, Kans.",United States
1908,35,John Bland,Bland,,,male,Church-School Teacher,,Kansas Conference,Central Union Conference,Kansas,,"East Mineral, Kans.",United States
1908,36,Bessie Allen,Allen,,,female,Canvasser,"R. F. D. No. 4, Columbus, Kans.",Kansas Conference,Central Union Conference,Kansas,,"Columbus, Kans.",United States
1908,36,J. S. Moore,Moore,,,male,Canvasser,"R. F. D., Eldorado, Kans.",Kansas Conference,Central Union Conference,Kansas,,"Eldorado, Kans.",United States
1908,36,Katie Thomas,Thomas,,,female,Canvasser,"R. F. D., Blaine",Kansas Conference,Central Union Conference,Kansas,,"Blaine, Kans.",United States
1908,36,Mary Allen,Allen,,,female,Canvasser,"R. F. D., Rosalia",Kansas Conference,Central Union Conference,Kansas,,"Rosalia, Kans.",United States
1908,36,H. W. Schmidt,Schmidt,,,male,Canvasser,,Kansas Conference,Central Union Conference,Kansas,,"Tampa, Kans.",United States
1908,36,Mrs. J. E. Anderson,Anderson,Mrs.,,female,Canvasser,,Kansas Conference,Central Union Conference,Kansas,,"Nekoma, Kans.",United States
1908,36,Nora Humphreys,Humphreys,,,female,Canvasser,709 Dayton St.,Kansas Conference,Central Union Conference,Kansas,,"Wichita, Kans.",United States
1908,36,Dora Roberts,Roberts,,,female,Canvasser,,Kansas Conference,Central Union Conference,Kansas,,"Wellington, Kans.",United States
1908,36,Eloda Messimer,Messimer,,,female,Canvasser,,Kansas Conference,Central Union Conference,Kansas,,"Wakeeney, Kans.",United States
1908,36,Mrs. C. Rasmussen,Rasmussen,Mrs.,,female,Canvasser,,Kansas Conference,Central Union Conference,Kansas,,"Wakeeney, Kans.",United States
1908,36,Mrs. Belle Higgins,Higgins,Mrs.,,female,Canvasser,,Kansas Conference,Central Union Conference,Kansas,,"Syracuse, Kans.",United States
1908,36,Grace Boss,Boss,,,female,Canvasser,1912 Wood Ave.,Kansas Conference,Central Union Conference,Kansas,,"Kansas City, Kans.",United States
1908,36,Belle Dixon,Dixon,,,female,Canvasser,,Kansas Conference,Central Union Conference,Kansas,,"Portis, Kans.",United States
1908,36,Mabel Watson,Watson,,,female,Canvasser,,Kansas Conference,Central Union Conference,Kansas,,"Fellsburg, Kans.",United States
1908,36,D. U. Hale,Hale,,,male,President,office address,Missouri Conference,Central Union Conference,Missouri,,"Kansas City, Mo.",United States
1908,36,L. W. Terry,Terry,,,male,Vice-President,,Missouri Conference,Central Union Conference,Missouri,,"Appleton City, Mo.",United States
1908,36,Mrs. R. C. Porter,Porter,Mrs.,,female,Secretary,,Missouri Conference,Central Union Conference,Missouri,,"Hamilton, Mo.",United States
1908,36,D. U. Hale,Hale,,,male,Executive Committee Member,,Missouri Conference,Central Union Conference,Missouri,,"Kansas City, Mo.",United States
1908,36,L. W. Terry,Terry,,,male,Executive Committee Member,,Missouri Conference,Central Union Conference,Missouri,,"Appleton City, Mo.",United States
1908,36,James Cochran,Cochran,,,male,Executive Committee Member,,Missouri Conference,Central Union Conference,Missouri,,,United States
1908,36,J. W. Norwood,Norwood,,,male,Executive Committee Member,,Missouri Conference,Central Union Conference,Missouri,,"St. Louis, Mo.",United States
1908,36,E. A. Merrell,Merrell,,,male,Executive Committee Member,,Missouri Conference,Central Union Conference,Missouri,,,United States
1908,36,D. U. Hale,Hale,,,male,Trustee,Missouri Conference Association,Missouri Conference,Central Union Conference,Missouri,,"Kansas City, Mo.",United States
1908,36,James Cochran,Cochran,,,male,Trustee,Missouri Conference Association,Missouri Conference,Central Union Conference,Missouri,,,United States
1908,36,J. J. Nichols,Nichols,,,male,Trustee,Missouri Conference Association,Missouri Conference,Central Union Conference,Missouri,,,United States
1908,36,Dr. G. A. Droll,Droll,Dr.,,male,Trustee,Missouri Conference Association,Missouri Conference,Central Union Conference,Missouri,,,United States
1908,36,B. K. Willis,Willis,,,male,Trustee,Missouri Conference Association,Missouri Conference,Central Union Conference,Missouri,,,United States
1908,36,J. W. Norwood,Norwood,,,male,"Secretary, Religious Liberty Department",2565 Emerson Ave.,Missouri Conference,Central Union Conference,Missouri,,"St. Louis, Mo.",United States
1908,36,Miss Nora Hough,Hough,Miss,,female,Educational Secretary and Superintendent of Church-schools,,Missouri Conference,Central Union Conference,Missouri,,"Lockwood, Mo.",United States
1908,36,W. F. Surber,Surber,,,male,Field Missionary Agent,office address,Missouri Conference,Central Union Conference,Missouri,,"Kansas City, Mo.",United States
1908,36,Mrs. R. C. Porter,Porter,Mrs.,,female,"Secretary, Sabbath-school Department",,Missouri Conference,Central Union Conference,Missouri,,"Hamilton, Mo.",United States
1908,36,H. B. Steele,Steele,,,male,"Superintendent, Young People's Work",,Missouri Conference,Central Union Conference,Missouri,,"Hamilton, Mo.",United States
1908,36,D. U. Hale,Hale,,,male,Minister,,Missouri Conference,Central Union Conference,Missouri,,"Kansas City, Mo.",United States
1908,36,L. W. Terry,Terry,,,male,Minister,,Missouri Conference,Central Union Conference,Missouri,,"Appleton City, Mo.",United States
1908,36,H. M. Stewart,Stewart,,,male,Minister,,Missouri Conference,Central Union Conference,Missouri,,"Ira, Mo.",United States
1908,36,J. W. Norwood,Norwood,,,male,Minister,,Missouri Conference,Central Union Conference,Missouri,,"St. Louis, Mo.",United States
1908,36,E. A. Merrell,Merrell,,,male,Minister,,Missouri Conference,Central Union Conference,Missouri,,"Kansas City, Mo.",United States
1908,36,W. F. H. Schroeder,Schroeder,,,male,Minister,,Missouri Conference,Central Union Conference,Missouri,,"Woollam, Mo.",United States
1908,36,C. H. Chaffee,Chaffee,,,male,Minister,Route 1,Missouri Conference,Central Union Conference,Missouri,,"Ethel, Mo.",United States
1908,36,Dr. G. A. Droll,Droll,Dr.,,male,Licentiate,1424 Charlotte,Missouri Conference,Central Union Conference,Missouri,,,United States
1908,36,J. M. Campbell,Campbell,,,male,Licentiate,1804 East Twenty-fourth St.,Missouri Conference,Central Union Conference,Missouri,,"Kansas City, Mo.",United States
1908,36,M. E. George,George,,,male,Missionary Licentiate,2476 Geraldine Ave.,Missouri Conference,Central Union Conference,Missouri,,"St. Louis, Mo.",United States
1908,36,James Cochran,Cochran,,,male,Missionary Licentiate,1109 East Twelfth,Missouri Conference,Central Union Conference,Missouri,,"Kansas City, Mo.",United States
1908,36,Mrs. R. C. Porter,Porter,Mrs.,,female,Missionary Licentiate,,Missouri Conference,Central Union Conference,Missouri,,"Hamilton, Mo.",United States
1908,36,Mrs. A. E. Daniells,Daniells,Mrs.,,female,Missionary Licentiate,"4419 A. Cote, Brilliant Ave.",Missouri Conference,Central Union Conference,Missouri,,"St. Louis, Mo.",United States
1908,36,Mrs. E. A. Merrell,Merrell,Mrs.,,female,Missionary Licentiate,2636 Bellfountaine Ave.,Missouri Conference,Central Union Conference,Missouri,,"Kansas City, Mo.",United States
1908,36,W. F. Surber,Surber,,,male,Missionary Licentiate,1109 East Twelfth,Missouri Conference,Central Union Conference,Missouri,,"Kansas City, Mo.",United States
1908,36,Miss Eva Hough,Hough,Miss,,female,Missionary Licentiate,,Missouri Conference,Central Union Conference,Missouri,,"Lockwood, Mo.",United States
1908,36,Miss Nora Hough,Hough,Miss,,female,Missionary Licentiate,,Missouri Conference,Central Union Conference,Missouri,,"Lockwood, Mo.",United States
1908,36,A. F. French,French,,,male,Missionary Licentiate,,Missouri Conference,Central Union Conference,Missouri,,"Utica, Mo.",United States
1908,36,H. B. Steele,Steele,,,male,Missionary Licentiate,,Missouri Conference,Central Union Conference,Missouri,,"Hamilton, Mo.",United States
1908,36,V. L. Piepmeier,Piepmeier,,,male,Missionary Licentiate,,Missouri Conference,Central Union Conference,Missouri,,"Appleton City, Mo.",United States
1908,36,G. C. Jenks,Jenks,,,male,Missionary Licentiate,,Missouri Conference,Central Union Conference,Missouri,,"College View, Nebr.",United States
1908,36,H. C. Tarr,Tarr,,,male,Missionary Licentiate,,Missouri Conference,Central Union Conference,Missouri,,"Windsor, Mo.",United States
1908,37,L. Belle Mathews,Mathews,Miss,,female,Church-School Teacher,"Eldorado Springs, Mo.",Missouri Conference,Central Union Conference,Missouri,,"Eldorado Springs, Mo.",United States
1908,37,Vita Tindall,Tindall,Miss,,female,Church-School Teacher,"Fayette, Mo.",Missouri Conference,Central Union Conference,Missouri,,"Fayette, Mo.",United States
1908,37,Abbie St. John,St. John,Miss,,female,Church-School Teacher,"Station I, Hannibal, Mo.",Missouri Conference,Central Union Conference,Missouri,,"Hannibal, Mo.",United States
1908,37,Annie Didrickson,Didrickson,Miss,,female,Church-School Teacher,"1724 North Second St., St. Joseph, Mo.",Missouri Conference,Central Union Conference,Missouri,,"St. Joseph, Mo.",United States
1908,37,Grace Chilson,Chilson,Miss,,female,Church-School Teacher,"Poplar Bluff, Mo.",Missouri Conference,Central Union Conference,Missouri,,"Poplar Bluff, Mo.",United States
1908,37,E. C. Ehlers,Ehlers,,,,Church-School Teacher,"Woodlawn, Mo.",Missouri Conference,Central Union Conference,Missouri,,"Woodlawn, Mo.",United States
1908,37,A. T. Robinson,Robinson,,,male,President,office address,Nebraska Conference,Central Union Conference,Nebraska,,"Hastings, Nebr.",United States
1908,37,C. R. Kite,Kite,,,male,Vice-President,"College View, Nebr.",Nebraska Conference,Central Union Conference,Nebraska,,"College View, Nebr.",United States
1908,37,M. E. Ellis,Ellis,,,,Secretary,office address,Nebraska Conference,Central Union Conference,Nebraska,,"Hastings, Nebr.",United States
1908,37,Joseph Roy,Roy,,,male,Treasurer,office address,Nebraska Conference,Central Union Conference,Nebraska,,"Hastings, Nebr.",United States
1908,37,Alma J. Graf,Graf,Miss,,female,"Superintendent, Educational Department",office address,Nebraska Conference,Central Union Conference,Nebraska,,"Hastings, Nebr.",United States
1908,37,Winnie Hunt,Hunt,,,female,"Secretary, Educational Department",office address,Nebraska Conference,Central Union Conference,Nebraska,,"Hastings, Nebr.",United States
1908,37,H. A. Hebard,Hebard,,,male,Field Missionary Agent,office address,Nebraska Conference,Central Union Conference,Nebraska,,"Hastings, Nebr.",United States
1908,37,J. I. Beardsley,Beardsley,,,male,Religious Liberty Secretary,office address,Nebraska Conference,Central Union Conference,Nebraska,,"Hastings, Nebr.",United States
1908,37,A. T. Robinson,Robinson,,,male,Executive Committee Member,,Nebraska Conference,Central Union Conference,Nebraska,,"Hastings, Nebr.",United States
1908,37,R. F. Andrews,Andrews,,,male,Executive Committee Member,,Nebraska Conference,Central Union Conference,Nebraska,,,United States
1908,37,F. H. Hahn,Hahn,,,male,Executive Committee Member,,Nebraska Conference,Central Union Conference,Nebraska,,,United States
1908,37,D. R. Callahan,Callahan,,,male,Executive Committee Member,,Nebraska Conference,Central Union Conference,Nebraska,,,United States
1908,37,C. R. Kite,Kite,,,male,Executive Committee Member,,Nebraska Conference,Central Union Conference,Nebraska,,"College View, Nebr.",United States
1908,37,H. Hansen,Hansen,,,male,Executive Committee Member,,Nebraska Conference,Central Union Conference,Nebraska,,,United States
1908,37,J. H. Kraft,Kraft,,,male,Executive Committee Member,,Nebraska Conference,Central Union Conference,Nebraska,,,United States
1908,37,A. T. Robinson,Robinson,,,male,President,Nebraska Conference Association of the Seventh-day Adventists,Nebraska Conference Association of the Seventh-day Adventists,Central Union Conference,Nebraska,,"Hastings, Nebr.",United States
1908,37,Joseph Roy,Roy,,,male,Secretary and Treasurer,Nebraska Conference Association of the Seventh-day Adventists,Nebraska Conference Association of the Seventh-day Adventists,Central Union Conference,Nebraska,,"Hastings, Nebr.",United States
1908,37,F. H. Hahn,Hahn,,,male,Business Agent,Nebraska Conference Association of the Seventh-day Adventists,Nebraska Conference Association of the Seventh-day Adventists,Central Union Conference,Nebraska,,,United States
1908,37,D. R. Callahan,Callahan,,,male,Member,Nebraska Conference Association of the Seventh-day Adventists,Nebraska Conference Association of the Seventh-day Adventists,Central Union Conference,Nebraska,,,United States
1908,37,A. F. Kirk,Kirk,,,male,Member,Nebraska Conference Association of the Seventh-day Adventists,Nebraska Conference Association of the Seventh-day Adventists,Central Union Conference,Nebraska,,,United States
1908,37,A. T. Robinson,Robinson,,,male,Minister,,Nebraska Conference,Central Union Conference,Nebraska,,"Hastings, Nebr.",United States
1908,37,R. F. Andrews,Andrews,,,male,Minister,,Nebraska Conference,Central Union Conference,Nebraska,,"College View, Nebr.",United States
1908,37,L. E. Johnson,Johnson,,,male,Minister,,Nebraska Conference,Central Union Conference,Nebraska,,"Ringgold, Nebr.",United States
1908,37,J. W. Beams,Beams,,,male,Minister,,Nebraska Conference,Central Union Conference,Nebraska,,"Wayne, Nebr.",United States
1908,37,C. A. Beeson,Beeson,,,male,Minister,,Nebraska Conference,Central Union Conference,Nebraska,,"Omaha, Nebr.",United States
1908,37,E. A. Curtis,Curtis,,,male,Minister,,Nebraska Conference,Central Union Conference,Nebraska,,"Beatrice, Nebr.",United States
1908,37,C. R. Kite,Kite,,,male,Minister,,Nebraska Conference,Central Union Conference,Nebraska,,"College View, Nebr.",United States
1908,37,J. H. Kraft,Kraft,,,male,Minister,,Nebraska Conference,Central Union Conference,Nebraska,,"College View, Nebr.",United States
1908,37,O. A. Hall,Hall,,,male,Minister,,Nebraska Conference,Central Union Conference,Nebraska,,"North Loup, Nebr.",United States
1908,37,J. G. Kroeker,Kroeker,,,male,Minister,,Nebraska Conference,Central Union Conference,Nebraska,,"Grand Island, Nebr.",United States
1908,37,H. Hansen,Hansen,,,male,Minister,,Nebraska Conference,Central Union Conference,Nebraska,,"Hastings, Nebr.",United States
1908,37,B. M. Garton,Garton,,,male,Minister,,Nebraska Conference,Central Union Conference,Nebraska,,"Hastings, Nebr.",United States
1908,37,C. H. Miller,Miller,,,male,Minister,,Nebraska Conference,Central Union Conference,Nebraska,,"Wayne, Nebr.",United States
1908,37,Wm. Batterson,Batterson,,,male,Minister,,Nebraska Conference,Central Union Conference,Nebraska,,"Kearney, Nebr.",United States
1908,37,H. A. Hebard,Hebard,,,male,Licentiate,,Nebraska Conference,Central Union Conference,Nebraska,,"Hastings, Nebr.",United States
1908,37,A. D. Gilbert,Gilbert,,,male,Licentiate,,Nebraska Conference,Central Union Conference,Nebraska,,"College View, Nebr.",United States
1908,37,F. H. Hahn,Hahn,,,male,Licentiate,,Nebraska Conference,Central Union Conference,Nebraska,,"Arcadia, Nebr.",United States
1908,37,M. E. Ellis,Ellis,,,,Licentiate,,Nebraska Conference,Central Union Conference,Nebraska,,"Hastings, Nebr.",United States
1908,37,J. I. Beardsley,Beardsley,,,male,Licentiate,,Nebraska Conference,Central Union Conference,Nebraska,,"Hastings, Nebr.",United States
1908,37,Irvin Blue,Blue,,,male,Licentiate,,Nebraska Conference,Central Union Conference,Nebraska,,"Hastings, Nebr.",United States
1908,37,Otto John,John,,,male,Licentiate,,Nebraska Conference,Central Union Conference,Nebraska,,"Hastings, Nebr.",United States
1908,37,Herman Newman,Newman,,,male,Licentiate,,Nebraska Conference,Central Union Conference,Nebraska,,"College View, Nebr.",United States
1908,37,O. E. Jones,Jones,,,male,Missionary Licentiate,,Nebraska Conference,Central Union Conference,Nebraska,,"College View, Nebr.",United States
1908,37,Winnie Hunt,Hunt,,,female,Missionary Licentiate,,Nebraska Conference,Central Union Conference,Nebraska,,"Hastings, Nebr.",United States
1908,37,Esther Smith,Smith,,,female,Missionary Licentiate,,Nebraska Conference,Central Union Conference,Nebraska,,"North Platte, Nebr.",United States
1908,37,Mrs. A. T. Robinson,Robinson,Mrs.,,female,Missionary Licentiate,,Nebraska Conference,Central Union Conference,Nebraska,,"Hastings, Nebr.",United States
1908,38,Peter Lindahl,Lindahl,,,male,,,Nebraska Conference,Central Union Conference,Nebraska,,"Benson, Nebr.",United States
1908,38,Mrs. E. M. Peebles,Peebles,Mrs.,,female,,,Nebraska Conference,Central Union Conference,Nebraska,,"College View, Nebr.",United States
1908,38,Alma J. Graf,Graf,,,female,,,Nebraska Conference,Central Union Conference,Nebraska,,"905 North California Ave., Hastings, Nebr.",United States
1908,38,Earl D. Hahn,Hahn,,,male,,,Nebraska Conference,Central Union Conference,Nebraska,,"2131 St. Mary's Ave., Lincoln, Nebr.",United States
1908,38,Miss Minnie Hahn,Hahn,Miss,,female,,,Nebraska Conference,Central Union Conference,Nebraska,,"2131 St. Mary's Ave., Lincoln, Nebr.",United States
1908,38,Miss Nellie Perrine,Perrine,Miss,,female,,,Nebraska Conference,Central Union Conference,Nebraska,,"905 North California Ave., Hastings, Nebr.",United States
1908,38,Miss Katherine Runck,Runck,Miss,,female,,,Nebraska Conference,Central Union Conference,Nebraska,,"905 North California Ave., Hastings, Nebr.",United States
1908,38,C. E. Boynton,Boynton,,,male,,,Nebraska Conference,Central Union Conference,Nebraska,,"905 North California Ave., Hastings, Nebr.",United States
1908,38,Miss Melissa Beeson,Beeson,Miss,,female,,,Nebraska Conference,Central Union Conference,Nebraska,,"2806 Seward St., Omaha, Nebr.",United States
1908,38,Miss Retta Collicott,Collicott,Miss,,female,,,Nebraska Conference,Central Union Conference,Nebraska,,"Aurora, Nebr.",United States
1908,38,A. T. Gibson,Gibson,,,male,,,Nebraska Conference,Central Union Conference,Nebraska,,"5714 North Twenty-fourth St., Omaha, Nebr.",United States
1908,38,Miss Elnora Reid,Reid,Miss,,female,,,Nebraska Conference,Central Union Conference,Nebraska,,"1816 Avenue D, Kearney, Nebr.",United States
1908,38,Miss Lizzie Lockwood,Lockwood,Miss,,female,,,Nebraska Conference,Central Union Conference,Nebraska,,"Plattsmouth, Nebr.",United States
1908,38,Miss Maud Cotton,Cotton,Miss,,female,,,Nebraska Conference,Central Union Conference,Nebraska,,"818 North Seventeenth St., Room 14, Omaha, Nebr.",United States
1908,38,Christopher Hornbacher,Hornbacher,,,male,,,Nebraska Conference,Central Union Conference,Nebraska,,"Culbertson, Nebr.",United States
1908,38,O. P. Sampson,Sampson,,,male,,,Nebraska Conference,Central Union Conference,Nebraska,,"2208 North Twenty-first St., Omaha, Nebr.",United States
1908,38,J. H. Wheeler,Wheeler,,,male,President,,Wyoming Conference,Central Union Conference,Wyoming,,"Crawford, Nebr.",United States
1908,38,Miss Grace Tillotson,Tillotson,Miss,,female,Secretary and Treasurer,,Wyoming Conference,Central Union Conference,Wyoming,,"Crawford, Nebr.",United States
1908,38,H. E. Reeder,Reeder,,,male,Secretary of Educational and Young People's Work,,Wyoming Conference,Central Union Conference,Wyoming,,"Alliance, Nebr.",United States
1908,38,R. T. Baer,Baer,,,male,Religious Liberty Secretary,,Wyoming Conference,Central Union Conference,Wyoming,,"Lander, Wyo.",United States
1908,38,E. Max Trummer,Trummer,,,male,Field Missionary Agent,,Wyoming Conference,Central Union Conference,Wyoming,,"College View, Nebr.",United States
1908,38,J. H. Wheeler,Wheeler,,,male,Executive Committee Member,,Wyoming Conference,Central Union Conference,Wyoming,,"Crawford, Nebr.",United States
1908,38,L. B. Porter,Porter,,,male,Executive Committee Member,,Wyoming Conference,Central Union Conference,Wyoming,,"Cheyenne, Wyo.",United States
1908,38,G. A. Kirkle,Kirkle,,,male,Executive Committee Member,,Wyoming Conference,Central Union Conference,Wyoming,,"Minatare, Nebr.",United States
1908,38,A. C. Anderson,Anderson,,,male,Executive Committee Member,,Wyoming Conference,Central Union Conference,Wyoming,,"Lead City, S. Dak.",United States
1908,38,R. T. Baer,Baer,,,male,Executive Committee Member,,Wyoming Conference,Central Union Conference,Wyoming,,"Lander, Wyo.",United States
1908,38,J. H. Wheeler,Wheeler,,,male,Minister,,Wyoming Conference,Central Union Conference,Wyoming,,"Crawford, Nebr.",United States
1908,38,L. B. Porter,Porter,,,male,Minister,,Wyoming Conference,Central Union Conference,Wyoming,,"Cheyenne, Wyo.",United States
1908,38,G. A. Kirkle,Kirkle,,,male,Licentiate,,Wyoming Conference,Central Union Conference,Wyoming,,"Minatare, Nebr.",United States
1908,38,A. C. Anderson,Anderson,,,male,Licentiate,,Wyoming Conference,Central Union Conference,Wyoming,,"Lead City, S. Dak.",United States
1908,38,H. E. Reeder,Reeder,,,male,Licentiate,,Wyoming Conference,Central Union Conference,Wyoming,,"Hemingford, Nebr.",United States
1908,38,R. T. Baer,Baer,,,male,Licentiate,,Wyoming Conference,Central Union Conference,Wyoming,,"Lander, Wyo.",United States
1908,38,G. W. Berry,Berry,,,male,Licentiate,,Wyoming Conference,Central Union Conference,Wyoming,,"Angora, Nebr.",United States
1908,38,Lawrence Anderson,Anderson,,,male,Missionary Licentiate,,Wyoming Conference,Central Union Conference,Wyoming,,"Cheyenne, Wyo.",United States
1908,38,Irvin Blue,Blue,,,male,Missionary Licentiate,,Wyoming Conference,Central Union Conference,Wyoming,,"College View, Nebr.",United States
1908,38,Miss Nancy Bland,Bland,Miss,,female,Missionary Licentiate,,Wyoming Conference,Central Union Conference,Wyoming,,"Cheyenne, Wyo.",United States
1908,38,Mrs. Ora Hadley,Hadley,Mrs.,,female,Missionary Licentiate,,Wyoming Conference,Central Union Conference,Wyoming,,"Alliance, Nebr.",United States
1908,38,Miss Grace Tillotson,Tillotson,Miss,,female,Missionary Licentiate,,Wyoming Conference,Central Union Conference,Wyoming,,"Crawford, Nebr.",United States
1908,38,Seward Boynton,Boynton,,,male,Church-School Teacher,,Wyoming Conference,Central Union Conference,Wyoming,,"Sheridan, Wyo.",United States
1908,38,Mrs. Mary Lamie,Lamie,Mrs.,,female,Church-School Teacher,,Wyoming Conference,Central Union Conference,Wyoming,,"Sheldon, Wyo.",United States
1908,38,Mrs. R. V. Cheney,Cheney,Mrs.,,female,Church-School Teacher,,Wyoming Conference,Central Union Conference,Wyoming,,"Deadwood, S. Dak.",United States
1908,38,Mrs. Mary Wilcox,Wilcox,Mrs.,,female,Church-School Teacher,,Wyoming Conference,Central Union Conference,Wyoming,,"Hemingford, Nebr.",United States
1908,38,Miss Addie Wheeler,Wheeler,Miss,,female,Church-School Teacher,,Wyoming Conference,Central Union Conference,Wyoming,,"Crawford, Nebr.",United States
1908,39,W. J. Fitzgerald,Fitzgerald,,,male,President,"63 Goethe St., Cumberland, Md.",Columbia Union Conference,,Columbia Union,,"Cumberland, Md.",United States
1908,39,H. H. Burkholder,Burkholder,,,male,Vice-President,"Bellville, Ohio",Columbia Union Conference,,Columbia Union,,"Bellville, Ohio",United States
1908,39,E. R. Brown,Brown,,,male,Secretary and Treasurer,office address,Columbia Union Conference,,Columbia Union,,"Cumberland, Md.",United States
1908,39,I. D. Richardson,Richardson,,,male,General Missionary Agent,"Takoma Park Station, Washington, D. C.",Columbia Union Conference,,Columbia Union,,"Washington, D.C.",United States
1908,39,J. B. Clymer,Clymer,,,male,Educational Secretary,"Mt. Vernon, Ohio",Columbia Union Conference,,Columbia Union,,"Mt. Vernon, Ohio",United States
1908,39,J. W. Bailey,Bailey,,M. D.,male,Medical Secretary,"1929 Girard Ave., Philadelphia, Pa.",Columbia Union Conference,,Columbia Union,,"Philadelphia, Pa.",United States
1908,39,A. C. Shannon,Shannon,,,male,Religious Liberty Secretary,"1366 Grand Ave., Toledo, Ohio",Columbia Union Conference,,Columbia Union,,"Toledo, Ohio",United States
1908,39,W. J. Fitzgerald,Fitzgerald,,,male,Executive Committee Member,"63 Goethe St., Cumberland, Md.",Columbia Union Conference,,Columbia Union,,"Cumberland, Md.",United States
1908,39,H. H. Burkholder,Burkholder,,,male,Executive Committee Member,"Bellville, Ohio",Columbia Union Conference,,Columbia Union,,"Bellville, Ohio",United States
1908,39,E. R. Brown,Brown,,,male,Executive Committee Member,,Columbia Union Conference,,Columbia Union,,"Cumberland, Md.",United States
1908,39,J. B. Clymer,Clymer,,,male,Executive Committee Member,"Mt. Vernon, Ohio",Columbia Union Conference,,Columbia Union,,"Mt. Vernon, Ohio",United States
1908,39,J. W. Bailey,Bailey,,M. D.,male,Executive Committee Member,,Columbia Union Conference,,Columbia Union,,"Philadelphia, Pa.",United States
1908,39,A. C. Shannon,Shannon,,,male,Executive Committee Member,,Columbia Union Conference,,Columbia Union,,"Toledo, Ohio",United States
1908,39,W. J. Fitzgerald,Fitzgerald,,,male,Minister,"63 Goethe St., Cumberland, Md.",Columbia Union Conference,,Columbia Union,,"Cumberland, Md.",United States
1908,39,H. H. Burkholder,Burkholder,,,male,Minister,"Bellville, Ohio",Columbia Union Conference,,Columbia Union,,"Bellville, Ohio",United States
1908,40,L. F. Starr,Starr,,,male,President,office address,Chesapeake Conference,Columbia Union Conference,Chesapeake,,"Baltimore, Md.",United States
1908,40,Edwin R. Nutter,Nutter,,,male,Secretary and Treasurer of Conference and Tract Society,office address,Chesapeake Conference,Columbia Union Conference,Chesapeake,,"Baltimore, Md.",United States
1908,40,G. H. Clark,Clark,,,male,Field Missionary Agent,,Chesapeake Conference,Columbia Union Conference,Chesapeake,,"Baltimore, Md.",United States
1908,40,Emma S. Newcomer,Newcomer,Miss,,female,Sabbath-school Secretary,,Chesapeake Conference,Columbia Union Conference,Chesapeake,,"Hagerstown, Md.",United States
1908,40,Lula Tarbell Leary,Leary,Mrs.,,female,Educational Secretary,,Chesapeake Conference,Columbia Union Conference,Chesapeake,,"Fords Store, Md.",United States
1908,40,W. R. Pohle,Pohle,,,male,Religious Liberty Secretary,,Chesapeake Conference,Columbia Union Conference,Chesapeake,,"Baltimore, Md.",United States
1908,40,John F. Jones,Jones,,,male,Executive Committee Member,,Chesapeake Conference,Columbia Union Conference,Chesapeake,,,United States
1908,40,T. M. Bradford,Bradford,,,male,Executive Committee Member,,Chesapeake Conference,Columbia Union Conference,Chesapeake,,,United States
1908,40,N. C. Dreer,Dreer,,,male,Executive Committee Member,,Chesapeake Conference,Columbia Union Conference,Chesapeake,,,United States
1908,40,George Apsley,Apsley,,,male,Executive Committee Member,,Chesapeake Conference,Columbia Union Conference,Chesapeake,,,United States
1908,40,L. F. Starr,Starr,,,male,Minister,,Chesapeake Conference,Columbia Union Conference,Chesapeake,,"Baltimore, Md.",United States
1908,40,John F. Jones,Jones,,,male,Minister,,Chesapeake Conference,Columbia Union Conference,Chesapeake,,"Fords Store, Md.",United States
1908,40,Fred H. Seeney,Seeney,,,male,Minister,,Chesapeake Conference,Columbia Union Conference,Chesapeake,,"Cheswold, Del.",United States
1908,40,H. S. Prener,Prener,,,male,Licentiate,,Chesapeake Conference,Columbia Union Conference,Chesapeake,,"Baltimore, Md.",United States
1908,40,Virbrook Nutter,Nutter,,,male,Licentiate,,Chesapeake Conference,Columbia Union Conference,Chesapeake,,"Wilmington, Del.",United States
1908,40,Carl B. Haynes,Haynes,,,male,Licentiate,,Chesapeake Conference,Columbia Union Conference,Chesapeake,,"Baltimore, Md.",United States
1908,40,Fred M. Fairchild,Fairchild,,,male,Licentiate,,Chesapeake Conference,Columbia Union Conference,Chesapeake,,,United States
1908,40,E. R. Nutter,Nutter,,,male,Missionary Licentiate,,Chesapeake Conference,Columbia Union Conference,Chesapeake,,"Baltimore, Md.",United States
1908,40,G. H. Clark,Clark,,,male,Missionary Licentiate,,Chesapeake Conference,Columbia Union Conference,Chesapeake,,"Baltimore, Md.",United States
1908,40,W. R. Pohle,Pohle,,,male,Missionary Licentiate,,Chesapeake Conference,Columbia Union Conference,Chesapeake,,"Baltimore, Md.",United States
1908,40,W. H. Loose,Loose,,,male,Missionary Licentiate,,Chesapeake Conference,Columbia Union Conference,Chesapeake,,"Baltimore, Md.",United States
1908,40,Lula Tarbell Leary,Leary,Mrs.,,female,Missionary Licentiate,,Chesapeake Conference,Columbia Union Conference,Chesapeake,,"Fords Store, Md.",United States
1908,40,Emma S. Newcomer,Newcomer,Miss,,female,Missionary Licentiate,,Chesapeake Conference,Columbia Union Conference,Chesapeake,,"Hagerstown, Md.",United States
1908,40,Mary Rice,Rice,Miss,,female,Missionary Licentiate,,Chesapeake Conference,Columbia Union Conference,Chesapeake,,"Cumberland, Md.",United States
1908,40,Mae Willis,Willis,Miss,,female,Missionary Licentiate,,Chesapeake Conference,Columbia Union Conference,Chesapeake,,"Cheswold, Del.",United States
1908,40,Anna V. Worrall,Worrall,Miss,,female,Church-School Teacher,,Chesapeake Conference,Columbia Union Conference,Chesapeake,,"Rock Hall, Md.",United States
1908,40,Mary Rice,Rice,Miss,,female,Church-School Teacher,,Chesapeake Conference,Columbia Union Conference,Chesapeake,,"Cumberland, Md.",United States
1908,40,Elsie Sewell,Sewell,Miss,,female,Church-School Teacher,,Chesapeake Conference,Columbia Union Conference,Chesapeake,,,United States
1908,40,W. H. Heckman,Heckman,,,male,President,,Eastern Pennsylvania Conference,Columbia Union Conference,Eastern Pennsylvania,,"Philadelphia, Pa.",United States
1908,40,O. O. Bernstein,Bernstein,,,male,Vice-President,,Eastern Pennsylvania Conference,Columbia Union Conference,Eastern Pennsylvania,,"Philadelphia, Pa.",United States
1908,40,V. H. Cook,Cook,,,male,Secretary and Treasurer of Conference and Tract Society,office address,Eastern Pennsylvania Conference,Columbia Union Conference,Eastern Pennsylvania,,"Philadelphia, Pa.",United States
1908,40,G. W. Holman,Holman,,,male,Field Missionary Agent,,Eastern Pennsylvania Conference,Columbia Union Conference,Eastern Pennsylvania,,"Lancaster, Pa.",United States
1908,40,Sue M. Andrews,Andrews,Miss,,female,Secretary,Sabbath-school and Young People's Departments,Eastern Pennsylvania Conference,Columbia Union Conference,Eastern Pennsylvania,,"Philadelphia, Pa.",United States
1908,40,V. H. Cook,Cook,,,male,Treasurer,Sabbath-school and Young People's Departments,Eastern Pennsylvania Conference,Columbia Union Conference,Eastern Pennsylvania,,"Philadelphia, Pa.",United States
1908,41,W. H. Heckman,Heckman,,,male,Executive Committee,,Eastern Pennsylvania Conference,Columbia Union Conference,Eastern Pennsylvania,,"Philadelphia, Pa.",United States
1908,41,O. O. Bernstein,Bernstein,,,male,Executive Committee,,Eastern Pennsylvania Conference,Columbia Union Conference,Eastern Pennsylvania,,,United States
1908,41,V. H. Cook,Cook,,,male,Executive Committee,,Eastern Pennsylvania Conference,Columbia Union Conference,Eastern Pennsylvania,,,United States
1908,41,Henry Baumgartner,Baumgartner,,,male,Executive Committee,,Eastern Pennsylvania Conference,Columbia Union Conference,Eastern Pennsylvania,,,United States
1908,41,I. M. Martin,Martin,,,male,Executive Committee,,Eastern Pennsylvania Conference,Columbia Union Conference,Eastern Pennsylvania,,,United States
1908,41,C. S. Wiest,Wiest,,,male,Executive Committee,,Eastern Pennsylvania Conference,Columbia Union Conference,Eastern Pennsylvania,,,United States
1908,41,W. H. Heckman,Heckman,,,male,Minister,,Eastern Pennsylvania Conference,Columbia Union Conference,Eastern Pennsylvania,,"Philadelphia, Pa.",United States
1908,41,J. H. Krum,Krum,,,male,Minister,,Eastern Pennsylvania Conference,Columbia Union Conference,Eastern Pennsylvania,,"Fritztown, Pa.",United States
1908,41,O. O. Bernstein,Bernstein,,,male,Minister,,Eastern Pennsylvania Conference,Columbia Union Conference,Eastern Pennsylvania,,"Philadelphia, Pa.",United States
1908,41,Chas. Baierle,Baierle,,,male,Minister,,Eastern Pennsylvania Conference,Columbia Union Conference,Eastern Pennsylvania,,"East Stroudsburg, Pa.",United States
1908,41,Henry Meyer,Meyer,,,male,Minister,,Eastern Pennsylvania Conference,Columbia Union Conference,Eastern Pennsylvania,,"Philadelphia, Pa.",United States
1908,41,A. R. Bell,Bell,,,male,Minister,,Eastern Pennsylvania Conference,Columbia Union Conference,Eastern Pennsylvania,,"Harrisburg, Pa.",United States
1908,41,C. E. Hilton,Hilton,,,male,Licentiate,,Eastern Pennsylvania Conference,Columbia Union Conference,Eastern Pennsylvania,,"Pottstown, Pa.",United States
1908,41,I. M. Martin,Martin,,,male,Licentiate,,Eastern Pennsylvania Conference,Columbia Union Conference,Eastern Pennsylvania,,"Philadelphia, Pa.",United States
1908,41,Chas. S. Wiest,Wiest,,,male,Licentiate,,Eastern Pennsylvania Conference,Columbia Union Conference,Eastern Pennsylvania,,"Williamsport, Pa.",United States
1908,41,B. M. Heald,Heald,,,male,Licentiate,,Eastern Pennsylvania Conference,Columbia Union Conference,Eastern Pennsylvania,,"Philadelphia, Pa.",United States
1908,41,V. H. Cook,Cook,,,male,Missionary Licentiate,,Eastern Pennsylvania Conference,Columbia Union Conference,Eastern Pennsylvania,,"Philadelphia, Pa.",United States
1908,41,Miss Jessie Weiss,Weiss,Miss,,female,Missionary Licentiate,,Eastern Pennsylvania Conference,Columbia Union Conference,Eastern Pennsylvania,,"Kingston, Pa.",United States
1908,41,Miss Nellie B. Underwood,Underwood,Miss,,female,Missionary Licentiate,,Eastern Pennsylvania Conference,Columbia Union Conference,Eastern Pennsylvania,,"Philadelphia, Pa.",United States
1908,41,Miss Sue M. Andrews,Andrews,Miss,,female,Missionary Licentiate,,Eastern Pennsylvania Conference,Columbia Union Conference,Eastern Pennsylvania,,"Philadelphia, Pa.",United States
1908,41,W. T. Hilgert,Hilgert,,,male,Missionary Licentiate,,Eastern Pennsylvania Conference,Columbia Union Conference,Eastern Pennsylvania,,,United States
1908,41,Chas. S. Baum,Baum,,,male,Missionary Licentiate,,Eastern Pennsylvania Conference,Columbia Union Conference,Eastern Pennsylvania,,"South Lancaster, Mass.",United States
1908,41,Miss Frances Dinsmore,Dinsmore,Miss,,female,Missionary Licentiate,,Eastern Pennsylvania Conference,Columbia Union Conference,Eastern Pennsylvania,,"Philadelphia, Pa.",United States
1908,41,Miss Carrie Scott,Scott,Miss,,female,Missionary Licentiate,,Eastern Pennsylvania Conference,Columbia Union Conference,Eastern Pennsylvania,,"Philadelphia, Pa.",United States
1908,41,Henry Baumgartner,Baumgartner,,,male,Missionary Licentiate,,Eastern Pennsylvania Conference,Columbia Union Conference,Eastern Pennsylvania,,"Vera Cruz, Pa.",United States
1908,41,Mrs. Retta Gemberling,Gemberling,Mrs.,,female,Missionary Licentiate,,Eastern Pennsylvania Conference,Columbia Union Conference,Eastern Pennsylvania,,"Jersey Shore, Pa.",United States
1908,41,Fred Lee,Lee,,,male,Missionary Licentiate,,Eastern Pennsylvania Conference,Columbia Union Conference,Eastern Pennsylvania,,"South Lancaster, Mass.",United States
1908,41,G. F. B. Unger,Unger,,,male,Missionary Licentiate,,Eastern Pennsylvania Conference,Columbia Union Conference,Eastern Pennsylvania,,"Vera Cruz, Pa.",United States
1908,41,J. W. Hirlinger,Hirlinger,,,male,Missionary Licentiate,,Eastern Pennsylvania Conference,Columbia Union Conference,Eastern Pennsylvania,,"Lancaster, Pa.",United States
1908,41,H. Langenberg,Langenberg,,,male,Missionary Licentiate,,Eastern Pennsylvania Conference,Columbia Union Conference,Eastern Pennsylvania,,"Philadelphia, Pa.",United States
1908,41,Mrs. H. Langenberg,Langenberg,Mrs.,,female,Missionary Licentiate,,Eastern Pennsylvania Conference,Columbia Union Conference,Eastern Pennsylvania,,"Philadelphia, Pa.",United States
1908,41,R. A. Beckner,Beckner,,,male,Missionary Licentiate,,Eastern Pennsylvania Conference,Columbia Union Conference,Eastern Pennsylvania,,"South Lancaster, Pa.",United States
1908,41,G. W. Holman,Holman,,,male,Missionary Licentiate,,Eastern Pennsylvania Conference,Columbia Union Conference,Eastern Pennsylvania,,"Lancaster, Pa.",United States
1908,41,J. H. Koenig,Koenig,,,male,Missionary Licentiate,,Eastern Pennsylvania Conference,Columbia Union Conference,Eastern Pennsylvania,,"Philadelphia, Pa.",United States
1908,41,B. F. Kneeland,Kneeland,,,male,President,,New Jersey Conference,Columbia Union Conference,New Jersey,,"Trenton, N. J.",United States
1908,41,D. K. Royer,Royer,,,male,Secretary and Treasurer of Conference and Tract Society,,New Jersey Conference,Columbia Union Conference,New Jersey,,"Trenton, N. J.",United States
1908,41,Geo. W. Spies,Spies,,,male,Secretary,Religious Liberty Department,New Jersey Conference,Columbia Union Conference,New Jersey,,"Camden, N. J.",United States
1908,41,Mrs. Anna E. Rambo,Rambo,Mrs.,,female,Secretary,"Sabbath-school, Young People's, and Educational Departments",New Jersey Conference,Columbia Union Conference,New Jersey,,"Fairton, N. J.",United States
1908,41,B. F. Kneeland,Kneeland,,,male,Executive Committee,,New Jersey Conference,Columbia Union Conference,New Jersey,,"Trenton, N. J.",United States
1908,41,Geo. W. Spies,Spies,,,male,Executive Committee,,New Jersey Conference,Columbia Union Conference,New Jersey,,,United States
1908,41,J. G. Hanhardt,Hanhardt,,,male,Executive Committee,,New Jersey Conference,Columbia Union Conference,New Jersey,,,United States
1908,41,Geo. E. Leslie,Leslie,,,male,Executive Committee,,New Jersey Conference,Columbia Union Conference,New Jersey,,,United States
1908,41,H. J. Adams,Adams,,,male,Executive Committee,,New Jersey Conference,Columbia Union Conference,New Jersey,,,United States
1908,41,B. F. Kneeland,Kneeland,,,male,"Trustee, President",New Jersey Conference Association of Seventh-day Adventists,New Jersey Conference,Columbia Union Conference,New Jersey,New Jersey Conference Association of Seventh-day Adventists,"Trenton, N. J.",United States
1908,41,H. J. Adams,Adams,,,male,"Trustee, Vice-President",New Jersey Conference Association of Seventh-day Adventists,New Jersey Conference,Columbia Union Conference,New Jersey,New Jersey Conference Association of Seventh-day Adventists,,United States
1908,41,D. K. Royer,Royer,,,male,"Trustee, Secretary and Treasurer",New Jersey Conference Association of Seventh-day Adventists,New Jersey Conference,Columbia Union Conference,New Jersey,New Jersey Conference Association of Seventh-day Adventists,,United States
1908,41,Geo. W. Spies,Spies,,,male,Trustee,New Jersey Conference Association of Seventh-day Adventists,New Jersey Conference,Columbia Union Conference,New Jersey,New Jersey Conference Association of Seventh-day Adventists,,United States
1908,41,R. E. Pennington,Pennington,,,male,Trustee,New Jersey Conference Association of Seventh-day Adventists,New Jersey Conference,Columbia Union Conference,New Jersey,New Jersey Conference Association of Seventh-day Adventists,,United States
1908,41,B. J. Blinn,Blinn,,,male,Trustee,New Jersey Conference Association of Seventh-day Adventists,New Jersey Conference,Columbia Union Conference,New Jersey,New Jersey Conference Association of Seventh-day Adventists,,United States
1908,41,Geo. E. Leslie,Leslie,,,male,Trustee,New Jersey Conference Association of Seventh-day Adventists,New Jersey Conference,Columbia Union Conference,New Jersey,New Jersey Conference Association of Seventh-day Adventists,,United States
1908,41,B. F. Kneeland,Kneeland,,,male,Minister,,New Jersey Conference,Columbia Union Conference,New Jersey,,"Trenton, N. J.",United States
1908,20,R. R. Cook,Cook,,,male,Missionary,,General Conference,General Organizations,General Conference,,"Simultalla, E. I. R., India",India
1908,20,Mrs. Lucy B. Cook,Cook,Mrs.,,female,Missionary,,General Conference,General Organizations,General Conference,,"Simultalla, E. I. R., India",India
1908,20,O. R. Cooper,Cooper,,,male,Missionary,,General Conference,General Organizations,General Conference,,"Siang Cheng Hsien, Honan, China",China
1908,20,Mrs. O. R. Cooper,Cooper,Mrs.,,female,Missionary,,General Conference,General Organizations,General Conference,,"Siang Cheng Hsien, Honan, China",China
1908,20,Mrs. R. F. Cottrell,Cottrell,Mrs.,,female,Missionary,,General Conference,General Organizations,General Conference,,"Changsha, Hunan, China",China
1908,20,C. C. Crisler,Crisler,,,male,Missionary,,General Conference,General Organizations,General Conference,,"Sanitarium, Cal.",United States
1908,20,E. C. Cushman,Cushman,,,male,Missionary,,General Conference,General Organizations,General Conference,,"Riversdale, Jamaica, West Indies",West Indies
1908,20,R. P. Dauphin,Dauphin,,,male,Missionary,,General Conference,General Organizations,General Conference,,"Freetown, Sierra Leone, West Africa",Africa
1908,20,Dr. W. C. Dunscombe,Dunscombe,Dr.,,male,Missionary,,General Conference,General Organizations,General Conference,,"42 Yamamoto-dori, Nichome, Kobe, Japan",Japan
1908,20,Mrs. Hattie Dunscombe,Dunscombe,Mrs.,,female,Missionary,,General Conference,General Organizations,General Conference,,"42 Yamamoto-dori, Nichome, Kobe, Japan",Japan
1908,20,Mrs. Bertha M. Enoch,Enoch,Mrs.,,female,Missionary,,General Conference,General Organizations,General Conference,,"39-1 Free School St., Calcutta, India",India
1908,20,Matilda Erickson,Erickson,,,female,Missionary,,General Conference,General Organizations,General Conference,,"Takoma Park Station, Washington, D. C.",United States
1908,20,J. W. Erkenbeck,Erkenbeck,,,male,Missionary,,General Conference,General Organizations,General Conference,,"Hotel Americano, Ameca, Jalisco, Mexico",Mexico
1908,20,Mrs. V. J. Farnsworth,Farnsworth,Mrs.,,female,Missionary,,General Conference,General Organizations,General Conference,,"South Lancaster, Mass.",United States
1908,20,U. C. Fattebert,Fattebert,,,male,Missionary,,General Conference,General Organizations,General Conference,,"San Luis Potosi, Mexico",Mexico
1908,20,Mrs. Helen I. Fattebert,Fattebert,Mrs.,,female,Missionary,,General Conference,General Organizations,General Conference,,"San Luis Potosi, Mexico",Mexico
1908,20,Mrs. F. W. Field,Field,Mrs.,,female,Missionary,,General Conference,General Organizations,General Conference,,"30 Oiwake-cho, Hongo-ku, Tokyo, Japan",Japan
1908,20,W. E. Gillis,Gillis,,,male,Missionary,,General Conference,General Organizations,General Conference,,"1426 Avenue 20, Tacubaya, D. F., Mexico",Mexico
1908,20,Mrs. Bessie L. Hankins,Hankins,Mrs.,,female,Missionary,,General Conference,General Organizations,General Conference,,"Kulangsu, Amoy, China",China
1908,20,L. F. Hansen,Hansen,,,male,Missionary,,General Conference,General Organizations,General Conference,,"Midlands, Mussoorie, India",India
1908,20,Mrs. L. F. Hansen,Hansen,Mrs.,,female,Missionary,,General Conference,General Organizations,General Conference,,"Midlands, Mussoorie, India",India
1908,20,Hattie Harriman,Harriman,,,female,Missionary,,General Conference,General Organizations,General Conference,,"42 Yamamoto-dori, Nichome, Kobe, Japan",Japan
1908,20,John Herboltzheimer,Herboltzheimer,,,male,Missionary,,General Conference,General Organizations,General Conference,,"42 Yamamoto-dori, Nichome, Kobe, Japan",Japan
1908,20,Mrs. J. Herboltzheimer,Herboltzheimer,Mrs.,,female,Missionary,,General Conference,General Organizations,General Conference,,"42 Yamamoto-dori, Nichome, Kobe, Japan",Japan
1908,20,David Hypo Hla,Hla,,,male,Missionary,,General Conference,General Organizations,General Conference,,"60 Vinton Road, Kemmendine, Rangoon, Burma",Burma
1908,20,R. S. Ingersoll,Ingersoll,,,male,Missionary,on furlough in United States,General Conference,General Organizations,General Conference,,,United States
1908,20,Mrs. Olive P. Ingersoll,Ingersoll,Mrs.,,female,Missionary,on furlough in United States,General Conference,General Organizations,General Conference,,,United States
1908,20,Mrs. J. S. James,James,Mrs.,,female,Missionary,,General Conference,General Organizations,General Conference,,"Cleaveland Town Post-office, Bangalore, India",India
1908,20,H. J. Jewell,Jewell,,,male,Missionary,,General Conference,General Organizations,General Conference,,"50 Park St., Calcutta, India",India
1908,20,Daisy Jewett,Jewett,,,female,Missionary,,General Conference,General Organizations,General Conference,,"50 Park St., Calcutta, India",India
1908,20,Miss Rachel Johnson,Johnson,Miss,,female,Missionary,,General Conference,General Organizations,General Conference,,"50 Park St., Calcutta, India",India
1908,20,Law Keem,Keem,,M. D.,male,Missionary,,General Conference,General Organizations,General Conference,,"Fat Shan, via Canton, China",China
1908,20,Mrs. Edith M. Keem,Keem,Mrs.,,female,Missionary,,General Conference,General Organizations,General Conference,,"Fat Shan, via Canton, China",China
1908,20,Miss Bertha J. King,King,Miss,,female,Missionary,,General Conference,General Organizations,General Conference,,"Annfield House, Mussoorie, India",India
1908,20,Miss Bertha Kurtz,Kurtz,Miss,,female,Missionary,,General Conference,General Organizations,General Conference,,"11 East Canal Road, Debra Dun, India",India
1908,20,Dr. Emma Perrine Laird,Laird,Dr.,,female,Missionary,,General Conference,General Organizations,General Conference,,"Changsha, Hunan, China",China
1908,20,Mrs. J. C. Little,Little,Mrs.,,female,Missionary,,General Conference,General Organizations,General Conference,,"Karmatar, E. T. R., India",India
1908,20,Sara MacEnterfer,MacEnterfer,,,female,Missionary,,General Conference,General Organizations,General Conference,,"Sanitarium, Cal.",United States
1908,20,Mrs. Thekla B. Mackey,Mackey,Mrs.,,female,Missionary,,General Conference,General Organizations,General Conference,,"39-1 Free School St., Calcutta, India",India
1908,20,Miss May Mah,Mah,Miss,,female,Missionary,,General Conference,General Organizations,General Conference,,"60 Vinton Road, Kemmendine, Rangoon, Burma",Burma
1908,20,Maung Maung,Maung,,,male,Missionary,,General Conference,General Organizations,General Conference,,"116 Cowasjbe Terrace, Montgomery Road, Rangoon, Burma",Burma
1908,20,Mrs. L. L. McCamley,McCamley,Mrs.,,female,Missionary,,General Conference,General Organizations,General Conference,,"Annfield House, Mussoorie, India",India
1908,20,Miss Ella McIntyre,McIntyre,Miss,,female,Missionary,,General Conference,General Organizations,General Conference,,"50 Park St., Calcutta, India",India
1908,20,Dr. H. C. Menkel,Menkel,Dr.,,male,Missionary,,General Conference,General Organizations,General Conference,,"50 Park St., Calcutta, India",India
1908,20,Mrs. May P. Menkel,Menkel,Mrs.,,female,Missionary,,General Conference,General Organizations,General Conference,,"50 Park St., Calcutta, India",India
1908,20,Mrs. Ruth M. Miller,Miller,Mrs.,,female,Missionary,,General Conference,General Organizations,General Conference,,"39-1 Free School St., Calcutta, India",India
1908,20,Mrs. Marie Miller,Miller,Mrs.,,female,Missionary,,General Conference,General Organizations,General Conference,,"Sin Yang Cheo, Honan, via Hankow, China",China
1908,20,A. C. Mookerjee,Mookerjee,,,male,Missionary,,General Conference,General Organizations,General Conference,,"22 Old Boytokhana, 2d Lane, Calcutta, India",India
1908,20,Claude E. Morgan,Morgan,,,male,Missionary,,General Conference,General Organizations,General Conference,,"Box 105, Belize, British Honduras, Central America",Central America
1908,20,Mrs. C. E. Morgan,Morgan,Mrs.,,female,Missionary,,General Conference,General Organizations,General Conference,,"Box 105, Belize, British Honduras, Central America",Central America
1908,33,G. A. Droll,Droll,Dr.,,male,Committee Member,Sanitarium Board of Managers,Central Union Conference,,Central Union,,"College View, Nebr.",United States
1908,33,F. M. Wilcox,Wilcox,,,male,Chairman,Sanitarium Board of Managers,Central Union Conference,,Central Union,,"College View, Nebr.",United States
1908,33,B. E. Huffman,Huffman,,,male,Chairman,Educational Advisory Board,Central Union Conference,,Central Union,,"College View, Nebr.",United States
1908,33,E. T. Russell,Russell,,,male,Member,"Official Board, Christian Record and work for the blind",Central Union Conference,,Central Union,,"College View, Nebr.",United States
1908,33,N. B. Emerson,Emerson,,,male,Member,"Official Board, Christian Record and work for the blind",Central Union Conference,,Central Union,,"College View, Nebr.",United States
1908,33,D. R. Callahan,Callahan,,,male,Member,"Official Board, Christian Record and work for the blind",Central Union Conference,,Central Union,,"College View, Nebr.",United States
1908,33,F. F. Byington,Byington,,,male,Member,"Official Board, Christian Record and work for the blind",Central Union Conference,,Central Union,,"College View, Nebr.",United States
1908,33,B. E. Huffman,Huffman,,,male,Member,Editorial Committee,Central Union Conference,,Central Union,,"College View, Nebr.",United States
1908,33,E. T. Russell,Russell,,,male,Member,Editorial Committee,Central Union Conference,,Central Union,,"College View, Nebr.",United States
1908,33,C. N. Roberts,Roberts,,,male,Member,Editorial Committee,Central Union Conference,,Central Union,,"College View, Nebr.",United States
1908,33,J. S. Hart,Hart,,,male,Member,Editorial Committee,Central Union Conference,,Central Union,,"College View, Nebr.",United States
1908,33,N. B. Emerson,Emerson,,,male,Treasurer,Editorial Committee,Central Union Conference,,Central Union,,"College View, Nebr.",United States
1908,33,Florence Emerson,Emerson,Mrs.,,female,Secretary,Editorial Committee,Central Union Conference,,Central Union,,"College View, Nebr.",United States
1908,33,E. T. Russell,Russell,,,male,Trustee,Central Union Conference Association of Seventh-day Adventists,Central Union Conference,,Central Union,,"College View, Nebr.",United States
1908,33,D. R. Callahan,Callahan,,,male,Trustee,Central Union Conference Association of Seventh-day Adventists,Central Union Conference,,Central Union,,"College View, Nebr.",United States
1908,33,N. B. Emerson,Emerson,,,male,Trustee,Central Union Conference Association of Seventh-day Adventists,Central Union Conference,,Central Union,,"College View, Nebr.",United States
1908,33,F. F. Byington,Byington,,,male,Trustee,Central Union Conference Association of Seventh-day Adventists,Central Union Conference,,Central Union,,"College View, Nebr.",United States
1908,33,J. H. Morrison,Morrison,,,male,Trustee,Central Union Conference Association of Seventh-day Adventists,Central Union Conference,,Central Union,,"College View, Nebr.",United States
1908,33,E. T. Russell,Russell,,,male,Minister,,Central Union Conference,,Central Union,,"College View, Nebr.",United States
1908,33,J. H. Morrison,Morrison,,,male,Minister,,Central Union Conference,,Central Union,,"College View, Nebr.",United States
1908,33,C. C. Lewis,Lewis,,,male,Minister,,Central Union Conference,,Central Union,,"College View, Nebr.",United States
1908,33,B. E. Huffman,Huffman,,,male,Minister,,Central Union Conference,,Central Union,,"College View, Nebr.",United States
1908,33,August Anderson,Anderson,,,male,Minister,,Central Union Conference,,Central Union,,"College View, Nebr.",United States
1908,33,S. M. Butler,Butler,,,male,Minister,,Central Union Conference,,Central Union,,"College View, Nebr.",United States
1908,33,E. E. Farnsworth,Farnsworth,,,male,Minister,,Central Union Conference,,Central Union,,"College View, Nebr.",United States
1908,33,G. A. Grauer,Grauer,,,male,Minister,,Central Union Conference,,Central Union,,"College View, Nebr.",United States
1908,33,P. E. Berthelsen,Berthelsen,,,male,Minister,,Central Union Conference,,Central Union,,"College View, Nebr.",United States
1908,33,Meade MacGuire,MacGuire,,,male,Minister,,Central Union Conference,,Central Union,,"1112 Kalamath St., Denver, Colo.",United States
1908,33,J. F. Beatty,Beatty,,,male,Licentiate,,Central Union Conference,,Central Union,,"College View, Nebr.",United States
1908,33,F. F. Byington,Byington,,,male,Licentiate,,Central Union Conference,,Central Union,,"College View, Nebr.",United States
1908,33,N. B. Emerson,Emerson,,,male,Licentiate,,Central Union Conference,,Central Union,,"College View, Nebr.",United States
1908,33,E. C. Kellogg,Kellogg,,,male,Licentiate,,Central Union Conference,,Central Union,,"College View, Nebr.",United States
1908,33,C. G. Bellah,Bellah,,,male,Licentiate,,Central Union Conference,,Central Union,,"1109 East Twelfth St., Kansas City, Mo.",United States
1908,33,A. Swedberg,Swedberg,,,male,Missionary Licentiate,,Central Union Conference,,Central Union,,"College View, Nebr.",United States
1908,33,Elizabeth Lewis,Lewis,Mrs.,,female,Missionary Licentiate,,Central Union Conference,,Central Union,,"College View, Nebr.",United States
1908,33,Winifred Peebles,Peebles,,,female,Missionary Licentiate,,Central Union Conference,,Central Union,,"College View, Nebr.",United States
1908,33,C. T. Cavaness,Cavaness,,,male,Missionary Licentiate,,Central Union Conference,,Central Union,,"College View, Nebr.",United States
1908,33,Mettie Cornell,Cornell,,,female,Missionary Licentiate,,Central Union Conference,,Central Union,,"College View, Nebr.",United States
1908,33,C. N. Roberts,Roberts,,,male,Missionary Licentiate,,Central Union Conference,,Central Union,,"College View, Nebr.",United States
1908,33,Otto Schwedrat,Schwedrat,,,male,Missionary Licentiate,,Central Union Conference,,Central Union,,"College View, Nebr.",United States
1908,33,Sarah E. Peck,Peck,,,female,Missionary Licentiate,,Central Union Conference,,Central Union,,"College View, Nebr.",United States
1908,33,Belle Emerson,Emerson,Mrs.,,female,Missionary Licentiate,,Central Union Conference,,Central Union,,"College View, Nebr.",United States
1908,33,H. A. Morrison,Morrison,,,male,Missionary Licentiate,,Central Union Conference,,Central Union,,"College View, Nebr.",United States
1908,33,B. R. Shryock,Shryock,,,male,Missionary Licentiate,,Central Union Conference,,Central Union,,"College View, Nebr.",United States
1908,33,Mertie Wheeler,Wheeler,,,female,Missionary Licentiate,,Central Union Conference,,Central Union,,"College View, Nebr.",United States
1908,33,Elsa Northrup,Northrup,,,female,Missionary Licentiate,,Central Union Conference,,Central Union,,"College View, Nebr.",United States
1908,33,Elsie Andrews,Andrews,,,female,Missionary Licentiate,,Central Union Conference,,Central Union,,"College View, Nebr.",United States
1908,33,T. M. French,French,,,male,Missionary Licentiate,,Central Union Conference,,Central Union,,"College View, Nebr.",United States
1908,33,Hansigne Strange,Strange,,,,Missionary Licentiate,,Central Union Conference,,Central Union,,"College View, Nebr.",United States
1908,33,Rudolph Schopback,Schopback,,,male,Missionary Licentiate,,Central Union Conference,,Central Union,,"College View, Nebr.",United States
1908,33,E. E. Boden,Boden,,,male,Missionary Licentiate,,Central Union Conference,,Central Union,,"College View, Nebr.",United States
1908,33,E. C. Witzke,Witzke,,,male,Missionary Licentiate,,Central Union Conference,,Central Union,,"College View, Nebr.",United States
1908,33,L. L. Caviness,Caviness,,,male,Missionary Licentiate,,Central Union Conference,,Central Union,,"College View, Nebr.",United States
1908,33,G. F. Watson,Watson,,,male,President,,Colorado Conference,Central Union Conference,Colorado,,"Palisades, Colo.",United States
1908,33,F. M. Wilcox,Wilcox,,,male,Vice-President,,Colorado Conference,Central Union Conference,Colorado,Colorado Sanitarium,"Boulder, Colo.",United States
1908,33,Meade Mac Guire,Mac Guire,,,male,Secretary,,Colorado Conference,Central Union Conference,Colorado,,"1112 Kalamath St., Denver, Colo.",United States
1908,33,M. Mac Guire,Mac Guire,Mrs.,,female,Treasurer,,Colorado Conference,Central Union Conference,Colorado,,"1112 Kalamath St., Denver, Colo.",United States
1908,33,G. F. Watson,Watson,,,male,Executive Committee Member,,Colorado Conference,Central Union Conference,Colorado,,"Palisades, Colo.",United States
1908,33,F. M. Wilcox,Wilcox,,,male,Executive Committee Member,,Colorado Conference,Central Union Conference,Colorado,,"Boulder, Colo.",United States
1908,33,Meade MacGuire,MacGuire,,,male,Executive Committee Member,,Colorado Conference,Central Union Conference,Colorado,,"1112 Kalamath St., Denver, Colo.",United States
1908,33,W. F. Kennedy,Kennedy,,,male,Executive Committee Member,,Colorado Conference,Central Union Conference,Colorado,,"Denver, Colo.",United States
1908,33,M. Mackintosh,Mackintosh,,,male,Executive Committee Member,,Colorado Conference,Central Union Conference,Colorado,,"Denver, Colo.",United States
1908,33,M. Mac Guire,Mac Guire,Mrs.,,female,Secretary and Treasurer,Tract Society Department,Colorado Conference,Central Union Conference,Colorado,,"1112 Kalamath St., Denver, Colo.",United States
1908,33,J. J. Jobe,Jobe,,,male,Field Missionary Agent,,Colorado Conference,Central Union Conference,Colorado,,"1112 Kalamath St., Denver, Colo.",United States
1908,33,Minnie Mac Guire,Mac Guire,Mrs.,,female,Secretary,Sabbath-school Department,Colorado Conference,Central Union Conference,Colorado,,"1112 Kalamath St., Denver, Colo.",United States
1908,33,R. T. Emery,Emery,,,male,Secretary,Missionary Volunteer Department,Colorado Conference,Central Union Conference,Colorado,,"R. F. D. No. 2, Box 106, Boulder, Colo.",United States
1908,33,M. Mackintosh,Mackintosh,,,male,Secretary,Religious Liberty Department,Colorado Conference,Central Union Conference,Colorado,,"Florence, Colo.",United States
1908,33,C. C. Holbrook,Holbrook,Judge,,male,Trustee,Seventh-day Adventist Association of Colorado,Colorado Conference,Central Union Conference,Colorado,,"Denver, Colo.",United States
1908,33,Watson Ziegler,Ziegler,,,male,Trustee,Seventh-day Adventist Association of Colorado,Colorado Conference,Central Union Conference,Colorado,,"Denver, Colo.",United States
1908,33,G. F. Watson,Watson,,,male,Trustee,Seventh-day Adventist Association of Colorado,Colorado Conference,Central Union Conference,Colorado,,"Denver, Colo.",United States
1908,33,H. M. J. Richards,Richards,,,male,Trustee,Seventh-day Adventist Association of Colorado,Colorado Conference,Central Union Conference,Colorado,,"Denver, Colo.",United States
1908,33,F. M. Wilcox,Wilcox,,,male,Trustee,Seventh-day Adventist Association of Colorado,Colorado Conference,Central Union Conference,Colorado,,"Denver, Colo.",United States
1908,33,Wm. Kennedy,Kennedy,,,male,Trustee,Seventh-day Adventist Association of Colorado,Colorado Conference,Central Union Conference,Colorado,,"Denver, Colo.",United States
1908,33,W. A. Hankins,Hankins,,,male,Board of Education Member,Eastern District,Colorado Conference,Central Union Conference,Colorado,,"Denver, Colo.",United States
1908,33,F. M. Wilcox,Wilcox,,,male,Board of Education Member,Eastern District,Colorado Conference,Central Union Conference,Colorado,,"Denver, Colo.",United States
1908,33,C. H. Parker,Parker,,,male,Board of Education Member,Eastern District,Colorado Conference,Central Union Conference,Colorado,,"Denver, Colo.",United States
1908,33,Robert Beaird,Beaird,,,male,Board of Education Member,Eastern District,Colorado Conference,Central Union Conference,Colorado,,"Denver, Colo.",United States
1908,33,H. M. J. Richards,Richards,,,male,Board of Education Member,Eastern District,Colorado Conference,Central Union Conference,Colorado,,"Denver, Colo.",United States
1908,21,Mrs. Emma L. Morrow,Morrow,Mrs.,,female,,"Box 114, Hamilton, Bermuda Islands",General Organizations,,General Conference,,"Hamilton, Bermuda Islands",Bermuda Islands
1908,21,Mrs. M. Moultrup,Moultrup,Mrs.,,female,,"Sin Yang Cheo, Honan, via Hankow, China",General Organizations,,General Conference,,"Sin Yang Cheo, Honan, China",Asia
1908,21,Dr. Ollie Oberholtzer,Oberholtzer,Dr.,,female,,"Moulmein, Burma",General Organizations,,General Conference,,"Moulmein, Burma",Asia
1908,21,Miss A. O'Connor,O'Connor,Miss,,female,,"39-1 Free School St., Calcutta, India",General Organizations,,General Conference,,"Calcutta, India",Asia
1908,21,Anna Orr,Orr,,,female,,"Cleaveland Town Post office, Bangalore, South India",General Organizations,,General Conference,,"Bangalore, South India",Asia
1908,21,Mrs. Ida Pilquist,Pilquist,Mrs.,,female,,Lo Shan Hsien,General Organizations,,General Conference,,"Lo Shan Hsien, China",Asia
1908,21,Miguel Placencia,Placencia,,,male,,"No. 92, Aranzazu, Guadalajara, Mexico",General Organizations,,General Conference,,"Guadalajara, Mexico",Mexico
1908,21,Mrs. L. Flora Plummer,Plummer,Mrs.,,female,,"Takoma Park Station, Washington, D. C.",General Organizations,,General Conference,,"Washington, D.C.",United States
1908,21,Mrs. M. M. Quantock,Quantock,Mrs.,,female,,"39-1 Free School St., Calcutta, India",General Organizations,,General Conference,,"Calcutta, India",Asia
1908,21,J. H. Reagan,Reagan,,,male,,"50 Park St., Calcutta, India",General Organizations,,General Conference,,"Calcutta, India",Asia
1908,21,B. N. Roberts,Roberts,,,male,,"Sin Yang Cheo, Honan, via Hankow, China",General Organizations,,General Conference,,"Sin Yang Cheo, Honan, China",Asia
1908,21,Mrs. B. N. Roberts,Roberts,Mrs.,,female,,"Sin Yang Cheo, Honan, via Hankow, China",General Organizations,,General Conference,,"Sin Yang Cheo, Honan, China",Asia
1908,21,H. E. Rogers,Rogers,,,male,,"Takoma Park Station, Washington, D. C.",General Organizations,,General Conference,,"Washington, D.C.",United States
1908,21,Miss Mimi Scharffenberg,Scharffenberg,Miss,,female,,"Soonan, Korea",General Organizations,,General Conference,,"Soonan, Korea",Asia
1908,21,Pauline Schilberg,Schilberg,,,female,,"Changsha, Hunan, via Hankow, China",General Organizations,,General Conference,,"Changsha, Hunan, China",Asia
1908,21,J. R. Scott,Scott,,,male,,"109 Harrison Place, Syracuse, N. Y.",General Organizations,,General Conference,,"Syracuse, N.Y.",United States
1908,21,Mrs. Bertha L. Selmon,Selmon,Mrs.,,female,,"Siang Cheng Hsien, Honan, via Hankow, China",General Organizations,,General Conference,,"Siang Cheng Hsien, Honan, China",Asia
1908,21,D. Ella Smith,Smith,,,female,,"Almora, India",General Organizations,,General Conference,,"Almora, India",Asia
1908,21,Mrs. Addie Smith,Smith,Mrs.,,female,,"Soonan, Korea",General Organizations,,General Conference,,"Soonan, Korea",Asia
1908,21,Mrs. Bessie Shaw,Shaw,Mrs.,,female,,"Annfield House, Mussoorie, India",General Organizations,,General Conference,,"Mussoorie, India",Asia
1908,21,C. E. F. Thompson,Thompson,,,male,,"Freetown, Sierra Leone, West Africa",General Organizations,,General Conference,,"Freetown, Sierra Leone, West Africa",Africa
1908,21,Ida Thompson,Thompson,,,female,,"care British Post-office, Canton, China",General Organizations,,General Conference,,"Canton, China",Asia
1908,21,Miss Amanda Vanscoy,Vanscoy,Miss,,female,,"care British Post-office, Canton, China",General Organizations,,General Conference,,"Canton, China",Asia
1908,21,Mrs. Caroline Votaw,Votaw,Mrs.,,female,,"60 Vinton Road, Kemmendine, Rangoon",General Organizations,,General Conference,,"Kemmendine, Rangoon, Burma",Asia
1908,21,A. G. Watson,Watson,,,male,,"Karmatar, E. I. R., India",General Organizations,,General Conference,,"Karmatar, India",Asia
1908,21,Mrs. J. J. Westrup,Westrup,Mrs.,,female,,"Shang Tsai Hsien, Honan, via Hankow, China",General Organizations,,General Conference,,"Shang Tsai Hsien, Honan, China",Asia
1908,21,Samantha E. Whiteis,Whiteis,,,female,,"Karmatar, E. I. R., India (In U. S. on furlough.)",General Organizations,,General Conference,,"Karmatar, India",Asia
1908,21,E. H. Wilbur,Wilbur,,,male,,"Kong Mun, via Hong Kong, China",General Organizations,,General Conference,,"Kong Mun, China",Asia
1908,21,Mrs. Susan H. Wilbur,Wilbur,Mrs.,,female,,"Kong Mun, via Hong Kong, China",General Organizations,,General Conference,,"Kong Mun, China",Asia
1908,21,A. Helen Wilcox,Wilcox,,,female,,"50 Park St., Calcutta, India",General Organizations,,General Conference,,"Calcutta, India",Asia
1908,21,H. H. Winslow,Winslow,,,male,,"Shanghai, China",General Organizations,,General Conference,,"Shanghai, China",Asia
1908,21,Mrs. H. H. Winslow,Winslow,Mrs.,,female,,"Shanghai, China",General Organizations,,General Conference,,"Shanghai, China",Asia
1908,21,Miss Bessie Young,Young,Miss,,female,,"42 Yamamoto-dori, Nichome, Kobe, Japan",General Organizations,,General Conference,,"Kobe, Japan",Asia
1908,21,A. G. Daniells,Daniells,,,male,Constituency Member,,District of Columbia and Takoma Park,,District of Columbia,,"Washington, D.C.",United States
1908,21,I. H. Evans,Evans,,,male,Constituency Member,,District of Columbia and Takoma Park,,District of Columbia,,"Washington, D.C.",United States
1908,21,K. C. Russell,Russell,,,male,Constituency Member,,District of Columbia and Takoma Park,,District of Columbia,,"Washington, D.C.",United States
1908,21,G. B. Thompson,Thompson,,,male,Constituency Member,,District of Columbia and Takoma Park,,District of Columbia,,"Washington, D.C.",United States
1908,21,H. R. Salisbury,Salisbury,,,male,Constituency Member,,District of Columbia and Takoma Park,,District of Columbia,,"Washington, D.C.",United States
1908,21,D. H. Kress,Kress,,,male,Constituency Member,,District of Columbia and Takoma Park,,District of Columbia,,"Washington, D.C.",United States
1908,21,W. W. Prescott,Prescott,,,male,Constituency Member,,District of Columbia and Takoma Park,,District of Columbia,,"Washington, D.C.",United States
1908,21,M. C. Strachan,Strachan,,,male,Constituency Member,,District of Columbia and Takoma Park,,District of Columbia,,"Washington, D.C.",United States
1908,21,T. E. Bowen,Bowen,,,male,Constituency Member,,District of Columbia and Takoma Park,,District of Columbia,,"Washington, D.C.",United States
1908,21,H. E. Rogers,Rogers,,,male,Constituency Member,,District of Columbia and Takoma Park,,District of Columbia,,"Washington, D.C.",United States
1908,21,F. G. Atkinson,Atkinson,,,male,Constituency Member,,District of Columbia and Takoma Park,,District of Columbia,,"Washington, D.C.",United States
1908,21,J. N. Gillis,Gillis,,,male,Constituency Member,,District of Columbia and Takoma Park,,District of Columbia,,"Washington, D.C.",United States
1908,21,T. J. Chambers,Chambers,,,male,Constituency Member,,District of Columbia and Takoma Park,,District of Columbia,,"Washington, D.C.",United States
1908,21,N. W. Klopfer,Klopfer,,,male,Constituency Member,,District of Columbia and Takoma Park,,District of Columbia,,"Washington, D.C.",United States
1908,21,A. J. Bristol,Bristol,,,male,Constituency Member,,District of Columbia and Takoma Park,,District of Columbia,,"Washington, D.C.",United States
1908,21,S. N. Curtiss,Curtiss,,,male,Constituency Member,,District of Columbia and Takoma Park,,District of Columbia,,"Washington, D.C.",United States
1908,21,C. H. Hayton,Hayton,,,male,Constituency Member,,District of Columbia and Takoma Park,,District of Columbia,,"Washington, D.C.",United States
1908,21,O. F. Butcher,Butcher,,,male,Constituency Member,,District of Columbia and Takoma Park,,District of Columbia,,"Washington, D.C.",United States
1908,21,Eugene Smith,Smith,,,male,Constituency Member,,District of Columbia and Takoma Park,,District of Columbia,,"Washington, D.C.",United States
1908,21,Geo. W. Washington,Washington,,,male,Constituency Member,,District of Columbia and Takoma Park,,District of Columbia,,"Washington, D.C.",United States
1908,21,I. H. Evans,Evans,,,male,Chairman of the Constituency,,District of Columbia and Takoma Park,,District of Columbia,,"Washington, D.C.",United States
1908,21,H. E. Rogers,Rogers,,,male,Secretary of the Constituency,,District of Columbia and Takoma Park,,District of Columbia,,"Washington, D.C.",United States
1908,21,K. C. Russell,Russell,,,male,Executive Committee Member,Chairman,District of Columbia and Takoma Park,,District of Columbia,,"Washington, D.C.",United States
1908,21,J. H. Neall,Neall,,,male,Executive Committee Member,,District of Columbia and Takoma Park,,District of Columbia,,"Washington, D.C.",United States
1908,21,B. G. Wilkinson,Wilkinson,,,male,Executive Committee Member,,District of Columbia and Takoma Park,,District of Columbia,,"Washington, D.C.",United States
1908,21,M. C. Strachan,Strachan,,,male,Executive Committee Member,,District of Columbia and Takoma Park,,District of Columbia,,"Washington, D.C.",United States
1908,21,D. W. Reavis,Reavis,,,male,Executive Committee Member,,District of Columbia and Takoma Park,,District of Columbia,,"Washington, D.C.",United States
1908,21,Joseph Gillis,Gillis,,,male,Executive Committee Member,,District of Columbia and Takoma Park,,District of Columbia,,"Washington, D.C.",United States
1908,21,G. B. Thompson,Thompson,,,male,Executive Committee Member,,District of Columbia and Takoma Park,,District of Columbia,,"Washington, D.C.",United States
1908,21,K. C. Russell,Russell,,,male,Chairman,,District of Columbia and Takoma Park,,District of Columbia,,"Washington, D.C.",United States
1908,21,H. E. Rogers,Rogers,,,male,Secretary,,District of Columbia and Takoma Park,,District of Columbia,,"Washington, D.C.",United States
1908,21,M. C. Strachan,Strachan,,,male,Minister,"472 Ridge Ave., N. W., Washington, D. C.",District of Columbia and Takoma Park,,District of Columbia,,"Washington, D.C.",United States
1908,19,J. N. Loughborough,Loughborough,,,male,Ordained Minister,,General Conference,General Organizations,General Conference,,"Healdsburg, Cal.",United States
1908,19,Morris Lukens,Lukens,,,male,Ordained Minister,,General Conference,General Organizations,General Conference,,"Takoma Park Station, Washington, D. C.",United States
1908,19,H. W. Miller,Miller,,,male,Ordained Minister,,General Conference,General Organizations,General Conference,,"Sin Yang Cheo, Honan, via Hankow, China",Asia
1908,19,W. W. Miller,Miller,,,male,Ordained Minister,,General Conference,General Organizations,General Conference,,"Calcutta, India",Asia
1908,19,J. A. Morrow,Morrow,,,male,Ordained Minister,,General Conference,General Organizations,General Conference,,"Hamilton, Bermuda Islands",North America
1908,19,S. Mortenson,Mortenson,,,male,Ordained Minister,,General Conference,General Organizations,General Conference,,"Chicago, Ill.",United States
1908,19,J. J. Nethery,Nethery,,,male,Ordained Minister,,General Conference,General Organizations,General Conference,,"Cairo, Egypt",Africa
1908,19,T. H. Okohira,Okohira,,,male,Ordained Minister,,General Conference,General Organizations,General Conference,,"Tokyo, Japan",Asia
1908,19,G. K. Owen,Owen,,,male,Ordained Minister,,General Conference,General Organizations,General Conference,,"Mussoorie, India",Asia
1908,19,E. R. Palmer,Palmer,,,male,Ordained Minister,,General Conference,General Organizations,General Conference,,"Takoma Park Station, Washington, D. C.",United States
1908,19,E. Pilquist,Pilquist,,,male,Ordained Minister,,General Conference,General Organizations,General Conference,,"Lo Shan Hsien, Honan, via Hankow, China",Asia
1908,19,W. W. Prescott,Prescott,,,male,Ordained Minister,,General Conference,General Organizations,General Conference,,"Takoma Park, Washington, D. C.",United States
1908,19,O. E. Reinke,Reinke,,,male,Ordained Minister,,General Conference,General Organizations,General Conference,,"Brooklyn, N. Y.",United States
1908,19,K. C. Russell,Russell,,,male,Ordained Minister,,General Conference,General Organizations,General Conference,,"Takoma Park Station, Washington, D. C.",United States
1908,19,H. R. Salisbury,Salisbury,,,male,Ordained Minister,,General Conference,General Organizations,General Conference,,"Takoma Park Station, Washington, D. C.",United States
1908,19,A. C. Selmon,Selmon,,,male,Ordained Minister,,General Conference,General Organizations,General Conference,,"Siang Cheng Hsien, Honan, via Hankow, China",Asia
1908,19,J. L. Shaw,Shaw,,,male,Ordained Minister,,General Conference,General Organizations,General Conference,,"Calcutta, India",Asia
1908,19,W. R. Smith,Smith,,,male,Ordained Minister,,General Conference,General Organizations,General Conference,,"Soonan, Korea",Asia
1908,19,W. A. Spicer,Spicer,,,male,Ordained Minister,,General Conference,General Organizations,General Conference,,"Takoma Park Station, Washington, D. C.",United States
1908,19,Geo. B. Thompson,Thompson,,,male,Ordained Minister,,General Conference,General Organizations,General Conference,,"Takoma Park Station, Washington, D. C.",United States
1908,19,H. H. Votaw,Votaw,,,male,Ordained Minister,,General Conference,General Organizations,General Conference,,"Kemmendine, Rangoon, Burma",Asia
1908,19,J. J. Westrup,Westrup,,,male,Ordained Minister,,General Conference,General Organizations,General Conference,,"Shang Tsai Hsien, China",Asia
1908,19,Mrs. E. G. White,White,Mrs.,,female,Ordained Minister,,General Conference,General Organizations,General Conference,,"Sanitarium, Napa Co., Cal.",United States
1908,19,W. C. White,White,,,male,Ordained Minister,,General Conference,General Organizations,General Conference,,"Sanitarium, Napa Co., Cal.",United States
1908,19,B. G. Wilkinson,Wilkinson,,,male,Ordained Minister,,General Conference,General Organizations,General Conference,,"Takoma Park, Washington, D. C.",United States
1908,19,W. A. Barlow,Barlow,,,male,Licentiate,,General Conference,General Organizations,General Conference,,"Babolmohol, Simultalla, E. I. R., India",Asia
1908,19,H. F. Benson,Benson,,,male,Licentiate,,General Conference,General Organizations,General Conference,,"Kobe, Japan",Asia
1908,19,T. E. Bowen,Bowen,,,male,Licentiate,,General Conference,General Organizations,General Conference,,"Takoma Park Station, Washington, D. C.",United States
1908,19,A. J. Bristol,Bristol,,,male,Licentiate,,General Conference,General Organizations,General Conference,,"Takoma Park Station, Washington, D. C.",United States
1908,19,W. D. Burden,Burden,,,male,Licentiate,,General Conference,General Organizations,General Conference,,"Tokyo, Japan",Asia
1908,19,J. E. Froom,Froom,,,male,Licentiate,,General Conference,General Organizations,General Conference,,"Boise, Idaho",United States
1908,19,Mrs. H. H. Haskell,Haskell,Mrs.,,female,Licentiate,,General Conference,General Organizations,General Conference,,"Mountain View, Cal.",United States
1908,19,M. E. Kern,Kern,,,male,Licentiate,,General Conference,General Organizations,General Conference,,"Takoma Park Station, Washington, D. C.",United States
1908,19,P. J. Laird,Laird,,,male,Licentiate,,General Conference,General Organizations,General Conference,,"Changsha, Hunan, China",Asia
1908,19,J. W. Lawhead,Lawhead,,,male,Licentiate,,General Conference,General Organizations,General Conference,,"Falls Church, Va.",United States
1908,19,H. B. Meyers,Meyers,,,male,Licentiate,,General Conference,General Organizations,General Conference,,"Bangalore, South India",Asia
1908,19,Dores E. Robinson,Robinson,,,male,Licentiate,,General Conference,General Organizations,General Conference,,"Sanitarium, Cal.",United States
1908,19,W. A. Ruble,Ruble,,,male,Licentiate,,General Conference,General Organizations,General Conference,,"Washington, D. C.",United States
1908,19,C. M. Snow,Snow,,,male,Licentiate,,General Conference,General Organizations,General Conference,,"Takoma Park Station, Washington, D. C.",United States
1908,19,F. A. Allum,Allum,,,male,Missionary Licentiate,,General Conference,General Organizations,General Conference,,"Sin Yang Cheo, Honan, via Hankow, China",Asia
1908,19,Mrs. Eva Allum,Allum,Mrs.,,female,Missionary Licentiate,,General Conference,General Organizations,General Conference,,"Sin Yang Cheo, Honan, via Hankow, China",Asia
1908,19,Mrs. B. L. Anderson,Anderson,Mrs.,,female,Missionary Licentiate,,General Conference,General Organizations,General Conference,,"Kulangsu, Amoy, China",Asia
1908,19,Mrs. Emma T. Anderson,Anderson,Mrs.,,female,Missionary Licentiate,,General Conference,General Organizations,General Conference,,"Canton, China",Asia
1908,19,J. P. Anderson,Anderson,,,male,Missionary Licentiate,,General Conference,General Organizations,General Conference,,"Canton, China",Asia
1908,19,Mrs. Mina Babcock,Babcock,Mrs.,,female,Missionary Licentiate,,General Conference,General Organizations,General Conference,,"Freetown, Sierra Leone, West Africa",Africa
1908,19,Mrs. Helen Benson,Benson,Mrs.,,female,Missionary Licentiate,,General Conference,General Organizations,General Conference,,"Kobe, Japan",Asia
1908,19,Mrs. W. D. Burden,Burden,Mrs.,,female,Missionary Licentiate,,General Conference,General Organizations,General Conference,,"Tokyo, Japan",Asia
1908,19,L. J. Burgess,Burgess,,,male,Missionary Licentiate,,General Conference,General Organizations,General Conference,,"Dehra Dun, India",Asia
1908,19,Mrs. Georgia A. Burgess,Burgess,Mrs.,,female,Missionary Licentiate,,General Conference,General Organizations,General Conference,,"Dehra Dun, India",Asia
1908,19,Mrs. A. F. Burgos,Burgos,Mrs.,,female,Missionary Licentiate,,General Conference,General Organizations,General Conference,,"Tacubaya, D. F., Mexico",North America
1908,19,Della Burroway,Burroway,,,female,Missionary Licentiate,,General Conference,General Organizations,General Conference,,"Karmatar, E. I. R., India",Asia
1908,19,Mrs. G. W. Caviness,Caviness,Mrs.,,female,Missionary Licentiate,,General Conference,General Organizations,General Conference,,"Tacubaya, D. F., Mexico",North America
