yearbook_year,page,name,last_name,prefix,suffix,gender,position,position_information,organization,group,conference,institution_name,location,region
1919,6,S. E. McNeill,McNeill,,,male,Assistant Auditor,,General Conference,,General Conference,,"Takoma Park Station, Washington, D. C.",United States
1919,6,H. E. Rogers,Rogers,,,male,Statistical Secretary,,General Conference,,General Conference,,"Takoma Park Station, Washington, D. C.",United States
1919,6,A. G. Daniells,Daniells,,,male,Committee Member,,General Conference Committee,General,General Conference,,"Takoma Park Station, Washington, D. C.",United States
1919,6,E. E. Andross,Andross,,,male,Committee Member,,General Conference Committee,General,General Conference,,"Takoma Park Station, Washington, D. C.",United States
1919,6,L. R. Conradi,Conradi,,,male,Committee Member,,General Conference Committee,General,General Conference,,"Hamburg, Germany",Europe
1919,6,I. H. Evans,Evans,,,male,Committee Member,,General Conference Committee,General,General Conference,,"Shanghai, China",Eastern Asia
1919,6,J. E. Fulton,Fulton,,,male,Committee Member,,General Conference Committee,General,General Conference,,"Lucknow, India",Asia
1919,6,O. Montgomery,Montgomery,,,male,Committee Member,,General Conference Committee,General,General Conference,,"Buenos Aires, Argentina, South America",South America
1919,6,W. A. Spicer,Spicer,,,male,Committee Member,,General Conference Committee,General,General Conference,,"Takoma Park Station, Washington, D. C.",United States
1919,6,W. T. Knox,Knox,,,male,Committee Member,,General Conference Committee,General,General Conference,,"Takoma Park Station, Washington, D. C.",United States
1919,6,J. L. Shaw,Shaw,,,male,Committee Member,,General Conference Committee,General,General Conference,,"Takoma Park Station, Washington, D. C.",United States
1919,6,W. W. Prescott,Prescott,,,male,Committee Member,,General Conference Committee,General,General Conference,,"Takoma Park, Washington, D. C.",United States
1919,6,G. B. Thompson,Thompson,,,male,Committee Member,,General Conference Committee,General,General Conference,,"Takoma Park, Washington, D. C.",United States
1919,6,R. D. Quinn,Quinn,,,male,President,Atlantic Union Conference,Atlantic Union Conference,Presidents of Union Conferences,Atlantic Union,,"South Lancaster, Mass.",United States
1919,6,R. A. Underwood,Underwood,,,male,President,Central Union Conference,Central Union Conference,Presidents of Union Conferences,Central Union,,"College View, Nebr.",United States
1919,6,F. H. Robbins,Robbins,,,male,President,Columbia Union Conference,Columbia Union Conference,Presidents of Union Conferences,Columbia Union,,"Takoma Park Station, Washington, D. C.",United States
1919,6,A. V. Olson,Olson,,,male,President,Eastern Canadian Union Conference,Eastern Canadian Union Conference,Presidents of Union Conferences,Eastern Canadian Union,,"Oshawa, Ontario, Canada",Canada
1919,6,Wm. Guthrie,Guthrie,,,male,President,Lake Union Conference,Lake Union Conference,Presidents of Union Conferences,Lake Union,,"Berrien Springs, Mich.",United States
1919,6,Chas. Thompson,Thompson,,,male,President,Northern Union Conference,Northern Union Conference,Presidents of Union Conferences,Northern Union,,"Minneapolis, Minn.",United States
1919,6,C. W. Flaiz,Flaiz,,,male,President,North Pacific Union Conference,North Pacific Union Conference,Presidents of Union Conferences,North Pacific Union,,"College Place, Wash.",United States
1919,6,J. W. Christian,Christian,,,male,President,Pacific Union Conference,Pacific Union Conference,Presidents of Union Conferences,Pacific Union,,"Glendale, Cal.",United States
1919,6,W. H. Branson,Branson,,,male,President,Southeastern Union Conference,Southeastern Union Conference,Presidents of Union Conferences,Southeastern Union,,"Atlanta, Ga.",United States
1919,6,S. E. Wight,Wight,,,male,President,Southern Union Conference,Southern Union Conference,Presidents of Union Conferences,Southern Union,,"Nashville, Tenn.",United States
1919,6,Morris Lukens,Lukens,,,male,President,Southwestern Union Conference,Southwestern Union Conference,Presidents of Union Conferences,Southwestern Union,,"Oklahoma City, Okla.",United States
1919,6,C. F. McVagh,McVagh,,,male,President,Western Canadian Union Conference,Western Canadian Union Conference,Presidents of Union Conferences,Western Canadian Union,,"Calgary, Alberta, Canada",Canada
1919,6,G. W. Shubert,Shubert,,,male,President,Central European Union Conference,Central European Union Conference,Presidents of Union Conferences,Central European Union,,"Munich, Germany",Europe
1919,6,J. F. Huenergardt,Huenergardt,,,male,President,Danube Union Conference,Danube Union Conference,Presidents of Union Conferences,Danube Union,,"Budapest I, Hungary",Europe
1919,6,H. F. Schuberth,Schuberth,,,male,President,East German Union Conference,East German Union Conference,Presidents of Union Conferences,East German Union,,"Berlin-Charl., Germany",Europe
1919,6,J. F. Ginter,Ginter,,,male,President,East Russian Union Conference,East Russian Union Conference,Presidents of Union Conferences,East Russian Union,,"Saratov, Russia",Europe
1919,6,H. J. Loebsack,Loebsack,,,male,President,West Russian Union Conference,West Russian Union Conference,Presidents of Union Conferences,West Russian Union,,"Saratov, Russia",Europe
1919,6,O. E. Reinke,Reinke,,,male,President,Siberian Union Mission,Siberian Union Mission,Presidents of Union Conferences,Siberian Union Mission,,"Saratov, Russia",Europe
1919,6,M. N. Campbell,Campbell,,,male,President,British Union Conference,British Union Conference,Presidents of Union Conferences,British Union,,"Watford, Herts, England",Europe
1919,6,L. P. Tieche,Tieche,,,male,President,Latin Union Conference,Latin Union Conference,Presidents of Union Conferences,Latin Union,,"Paris, France",Europe
1919,6,J. C. Raft,Raft,,,male,President,Scandinavian Union Conference,Scandinavian Union Conference,Presidents of Union Conferences,Scandinavian Union,,"Copenhagen, Denmark",Europe
1919,6,J. M. Johanson,Johanson,,,male,President,Japan-Chosen-Manchuria Union Conference,Japan-Chosen-Manchuria Union Conference,Presidents of Union Conferences,Japan-Chosen-Manchuria Union,,"Tokyo, Japan",Eastern Asia
1919,11,C. L. Benson,Benson,,,male,Union Conference Secretary,,Educational Department,General Conference,General Conference,,"College View, Nebr.",United States
1919,11,M. E. Cady,Cady,,,male,Union Conference Secretary,,Educational Department,General Conference,General Conference,,"Berkeley, Cal.",United States
1919,11,W. C. Flaiz,Flaiz,,,male,Union Conference Secretary,,Educational Department,General Conference,General Conference,,"College Place, Wash.",United States
1919,11,M. B. Van Kirk,Van Kirk,,,male,Union Conference Secretary,,Educational Department,General Conference,General Conference,,"Minneapolis, Minn.",United States
1919,11,W. L. Adams,Adams,,,male,Union Conference Secretary,,Educational Department,General Conference,General Conference,,"Oklahoma City, Okla.",United States
1919,11,C. A. Russell,Russell,,,male,Union Conference Secretary,,Educational Department,General Conference,General Conference,,"Berrien Springs, Mich.",United States
1919,11,L. O. Machlan,Machlan,,,male,Union Conference Secretary,,Educational Department,General Conference,General Conference,,"South Lancaster, Mass.",United States
1919,11,J. A. Tucker,Tucker,,,male,Union Conference Secretary,,Educational Department,General Conference,General Conference,,"Atlanta, Ga.",United States
1919,11,J. J. Reiswig,Reiswig,,,male,Union Conference Secretary,,Educational Department,General Conference,General Conference,,"Calgary, Alberta, Canada",Canada
1919,11,N. H. Saunders,Saunders,,,male,Union Conference Secretary,,Educational Department,General Conference,General Conference,,"Toronto, Canada",Canada
1919,11,J. C. Thompson,Thompson,,,male,Union Conference Secretary,,Educational Department,General Conference,General Conference,,"Nashville, Tenn.",United States
1919,11,A. W. Werline,Werline,,,male,Union Conference Secretary,,Educational Department,General Conference,General Conference,,"Washington, D. C.",United States
1919,11,N. S. Ashton,Ashton,,,male,Academy Principal,,Educational Department,General Conference,General Conference,"Academy, Mount Vernon","Mount Vernon, Ohio",United States
1919,11,H. J. Sheldon,Sheldon,,,male,Academy Principal,,Educational Department,General Conference,General Conference,,"Redfield, S. Dak.",United States
1919,11,A. E. Hall,Hall,,,male,Academy Principal,,Educational Department,General Conference,General Conference,,"San Fernando, Cal.",United States
1919,11,Glen Wakeham,Wakeham,,,male,Foreign School Principal,,Educational Department,General Conference,General Conference,,"Stanborough Park, Watford, Herts, England",Europe
1919,11,Paul Steiner,Steiner,,,male,Foreign School Principal,,Educational Department,General Conference,General Conference,,"Gland, Switzerland",Europe
1919,11,Erik Arnesen,Arnesen,,,male,Foreign School Principal,,Educational Department,General Conference,General Conference,,"Christiania, Norway",Europe
1919,11,H. U. Stevens,Stevens,,,male,Foreign School Principal,,Educational Department,General Conference,General Conference,,"Puiggari, F. C. E. R., Argentina, South America",South America
1919,11,U. Bender,Bender,,,male,Foreign School Principal,,Educational Department,General Conference,General Conference,,"Spion Kop, Ladysmith, Natal, South Africa",Africa
1919,11,L. D. A. Lemke,Lemke,,,male,Foreign School Principal,,Educational Department,General Conference,General Conference,,"Cooranbong, N. S. W., Australia",Australia
1919,11,H. O. Swartout,Swartout,,,male,Foreign School Principal,,Educational Department,General Conference,General Conference,,"Shanghai, China",Asia
1919,11,B. P. Hoffman,Hoffman,,,male,Foreign School Principal,,Educational Department,General Conference,General Conference,,"Tokyo, Japan",Asia
1919,11,E. Meyer,Meyer,,,male,Foreign School Principal,,Educational Department,General Conference,General Conference,,"Friedensau, Bez. Magdeburg, Germany",Europe
1919,11,I. F. Blue,Blue,,,male,Foreign Union Conference Secretary,,Educational Department,General Conference,General Conference,,"Lucknow, India",Asia
1919,11,A. W. Anderson,Anderson,,,male,Foreign Union Conference Secretary,,Educational Department,General Conference,General Conference,,"Wahroonga, N. S. W., Australia",Australia
1919,11,L. L. Caviness,Caviness,,,male,General,,Educational Department,General Conference,General Conference,,"Washington, D. C.",United States
1919,11,E. G. Salisbury,Salisbury,,,male,General,,Educational Department,General Conference,General Conference,,"Washington, D. C.",United States
1919,11,S. M. Butler,Butler,,,male,General,,Educational Department,General Conference,General Conference,,"Washington, D. C.",United States
1919,11,W. C. John,John,,,male,General,,Educational Department,General Conference,General Conference,,"Washington, D. C.",United States
1919,11,Sarah E. Peck,Peck,,,female,General,,Educational Department,General Conference,General Conference,,"Washington, D. C.",United States
1919,11,C. J. Boyd,Boyd,,,male,General,,Educational Department,General Conference,General Conference,,"Huntsville, Ala.",United States
1919,11,J. F. Simon,Simon,,,male,General,,Educational Department,General Conference,General Conference,,"Clinton, Mo.",United States
1919,11,Mrs. L. Flora Plummer,Plummer,Mrs.,,female,Secretary,,Sabbath School Department,General Conference,General Conference,,"Washington, D. C.",United States
1919,11,Rosamond D. Ginther,Ginther,,,female,Assistant Secretary,,Sabbath School Department,General Conference,General Conference,,"Washington, D. C.",United States
1919,11,G. B. Thompson,Thompson,,,male,Other Member,,Sabbath School Department,General Conference,General Conference,,"Washington, D. C.",United States
1919,11,M. C. Wilcox,Wilcox,,,male,Other Member,,Sabbath School Department,General Conference,General Conference,,"Mountain View, Cal.",United States
1919,11,J. L. Shaw,Shaw,,,male,Other Member,,Sabbath School Department,General Conference,General Conference,,"Washington, D. C.",United States
1919,11,W. A. Spicer,Spicer,,,male,Other Member,,Sabbath School Department,General Conference,General Conference,,"Washington, D. C.",United States
1919,11,E. R. Palmer,Palmer,,,male,Other Member,,Sabbath School Department,General Conference,General Conference,,"Washington, D. C.",United States
1919,11,Mrs. Fannie D. Chase,Chase,Mrs.,,female,Other Member,,Sabbath School Department,General Conference,General Conference,,"Washington, D. C.",United States
1919,11,T. E. Bowen,Bowen,,,male,Other Member,,Sabbath School Department,General Conference,General Conference,,"Washington, D. C.",United States
1919,11,W. E. Howell,Howell,,,male,Other Member,,Sabbath School Department,General Conference,General Conference,,"Washington, D. C.",United States
1919,11,C. P. Bollman,Bollman,,,male,Other Member,,Sabbath School Department,General Conference,General Conference,,"Washington, D. C.",United States
1919,11,M. E. Kern,Kern,,,male,Secretary,,Young People's Missionary Volunteer Department,General Conference,General Conference,,"Washington, D. C.",United States
1919,8,W. H. Williams,Williams,,,male,Secretary and Treasurer,For South America,General Conference,,General Conference,,"Florida, F. C. C. A., Buenos Aires, Argentina, South America",South America
1919,8,J. H. McEachern,McEachern,,,male,Publishing and Home Missionary Secretary,For South America,General Conference,,General Conference,,"Florida, F. C. C. A., Buenos Aires, Argentina, South America",South America
1919,8,H. U. Stevens,Stevens,,,male,Educational and Young People's Departments,For South America,General Conference,,General Conference,,"Puiggari, F. C. E. R., Argentina, South America",South America
1919,8,W. C. White,White,,,male,Elective Member,,General Conference,,General Conference,,"St. Helena, Cal.",United States
1919,8,S. N. Haskell,Haskell,,,male,Elective Member,,General Conference,,General Conference,,"South Lancaster, Mass.",United States
1919,8,C. H. Jones,Jones,,,male,Elective Member,,General Conference,,General Conference,,"Mountain View, Cal.",United States
1919,8,E. R. Palmer,Palmer,,,male,Elective Member,,General Conference,,General Conference,,"Takoma Park Station, Washington, D. C.",United States
1919,8,F. M. Wilcox,Wilcox,,,male,Elective Member,,General Conference,,General Conference,,"Takoma Park Station, Washington, D. C.",United States
1919,8,L. A. Hansen,Hansen,,,male,Elective Member,,General Conference,,General Conference,,"Takoma Park Station, Washington, D. C.",United States
1919,8,N. Z. Town,Town,,,male,Secretary,,Publishing Department,General Conference,General Conference,,"Takoma Park Station, Washington, D. C.",United States
1919,8,W. W. Eastman,Eastman,,,male,Assistant Secretary,,Publishing Department,General Conference,General Conference,,"Takoma Park Station, Washington, D. C.",United States
1919,8,C. E. Weaks,Weaks,,,male,Assistant Secretary,,Publishing Department,General Conference,General Conference,,"Box 523, U. S. Postal Agency, Shanghai, China",Asia
1919,8,J. H. McEachern,McEachern,,,male,Assistant Secretary,,Publishing Department,General Conference,General Conference,,"Florida, F. C. C. A., Buenos Aires, Argentina, South America",South America
1919,8,W. C. White,White,,,male,General Member,,Publishing Department,General Conference,General Conference,,"St. Helena, Cal.",United States
1919,8,I. H. Evans,Evans,,,male,General Member,,Publishing Department,General Conference,General Conference,,"Box 523, U. S. Postal Agency, Shanghai, China",Asia
1919,8,J. E. Fulton,Fulton,,,male,General Member,,Publishing Department,General Conference,General Conference,,"17 Abbott Road, Lucknow, India",Asia
1919,8,C. C. Crisler,Crisler,,,male,General Member,,Publishing Department,General Conference,General Conference,,"Box 523, U. S. Postal Agency, Shanghai, China",Asia
1919,8,Steen Rasmussen,Rasmussen,,,male,General Member,,Publishing Department,General Conference,General Conference,Pacific Press Pub. Assn.,"Brookfield, Ill.",United States
1919,8,F. A. Detamore,Detamore,,,male,General Member,,Publishing Department,General Conference,General Conference,,"399c Upper Serangoon Road, Singapore, Straits Settlements",Asia
1919,8,S. E. Jackson,Jackson,,,male,General Member,,Publishing Department,General Conference,General Conference,,"707 Vermont St., Manila, Philippine Islands",Asia
1919,8,J. M. Johanson,Johanson,,,male,General Member,,Publishing Department,General Conference,General Conference,,"171 Amanuma, Suginami-mura, Toyotoma-gun, Tokyo, Japan",Asia
1919,8,L. R. Conradi,Conradi,,,male,General Member,,Publishing Department,General Conference,General Conference,,"Grindelberg 15a, Hamburg, Germany",Europe
1919,8,W. B. White,White,,,male,General Member,,Publishing Department,General Conference,General Conference,,"Rosmead Ave., Kenilworth, Cape, South Africa",Africa
1919,8,J. C. Raft,Raft,,,male,General Member,,Publishing Department,General Conference,General Conference,,"Margrethevej 5, Copenhagen, V., Denmark",Europe
1919,8,O. E. Reinke,Reinke,,,male,General Member,,Publishing Department,General Conference,General Conference,,"Post box 2, Post office Birsha, Excelsior, Saratov, Russia",Europe
1919,8,O. Montgomery,Montgomery,,,male,General Member,,Publishing Department,General Conference,General Conference,,"Florida, F. C. C. A., Buenos Aires, Argentina",South America
1919,8,G. W. Caviness,Caviness,,,male,General Member,,Publishing Department,General Conference,General Conference,,"1420 Avenida 20, Tacubaya, D. F., Mexico",Central America
1919,8,W. W. Fletcher,Fletcher,,,male,General Member,,Publishing Department,General Conference,General Conference,,"17 Abbott Road, Lucknow, India",Asia
1919,8,C. H. Jones,Jones,,,male,Publishing House Manager,,Publishing Department,General Conference,General Conference,,"Mountain View, Cal.",United States
1919,8,R. L. Pierce,Pierce,,,male,Publishing House Manager,,Publishing Department,General Conference,General Conference,,"2123 Twenty-fourth Ave., North, Nashville, Tenn.",United States
1919,8,W. E. Read,Read,,,male,Publishing House Manager,,Publishing Department,General Conference,General Conference,,"Stanborough Park, Watford, Herts, England",Europe
1919,8,H. Hartkop,Hartkop,,,male,Publishing House Manager,,Publishing Department,General Conference,General Conference,,"Grindelberg 15a, Hamburg, Germany",Europe
1919,8,Jens Olsen,Olsen,,,male,Publishing House Manager,,Publishing Department,General Conference,General Conference,,"Akersgaten 74, Christiania, Norway",Europe
1919,8,E. Lind,Lind,,,male,Publishing House Manager,,Publishing Department,General Conference,General Conference,,"Gamla Kungsholmsbrogatan 38, Stockholm, Sweden",Europe
1919,8,L. E. Borle,Borle,,,male,Publishing House Manager,,Publishing Department,General Conference,General Conference,,"Apartado 492, Barcelona, Spain",Europe
1919,8,C. N. Woodward,Woodward,,,male,Publishing House Manager,,Publishing Department,General Conference,General Conference,,"14 Calle Luna, Pasay, Rizal, Philippine Islands",Asia
1919,8,J. Robert,Robert,,,male,Publishing House Manager,,Publishing Department,General Conference,General Conference,,"Gland, Switzerland",Europe
1919,8,W. H. B. Miller,Miller,,,male,Publishing House Manager,,Publishing Department,General Conference,General Conference,,"Warburton, Victoria, Australia",Australasia
1919,8,A. Pages,Pages,,,male,Publishing House Manager,,Publishing Department,General Conference,General Conference,,"Estaçāo Sāo Bernardo, S. P. R., Sāo Paulo, Brazil, South America",South America
1919,8,E. Everest,Everest,,,male,Publishing House Manager,,Publishing Department,General Conference,General Conference,,"Florida, F. C. C. A., Buenos Aires, Argentina",South America
1919,8,W. P. Henderson,Henderson,,,male,Publishing House Manager,,Publishing Department,General Conference,General Conference,,"Box 856, U. S. Postal Agency, Shanghai, China",Asia
1919,13,J. E. Jayne,Jayne,,,male,Religious Liberty Secretary,"Room 602, 32 Union Square, New York, N. Y.",General Conference,,General Conference,,"New York, N. Y.",United States
1919,13,F. M. Wilcox,Wilcox,,,male,Religious Liberty Secretary,,General Conference,,General Conference,,"Takoma Park Station, Washington, D. C.",United States
1919,13,W. A. Spicer,Spicer,,,male,Religious Liberty Secretary,,General Conference,,General Conference,,"Takoma Park Station, Washington, D. C.",United States
1919,13,W. L. Burgan,Burgan,,,male,Religious Liberty Secretary,,General Conference,,General Conference,,"Takoma Park Station, Washington, D. C.",United States
1919,13,C. B. Haynes,Haynes,,,male,Religious Liberty Secretary,,General Conference,,General Conference,,"Takoma Park Station, Washington, D. C.",United States
1919,13,L. L. Caviness,Caviness,,,male,Religious Liberty Secretary,,General Conference,,General Conference,,"Takoma Park Station, Washington, D. C.",United States
1919,13,A. J. Clark,Clark,,,male,Religious Liberty Secretary,,General Conference,,General Conference,,"Holly, Mich.",United States
1919,13,S. B. Horton,Horton,,,male,Religious Liberty Secretary,,General Conference,,General Conference,,"Battle Creek, Mich.",United States
1919,13,W. F. Martin,Martin,,,male,Union Conference Secretary,,General Conference,Union Conference Secretaries,General Conference,,"Glendale, Cal.",United States
1919,13,K. C. Russell,Russell,,,male,Union Conference Secretary,,General Conference,Union Conference Secretaries,General Conference,,"Rochester, N. Y.",United States
1919,13,S. E. Wight,Wight,,,male,Union Conference Secretary,,General Conference,Union Conference Secretaries,General Conference,,"Nashville, Tenn.",United States
1919,13,H. W. Cottrell,Cottrell,,,male,Union Conference Secretary,,General Conference,Union Conference Secretaries,General Conference,,"Portland, Oreg.",United States
1919,13,W. H. Branson,Branson,,,male,Union Conference Secretary,,General Conference,Union Conference Secretaries,General Conference,,"Atlanta, Ga.",United States
1919,13,B. G. Wilkinson,Wilkinson,,,male,Union Conference Secretary,,General Conference,Union Conference Secretaries,General Conference,,"Takoma Park Station, Washington, D. C.",United States
1919,13,Wm. Guthrie,Guthrie,,,male,Union Conference Secretary,,General Conference,Union Conference Secretaries,General Conference,,"Berrien Springs, Mich.",United States
1919,13,C. Thompson,Thompson,,,male,Union Conference Secretary,,General Conference,Union Conference Secretaries,General Conference,,"Minneapolis, Minn.",United States
1919,13,Morris Lukens,Lukens,,,male,Union Conference Secretary,,General Conference,Union Conference Secretaries,General Conference,,"Oklahoma City, Okla.",United States
1919,13,C. F. McVagh,McVagh,,,male,Union Conference Secretary,,General Conference,Union Conference Secretaries,General Conference,,"Calgary, Alberta, Canada",Canada
1919,13,R. A. Underwood,Underwood,,,male,Union Conference Secretary,,General Conference,Union Conference Secretaries,General Conference,,"College View, Nebr.",United States
1919,13,A. V. Olson,Olson,,,male,Union Conference Secretary,,General Conference,Union Conference Secretaries,General Conference,,"Oshawa, Ontario, Canada",Canada
1919,13,L. H. Christian,Christian,,,male,Secretary,,Bureau of Home Missions,,General Conference,,"Chicago, Ill.",United States
1919,13,J. T. Boettcher,Boettcher,,,male,Superintendent of the German Work,,Bureau of Home Missions,,General Conference,,"Clinton, Mo.",United States
1919,13,P. E. Broderson,Broderson,,,male,Superintendent of the Danish-Norwegian Work,,Bureau of Home Missions,,General Conference,,"Minneapolis, Minn.",United States
1919,13,G. E. Nord,Nord,,,male,Superintendent of the Swedish Work,,Bureau of Home Missions,,General Conference,,"Chicago, Ill.",United States
1919,13,J. H. Schilling,Schilling,,,male,Superintendent Miscellaneous Languages,,Bureau of Home Missions,,General Conference,,"Oak Park, Ill.",United States
1919,13,J. W. Hirlinger,Hirlinger,,,male,Literature Secretary,,Bureau of Home Missions,,General Conference,,"Brookfield, Ill.",United States
1919,13,P. E. Broderson,Broderson,,,male,Superintendent,,Danish-Norwegian Advisory Committee,Bureau of Home Missions,General Conference,,"Minneapolis, Minn.",United States
1919,13,M. S. Reppe,Reppe,,,male,Committee Member,,Danish-Norwegian Advisory Committee,Bureau of Home Missions,General Conference,,"Hutchinson, Minn.",United States
1919,13,N. P. Neilsen,Neilsen,,,male,Committee Member,,Danish-Norwegian Advisory Committee,Bureau of Home Missions,General Conference,,"Hutchinson, Minn.",United States
1919,13,C. A. Thorp,Thorp,,,male,Committee Member,,Danish-Norwegian Advisory Committee,Bureau of Home Missions,General Conference,,"Brookfield, Ill.",United States
1919,13,James Johnson,Johnson,,,male,Committee Member,,Danish-Norwegian Advisory Committee,Bureau of Home Missions,General Conference,,"Racine, Wis.",United States
1919,13,G. E. Nord,Nord,,,male,Superintendent,,Swedish Advisory Committee,Bureau of Home Missions,General Conference,,"Chicago, Ill.",United States
1919,13,S. Mortenson,Mortenson,,,male,Committee Member,,Swedish Advisory Committee,Bureau of Home Missions,General Conference,,"Brookfield, Ill.",United States
1919,13,S. F. Svensson,Svensson,,,male,Committee Member,,Swedish Advisory Committee,Bureau of Home Missions,General Conference,,"New York, N. Y.",United States
1919,13,August Anderson,Anderson,,,male,Committee Member,,Swedish Advisory Committee,Bureau of Home Missions,General Conference,,"Chicago, Ill.",United States
1919,13,H. O. Olson,Olson,,,male,Committee Member,,Swedish Advisory Committee,Bureau of Home Missions,General Conference,,"La Grange, Ill.",United States
1919,13,J. T. Boettcher,Boettcher,,,male,Superintendent,,German Advisory Committee,Bureau of Home Missions,General Conference,,"Clinton, Mo.",United States
1919,13,B. E. Miller,Miller,,,male,Committee Member,,German Advisory Committee,Bureau of Home Missions,General Conference,,"Brooklyn, N. Y.",United States
1919,13,John Isaac,Isaac,,,male,Committee Member,,German Advisory Committee,Bureau of Home Missions,General Conference,,"Clinton, Mo.",United States
1919,13,J. F. Simon,Simon,,,male,Committee Member,,German Advisory Committee,Bureau of Home Missions,General Conference,,"Clinton, Mo.",United States
1919,13,H. H. Humann,Humann,,,male,Committee Member,,German Advisory Committee,Bureau of Home Missions,General Conference,,"Calgary, Alberta, Canada",Canada
1919,13,F. C. Gilbert,Gilbert,,,male,Superintendent,,Jewish Advisory Committee,Bureau of Home Missions,General Conference,,"South Lancaster, Mass.",United States
1919,13,R. D. Quinn,Quinn,,,male,Committee Member,,Jewish Advisory Committee,Bureau of Home Missions,General Conference,,"South Lancaster, Mass.",United States
1919,13,J. K. Jones,Jones,,,male,Committee Member,,Jewish Advisory Committee,Bureau of Home Missions,General Conference,,"South Lancaster, Mass.",United States
1919,13,M. E. Olsen,Olsen,,,male,Committee Member,,Jewish Advisory Committee,Bureau of Home Missions,General Conference,,"South Lancaster, Mass.",United States
1919,15,A. Vaucher,Vaucher,,,male,Member,,General Conference,,General Conference,,"Paris, France",Europe
1919,15,Ernest Lloyd,Lloyd,,,male,Member,,General Conference,,General Conference,,"College Place, Wash.",United States
1919,15,J. W. Davis,Davis,,,male,Member,,General Conference,,General Conference,,"Berrien Springs, Mich.",United States
1919,15,W. H. Green,Green,,,male,Secretary,Negro Department,Negro Department,General Conference,General Conference,,"Takoma Park Station, Washington, D.C.",United States
1919,15,S. E. Wight,Wight,,,male,Other Members,Negro Department,Negro Department,General Conference,General Conference,,"Nashville, Tenn.",United States
1919,15,W. H. Branson,Branson,,,male,Other Members,Negro Department,Negro Department,General Conference,General Conference,,"Atlanta, Ga.",United States
1919,15,William Guthrie,Guthrie,,,male,Other Members,Negro Department,Negro Department,General Conference,General Conference,,"Berrien Springs, Mich.",United States
1919,15,R. A. Underwood,Underwood,,,male,Other Members,Negro Department,Negro Department,General Conference,General Conference,,"College View, Nebr.",United States
1919,15,M. Lukens,Lukens,,,male,Other Members,Negro Department,Negro Department,General Conference,General Conference,,"Oklahoma City, Okla.",United States
1919,15,B. G. Wilkinson,Wilkinson,,,male,Other Members,Negro Department,Negro Department,General Conference,General Conference,,"Takoma Park Station, Washington, D.C.",United States
1919,15,R. D. Quinn,Quinn,,,male,Other Members,Negro Department,Negro Department,General Conference,General Conference,,"South Lancaster, Mass.",United States
1919,15,J. K. Humphrey,Humphrey,,,male,Other Members,Negro Department,Negro Department,General Conference,General Conference,,"New York, N.Y.",United States
1919,15,M. C. Strachan,Strachan,,,male,Other Members,Negro Department,Negro Department,General Conference,General Conference,,"Baltimore, Md.",United States
1919,15,Sydney Scott,Scott,,,male,Other Members,Negro Department,Negro Department,General Conference,General Conference,,"Oklahoma City, Okla.",United States
1919,15,W. D. Forde,Forde,,,male,Other Members,Negro Department,Negro Department,General Conference,General Conference,,"Chicago, Ill.",United States
1919,15,U. S. Willis,Willis,,,male,Other Members,Negro Department,Negro Department,General Conference,General Conference,,"St. Louis, Mo.",United States
1919,15,G. E. Peters,Peters,,,male,Other Members,Negro Department,Negro Department,General Conference,General Conference,,"Atlanta, Ga.",United States
1919,15,J. H. Lawrence,Lawrence,,,male,Other Members,Negro Department,Negro Department,General Conference,General Conference,,"Nashville, Tenn.",United States
1919,15,W. L. Burgan,Burgan,,,male,Secretary,Press Bureau,Press Bureau,General Conference,General Conference,,"Takoma Park Station, Washington, D.C.",United States
1919,15,F. M. Wilcox,Wilcox,,,male,President,,General Conference Corporation,General Conference,General Conference,,"Takoma Park Station, Washington, D.C.",United States
1919,15,H. E. Rogers,Rogers,,,male,Secretary,,General Conference Corporation,General Conference,General Conference,,"Takoma Park Station, Washington, D.C.",United States
1919,15,W. T. Knox,Knox,,,male,Treasurer,,General Conference Corporation,General Conference,General Conference,,"Takoma Park Station, Washington, D.C.",United States
1919,15,J. L. Shaw,Shaw,,,male,Board of Trustees,,General Conference Corporation,General Conference,General Conference,,"Takoma Park Station, Washington, D.C.",United States
1919,15,E. E. Andross,Andross,,,male,Board of Trustees,,General Conference Corporation,General Conference,General Conference,,"Takoma Park Station, Washington, D.C.",United States
1919,15,J. W. Mace,Mace,,,male,Board of Trustees,,General Conference Corporation,General Conference,General Conference,,"Takoma Park Station, Washington, D.C.",United States
1919,15,F. M. Wilcox,Wilcox,,,male,President,,General Conference Association,General Conference,General Conference,,"Takoma Park Station, Washington, D.C.",United States
1919,15,W. T. Knox,Knox,,,male,Treasurer,,General Conference Association,General Conference,General Conference,,"Takoma Park Station, Washington, D.C.",United States
1919,15,H. E. Rogers,Rogers,,,male,Secretary,,General Conference Association,General Conference,General Conference,,"Takoma Park Station, Washington, D.C.",United States
1919,15,G. B. Thompson,Thompson,,,male,Board of Trustees,,General Conference Association,General Conference,General Conference,,"Takoma Park Station, Washington, D.C.",United States
1919,15,B. F. Machlan,Machlan,,,male,Board of Trustees,,General Conference Association,General Conference,General Conference,,"Takoma Park Station, Washington, D.C.",United States
1919,15,E. R. Palmer,Palmer,,,male,Board of Trustees,,General Conference Association,General Conference,General Conference,,"Takoma Park Station, Washington, D.C.",United States
1919,15,I. H. Evans,Evans,,,male,Trustee,,North American Conference Corporation of Seventh-day Adventists,General Conference,General Conference,,"Takoma Park Station, Washington, D.C.",United States
1919,15,W. W. Prescott,Prescott,,,male,Trustee,,North American Conference Corporation of Seventh-day Adventists,General Conference,General Conference,,"Takoma Park Station, Washington, D.C.",United States
1919,15,M. E. Kern,Kern,,,male,Trustee,,North American Conference Corporation of Seventh-day Adventists,General Conference,General Conference,,"Takoma Park Station, Washington, D.C.",United States
1919,17,G. E. Nord,Nord,,,male,Ordained Minister,,General Conference,,General Conference,,"Chicago, Ill.",United States
1919,17,J. G. Oblander,Oblander,,,male,Ordained Minister,,General Conference,,General Conference,,"Enid, Okla.",United States
1919,17,M. Ostoich,Ostoich,,,male,Ordained Minister,,General Conference,,General Conference,,"East Akron, Ohio",United States
1919,17,E. R. Palmer,Palmer,,,male,Ordained Minister,,General Conference,,General Conference,,"Takoma Park Station, Washington, D. C.",United States
1919,17,W. W. Prescott,Prescott,,,male,Ordained Minister,,General Conference,,General Conference,,"Takoma Park Station, Washington, D. C.",United States
1919,17,G. G. Roth,Roth,,,male,Ordained Minister,,General Conference,,General Conference,,"Cape Haitien, Haiti",Caribbean
1919,17,W. A. Ruble,Ruble,,,male,Ordained Minister,,General Conference,,General Conference,,"Takoma Park Station, Washington, D. C.",United States
1919,17,J. H. Schilling,Schilling,,,male,Ordained Minister,,General Conference,,General Conference,,"Chicago, Ill.",United States
1919,17,J. L. Shaw,Shaw,,,male,Ordained Minister,,General Conference,,General Conference,,"Takoma Park Station, Washington, D. C.",United States
1919,17,J. F. Simon,Simon,,,male,Ordained Minister,,General Conference,,General Conference,,"Clinton, Mo.",United States
1919,17,J. H. Smith,Smith,,,male,Ordained Minister,,General Conference,,General Conference,,"Nassau, Bahamas",Caribbean
1919,17,W. A. Spicer,Spicer,,,male,Ordained Minister,,General Conference,,General Conference,,"Takoma Park Station, Washington, D. C.",United States
1919,17,J. B. Stuyvesant,Stuyvesant,,,male,Ordained Minister,,General Conference,,General Conference,,"Alpine, Cal.",United States
1919,17,A. O. Tait,Tait,,,male,Ordained Minister,,General Conference,,General Conference,,"Mountain View, Cal.",United States
1919,17,G. B. Thompson,Thompson,,,male,Ordained Minister,,General Conference,,General Conference,,"Takoma Park Station, Washington, D. C.",United States
1919,17,N. Z. Town,Town,,,male,Ordained Minister,,General Conference,,General Conference,,"Takoma Park Station, Washington, D. C.",United States
1919,17,W. C. White,White,,,male,Ordained Minister,,General Conference,,General Conference,,"St. Helena, Cal.",United States
1919,17,F. M. Wilcox,Wilcox,,,male,Ordained Minister,,General Conference,,General Conference,,"Takoma Park Station, Washington, D. C.",United States
1919,17,M. C. Wilcox,Wilcox,,,male,Ordained Minister,,General Conference,,General Conference,,"Mountain View, Cal.",United States
1919,17,T. E. Bowen,Bowen,,,male,Licentiate,,General Conference,,General Conference,,"Takoma Park Station, Washington, D. C.",United States
1919,17,W. L. Burgan,Burgan,,,male,Licentiate,,General Conference,,General Conference,,"Canon City, Colo.",United States
1919,17,L. L. Caviness,Caviness,,,male,Licentiate,,General Conference,,General Conference,,"Takoma Park Station, Washington, D. C.",United States
1919,17,Clemen Hamer,Hamer,,,,Licentiate,,General Conference,,General Conference,,"Takoma Park Station, Washington, D. C.",United States
1919,17,Mrs. H. H. Haskell,Haskell,Mrs.,,female,Licentiate,,General Conference,,General Conference,,"South Lancaster, Mass.",United States
1919,17,R. J. McKeague,McKeague,,,male,Licentiate,,General Conference,,General Conference,,"Honolulu, Hawaii",United States
1919,17,R. W. Smith,Smith,,,male,Licentiate,,General Conference,,General Conference,,"Honolulu, Hawaii",United States
1919,17,H. U. Stevens,Stevens,,,male,Licentiate,,General Conference,,General Conference,,"Puiggari, F. C. E. R., Argentina, South America",South America
1919,17,Mrs. F. D. Chase,Chase,Mrs.,,female,Missionary Licentiate,,General Conference,,General Conference,,"Takoma Park Station, Washington, D. C.",United States
1919,17,H. H. Cobban,Cobban,,,male,Missionary Licentiate,,General Conference,,General Conference,,"Takoma Park Station, Washington, D. C.",United States
1919,17,Matilda Erickson,Erickson,,,female,Missionary Licentiate,,General Conference,,General Conference,,"Takoma Park Station, Washington, D. C.",United States
1919,17,Rosamond D. Ginther,Ginther,,,female,Missionary Licentiate,,General Conference,,General Conference,,"Takoma Park Station, Washington, D. C.",United States
1919,17,Ella Iden,Iden,,,female,Missionary Licentiate,,General Conference,,General Conference,,"Takoma Park Station, Washington, D. C.",United States
1919,17,J. J. Ireland,Ireland,,,male,Missionary Licentiate,,General Conference,,General Conference,,"Takoma Park Station, Washington, D. C.",United States
1919,17,Sara MacEnterfer,MacEnterfer,,,female,Missionary Licentiate,,General Conference,,General Conference,,"Sanitarium, Cal.",United States
1919,17,Mrs. Mabel McKeague,McKeague,Mrs.,,female,Missionary Licentiate,,General Conference,,General Conference,,"Honolulu, Hawaii",United States
1919,17,S. E. McNeill,McNeill,,,,Missionary Licentiate,,General Conference,,General Conference,,"Takoma Park Station, Washington, D. C.",United States
1919,17,Mrs. L. Flora Plummer,Plummer,Mrs.,,female,Missionary Licentiate,,General Conference,,General Conference,,"Takoma Park Station, Washington, D. C.",United States
1919,17,H. E. Rogers,Rogers,,,male,Missionary Licentiate,,General Conference,,General Conference,,"Takoma Park Station, Washington, D. C.",United States
1919,17,H. G. Rowland,Rowland,,,male,Missionary Licentiate,,General Conference,,General Conference,,"Honolulu, Hawaii",United States
1919,17,Mrs. R. W. Smith,Smith,Mrs.,,female,Missionary Licentiate,,General Conference,,General Conference,,"Honolulu, Hawaii",United States
1919,17,C. R. Webster,Webster,,,male,Missionary Licentiate,,General Conference,,General Conference,,"Honolulu, Hawaii",United States
1919,17,Mrs. C. R. Webster,Webster,Mrs.,,female,Missionary Licentiate,,General Conference,,General Conference,,"Honolulu, Hawaii",United States
1919,17,W. H. Williams,Williams,,,male,Missionary Licentiate,,General Conference,,General Conference,,"Florida, F. C. C. A., Buenos Aires, Argentina, South America",South America
1919,19,O. R. Lehman,Lehman,,,male,Ordained Minister,,Atlantic Union Conference,Atlantic Union Conference,Atlantic Union,,"South Lancaster, Mass.",United States
1919,19,W. E. Bliss,Bliss,Dr.,,male,Ordained Minister,,Atlantic Union Conference,Atlantic Union Conference,Atlantic Union,New England Sanitarium,"Melrose, Mass.",United States
1919,19,J. A. Pines,Pines,Dr.,,male,Ordained Minister,,Atlantic Union Conference,Atlantic Union Conference,Atlantic Union,New England Sanitarium,"Melrose, Mass.",United States
1919,19,E. B. Carr,Carr,Dr.,,male,Ordained Minister,,Atlantic Union Conference,Atlantic Union Conference,Atlantic Union,,"Portland, Me.",United States
1919,19,G. H. Winslow,Winslow,,,male,Ordained Minister,,Atlantic Union Conference,Atlantic Union Conference,Atlantic Union,,"Westfield, Me.",United States
1919,19,C. L. Kilgore,Kilgore,,,male,Missionary Licentiate,,Atlantic Union Conference,Atlantic Union Conference,Atlantic Union,,"South Lancaster, Mass.",United States
1919,19,Pearl L. Rees,Rees,Miss,,female,Missionary Licentiate,,Atlantic Union Conference,Atlantic Union Conference,Atlantic Union,,"South Lancaster, Mass.",United States
1919,19,Mrs. R. D. Quinn,Quinn,Mrs.,,female,Missionary Licentiate,,Atlantic Union Conference,Atlantic Union Conference,Atlantic Union,,"South Lancaster, Mass.",United States
1919,19,J. L. Johnson,Johnson,,,male,Missionary Licentiate,,Atlantic Union Conference,Atlantic Union Conference,Atlantic Union,,"New York, N. Y.",United States
1919,19,Lenora Lacey,Lacey,Miss,,female,Missionary Licentiate,,Atlantic Union Conference,Atlantic Union Conference,Atlantic Union,New England Sanitarium,"Melrose, Mass.",United States
1919,19,Mrs. C. L. Kilgore,Kilgore,Mrs.,,female,Missionary Licentiate,,Atlantic Union Conference,Atlantic Union Conference,Atlantic Union,,"South Lancaster, Mass.",United States
1919,19,Clara Schunk,Schunk,,M.D.,female,Missionary Licentiate,,Atlantic Union Conference,Atlantic Union Conference,Atlantic Union,New England Sanitarium,"Melrose, Mass.",United States
1919,19,H. W. Lindsay,Lindsay,,,male,Missionary Licentiate,,Atlantic Union Conference,Atlantic Union Conference,Atlantic Union,,"South Lancaster, Mass.",United States
1919,19,W. M. Vehorn,Vehorn,,,male,Missionary Licentiate,,Atlantic Union Conference,Atlantic Union Conference,Atlantic Union,,"South Lancaster, Mass.",United States
1919,19,B. B. Ross,Ross,,,male,Missionary Licentiate,,Atlantic Union Conference,Atlantic Union Conference,Atlantic Union,,"South Lancaster, Mass.",United States
1919,19,Rowena E. Purdon,Purdon,,,female,Missionary Licentiate,,Atlantic Union Conference,Atlantic Union Conference,Atlantic Union,,"South Lancaster, Mass.",United States
1919,19,Mrs. E. F. Forga,Forga,Mrs.,,female,Missionary Licentiate,,Atlantic Union Conference,Atlantic Union Conference,Atlantic Union,New England Sanitarium,"Melrose, Mass.",United States
1919,19,Elizabeth Stone,Stone,Miss,,female,Missionary Licentiate,,Atlantic Union Conference,Atlantic Union Conference,Atlantic Union,,,United States
1919,19,Olive D. Osborne,Osborne,Miss,,female,Missionary Licentiate,,Atlantic Union Conference,Atlantic Union Conference,Atlantic Union,,,United States
1919,19,Mrs. J. C. Hennessy,Hennessy,Mrs.,,female,Honorary Missionary Credentials,,Atlantic Union Conference,Atlantic Union Conference,Atlantic Union,,"New York, N. Y.",United States
1919,19,Ellery Robinson,Robinson,,,male,Honorary Missionary Credentials,,Atlantic Union Conference,Atlantic Union Conference,Atlantic Union,,"Saylesville, R. I.",United States
1919,19,C. E. Palmer,Palmer,,,male,Honorary Missionary Credentials,,Atlantic Union Conference,Atlantic Union Conference,Atlantic Union,,"Everett, Mass.",United States
1919,19,Mrs. M. A. Scribner,Scribner,Mrs.,,female,Honorary Missionary Credentials,,Atlantic Union Conference,Atlantic Union Conference,Atlantic Union,,"Burlington, Vt.",United States
1919,19,H. C. Wilcox,Wilcox,,,male,Honorary Missionary Credentials,,Atlantic Union Conference,Atlantic Union Conference,Atlantic Union,,"Hartford, Conn.",United States
1919,19,W. A. Wilcox,Wilcox,,,male,Honorary Missionary Credentials,,Atlantic Union Conference,Atlantic Union Conference,Atlantic Union,,"Lincklaen Center, N. Y.",United States
1919,19,Mrs. M. A. Wheeler,Wheeler,Mrs.,,female,Honorary Missionary Credentials,,Atlantic Union Conference,Atlantic Union Conference,Atlantic Union,,"South Lancaster, Mass.",United States
1919,19,Jennie Thayer,Thayer,,,female,Honorary Missionary Credentials,,Atlantic Union Conference,Atlantic Union Conference,Atlantic Union,,"South Lancaster, Mass.",United States
1919,19,Florence L. Boyle,Boyle,,,female,Honorary Missionary Credentials,,Atlantic Union Conference,Atlantic Union Conference,Atlantic Union,,"Melrose, Mass.",United States
1919,19,H. C. Hartwell,Hartwell,,,male,President,,Eastern New York Conference,Atlantic Union Conference,Eastern New York,,"Rome, N. Y.",United States
1919,19,H. A. May,May,,,male,Secretary and Treasurer,,Eastern New York Conference,Atlantic Union Conference,Eastern New York,,"Rome, N. Y.",United States
1919,19,H. C. Hartwell,Hartwell,,,male,Executive Committee Member,,Eastern New York Conference,Atlantic Union Conference,Eastern New York,,"Rome, N. Y.",United States
1919,19,H. A. May,May,,,male,Executive Committee Member,,Eastern New York Conference,Atlantic Union Conference,Eastern New York,,"Rome, N. Y.",United States
1919,19,C. H. Castle,Castle,,,male,Executive Committee Member,,Eastern New York Conference,Atlantic Union Conference,Eastern New York,,"Rome, N. Y.",United States
1919,19,G. H. Rogers,Rogers,,,male,Executive Committee Member,,Eastern New York Conference,Atlantic Union Conference,Eastern New York,,"Rome, N. Y.",United States
1919,19,W. A. Wilcox,Wilcox,,,male,Executive Committee Member,,Eastern New York Conference,Atlantic Union Conference,Eastern New York,,"Rome, N. Y.",United States
1919,19,C. J. Coon,Coon,,,male,Executive Committee Member,,Eastern New York Conference,Atlantic Union Conference,Eastern New York,,"Rome, N. Y.",United States
1919,19,A. M. Howeth,Howeth,,,male,Executive Committee Member,,Eastern New York Conference,Atlantic Union Conference,Eastern New York,,"Rome, N. Y.",United States
1919,19,H. C. Hartwell,Hartwell,,,male,President,New York Conference Association of Seventh-day Adventists,Eastern New York Conference,Atlantic Union Conference,Eastern New York,,"Rome, N. Y.",United States
1919,19,H. A. May,May,,,male,Secretary and Treasurer,New York Conference Association of Seventh-day Adventists,Eastern New York Conference,Atlantic Union Conference,Eastern New York,,"Rome, N. Y.",United States
1919,19,O. C. Weller,Weller,,,male,Field Missionary Secretary,Tract Society,Eastern New York Conference,Atlantic Union Conference,Eastern New York,,"Rome, N. Y.",United States
1919,19,Mrs. H. C. Hartwell,Hartwell,Mrs.,,female,Secretary,Sabbath School Department,Eastern New York Conference,Atlantic Union Conference,Eastern New York,,"Rome, N. Y.",United States
1919,19,Mrs. H. C. Hartwell,Hartwell,Mrs.,,female,Superintendent,Educational Department,Eastern New York Conference,Atlantic Union Conference,Eastern New York,,"Rome, N. Y.",United States
1919,19,C. H. Castle,Castle,,,male,Secretary,Religious Liberty Department,Eastern New York Conference,Atlantic Union Conference,Eastern New York,,"Troy, N. Y.",United States
1919,18,R. D. Quinn,Quinn,,,male,President,,Atlantic Union Conference,,Atlantic Union,,"South Lancaster, Mass.",United States
1919,18,C. L. Kilgore,Kilgore,,,male,"Secretary, Treasurer, and Auditor",,Atlantic Union Conference,,Atlantic Union,,"South Lancaster, Mass.",United States
1919,18,W. E. Bliss,Bliss,,M.D.,male,Executive Committee Member,,Atlantic Union Conference,,Atlantic Union,,"South Lancaster, Mass.",United States
1919,18,E. E. Franklin,Franklin,,,male,Executive Committee Member,,Atlantic Union Conference,,Atlantic Union,,"South Lancaster, Mass.",United States
1919,18,F. C. Gilbert,Gilbert,,,male,Executive Committee Member,,Atlantic Union Conference,,Atlantic Union,,"South Lancaster, Mass.",United States
1919,18,J. D. Snider,Snider,,,male,Executive Committee Member,,Atlantic Union Conference,,Atlantic Union,,"South Lancaster, Mass.",United States
1919,18,J. K. Humphrey,Humphrey,,,male,Executive Committee Member,,Atlantic Union Conference,,Atlantic Union,,"South Lancaster, Mass.",United States
1919,18,M. E. Olsen,Olsen,,,male,Executive Committee Member,,Atlantic Union Conference,,Atlantic Union,,"South Lancaster, Mass.",United States
1919,18,L. O. Machlan,Machlan,,,male,Executive Committee Member,,Atlantic Union Conference,,Atlantic Union,,"South Lancaster, Mass.",United States
1919,18,V. O. Punches,Punches,,,male,Executive Committee Member,,Atlantic Union Conference,,Atlantic Union,,"South Lancaster, Mass.",United States
1919,18,D. H. Kress,Kress,,M.D.,male,Executive Committee Member,,Atlantic Union Conference,,Atlantic Union,,"South Lancaster, Mass.",United States
1919,18,R. D. Quinn,Quinn,,,male,President,Legal Association,Atlantic Union Conference Association of S. D. A.,,Atlantic Union,,"South Lancaster, Mass.",United States
1919,18,C. L. Kilgore,Kilgore,,,male,Secretary and Treasurer,Legal Association,Atlantic Union Conference Association of S. D. A.,,Atlantic Union,,"South Lancaster, Mass.",United States
1919,18,J. D. Snider,Snider,,,male,Manager,Union Book Depository,New York Branch of Review and Herald Pub. Assn.,,Atlantic Union,New York Branch of Review and Herald Pub. Assn.,"New York, N. Y.",United States
1919,18,E. E. Franklin,Franklin,,,male,Union Field Missionary Secretary,,Atlantic Union Conference,,Atlantic Union,,"South Lancaster, Mass.",United States
1919,18,L. O. Machlan,Machlan,,,male,Secretary,Educational Department,Atlantic Union Conference,,Atlantic Union,,"South Lancaster, Mass.",United States
1919,18,D. H. Kress,Kress,,M.D.,male,Secretary,Medical Missionary Department,Atlantic Union Conference,,Atlantic Union,,"South Lancaster, Mass.",United States
1919,18,K. C. Russell,Russell,,,male,Secretary,Religious Liberty Department,Atlantic Union Conference,,Atlantic Union,,"60 Grand Ave., Rochester, N. Y.",United States
1919,18,Mrs. R. D. Quinn,Quinn,Mrs.,,female,Secretary,Young People's Department,Atlantic Union Conference,,Atlantic Union,,"South Lancaster, Mass.",United States
1919,18,D. H. Kress,Kress,,,male,Acting Secretary,Home Missionary Department,Atlantic Union Conference,,Atlantic Union,,"South Lancaster, Mass.",United States
1919,18,V. O. Punches,Punches,,,male,Field Secretary,Home Missionary Department,Atlantic Union Conference,,Atlantic Union,,"South Lancaster, Mass.",United States
1919,18,J. K. Humphrey,Humphrey,,,male,Secretary,Negro Representative,Atlantic Union Conference,,Atlantic Union,,"141 West 131st St., New York, N. Y.",United States
1919,18,R. D. Quinn,Quinn,,,male,Minister,,Atlantic Union Conference,Ministers,Atlantic Union,,"South Lancaster, Mass.",United States
1919,18,M. E. Olsen,Olsen,,,male,Minister,,Atlantic Union Conference,Ministers,Atlantic Union,,"South Lancaster, Mass.",United States
1919,18,H. S. Prenier,Prenier,,,male,Minister,,Atlantic Union Conference,Ministers,Atlantic Union,,"South Lancaster, Mass.",United States
1919,18,P. F. Bicknell,Bicknell,,,male,Honorary Ministerial Credentials,,Atlantic Union Conference,Ministers,Atlantic Union,,"1326 South Main St., Worcester, Mass.",United States
1919,18,S. J. Hersum,Hersum,,,male,Honorary Ministerial Credentials,,Atlantic Union Conference,Ministers,Atlantic Union,,"R. F. D. 3, Gorham, Me.",United States
1919,18,P. B. Osborne,Osborne,,,male,Honorary Ministerial Credentials,,Atlantic Union Conference,Ministers,Atlantic Union,,"Lock Box 475, Fairfield, Me.",United States
1919,18,J. W. Raymond,Raymond,,,male,Honorary Ministerial Credentials,,Atlantic Union Conference,Ministers,Atlantic Union,,"203 Waverly St., Buffalo, N. Y.",United States
1919,18,D. G. Turk,Turk,,,male,Honorary Ministerial Credentials,,Atlantic Union Conference,Ministers,Atlantic Union,,"3 Farr Place, Johnson City, N. Y.",United States
1919,18,C. Meleen,Meleen,,,male,Honorary Ministerial Credentials,,Atlantic Union Conference,Ministers,Atlantic Union,,"Stockholm, Me.",United States
1919,18,S. W. Walker,Walker,,,male,Honorary Ministerial Credentials,,Atlantic Union Conference,Ministers,Atlantic Union,,"R. F. D. 1, Berwick, Me.",United States
1919,18,H. L. Shoup,Shoup,,,male,Honorary Ministerial Credentials,,Atlantic Union Conference,Ministers,Atlantic Union,,"238 Haywood St., Asheville, N. C.",United States
1919,18,S. B. Whitney,Whitney,,,male,Honorary Ministerial Credentials,,Atlantic Union Conference,Ministers,Atlantic Union,,"Keene, N. Y.",United States
1919,18,C. J. Coon,Coon,,,male,Honorary Ministerial Credentials,,Atlantic Union Conference,Ministers,Atlantic Union,,"Lincklean Center, N. Y.",United States
1919,18,V. O. Punches,Punches,,,male,Licentiate,,Atlantic Union Conference,Licentiates,Atlantic Union,,"South Lancaster, Mass.",United States
1919,18,L. O. Machlan,Machlan,,,male,Licentiate,,Atlantic Union Conference,Licentiates,Atlantic Union,,"South Lancaster, Mass.",United States
1919,18,J. D. Snider,Snider,,,male,Licentiate,,Atlantic Union Conference,Licentiates,Atlantic Union,,"Room 311, 32 Union Square, New York, N. Y.",United States
1919,18,C. A. Shull,Shull,,,male,Licentiate,,Atlantic Union Conference,Licentiates,Atlantic Union,,"South Lancaster, Mass.",United States
1919,18,E. C. Rowell,Rowell,,,male,Licentiate,,Atlantic Union Conference,Licentiates,Atlantic Union,,"Hamilton, Bermuda",United States
1919,18,Winifred P. Rowell,Rowell,,,female,Licentiate,,Atlantic Union Conference,Licentiates,Atlantic Union,,"Hamilton, Bermuda",United States
1919,18,E. E. Franklin,Franklin,,,male,Licentiate,,Atlantic Union Conference,Licentiates,Atlantic Union,,"South Lancaster, Mass.",United States
1919,18,J. W. Fair,Fair,,,male,Licentiate,,Atlantic Union Conference,Licentiates,Atlantic Union,,"South Lancaster, Mass.",United States
1919,18,E. E. Pringle,Pringle,,,male,Licentiate,,Atlantic Union Conference,Licentiates,Atlantic Union,,"South Lancaster, Mass.",United States
1919,18,W. E. Perrin,Perrin,,,male,Licentiate,,Atlantic Union Conference,Licentiates,Atlantic Union,New England Sanitarium,"Melrose, Mass.",United States
1919,18,J. A. L. Derby,Derby,,,male,Licentiate,,Atlantic Union Conference,Licentiates,Atlantic Union,,"South Lancaster, Mass.",United States
1919,20,"L. H. King, Jr.",King,,Jr.,male,Secretary,Home Missionary Dept.,Eastern New York Conference,Atlantic Union Conference,Eastern New York,,"Syracuse, N. Y.",United States
1919,20,H. C. Hartwell,Hartwell,,,male,Minister,,Eastern New York Conference,Atlantic Union Conference,Eastern New York,,"Rome, N. Y.",United States
1919,20,A. W. Coon,Coon,,,male,Minister,,Eastern New York Conference,Atlantic Union Conference,Eastern New York,,"Binghamton, N. Y.",United States
1919,20,Joseph Schnetzler,Schnetzler,,,male,Licentiate,,Eastern New York Conference,Atlantic Union Conference,Eastern New York,,"Amsterdam, N. Y.",United States
1919,20,J. E. Whelpley,Whelpley,,,male,Licentiate,,Eastern New York Conference,Atlantic Union Conference,Eastern New York,,"South Lancaster, Mass.",United States
1919,20,H. A. May,May,,,male,Licentiate,,Eastern New York Conference,Atlantic Union Conference,Eastern New York,,"Rome, N. Y.",United States
1919,20,C. H. Castle,Castle,,,male,Licentiate,,Eastern New York Conference,Atlantic Union Conference,Eastern New York,,"Troy, N. Y.",United States
1919,20,Gertrude Birdseye,Birdseye,,,female,Missionary Credentials,,Eastern New York Conference,Atlantic Union Conference,Eastern New York,,"Ogdensburg, N. Y.",United States
1919,20,Theresa Hacker,Hacker,Miss,,female,Missionary Credentials,,Eastern New York Conference,Atlantic Union Conference,Eastern New York,,"Troy, N. Y.",United States
1919,20,Mrs. J. Schnetzler,Schnetzler,Mrs.,,female,Missionary Credentials,,Eastern New York Conference,Atlantic Union Conference,Eastern New York,,"Amsterdam, N. Y.",United States
1919,20,"L. H. King, Jr.",King,,Jr.,male,Missionary Credentials,,Eastern New York Conference,Atlantic Union Conference,Eastern New York,,"Syracuse, N. Y.",United States
1919,20,H. P. Gram,Gram,,,male,Missionary Credentials,,Eastern New York Conference,Atlantic Union Conference,Eastern New York,,"South Lancaster, Mass.",United States
1919,20,E. C. Wood,Wood,,,male,Missionary Credentials,,Eastern New York Conference,Atlantic Union Conference,Eastern New York,Washington Missionary College,"Washington, D. C.",United States
1919,20,Harold Snide,Snide,,,male,Missionary Credentials,,Eastern New York Conference,Atlantic Union Conference,Eastern New York,,"Ogdensburg, N. Y.",United States
1919,20,Mrs. H. C. Hartwell,Hartwell,Mrs.,,female,Missionary Credentials,,Eastern New York Conference,Atlantic Union Conference,Eastern New York,,"Rome, N. Y.",United States
1919,20,Mrs. C. H. Castle,Castle,Mrs.,,female,Missionary Credentials,,Eastern New York Conference,Atlantic Union Conference,Eastern New York,,"Troy, N. Y.",United States
1919,20,O. C. Weller,Weller,,,male,Missionary Credentials,,Eastern New York Conference,Atlantic Union Conference,Eastern New York,,"Rome, N. Y.",United States
1919,20,Florence Kidder,Kidder,Miss,,female,Church School Teacher,,Eastern New York Conference,Atlantic Union Conference,Eastern New York,S. D. A. Church,"Albany, N. Y.",United States
1919,20,Mrs. Ethel Roberts,Roberts,Mrs.,,female,Church School Teacher,,Eastern New York Conference,Atlantic Union Conference,Eastern New York,,"Syracuse, N. Y.",United States
1919,20,Sarah Fuller,Fuller,Miss,,female,Church School Teacher,,Eastern New York Conference,Atlantic Union Conference,Eastern New York,,"Oxford, N. Y.",United States
1919,20,Florence Hoxie,Hoxie,Miss,,female,Church School Teacher,,Eastern New York Conference,Atlantic Union Conference,Eastern New York,,"Blossvale, N. Y.",United States
1919,20,Mrs. F. B. Chapin,Chapin,Mrs.,,female,Church School Teacher,,Eastern New York Conference,Atlantic Union Conference,Eastern New York,,"Binghamton, N. Y.",United States
1919,20,Mrs. Lea C. Saunders,Saunders,Mrs.,,female,Church School Teacher,,Eastern New York Conference,Atlantic Union Conference,Eastern New York,,"Lincklaen, N. Y.",United States
1919,20,Hazel Brooks,Brooks,Miss,,female,Church School Teacher,,Eastern New York Conference,Atlantic Union Conference,Eastern New York,,"Otego, N. Y.",United States
1919,20,J. E. Jayne,Jayne,,,male,President,,Greater New York Conference,Atlantic Union Conference,Greater New York,,"New York, N. Y.",United States
1919,20,N. C. Van Horn,Van Horn,,,male,Secretary and Treasurer,,Greater New York Conference,Atlantic Union Conference,Greater New York,,"New York, N. Y.",United States
1919,20,B. E. Miller,Miller,,,male,Executive Committee Member,,Greater New York Conference,Atlantic Union Conference,Greater New York,,"New York, N. Y.",United States
1919,20,C. T. Everson,Everson,,,male,Executive Committee Member,,Greater New York Conference,Atlantic Union Conference,Greater New York,,"New York, N. Y.",United States
1919,20,J. D. Snider,Snider,,,male,Executive Committee Member,,Greater New York Conference,Atlantic Union Conference,Greater New York,,"New York, N. Y.",United States
1919,20,J. K. Humphrey,Humphrey,,,male,Executive Committee Member,,Greater New York Conference,Atlantic Union Conference,Greater New York,,"New York, N. Y.",United States
1919,20,D. N. Wall,Wall,,,male,Executive Committee Member,,Greater New York Conference,Atlantic Union Conference,Greater New York,,"New York, N. Y.",United States
1919,20,L. Klebhan,Klebhan,,,male,Executive Committee Member,,Greater New York Conference,Atlantic Union Conference,Greater New York,,"New York, N. Y.",United States
1919,20,S. F. Svensson,Svensson,,,male,Executive Committee Member,,Greater New York Conference,Atlantic Union Conference,Greater New York,,"New York, N. Y.",United States
1919,20,J. C. Stevens,Stevens,,,male,Executive Committee Member,,Greater New York Conference,Atlantic Union Conference,Greater New York,,"New York, N. Y.",United States
1919,20,J. D. Snider,Snider,,,male,Secretary,Greater New York Corporation of Seventh-day Adventists,Greater New York Conference,Atlantic Union Conference,Greater New York,Greater New York Corporation of Seventh-day Adventists,"New York, N. Y.",United States
1919,20,F. M. Larsen,Larsen,,,male,Field Missionary Secretary,Tract Society,Greater New York Conference,Atlantic Union Conference,Greater New York,,"New York, N. Y.",United States
1919,20,Mrs. J. E. Jayne,Jayne,Mrs.,,female,Secretary,Sabbath School Dept.,Greater New York Conference,Atlantic Union Conference,Greater New York,,"Brooklyn, N. Y.",United States
1919,21,B. B. Kinne,Kinne,,M. D.,male,Secretary,Medical Missionary Dept.,Greater New York Conference,Atlantic Union Conference,Greater New York,,"Middletown, N. Y.",United States
1919,21,Mrs. J. E. Jayne,Jayne,Mrs.,,female,Secretary,Young People's Dept.,Greater New York Conference,Atlantic Union Conference,Greater New York,,"Brooklyn, N. Y.",United States
1919,21,J. E. Jayne,Jayne,,,male,Minister,,Greater New York Conference,Atlantic Union Conference,Greater New York,,"New York, N. Y.",United States
1919,21,C. T. Everson,Everson,,,male,Minister,,Greater New York Conference,Atlantic Union Conference,Greater New York,,"New York, N. Y.",United States
1919,21,J. K. Humphrey,Humphrey,,,male,Minister,,Greater New York Conference,Atlantic Union Conference,Greater New York,,"New York, N. Y.",United States
1919,21,B. E. Miller,Miller,,,male,Minister,,Greater New York Conference,Atlantic Union Conference,Greater New York,,"Brooklyn, N. Y.",United States
1919,21,S. F. Svensson,Svensson,,,male,Minister,,Greater New York Conference,Atlantic Union Conference,Greater New York,,"New York, N. Y.",United States
1919,21,J. C. Stevens,Stevens,,,male,Minister,,Greater New York Conference,Atlantic Union Conference,Greater New York,,"Brooklyn, N. Y.",United States
1919,21,D. N. Wall,Wall,,,male,Minister,,Greater New York Conference,Atlantic Union Conference,Greater New York,,"New York, N. Y.",United States
1919,21,L. Halsvick,Halsvick,,,male,Minister,,Greater New York Conference,Atlantic Union Conference,Greater New York,,"New York, N. Y.",United States
1919,21,W. R. Andrews,Andrews,,,male,Minister,,Greater New York Conference,Atlantic Union Conference,Greater New York,,"New York, N. Y.",United States
1919,21,R. Immonen,Immonen,,,male,Licentiate,,Greater New York Conference,Atlantic Union Conference,Greater New York,,"New York, N. Y.",United States
1919,21,Mrs. J. M. Calvert,Calvert,Mrs.,,female,Honorary Missionary Licentiate,,Greater New York Conference,Atlantic Union Conference,Greater New York,,"New York, N. Y.",United States
1919,21,H. P. Hansen,Hansen,,,male,Missionary Licentiate,,Greater New York Conference,Atlantic Union Conference,Greater New York,,"Brooklyn, N. Y.",United States
1919,21,Henry DeFluiter,DeFluiter,,,male,Missionary Licentiate,,Greater New York Conference,Atlantic Union Conference,Greater New York,,"New York, N. Y.",United States
1919,21,Mrs. J. E. Jayne,Jayne,Mrs.,,female,Missionary Licentiate,,Greater New York Conference,Atlantic Union Conference,Greater New York,,"Brooklyn, N. Y.",United States
1919,21,Miss F. E. Wagner,Wagner,Miss,,female,Missionary Licentiate,,Greater New York Conference,Atlantic Union Conference,Greater New York,,"Brooklyn, N. Y.",United States
1919,21,Miss Emma Wells,Wells,Miss,,female,Missionary Licentiate,,Greater New York Conference,Atlantic Union Conference,Greater New York,,"Middletown, N. Y.",United States
1919,21,Miss Florence Tate,Tate,Miss,,female,Missionary Licentiate,,Greater New York Conference,Atlantic Union Conference,Greater New York,,"Brooklyn, N. Y.",United States
1919,21,N. C. Van Horn,Van Horn,,,male,Missionary Licentiate,,Greater New York Conference,Atlantic Union Conference,Greater New York,,"New York, N. Y.",United States
1919,21,Miss Anna Dunn,Dunn,Miss,,female,Missionary Licentiate,,Greater New York Conference,Atlantic Union Conference,Greater New York,,"Brooklyn, N. Y.",United States
1919,21,Miss Minnie Buchner,Buchner,Miss,,female,Missionary Licentiate,,Greater New York Conference,Atlantic Union Conference,Greater New York,,"Brooklyn, N. Y.",United States
1919,21,Mrs. Anna Spahya,Spahya,Mrs.,,female,Missionary Licentiate,,Greater New York Conference,Atlantic Union Conference,Greater New York,,"New York, N. Y.",United States
1919,21,J. E. Hanson,Hanson,,,male,Missionary Licentiate,,Greater New York Conference,Atlantic Union Conference,Greater New York,,"New York, N. Y.",United States
1919,21,Mrs. J. L. Johnson,Johnson,Mrs.,,female,Missionary Licentiate,,Greater New York Conference,Atlantic Union Conference,Greater New York,,"New York, N. Y.",United States
1919,21,Mrs. J. C. Stevens,Stevens,Mrs.,,female,Missionary Licentiate,,Greater New York Conference,Atlantic Union Conference,Greater New York,,"Brooklyn, N. Y.",United States
1919,21,Mrs. Belle Kershaw,Kershaw,Mrs.,,female,Missionary Licentiate,,Greater New York Conference,Atlantic Union Conference,Greater New York,,"New York, N. Y.",United States
1919,21,Miss Bertha Stokka,Stokka,Miss,,female,Missionary Licentiate,,Greater New York Conference,Atlantic Union Conference,Greater New York,,"Brooklyn, N. Y.",United States
1919,21,Miss Florence I. Thompson,Thompson,Miss,,female,Missionary Licentiate,,Greater New York Conference,Atlantic Union Conference,Greater New York,,"Brooklyn, N. Y.",United States
1919,21,Mrs. C. T. Everson,Everson,Mrs.,,female,Missionary Licentiate,,Greater New York Conference,Atlantic Union Conference,Greater New York,,"New York, N. Y.",United States
1919,21,J. J. Mitchell,Mitchell,,,male,Missionary Licentiate,,Greater New York Conference,Atlantic Union Conference,Greater New York,,"New York, N. Y.",United States
1919,21,Miss Mary Lewis,Lewis,Miss,,female,Missionary Licentiate,,Greater New York Conference,Atlantic Union Conference,Greater New York,,"Port Jervis, N. Y.",United States
1919,21,Miss Roza Vass,Vass,Miss,,female,Missionary Licentiate,,Greater New York Conference,Atlantic Union Conference,Greater New York,,"New York, N. Y.",United States
1919,21,Rebecca Yeadon,Yeadon,,,female,Missionary Licentiate,,Greater New York Conference,Atlantic Union Conference,Greater New York,,"New York, N. Y.",United States
1919,21,L. Fellman,Fellman,,,male,Missionary Licentiate,,Greater New York Conference,Atlantic Union Conference,Greater New York,,"New York, N. Y.",United States
1919,21,Miss Louise Johnson,Johnson,Miss,,female,Missionary Licentiate,,Greater New York Conference,Atlantic Union Conference,Greater New York,,"New York, N. Y.",United States
1919,21,Miss Augusta Meyer,Meyer,Miss,,female,Missionary Licentiate,,Greater New York Conference,Atlantic Union Conference,Greater New York,,"New York, N. Y.",United States
1919,21,Mrs. Fred Osborn,Osborn,Mrs.,,female,Missionary Licentiate,,Greater New York Conference,Atlantic Union Conference,Greater New York,,"Middletown, N. Y.",United States
1919,21,Mrs. N. C. Van Horn,Van Horn,Mrs.,,female,Missionary Licentiate,,Greater New York Conference,Atlantic Union Conference,Greater New York,,"New York, N. Y.",United States
1919,21,Frank Wall,Wall,,,male,Missionary Licentiate,,Greater New York Conference,Atlantic Union Conference,Greater New York,,"New York, N. Y.",United States
1919,22,H. W. Carr,Carr,,,male,President,,Maine Conference,State Conference Directories,Maine,,"Portland, Me.",United States
1919,22,J. E. Osterblom,Osterblom,,,male,Secretary and Treasurer,,Maine Conference,State Conference Directories,Maine,,"Portland, Me.",United States
1919,22,E. E. Osborne,Osborne,,,male,Executive Committee Member,,Maine Conference,State Conference Directories,Maine,,"Portland, Me.",United States
1919,22,E. C. Taylor,Taylor,,,male,Executive Committee Member,,Maine Conference,State Conference Directories,Maine,,"Portland, Me.",United States
1919,22,Ward Bickford,Bickford,,,male,Executive Committee Member,,Maine Conference,State Conference Directories,Maine,,"Portland, Me.",United States
1919,22,R. S. Hobbs,Hobbs,,,male,Executive Committee Member,,Maine Conference,State Conference Directories,Maine,,"Portland, Me.",United States
1919,22,W. O. Howe,Howe,,,male,Executive Committee Member,,Maine Conference,State Conference Directories,Maine,,"Portland, Me.",United States
1919,22,A. E. Sanderson,Sanderson,,,male,Executive Committee Member,,Maine Conference,State Conference Directories,Maine,,"Portland, Me.",United States
1919,22,W. O. Howe,Howe,,,male,Clerk,Maine Conference Association of S. D. A.,Maine Conference,State Conference Directories,Maine,,"Portland, Me.",United States
1919,22,W. A. Bickford,Bickford,,,male,Trustee,Maine Conference Association of S. D. A.,Maine Conference,State Conference Directories,Maine,,"Portland, Me.",United States
1919,22,Marcia L. Keller,Keller,Miss,,female,Assistant Secretary and Treasurer,Tract Society,Maine Conference,State Conference Directories,Maine,,"Portland, Me.",United States
1919,22,E. E. Covey,Covey,,,male,Field Missionary Secretary,Tract Society,Maine Conference,State Conference Directories,Maine,,"Portland, Me.",United States
1919,22,Mrs. H. W. Carr,Carr,Mrs.,,female,Secretary,Sabbath School Department,Maine Conference,State Conference Directories,Maine,,"Portland, Me.",United States
1919,22,Jennie R. Bates,Bates,Miss,,female,Superintendent,Educational Department,Maine Conference,State Conference Directories,Maine,,"Portland, Me.",United States
1919,22,Mrs. M. W. Howe,Howe,Mrs.,,female,Secretary,Medical Missionary Department,Maine Conference,State Conference Directories,Maine,,"Portland, Me.",United States
1919,22,W. O. Howe,Howe,,,male,Secretary,Religious Liberty Department,Maine Conference,State Conference Directories,Maine,,"Portland, Me.",United States
1919,22,Jennie R. Bates,Bates,Miss,,female,Secretary,Young People's Department,Maine Conference,State Conference Directories,Maine,,"Portland, Me.",United States
1919,22,C. O. Perkins,Perkins,,,male,Secretary,Home Missionary Department,Maine Conference,State Conference Directories,Maine,,"Portland, Me.",United States
1919,22,H. W. Carr,Carr,,,male,Minister,,Maine Conference,State Conference Directories,Maine,,"Portland, Me.",United States
1919,22,E. E. Osborne,Osborne,,,male,Minister,,Maine Conference,State Conference Directories,Maine,,"Fairfield, Me.",United States
1919,22,A. J. Verrill,Verrill,,,male,Minister,,Maine Conference,State Conference Directories,Maine,,"Mechanic Falls, Me.",United States
1919,22,A. E. Sanderson,Sanderson,,,male,Minister,,Maine Conference,State Conference Directories,Maine,,"Lewiston, Me.",United States
1919,22,C. Meleen,Meleen,,,male,Minister,,Maine Conference,State Conference Directories,Maine,,"Stockholm, Me.",United States
1919,22,W. O. Howe,Howe,,,male,Licentiate,,Maine Conference,State Conference Directories,Maine,,"Woodfords Station, Me.",United States
1919,22,M. R. Bailey,Bailey,,,male,Licentiate,,Maine Conference,State Conference Directories,Maine,,"Lewiston, Me.",United States
1919,22,C. O. Perkins,Perkins,,,male,Licentiate,,Maine Conference,State Conference Directories,Maine,,"Portland, Me.",United States
1919,22,W. E. Gerald,Gerald,,,male,Licentiate,,Maine Conference,State Conference Directories,Maine,,"Belgrade, Me.",United States
1919,22,L. V. Cleaves,Cleaves,,,male,Licentiate,,Maine Conference,State Conference Directories,Maine,,"Portland, Me.",United States
1919,22,Jennie R. Bates,Bates,,,female,Missionary Licentiate,,Maine Conference,State Conference Directories,Maine,,"Norway, Me.",United States
1919,22,W. G. McKeene,McKeene,,,male,Missionary Licentiate,,Maine Conference,State Conference Directories,Maine,,"Portland, Me.",United States
1919,22,Cora Bowers,Bowers,Miss,,female,Missionary Licentiate,,Maine Conference,State Conference Directories,Maine,,,United States
1919,22,G. W. Howard,Howard,,,male,Missionary Licentiate,,Maine Conference,State Conference Directories,Maine,,"Kezar Falls, Me.",United States
1919,22,Mrs. H. W. Carr,Carr,Mrs.,,female,Missionary Licentiate,,Maine Conference,State Conference Directories,Maine,,"Portland, Me.",United States
1919,22,L. L. Howard,Howard,,,male,Missionary Licentiate,,Maine Conference,State Conference Directories,Maine,,"West Falmouth, Me.",United States
1919,22,J. E. Osterblom,Osterblom,,,male,Missionary Licentiate,,Maine Conference,State Conference Directories,Maine,,"Portland, Me.",United States
1919,22,Marcia L. Keller,Keller,Miss,,female,Missionary Licentiate,,Maine Conference,State Conference Directories,Maine,,"Portland, Me.",United States
1919,22,Ray Farley,Farley,,,male,Missionary Licentiate,,Maine Conference,State Conference Directories,Maine,,"Bath, Me.",United States
1919,23,Mary E. Walsh,Walsh,,,female,Church School Teacher,"981 High St., Bath, Me.",Maine Conference,Atlantic Union Conference,Maine,,"Bath, Me.",United States
1919,23,Mrs. M. W. Howe,Howe,Mrs.,,female,Church School Teacher,"64 Brentwood St., Woodfords Station, Me.",Maine Conference,Atlantic Union Conference,Maine,,"Woodfords Station, Me.",United States
1919,23,Angie M. Blaisdell,Blaisdell,,,female,Church School Teacher,"Cliff Island, Me.",Maine Conference,Atlantic Union Conference,Maine,,"Cliff Island, Me.",United States
1919,23,Mrs. A. S. Brown,Brown,Mrs.,,female,Church School Teacher,"75 Grant St., Portland, Me.",Maine Conference,Atlantic Union Conference,Maine,,"Portland, Me.",United States
1919,23,Miss Martha G. Bartlett,Bartlett,Miss,,female,Church School Teacher,"75 Grant St., Portland, Me.",Maine Conference,Atlantic Union Conference,Maine,,"Portland, Me.",United States
1919,23,Miss Annie Bell Houghton,Houghton,Miss,,female,Church School Teacher,"76 Russell St., Bath, Me.",Maine Conference,Atlantic Union Conference,Maine,,"Bath, Me.",United States
1919,23,Miss Christine Dyer,Dyer,Miss,,female,Church School Teacher,"Larone, Me.",Maine Conference,Atlantic Union Conference,Maine,,"Larone, Me.",United States
1919,23,Miss Hope Appleby,Appleby,Miss,,female,Church School Teacher,"R. F. D., Mechanic Falls, Me.",Maine Conference,Atlantic Union Conference,Maine,,"Mechanic Falls, Me.",United States
1919,23,Miss Ava Simkin,Simkin,Miss,,female,Church School Teacher,Bryant Pond,Maine Conference,Atlantic Union Conference,Maine,,"Bryant Pond, Me.",United States
1919,23,Miss Violet Webber,Webber,Miss,,female,Church School Teacher,Richmond,Maine Conference,Atlantic Union Conference,Maine,,"Richmond, Me.",United States
1919,23,Miss Grace Scott,Scott,Miss,,female,Church School Teacher,"Westfield, Me.",Maine Conference,Atlantic Union Conference,Maine,,"Westfield, Me.",United States
1919,23,George B. Hills,Hills,,,male,Church School Teacher,"Star Route 1206, Belfast, Me.",Maine Conference,Atlantic Union Conference,Maine,,"Belfast, Me.",United States
1919,23,Miss Myrtle Wilson,Wilson,Miss,,female,Church School Teacher,"Norridgewock, Me.",Maine Conference,Atlantic Union Conference,Maine,,"Norridgewock, Me.",United States
1919,23,J. K. Jones,Jones,,,male,President,,Massachusetts Conference,Atlantic Union Conference,Massachusetts,,"South Lancaster, Mass.",United States
1919,23,H. T. Curtis,Curtis,,,male,Secretary and Treasurer,,Massachusetts Conference,Atlantic Union Conference,Massachusetts,,"South Lancaster, Mass.",United States
1919,23,P. F. Bicknell,Bicknell,,,male,Executive Committee Member,,Massachusetts Conference,Atlantic Union Conference,Massachusetts,,"South Lancaster, Mass.",United States
1919,23,F. C. Gilbert,Gilbert,,,male,Executive Committee Member,,Massachusetts Conference,Atlantic Union Conference,Massachusetts,,"South Lancaster, Mass.",United States
1919,23,W. E. Bliss,Bliss,,,male,Executive Committee Member,,Massachusetts Conference,Atlantic Union Conference,Massachusetts,,"South Lancaster, Mass.",United States
1919,23,M. E. Olsen,Olsen,,,male,Executive Committee Member,,Massachusetts Conference,Atlantic Union Conference,Massachusetts,,"South Lancaster, Mass.",United States
1919,23,E. L. Cardey,Cardey,,,male,Executive Committee Member,,Massachusetts Conference,Atlantic Union Conference,Massachusetts,,"South Lancaster, Mass.",United States
1919,23,M. R. Coon,Coon,,,male,Executive Committee Member,,Massachusetts Conference,Atlantic Union Conference,Massachusetts,,"South Lancaster, Mass.",United States
1919,23,W. W. Rice,Rice,,,male,Executive Committee Member,,Massachusetts Conference,Atlantic Union Conference,Massachusetts,,"South Lancaster, Mass.",United States
1919,23,A. L. Griffis,Griffis,,,male,Field Missionary Secretary,,Massachusetts Conference,Atlantic Union Conference,Massachusetts,,"South Lancaster, Mass.",United States
1919,23,Mrs. E. M. Wilber,Wilber,Mrs.,,female,Sabbath School Department Secretary,,Massachusetts Conference,Atlantic Union Conference,Massachusetts,,"South Lancaster, Mass.",United States
1919,23,Miss Bessie R. Munn,Munn,Miss,,female,Educational Department Superintendent,,Massachusetts Conference,Atlantic Union Conference,Massachusetts,,"South Lancaster, Mass.",United States
1919,23,W. A. Butler,Butler,,,male,Home Missionary Department Secretary,,Massachusetts Conference,Atlantic Union Conference,Massachusetts,,"South Lancaster, Mass.",United States
1919,23,E. L. Cardey,Cardey,,,male,Minister,"604 Tremont Temple, Boston, Mass.",Massachusetts Conference,Atlantic Union Conference,Massachusetts,,"Boston, Mass.",United States
1919,23,H. S. Prenier,Prenier,,,male,Minister,South Lancaster,Massachusetts Conference,Atlantic Union Conference,Massachusetts,,"South Lancaster, Mass.",United States
1919,23,L. S. Wheeler,Wheeler,,,male,Minister,"New England Sanitarium, Melrose, Mass.",Massachusetts Conference,Atlantic Union Conference,Massachusetts,New England Sanitarium,"Melrose, Mass.",United States
1919,23,F. C. Carlson,Carlson,,,male,Minister,"70 Russell St., Worcester, Mass.",Massachusetts Conference,Atlantic Union Conference,Massachusetts,,"Worcester, Mass.",United States
1919,23,M. R. Coon,Coon,,,male,Minister,"56 Pasadena St., Springfield, Mass.",Massachusetts Conference,Atlantic Union Conference,Massachusetts,,"Springfield, Mass.",United States
1919,23,W. W. Rice,Rice,,,male,Minister,"413 Shawmut Ave., New Bedford, Mass.",Massachusetts Conference,Atlantic Union Conference,Massachusetts,,"New Bedford, Mass.",United States
1919,23,P. F. Bicknell,Bicknell,,,male,Minister,"1326 South Main St., Worcester, Mass.",Massachusetts Conference,Atlantic Union Conference,Massachusetts,,"Worcester, Mass.",United States
1919,23,W. A. Butler,Butler,,,male,Licentiate,South Lancaster,Massachusetts Conference,Atlantic Union Conference,Massachusetts,,"South Lancaster, Mass.",United States
1919,23,C. R. Gibbs,Gibbs,,,male,Licentiate,"568 Main St., Malden",Massachusetts Conference,Atlantic Union Conference,Massachusetts,,"Malden, Mass.",United States
1919,23,F. J. Gonsalves,Gonsalves,,,male,Licentiate,"702 Hathaway Road, New Bedford, Mass.",Massachusetts Conference,Atlantic Union Conference,Massachusetts,,"New Bedford, Mass.",United States
1919,23,J. H. Tiney,Tiney,,,male,Licentiate,South Lancaster,Massachusetts Conference,Atlantic Union Conference,Massachusetts,,"South Lancaster, Mass.",United States
1919,23,C. W. Yearwood,Yearwood,,,male,Licentiate,"35 Rice St., North Cambridge, Mass.",Massachusetts Conference,Atlantic Union Conference,Massachusetts,,"North Cambridge, Mass.",United States
1919,23,J. K. Jones,Jones,,,male,Minister,"South Lancaster, Mass.",Massachusetts Conference,Atlantic Union Conference,Massachusetts,,"South Lancaster, Mass.",United States
1919,23,W. A. Bittler,Bittler,,,male,Home Missionary Department Secretary,,Massachusetts Conference,Atlantic Union Conference,Massachusetts,,"South Lancaster, Mass.",United States
1919,24,H. T. Curtis,Curtis,,,male,Missionary Licentiate,,Southern New England Conference,Atlantic Union Conference,Southern New England,,"South Lancaster, Mass.",United States
1919,24,Mrs. Oris Armstrong,Armstrong,Mrs.,,female,Missionary Licentiate,,Southern New England Conference,Atlantic Union Conference,Southern New England,,"Worcester, Mass.",United States
1919,24,Miss Florence Campbell,Campbell,Miss,,female,Missionary Licentiate,,Southern New England Conference,Atlantic Union Conference,Southern New England,,"Springfield, Mass.",United States
1919,24,Mrs. J. J. Gallagher,Gallagher,Mrs.,,female,Missionary Licentiate,,Southern New England Conference,Atlantic Union Conference,Southern New England,,"Springfield, Mass.",United States
1919,24,A. L. Griffis,Griffis,,,male,Missionary Licentiate,,Southern New England Conference,Atlantic Union Conference,Southern New England,,"South Lancaster, Mass.",United States
1919,24,Miss Emily H. Grove,Grove,Miss,,female,Missionary Licentiate,,Southern New England Conference,Atlantic Union Conference,Southern New England,,"South Lancaster, Mass.",United States
1919,24,Miss Alfreda Johnson,Johnson,Miss,,female,Missionary Licentiate,,Southern New England Conference,Atlantic Union Conference,Southern New England,,,United States
1919,24,Miss Annabel Orr,Orr,Miss,,female,Missionary Licentiate,,Southern New England Conference,Atlantic Union Conference,Southern New England,,"Malden, Mass.",United States
1919,24,L. J. Smith,Smith,,,male,Missionary Licentiate,,Southern New England Conference,Atlantic Union Conference,Southern New England,,"South Lancaster, Mass.",United States
1919,24,Miss Cora A. Spencer,Spencer,Miss,,female,Missionary Licentiate,,Southern New England Conference,Atlantic Union Conference,Southern New England,,"Dorchester, Mass.",United States
1919,24,Mrs. J. W. Sypher,Sypher,Mrs.,,female,Missionary Licentiate,,Southern New England Conference,Atlantic Union Conference,Southern New England,,"Natick, Mass.",United States
1919,24,Miss Garnet Wigle,Wigle,Miss,,female,Missionary Licentiate,,Southern New England Conference,Atlantic Union Conference,Southern New England,,"Springfield, Mass.",United States
1919,24,Mrs. E. M. Wilber,Wilber,Mrs.,,female,Missionary Licentiate,,Southern New England Conference,Atlantic Union Conference,Southern New England,,"South Lancaster, Mass.",United States
1919,24,Miss Helen Armstrong,Armstrong,Miss,,female,Missionary Licentiate,,Southern New England Conference,Atlantic Union Conference,Southern New England,,"New Bedford, Mass.",United States
1919,24,Dr. Mary Sanderson,Sanderson,Dr.,,female,Medical Missionary,,Southern New England Conference,Atlantic Union Conference,Southern New England,,"Amherst, Mass.",United States
1919,24,Mrs. C. W. Battersby,Battersby,Mrs.,,female,Church School Teacher,,Southern New England Conference,Atlantic Union Conference,Southern New England,,"Melrose, Mass.",United States
1919,24,Miss Minerva Coffin,Coffin,Miss,,female,Church School Teacher,,Southern New England Conference,Atlantic Union Conference,Southern New England,,"Haverhill, Mass.",United States
1919,24,Miss Bessie R. Munn,Munn,Miss,,female,Church School Teacher,,Southern New England Conference,Atlantic Union Conference,Southern New England,,"South Lancaster, Mass.",United States
1919,24,Mrs. L. D. Kelsey,Kelsey,Mrs.,,female,Church School Teacher,,Southern New England Conference,Atlantic Union Conference,Southern New England,,,United States
1919,24,Miss Winifred Silloway,Silloway,Miss,,female,Church School Teacher,,Southern New England Conference,Atlantic Union Conference,Southern New England,,,United States
1919,24,Miss Ruth Sinclair,Sinclair,Miss,,female,Church School Teacher,,Southern New England Conference,Atlantic Union Conference,Southern New England,,"Worcester, Mass.",United States
1919,24,Miss Blanche Shoup,Shoup,Miss,,female,Church School Teacher,,Southern New England Conference,Atlantic Union Conference,Southern New England,New England Sanitarium,"Melrose, Mass.",United States
1919,24,R. J. Bryant,Bryant,,,male,President,,Northern New England Conference,Atlantic Union Conference,Northern New England,,"Concord, N. H.",United States
1919,24,H. B. Tucker,Tucker,,,male,Secretary and Treasurer,,Northern New England Conference,Atlantic Union Conference,Northern New England,,"Concord, N. H.",United States
1919,24,R. J. Bryant,Bryant,,,male,Executive Committee Member,,Northern New England Conference,Atlantic Union Conference,Northern New England,,"Concord, N. H.",United States
1919,24,H. B. Tucker,Tucker,,,male,Executive Committee Member,,Northern New England Conference,Atlantic Union Conference,Northern New England,,"Concord, N. H.",United States
1919,24,E. G. Farnsworth,Farnsworth,,,male,Executive Committee Member,,Northern New England Conference,Atlantic Union Conference,Northern New England,,"Concord, N. H.",United States
1919,24,M. A. Altman,Altman,,,male,Executive Committee Member,,Northern New England Conference,Atlantic Union Conference,Northern New England,,"Concord, N. H.",United States
1919,24,W. E. Tatro,Tatro,,,male,Executive Committee Member,,Northern New England Conference,Atlantic Union Conference,Northern New England,,"Concord, N. H.",United States
1919,24,J. B. Hall,Hall,,,male,Executive Committee Member,,Northern New England Conference,Atlantic Union Conference,Northern New England,,"Concord, N. H.",United States
1919,24,M. F. Cram,Cram,,,male,Executive Committee Member,,Northern New England Conference,Atlantic Union Conference,Northern New England,,"Concord, N. H.",United States
1919,24,H. B. Tucker,Tucker,,,male,Secretary,Tract Society,Northern New England Conference,Atlantic Union Conference,Northern New England,,"Concord, N. H.",United States
1919,24,C. W. Farley,Farley,,,male,Field Missionary Secretary,Tract Society,Northern New England Conference,Atlantic Union Conference,Northern New England,,"Concord, N. H.",United States
1919,24,Miss Mabel I. Hawthorne,Hawthorne,Miss,,female,Secretary,Sabbath School Department,Northern New England Conference,Atlantic Union Conference,Northern New England,,"Concord, N. H.",United States
1919,24,Miss Violet E. Morgan,Morgan,Miss,,female,Superintendent,Educational Department,Northern New England Conference,Atlantic Union Conference,Northern New England,,"Concord, N. H.",United States
1919,24,R. J. Bryant,Bryant,,,male,Secretary,Religious Liberty Department,Northern New England Conference,Atlantic Union Conference,Northern New England,,"Concord, N. H.",United States
1919,24,Miss Mabel I. Hawthorne,Hawthorne,Miss,R. N.,female,Secretary,Medical Missionary Department,Northern New England Conference,Atlantic Union Conference,Northern New England,,"Concord, N. H.",United States
1919,24,Miss Violet E. Morgan,Morgan,Miss,,female,Secretary,Young People's Department,Northern New England Conference,Atlantic Union Conference,Northern New England,,"Concord, N. H.",United States
1919,24,H. S. Mould,Mould,,,male,Secretary,Home Missionary Department,Northern New England Conference,Atlantic Union Conference,Northern New England,,"Concord, N. H.",United States
1919,25,R. J. Bryant,Bryant,,,male,Minister,"136 North Main St., Concord, N. H.",Northern New England Conference,Atlantic Union Conference,Northern New England,,"Concord, N. H.",United States
1919,25,F. S. Hartwell,Hartwell,,,male,Minister,"12 Cliff St., Barre, Vt.",Northern New England Conference,Atlantic Union Conference,Northern New England,,"Barre, Vt.",United States
1919,25,M. A. Altman,Altman,,,male,Minister,"27 Decatur St., Burlington, Vt.",Northern New England Conference,Atlantic Union Conference,Northern New England,,"Burlington, Vt.",United States
1919,25,H. J. Farman,Farman,,,male,Minister,"58 High St., Derry, N. H.",Northern New England Conference,Atlantic Union Conference,Northern New England,,"Derry, N. H.",United States
1919,25,D. H. Hanson,Hanson,,,male,Minister,"136 North Main St., Concord, N. H.",Northern New England Conference,Atlantic Union Conference,Northern New England,,"Concord, N. H.",United States
1919,25,G. M. Scott,Scott,,,male,Licentiate,,Northern New England Conference,Atlantic Union Conference,Northern New England,,"South Lancaster, Mass.",United States
1919,25,U. W. Farley,Farley,,,male,Licentiate,"136 North Main St., Concord, N. H.",Northern New England Conference,Atlantic Union Conference,Northern New England,,"Concord, N. H.",United States
1919,25,E. E. Clayton,Clayton,,,male,Licentiate,,Northern New England Conference,Atlantic Union Conference,Northern New England,,"Lebanon, N. H.",United States
1919,25,Cornelius Pearl,Pearl,,,male,Licentiate,,Northern New England Conference,Atlantic Union Conference,Northern New England,,"South Lancaster, Mass.",United States
1919,25,H. S. Mould,Mould,,,male,Licentiate,"136 North Main St., Concord, N. H.",Northern New England Conference,Atlantic Union Conference,Northern New England,,"Concord, N. H.",United States
1919,25,H. B. Tucker,Tucker,,,male,Missionary Licentiate,,Northern New England Conference,Atlantic Union Conference,Northern New England,,"Concord, N. H.",United States
1919,25,Miss Mabel I. Hawthorne,Hawthorne,Miss,,female,Missionary Licentiate,"7 North Spring St., Concord, N. H.",Northern New England Conference,Atlantic Union Conference,Northern New England,,"Concord, N. H.",United States
1919,25,Mrs. M. A. Scribner,Scribner,Mrs.,,female,Missionary Licentiate,"136 North Main St., Concord, N. H.",Northern New England Conference,Atlantic Union Conference,Northern New England,,"Concord, N. H.",United States
1919,25,Miss Nella Eastman,Eastman,Miss,,female,Missionary Licentiate,,Northern New England Conference,Atlantic Union Conference,Northern New England,,"Hill, N. H.",United States
1919,25,Miss Lena G. Chase,Chase,Miss,,female,Missionary Licentiate,"11 Green St., Brattleboro, Vt.",Northern New England Conference,Atlantic Union Conference,Northern New England,,"Brattleboro, Vt.",United States
1919,25,Mrs. Pearl J. Sanborn,Sanborn,Mrs.,,female,Missionary Licentiate,"8 Union St., Lebanon, N. H.",Northern New England Conference,Atlantic Union Conference,Northern New England,,"Lebanon, N. H.",United States
1919,25,Miss Violet E. Morgan,Morgan,Miss,,female,Missionary Licentiate,"7 North Spring St., Concord, N. H.",Northern New England Conference,Atlantic Union Conference,Northern New England,,"Concord, N. H.",United States
1919,25,G. D. Litchfield,Litchfield,,,male,Missionary Licentiate,"136 North Main St., Concord, N. H.",Northern New England Conference,Atlantic Union Conference,Northern New England,,"Concord, N. H.",United States
1919,25,H. F. Litchfield,Litchfield,,,male,Missionary Licentiate,"136 North Main St., Concord, N. H.",Northern New England Conference,Atlantic Union Conference,Northern New England,,"Concord, N. H.",United States
1919,25,Miss Lucy Kinney,Kinney,Miss,,female,Church School Teacher,"190 North Winooski Ave., Burlington, Vt.",Northern New England Conference,Atlantic Union Conference,Northern New England,,"Burlington, Vt.",United States
1919,25,Miss Bessie Tilton,Tilton,Miss,,female,Church School Teacher,,Northern New England Conference,Atlantic Union Conference,Northern New England,,"Wilton, N. H.",United States
1919,25,Mrs. E. L. Knight,Knight,Mrs.,,female,Church School Teacher,,Northern New England Conference,Atlantic Union Conference,Northern New England,,"South Windham, Vt.",United States
1919,25,Miss Mary Noble,Noble,Miss,,female,Church School Teacher,,Northern New England Conference,Atlantic Union Conference,Northern New England,,"Randolph, Vt.",United States
1919,25,A. T. Robinson,Robinson,,,male,President,,Southern New England Conference,Atlantic Union Conference,Southern New England,,"Hartford, Conn.",United States
1919,25,C. H. Gerald,Gerald,,,male,Secretary and Treasurer,,Southern New England Conference,Atlantic Union Conference,Southern New England,,"Hartford, Conn.",United States
1919,25,A. T. Robinson,Robinson,,,male,Executive Committee Member,,Southern New England Conference,Atlantic Union Conference,Southern New England,,"Hartford, Conn.",United States
1919,25,H. C. J. Walleker,Walleker,,,male,Executive Committee Member,,Southern New England Conference,Atlantic Union Conference,Southern New England,,"Hartford, Conn.",United States
1919,25,D. B. Parmelee,Parmelee,,,male,Executive Committee Member,,Southern New England Conference,Atlantic Union Conference,Southern New England,,"Hartford, Conn.",United States
1919,25,J. A. Tefft,Tefft,,,male,Executive Committee Member,,Southern New England Conference,Atlantic Union Conference,Southern New England,,"Hartford, Conn.",United States
1919,25,Chas. Dunham,Dunham,,,male,Executive Committee Member,,Southern New England Conference,Atlantic Union Conference,Southern New England,,"Hartford, Conn.",United States
1919,25,S. S. Gerard,Gerard,,,male,Executive Committee Member,,Southern New England Conference,Atlantic Union Conference,Southern New England,,"Hartford, Conn.",United States
1919,25,B. E. Nicola,Nicola,,,male,Executive Committee Member,,Southern New England Conference,Atlantic Union Conference,Southern New England,,"Hartford, Conn.",United States
1919,25,A. T. Robinson,Robinson,,,male,President,"The Southern New England Conference Assn. of S. D. A., Inc.",Southern New England Conference,Atlantic Union Conference,Southern New England,"The Southern New England Conference Assn. of S. D. A., Inc.","Hartford, Conn.",United States
1919,25,H. C. J. Walleker,Walleker,,,male,Secretary,"The Southern New England Conference Assn. of S. D. A., Inc.",Southern New England Conference,Atlantic Union Conference,Southern New England,"The Southern New England Conference Assn. of S. D. A., Inc.","Hartford, Conn.",United States
1919,25,C. H. Gerald,Gerald,,,male,Treasurer,"The Southern New England Conference Assn. of S. D. A., Inc.",Southern New England Conference,Atlantic Union Conference,Southern New England,"The Southern New England Conference Assn. of S. D. A., Inc.","Hartford, Conn.",United States
1919,25,J. A. Tefft,Tefft,,,male,Trustee,"The Southern New England Conference Assn. of S. D. A., Inc.",Southern New England Conference,Atlantic Union Conference,Southern New England,"The Southern New England Conference Assn. of S. D. A., Inc.","Hartford, Conn.",United States
1919,25,D. B. Parmelee,Parmelee,,,male,Trustee,"The Southern New England Conference Assn. of S. D. A., Inc.",Southern New England Conference,Atlantic Union Conference,Southern New England,"The Southern New England Conference Assn. of S. D. A., Inc.","Hartford, Conn.",United States
1919,25,G. P. Coates,Coates,,,male,Trustee,"The Southern New England Conference Assn. of S. D. A., Inc.",Southern New England Conference,Atlantic Union Conference,Southern New England,"The Southern New England Conference Assn. of S. D. A., Inc.","Hartford, Conn.",United States
1919,25,D. P. Waldo,Waldo,,,male,Field Missionary Secretary,,Southern New England Conference,Atlantic Union Conference,Southern New England,,"Hartford, Conn.",United States
1919,25,Mrs. Bessie P. Wilcox,Wilcox,Mrs.,,female,"Secretary, Sabbath School Department",,Southern New England Conference,Atlantic Union Conference,Southern New England,,"Hartford, Conn.",United States
1919,25,Mrs. Bessie P. Wilcox,Wilcox,Mrs.,,female,"Superintendent, Educational Department",,Southern New England Conference,Atlantic Union Conference,Southern New England,,"Hartford, Conn.",United States
1919,25,B. E. Nicola,Nicola,,M.D.,male,"Secretary, Medical Missionary Department",,Southern New England Conference,Atlantic Union Conference,Southern New England,,"Hartford, Conn.",United States
1919,25,H. C. J. Walleker,Walleker,,,male,"Secretary, Religious Liberty Department",,Southern New England Conference,Atlantic Union Conference,Southern New England,,"Hartford, Conn.",United States
1919,25,Chas. Dunham,Dunham,,,male,"Secretary, Home Missionary Department",,Southern New England Conference,Atlantic Union Conference,Southern New England,,"Hartford, Conn.",United States
1919,26,A. T. Robinson,Robinson,,,male,Minister,"51 Whitmore St., Hartford, Conn.",Southern New England Conference,Atlantic Union Conference,Southern New England,,"Hartford, Conn.",United States
1919,26,W. R. Uchtman,Uchtman,,,male,Minister,"33 Lester Ave., Westerly, R. I.",Southern New England Conference,Atlantic Union Conference,Southern New England,,"Westerly, R. I.",United States
1919,26,H. C. J. Walleker,Walleker,,,male,Minister,"408 Shelton Ave., New Haven, Conn.",Southern New England Conference,Atlantic Union Conference,Southern New England,,"New Haven, Conn.",United States
1919,26,B. E. Nicola,Nicola,,M. D.,male,Honorary Ministerial Credentials,"Sanitarium, Attleboro, Mass.",Southern New England Conference,Atlantic Union Conference,Southern New England,Sanitarium,"Attleboro, Mass.",United States
1919,26,F. L. Abbott,Abbott,,,male,Licentiate,"439 Arch St., New Britain, Conn.",Southern New England Conference,Atlantic Union Conference,Southern New England,,"New Britain, Conn.",United States
1919,26,Chas. Dunham,Dunham,,,male,Licentiate,,Southern New England Conference,Atlantic Union Conference,Southern New England,,"Middletown, Conn.",United States
1919,26,C. H. Gerald,Gerald,,,male,Licentiate,51 Whitmore St.,Southern New England Conference,Atlantic Union Conference,Southern New England,,,United States
1919,26,D. P. Waldo,Waldo,,,male,Licentiate,"87 West Elm St., New Haven, Conn.",Southern New England Conference,Atlantic Union Conference,Southern New England,,"New Haven, Conn.",United States
1919,26,Mrs. A. T. Robinson,Robinson,Mrs.,,female,Missionary Licentiate,"51 Whitmore St., Hartford, Conn.",Southern New England Conference,Atlantic Union Conference,Southern New England,,"Hartford, Conn.",United States
1919,26,Mrs. Luella McKean,McKean,Mrs.,,female,Missionary Licentiate,,Southern New England Conference,Atlantic Union Conference,Southern New England,,"Newport, R. I.",United States
1919,26,Mrs. H. C. J. Walleker,Walleker,Mrs.,,female,Missionary Licentiate,"408 Shelton Ave., New Haven, Conn.",Southern New England Conference,Atlantic Union Conference,Southern New England,,"New Haven, Conn.",United States
1919,26,Mrs. Bessie P. Wilcox,Wilcox,Mrs.,,female,Missionary Licentiate,"509 Franklin Ave., Hartford, Conn.",Southern New England Conference,Atlantic Union Conference,Southern New England,,"Hartford, Conn.",United States
1919,26,Andrew Yakus,Yakus,,,male,Missionary Licentiate,"Sylvan Ave., Box 170, Bridgeport, Conn.",Southern New England Conference,Atlantic Union Conference,Southern New England,,"Bridgeport, Conn.",United States
1919,26,Marion L. Deasy,Deasy,Miss,,female,Church School Teacher,,Southern New England Conference,Atlantic Union Conference,Southern New England,,"Amston, Conn.",United States
1919,26,Alberta Hilekman,Hilekman,Miss,,female,Church School Teacher,"680 Dixwell Ave., New Haven, Conn.",Southern New England Conference,Atlantic Union Conference,Southern New England,,"New Haven, Conn.",United States
1919,26,Netelka Berrell,Berrell,Miss,,female,Church School Teacher,"Boston St., Guilford, Conn.",Southern New England Conference,Atlantic Union Conference,Southern New England,,"Guilford, Conn.",United States
1919,26,Lillian Eastman,Eastman,Miss,,female,Church School Teacher,,Southern New England Conference,Atlantic Union Conference,Southern New England,,"Waterford, Conn.",United States
1919,26,Mrs. C. H. Gerald,Gerald,Mrs.,,female,Church School Teacher,51 Whitmore,Southern New England Conference,Atlantic Union Conference,Southern New England,,,United States
1919,26,K. C. Russell,Russell,,,male,President,"338 Hazelwood Terrace, Rochester, N. Y.",Western New York Conference,Atlantic Union Conference,Western New York,,"Rochester, N. Y.",United States
1919,26,D. A. Bailey,Bailey,,,male,Secretary and Treasurer,,Western New York Conference,Atlantic Union Conference,Western New York,,"Rochester, N. Y.",United States
1919,26,K. C. Russell,Russell,,,male,Executive Committee Member,,Western New York Conference,Atlantic Union Conference,Western New York,,"Rochester, N. Y.",United States
1919,26,H. M. Fleming,Fleming,,,male,Executive Committee Member,,Western New York Conference,Atlantic Union Conference,Western New York,,"Rochester, N. Y.",United States
1919,26,J. E. Belknap,Belknap,,,male,Executive Committee Member,,Western New York Conference,Atlantic Union Conference,Western New York,,"Rochester, N. Y.",United States
1919,26,D. A. Bailey,Bailey,,,male,Executive Committee Member,,Western New York Conference,Atlantic Union Conference,Western New York,,"Rochester, N. Y.",United States
1919,26,F. H. Hicks,Hicks,,,male,Executive Committee Member,,Western New York Conference,Atlantic Union Conference,Western New York,,"Rochester, N. Y.",United States
1919,26,F. D. Wells,Wells,,,male,Executive Committee Member,,Western New York Conference,Atlantic Union Conference,Western New York,,"Rochester, N. Y.",United States
1919,26,J. Z. Hottel,Hottel,,,male,Executive Committee Member,,Western New York Conference,Atlantic Union Conference,Western New York,,"Rochester, N. Y.",United States
1919,26,K. C. Russell,Russell,,,male,President,Legal Association,Western New York Conference Assn. of S. D. A.,Atlantic Union Conference,Western New York,,"Rochester, N. Y.",United States
1919,26,F. H. Hicks,Hicks,,,male,Vice-President,Legal Association,Western New York Conference Assn. of S. D. A.,Atlantic Union Conference,Western New York,,"Rochester, N. Y.",United States
1919,26,D. A. Bailey,Bailey,,,male,Secretary and Treasurer,Legal Association,Western New York Conference Assn. of S. D. A.,Atlantic Union Conference,Western New York,,"Rochester, N. Y.",United States
1919,26,H. M. Fleming,Fleming,,,male,Auditor,Legal Association,Western New York Conference Assn. of S. D. A.,Atlantic Union Conference,Western New York,,"Rochester, N. Y.",United States
1919,26,J. S. Jenks,Jenks,,,male,Councilman,Legal Association,Western New York Conference Assn. of S. D. A.,Atlantic Union Conference,Western New York,,"Rochester, N. Y.",United States
1919,26,F. A. Hall,Hall,,,male,Councilman,Legal Association,Western New York Conference Assn. of S. D. A.,Atlantic Union Conference,Western New York,,"Rochester, N. Y.",United States
1919,26,J. M. Jackson,Jackson,,,male,Councilman,Legal Association,Western New York Conference Assn. of S. D. A.,Atlantic Union Conference,Western New York,,"Rochester, N. Y.",United States
1919,26,D. A. Bailey,Bailey,,,male,Secretary and Treasurer,"Tract Society, 60 Grand Ave., Rochester, N. Y.",Western New York Conference,Atlantic Union Conference,Western New York,,"Rochester, N. Y.",United States
1919,26,F. D. Wells,Wells,,,male,Field Missionary Secretary,"114 Peck St., Rochester, N. Y.",Western New York Conference,Atlantic Union Conference,Western New York,,"Rochester, N. Y.",United States
1919,26,Mrs. E. E. Prescott,Prescott,Mrs.,,female,Secretary,"Sabbath School Department, 718 Ashland Ave., Buffalo, N. Y.",Western New York Conference,Atlantic Union Conference,Western New York,,"Buffalo, N. Y.",United States
1919,26,J. N. Clapp,Clapp,,,male,Superintendent,Educational Department,Western New York Conference,Atlantic Union Conference,Western New York,,"Burt, N. Y.",United States
1919,26,K. C. Russell,Russell,,,male,Secretary,"Religious Liberty Department, 338 Hazelwood Terrace, Rochester, N. Y.",Western New York Conference,Atlantic Union Conference,Western New York,,"Rochester, N. Y.",United States
1919,27,Mrs. K. C. Russell,Russell,Mrs.,,female,Secretary,Young People's Dept.,New York Conference,Atlantic Union Conference,New York,,"Rochester, N. Y.",United States
1919,27,Joseph Capman,Capman,,,male,Secretary,Home Missionary Dept.,New York Conference,Atlantic Union Conference,New York,,"Buffalo, N. Y.",United States
1919,27,K. C. Russell,Russell,,,male,Minister,,New York Conference,Atlantic Union Conference,New York,,"Rochester, N. Y.",United States
1919,27,S. E. Norton,Norton,,,male,Minister,,New York Conference,Atlantic Union Conference,New York,,"Buffalo, N. Y.",United States
1919,27,S. Mortensen,Mortensen,,,male,Minister,,New York Conference,Atlantic Union Conference,New York,,"Jamestown, N. Y.",United States
1919,27,R. B. Clapp,Clapp,,,male,Minister,,New York Conference,Atlantic Union Conference,New York,,"Elmira, N. Y.",United States
1919,27,J. W. Raymond,Raymond,,,male,Minister,,New York Conference,Atlantic Union Conference,New York,,"Waverly, N. Y.",United States
1919,27,John Hottel,Hottel,,,male,Licentiate,,New York Conference,Atlantic Union Conference,New York,Fernwood Academy,"Tunesassa, N. Y.",United States
1919,27,J. N. Clapp,Clapp,,,male,Licentiate,,New York Conference,Atlantic Union Conference,New York,,"Burt, N. Y.",United States
1919,27,D. E. H. Lindsey,Lindsey,,,male,Licentiate,,New York Conference,Atlantic Union Conference,New York,Fernwood Academy,"Tunesassa, N. Y.",United States
1919,27,F. D. Wells,Wells,,,male,Licentiate,,New York Conference,Atlantic Union Conference,New York,,"Rochester, N. Y.",United States
1919,27,D. A. Bailey,Bailey,,,male,Missionary Licentiate,,New York Conference,Atlantic Union Conference,New York,,"Rochester, N. Y.",United States
1919,27,Marie A. Bentz,Bentz,,,female,Missionary Licentiate,,New York Conference,Atlantic Union Conference,New York,,"Auburn, N. Y.",United States
1919,27,Effa Gilbert,Gilbert,,,female,Missionary Licentiate,,New York Conference,Atlantic Union Conference,New York,,"Belmont, N. Y.",United States
1919,27,Mrs. K. C. Russell,Russell,Mrs.,,female,Missionary Licentiate,,New York Conference,Atlantic Union Conference,New York,,"Rochester, N. Y.",United States
1919,27,Mrs. E. E. Prescott,Prescott,Mrs.,,female,Missionary Licentiate,,New York Conference,Atlantic Union Conference,New York,,,United States
1919,27,Miss Ethel Scott,Scott,Miss,,female,Missionary Licentiate,,New York Conference,Atlantic Union Conference,New York,Fernwood Academy,"Tunesassa, N. Y.",United States
1919,27,Mrs. Sidney Norton,Norton,Mrs.,,female,Missionary Licentiate,,New York Conference,Atlantic Union Conference,New York,,"Buffalo, N. Y.",United States
1919,27,Mrs. Augusta Lindberg,Lindberg,Mrs.,,female,Missionary Licentiate,,New York Conference,Atlantic Union Conference,New York,,"Jamestown, N. Y.",United States
1919,27,Mrs. Joseph Capman,Capman,Mrs.,,female,Missionary Licentiate,,New York Conference,Atlantic Union Conference,New York,,,United States
1919,27,Mattie B. Tefft,Tefft,,,female,Church School Teacher,,New York Conference,Atlantic Union Conference,New York,,"Buffalo, N. Y.",United States
1919,27,Ruth Nichols,Nichols,,,female,Church School Teacher,,New York Conference,Atlantic Union Conference,New York,,"Rochester, N. Y.",United States
1919,27,Ethel Tourjee,Tourjee,,,female,Church School Teacher,,New York Conference,Atlantic Union Conference,New York,,"Burt, N. Y.",United States
1919,27,Ruth Scott,Scott,,,female,Church School Teacher,,New York Conference,Atlantic Union Conference,New York,,"Jamestown, N. Y.",United States
1919,27,Eugene Leland,Leland,,,male,Minister and Director,,Bermuda Mission,Atlantic Union Conference,Bermuda Mission,,"Hamilton, Bermuda Islands",Bermuda
1919,27,Dorothy Smith,Smith,,,female,Church School Teacher,,Bermuda Mission,Atlantic Union Conference,Bermuda Mission,,"Hamilton, Bermuda Islands",Bermuda
1919,27,Mrs. Winifred P. Rowell,Rowell,Mrs.,,female,Secretary of Sabbath School Dept.,,Bermuda Mission,Atlantic Union Conference,Bermuda Mission,,"Pembroke, West, Bermuda",Bermuda
1919,29,W. A. Gosmer,Gosmer,,,male,President,,Colorado Conference,Central Union Conference,Colorado,,,United States
1919,29,S. J. Abegg,Abegg,,,male,Secretary and Treasurer,,Colorado Conference,Central Union Conference,Colorado,,,United States
1919,29,W. A. Gosmer,Gosmer,,,male,Executive Committee Member,,Colorado Conference,Central Union Conference,Colorado,,,United States
1919,29,C. R. Kite,Kite,,,male,Executive Committee Member,,Colorado Conference,Central Union Conference,Colorado,,,United States
1919,29,H. A. Vandeman,Vandeman,,,male,Executive Committee Member,,Colorado Conference,Central Union Conference,Colorado,,,United States
1919,29,H. B. Steele,Steele,,,male,Executive Committee Member,,Colorado Conference,Central Union Conference,Colorado,,,United States
1919,29,D. D. Rees,Rees,,,male,Executive Committee Member,,Colorado Conference,Central Union Conference,Colorado,,,United States
1919,29,J. G. Hanhardt,Hanhardt,,,male,Executive Committee Member,,Colorado Conference,Central Union Conference,Colorado,,,United States
1919,29,G. C. Mathiesen,Mathiesen,,,male,Executive Committee Member,,Colorado Conference,Central Union Conference,Colorado,,,United States
1919,29,W. A. Gosmer,Gosmer,,,male,President,Legal Association: The Seventh-day Adventist Association of Colorado,Colorado Conference,Central Union Conference,Colorado,,,United States
1919,29,S. J. Abegg,Abegg,,,male,Secretary and Treasurer,Legal Association: The Seventh-day Adventist Association of Colorado,Colorado Conference,Central Union Conference,Colorado,,,United States
1919,29,D. T. Snideman,Snideman,,,male,Field Missionary Secretary,Tract Society,Colorado Conference,Central Union Conference,Colorado,,,United States
1919,29,F. A. Page,Page,,,male,Secretary,Sabbath School Department,Colorado Conference,Central Union Conference,Colorado,,,United States
1919,29,G. W. Anglebarger,Anglebarger,,,male,Secretary,Religious Liberty Department,Colorado Conference,Central Union Conference,Colorado,,,United States
1919,29,J. W. Turner,Turner,,,male,Secretary,Young People's Department,Colorado Conference,Central Union Conference,Colorado,,,United States
1919,29,H. A. Green,Green,Dr.,,male,Secretary,Medical Missionary Department,Colorado Conference,Central Union Conference,Colorado,Boulder-Colorado Sanitarium,"Boulder, Colo.",United States
1919,29,W. A. Gosmer,Gosmer,,,male,Minister,,Colorado Conference,Central Union Conference,Colorado,,"Loveland, Colo.",United States
1919,29,G. W. Anglebarger,Anglebarger,,,male,Minister,,Colorado Conference,Central Union Conference,Colorado,,"Denver, Colo.",United States
1919,29,E. E. Farnsworth,Farnsworth,,,male,Minister,,Colorado Conference,Central Union Conference,Colorado,Boulder-Colorado Sanitarium,"Boulder, Colo.",United States
1919,29,J. G. Hanhardt,Hanhardt,,,male,Minister,,Colorado Conference,Central Union Conference,Colorado,,"Loveland, Colo.",United States
1919,29,E. R. Lauda,Lauda,,,male,Minister,,Colorado Conference,Central Union Conference,Colorado,,"Wheatridge, Colo.",United States
1919,29,J. W. Miller,Miller,,,male,Minister,,Colorado Conference,Central Union Conference,Colorado,,"Denver, Colo.",United States
1919,29,O. J. Nerlund,Nerlund,,,male,Minister,,Colorado Conference,Central Union Conference,Colorado,,"Denver, Colo.",United States
1919,29,A. E. Place,Place,,,male,Minister,,Colorado Conference,Central Union Conference,Colorado,,"Denver, Colo.",United States
1919,29,J. W. Turner,Turner,,,male,Minister,,Colorado Conference,Central Union Conference,Colorado,,"Denver, Colo.",United States
1919,29,H. A. Vandeman,Vandeman,,,male,Minister,,Colorado Conference,Central Union Conference,Colorado,,"Pueblo, Colo.",United States
1919,29,J. Z. Walker,Walker,,,male,Minister,,Colorado Conference,Central Union Conference,Colorado,,"Salida, Colo.",United States
1919,29,G. M. Alway,Alway,,,male,Honorary Ministerial Credentials,,Colorado Conference,Central Union Conference,Colorado,,"Denver, Colo.",United States
1919,29,H. A. Aufderhar,Aufderhar,,,male,Honorary Ministerial Credentials,,Colorado Conference,Central Union Conference,Colorado,,"Pierce, Colo.",United States
1919,29,W. H. Cox,Cox,,,male,Honorary Ministerial Credentials,,Colorado Conference,Central Union Conference,Colorado,,"Denver, Colo.",United States
1919,29,W. D. Emery,Emery,,,male,Honorary Ministerial Credentials,,Colorado Conference,Central Union Conference,Colorado,,"Boulder, Colo.",United States
1919,29,C. R. Kite,Kite,,,male,Honorary Ministerial Credentials,,Colorado Conference,Central Union Conference,Colorado,,"Bellvue, Colo.",United States
1919,29,J. H. Kraft,Kraft,,,male,Honorary Ministerial Credentials,,Colorado Conference,Central Union Conference,Colorado,,"Fort Collins, Colo.",United States
1919,29,U. P. Long,Long,,,male,Honorary Ministerial Credentials,,Colorado Conference,Central Union Conference,Colorado,,"Boulder, Colo.",United States
1919,29,B. F. Richards,Richards,,,male,Honorary Ministerial Credentials,,Colorado Conference,Central Union Conference,Colorado,,"Denver, Colo.",United States
1919,29,F. G. Specht,Specht,,,male,Honorary Ministerial Credentials,,Colorado Conference,Central Union Conference,Colorado,,"Loveland, Colo.",United States
1919,29,S. J. Abegg,Abegg,,,male,Licentiate,,Colorado Conference,Central Union Conference,Colorado,,"Denver, Colo.",United States
1919,29,C. W. Allen,Allen,,,male,Licentiate,,Colorado Conference,Central Union Conference,Colorado,,"Denver, Colo.",United States
1919,29,C. F. Glascock,Glascock,,,male,Licentiate,,Colorado Conference,Central Union Conference,Colorado,,"Denver, Colo.",United States
1919,29,A. E. Hagen,Hagen,,,male,Licentiate,,Colorado Conference,Central Union Conference,Colorado,,"Denver, Colo.",United States
1919,29,D. D. Rees,Rees,,,male,Licentiate,,Colorado Conference,Central Union Conference,Colorado,Campion Academy,"Loveland, Colo.",United States
1919,29,D. T. Snideman,Snideman,,,male,Licentiate,,Colorado Conference,Central Union Conference,Colorado,,"Denver, Colo.",United States
1919,29,A. E. Wearner,Wearner,,,male,Licentiate,,Colorado Conference,Central Union Conference,Colorado,,"Denver, Colo.",United States
1919,29,Mrs. Edna Allen,Allen,Mrs.,,female,Missionary Licentiate,,Colorado Conference,Central Union Conference,Colorado,,"Denver, Colo.",United States
1919,29,Mamie Boyd,Boyd,,,female,Missionary Licentiate,,Colorado Conference,Central Union Conference,Colorado,,"Denver, Colo.",United States
1919,29,Frances Brockman,Brockman,,,female,Missionary Licentiate,,Colorado Conference,Central Union Conference,Colorado,,"Denver, Colo.",United States
1919,29,Glenna Ketring,Ketring,,,female,Missionary Licentiate,,Colorado Conference,Central Union Conference,Colorado,,"Denver, Colo.",United States
1919,29,Genevieve Low,Low,,,female,Missionary Licentiate,,Colorado Conference,Central Union Conference,Colorado,,"Denver, Colo.",United States
1919,29,Laura Patterson,Patterson,,,female,Missionary Licentiate,,Colorado Conference,Central Union Conference,Colorado,Campion Academy,"Loveland, Colo.",United States
1919,29,Bessie Sufficool,Sufficool,,,female,Missionary Licentiate,,Colorado Conference,Central Union Conference,Colorado,,"Colorado Springs, Colo.",United States
1919,29,Mrs. S. W. Abel,Abel,Mrs.,,female,Church School Teacher,,Colorado Conference,Central Union Conference,Colorado,,"Colorado Springs, Colo.",United States
1919,29,Imo E. Albee,Albee,,,,Church School Teacher,,Colorado Conference,Central Union Conference,Colorado,,"Haxtun, Colo.",United States
1919,29,Ella B. Garner,Garner,,,female,Church School Teacher,,Colorado Conference,Central Union Conference,Colorado,,"Haxtun, Colo.",United States
1919,29,Eva Beeler,Beeler,,,female,Church School Teacher,,Colorado Conference,Central Union Conference,Colorado,,"Lyons, Colo.",United States
1919,29,Iva Beaird,Beaird,,,female,Church School Teacher,,Colorado Conference,Central Union Conference,Colorado,,"Briggsdale, Colo.",United States
1919,28,R. A. Underwood,Underwood,,,male,President,,Central Union Conference,Central Union Conference,Central Union,,"College View, Nebr.",United States
1919,28,Mettie E. Cornell,Cornell,Miss,,female,Secretary and Treasurer,,Central Union Conference,Central Union Conference,Central Union,,"College View, Nebr.",United States
1919,28,R. T. Emery,Emery,,,male,Auditor,,Central Union Conference,Central Union Conference,Central Union,,"College View, Nebr.",United States
1919,28,C. T. Benson,Benson,,,male,Secretary,Legal Association - Central Union Conference Assn. of S. D. A.,Central Union Conference Assn. of S. D. A.,Central Union Conference,Central Union,,"College View, Nebr.",United States
1919,28,J. R. Ferren,Ferren,,,male,Manager,Kansas City Branch of Pacific Press Pub. Assn.,Central Union Conference,Central Union Conference,Central Union,Pacific Press Pub. Assn.,"Kansas City, Mo.",United States
1919,28,J. B. Blosser,Blosser,,,male,Union Field Missionary Secretary,,Central Union Conference,Central Union Conference,Central Union,,"College View, Nebr.",United States
1919,28,J. S. James,James,,,male,Home Missionary Secretary,,Central Union Conference,Central Union Conference,Central Union,,"College View, Nebr.",United States
1919,28,C. L. Benson,Benson,,,male,Secretary,Educational Department,Central Union Conference,Central Union Conference,Central Union,,"College View, Nebr.",United States
1919,28,H. A. Green,Green,Dr.,,male,Secretary,Medical Missionary Department,Central Union Conference,Central Union Conference,Central Union,,"College View, Nebr.",United States
1919,28,C. L. Benson,Benson,,,male,Secretary,Young People's Department,Central Union Conference,Central Union Conference,Central Union,,"College View, Nebr.",United States
1919,28,J. N. Anderson,Anderson,,,male,Editor,Christian Record - Work for the Blind,Central Union Conference,Central Union Conference,Central Union,,"College View, Nebr.",United States
1919,28,M. E. Ellis,Ellis,,,male,Manager,Christian Record - Work for the Blind,Central Union Conference,Central Union Conference,Central Union,,"College View, Nebr.",United States
1919,28,S. J. Quantock,Quantock,,,male,Board Member,Christian Record - Work for the Blind,Central Union Conference,Central Union Conference,Central Union,,"College View, Nebr.",United States
1919,28,Mettie E. Cornell,Cornell,Miss,,female,Secretary,Christian Record - Work for the Blind,Central Union Conference,Central Union Conference,Central Union,,"College View, Nebr.",United States
1919,28,W. W. Ruble,Ruble,,,male,Minister,,Central Union Conference,Central Union Conference,Central Union,,"College View, Nebr.",United States
1919,28,J. N. Anderson,Anderson,,,male,Minister,,Central Union Conference,Central Union Conference,Central Union,,"College View, Nebr.",United States
1919,28,G. G. Andrews,Andrews,,,male,Minister,,Central Union Conference,Central Union Conference,Central Union,,"College View, Nebr.",United States
1919,28,H. A. Morrison,Morrison,,,male,Minister,,Central Union Conference,Central Union Conference,Central Union,,"College View, Nebr.",United States
1919,28,B. E. Huffman,Huffman,,,male,Minister,,Central Union Conference,Central Union Conference,Central Union,,"College View, Nebr.",United States
1919,28,M. L. Andreasen,Andreasen,,,male,Minister,,Central Union Conference,Central Union Conference,Central Union,,"College View, Nebr.",United States
1919,28,F. R. Isaac,Isaac,,,male,Licentiate,,Central Union Conference,Central Union Conference,Central Union,Clinton Seminary,"Clinton, Mo.",United States
1919,28,H. H. Howard,Howard,,,male,Licentiate,,Central Union Conference,Central Union Conference,Central Union,,"College View, Nebr.",United States
1919,28,M. P. Robison,Robison,,,male,Licentiate,,Central Union Conference,Central Union Conference,Central Union,,"College View, Nebr.",United States
1919,28,A. G. Taylor,Taylor,,,male,Licentiate,,Central Union Conference,Central Union Conference,Central Union,,"College View, Nebr.",United States
1919,28,G. S. Beltz,Beltz,,,male,Licentiate,,Central Union Conference,Central Union Conference,Central Union,,"College View, Nebr.",United States
1919,28,J. F. Harder,Harder,,,male,Missionary Credentials,,Central Union Conference,Central Union Conference,Central Union,,"Clinton, Mo.",United States
1919,28,L. C. Damsgard,Damsgard,,,male,Missionary Credentials,,Central Union Conference,Central Union Conference,Central Union,,"College View, Nebr.",United States
1919,28,I. Thilig,Thilig,,,,Missionary Credentials,,Central Union Conference,Central Union Conference,Central Union,,"College View, Nebr.",United States
1919,28,Harry Pearson,Pearson,,,male,Missionary Credentials,,Central Union Conference,Central Union Conference,Central Union,,"College View, Nebr.",United States
1919,28,C. E. Plumb,Plumb,,,male,Missionary Credentials,,Central Union Conference,Central Union Conference,Central Union,,"College View, Nebr.",United States
1919,28,H. A. Green,Green,,,male,Medical Missionary,,Central Union Conference,Central Union Conference,Central Union,,"Boulder, Colo.",United States
1919,30,Grace Deland,Deland,,,female,Bible Worker,"623 East Tenth St., Loveland, Colo.",Colorado Conference,Central Union Conference,Colorado,,"Loveland, Colo.",United States
1919,30,Marie Innis,Innis,,,female,Bible Worker,"311 North Fifth St., Lamar, Colo.",Colorado Conference,Central Union Conference,Colorado,,"Lamar, Colo.",United States
1919,30,Olive Konkel,Konkel,,,female,Bible Worker,"2827 Fourth St., Boulder, Colo.",Colorado Conference,Central Union Conference,Colorado,,"Boulder, Colo.",United States
1919,30,Beulah Jenkins,Jenkins,,,female,Bible Worker,635 First Ave.,Colorado Conference,Central Union Conference,Colorado,,Colorado,United States
1919,30,Olive Jensen,Jensen,,,female,Bible Worker,"1206 Cherokee St., Denver, Colo.",Colorado Conference,Central Union Conference,Colorado,,"Denver, Colo.",United States
1919,30,Mamie Meleen,Meleen,,,female,Bible Worker,1206 Cherokee St.,Colorado Conference,Central Union Conference,Colorado,,"Denver, Colo.",United States
1919,30,Pearl Keene,Keene,,,female,Bible Worker,"Ft. Lupton, Colo.",Colorado Conference,Central Union Conference,Colorado,,"Ft. Lupton, Colo.",United States
1919,30,Hilda Nielsen,Nielsen,,,female,Bible Worker,"Greeley, Colo.",Colorado Conference,Central Union Conference,Colorado,,"Greeley, Colo.",United States
1919,30,Helen Richard,Richard,,,female,Bible Worker,"La Salle, Colo.",Colorado Conference,Central Union Conference,Colorado,,"La Salle, Colo.",United States
1919,30,Belle Woodman,Woodman,,,female,Bible Worker,"240 Third St., Longmont, Colo.",Colorado Conference,Central Union Conference,Colorado,,"Longmont, Colo.",United States
1919,30,Mrs. Cassie Henrickson,Henrickson,Mrs.,,female,Bible Worker,"Jaroso, Colo.",Colorado Conference,Central Union Conference,Colorado,,"Jaroso, Colo.",United States
1919,30,Mrs. M. W. Pogue,Pogue,Mrs.,,female,Bible Worker,"Campion Academy, Loveland, Colo.",Colorado Conference,Central Union Conference,Colorado,Campion Academy,"Loveland, Colo.",United States
1919,30,Mrs. Sheba Morris,Morris,Mrs.,,female,Bible Worker,"Campion Academy, Loveland, Colo.",Colorado Conference,Central Union Conference,Colorado,Campion Academy,"Loveland, Colo.",United States
1919,30,F. W. Stray,Stray,,,male,President,,Kansas Conference,Central Union Conference,Kansas,,"Wichita, Kans.",United States
1919,30,F. I. Mohr,Mohr,,,male,Secretary and Treasurer,,Kansas Conference,Central Union Conference,Kansas,,"Wichita, Kans.",United States
1919,30,F. W. Stray,Stray,,,male,Executive Committee Member,,Kansas Conference,Central Union Conference,Kansas,,"Wichita, Kans.",United States
1919,30,W. L. Nott,Nott,,,male,Executive Committee Member,,Kansas Conference,Central Union Conference,Kansas,,"Wichita, Kans.",United States
1919,30,C. E. AcMoody,AcMoody,,,male,Executive Committee Member,,Kansas Conference,Central Union Conference,Kansas,,"Wichita, Kans.",United States
1919,30,R. B. Stauffer,Stauffer,,,male,Executive Committee Member,,Kansas Conference,Central Union Conference,Kansas,,"Wichita, Kans.",United States
1919,30,H. S. Osterloh,Osterloh,,,male,Executive Committee Member,,Kansas Conference,Central Union Conference,Kansas,,"Wichita, Kans.",United States
1919,30,J. D. McBroom,McBroom,,,male,Executive Committee Member,,Kansas Conference,Central Union Conference,Kansas,,"Wichita, Kans.",United States
1919,30,H. C. Hughey,Hughey,,,male,Executive Committee Member,,Kansas Conference,Central Union Conference,Kansas,,"Wichita, Kans.",United States
1919,30,F. W. Stray,Stray,,,male,President,Legal Association,The Kansas Seventh-day Adventist Conference Assn.,Central Union Conference,Kansas,,"Wichita, Kans.",United States
1919,30,F. I. Mohr,Mohr,,,male,Secretary and Treasurer,Legal Association,The Kansas Seventh-day Adventist Conference Assn.,Central Union Conference,Kansas,,"Wichita, Kans.",United States
1919,30,F. I. Mohr,Mohr,,,male,Secretary and Treasurer,Tract Society,Kansas Conference,Central Union Conference,Kansas,,"Wichita, Kans.",United States
1919,30,R. C. Baker,Baker,,,male,Field Missionary Secretary,Tract Society,Kansas Conference,Central Union Conference,Kansas,,"Wichita, Kans.",United States
1919,30,Faye Eagle,Eagle,Miss,,female,Secretary,Sabbath School Dept.,Kansas Conference,Central Union Conference,Kansas,,"Wichita, Kans.",United States
1919,30,Alma L. DuBois,DuBois,Miss,,female,Superintendent,Educational Dept.,Kansas Conference,Central Union Conference,Kansas,,"Wichita, Kans.",United States
1919,30,F. W. Stray,Stray,,,male,Secretary,Religious Liberty Dept.,Kansas Conference,Central Union Conference,Kansas,,"Wichita, Kans.",United States
1919,30,H. E. Westermeyer,Westermeyer,,,male,Secretary,Young People's Dept.,Kansas Conference,Central Union Conference,Kansas,,"Wichita, Kans.",United States
1919,30,E. A. Jones,Jones,,,male,Secretary,Home Missionary Dept.,Kansas Conference,Central Union Conference,Kansas,,"Wichita, Kans.",United States
1919,30,Dr. R. L. Stokes,Stokes,Dr.,,male,Secretary,Medical Dept.,Kansas Conference,Central Union Conference,Kansas,,"Wichita, Kans.",United States
1919,30,F. W. Stray,Stray,,,male,Minister,"204 North Topeka Ave., Wichita, Kans.",Kansas Conference,Central Union Conference,Kansas,,"Wichita, Kans.",United States
1919,30,M. G. Huffman,Huffman,,,male,Minister,"Lock Box 25, Parsons, Kans.",Kansas Conference,Central Union Conference,Kansas,,"Parsons, Kans.",United States
1919,30,D. E. Huffman,Huffman,,,male,Minister,"Oswego, Kans.",Kansas Conference,Central Union Conference,Kansas,,"Oswego, Kans.",United States
1919,30,A. B. Campbell,Campbell,,,male,Minister,"802 Maple St., Wichita, Kans.",Kansas Conference,Central Union Conference,Kansas,,"Wichita, Kans.",United States
1919,30,A. E. Johnson,Johnson,,,male,Minister,"48 East Twelfth St., Lawrence, Kans.",Kansas Conference,Central Union Conference,Kansas,,"Lawrence, Kans.",United States
1919,30,C. E. AcMoody,AcMoody,,,male,Minister,"733 North Emporia St., Wichita, Kans.",Kansas Conference,Central Union Conference,Kansas,,"Wichita, Kans.",United States
1919,30,A. G. Steinert,Steinert,,,male,Minister,"Shattuck, Okla.",Kansas Conference,Central Union Conference,Kansas,,"Shattuck, Okla.",United States
1919,30,W. L. Nott,Nott,,,male,Minister,"1017 South Central Ave., Chanute, Kans.",Kansas Conference,Central Union Conference,Kansas,,"Chanute, Kans.",United States
1919,30,W. E. Neff,Neff,,,male,Minister,"514 East Third St., Winfield, Kans.",Kansas Conference,Central Union Conference,Kansas,,"Winfield, Kans.",United States
1919,30,Bernard Moth,Moth,,,male,Minister,"Lehigh, Kans.",Kansas Conference,Central Union Conference,Kansas,,"Lehigh, Kans.",United States
1919,30,J. S. Yates,Yates,,,male,Minister,"3207 East Second St., Wichita, Kans.",Kansas Conference,Central Union Conference,Kansas,,"Wichita, Kans.",United States
1919,30,L. W. Browne,Browne,,,male,Minister,"535 New Jersey Ave., Kansas City, Kans.",Kansas Conference,Central Union Conference,Kansas,,"Kansas City, Kans.",United States
1919,12,Matilda Erickson,Erickson,,,female,Asst. Secretary,,General Conference,,General Conference,,"Takoma Park Station, Washington, D. C.",United States
1919,12,Ella Iden,Iden,,,female,Asst. Secretary,,General Conference,,General Conference,,"Takoma Park Station, Washington, D. C.",United States
1919,12,Meade MacGuire,MacGuire,,,male,Field Secretary,,General Conference,,General Conference,,"Sanitarium, Cal.",United States
1919,12,Erik Arnesen,Arnesen,,,male,Other Members,,General Conference,,General Conference,,"Akersgaten 74, Christiania, Norway",Scandinavia
1919,12,Guy Dail,Dail,,,male,Other Members,,General Conference,,General Conference,,"Wabernstr, 91a, Bern, Switzerland",Europe
1919,12,S. L. Frost,Frost,,,male,Other Members,,General Conference,,General Conference,,"Box 523, U. S. Postal Agency, Shanghai, China",Asia
1919,12,Mrs. L. Flora Plummer,Plummer,Mrs.,,female,Other Members,,General Conference,,General Conference,,"Takoma Park Station, Washington, D. C.",United States
1919,12,Mrs. Fannie D. Chase,Chase,Mrs.,,female,Other Members,,General Conference,,General Conference,,,United States
1919,12,Frederick Griggs,Griggs,,,male,Other Members,,General Conference,,General Conference,,"Berrien Springs, Mich.",United States
1919,12,W. E. Howell,Howell,,,male,Other Members,,General Conference,,General Conference,,"Takoma Park Station, Washington, D. C.",United States
1919,12,L. H. Christian,Christian,,,male,Other Members,,General Conference,,General Conference,,"2914 West North Ave., Chicago, Ill.",United States
1919,12,J. W. Mace,Mace,,,male,Other Members,,General Conference,,General Conference,,"Takoma Park Station, Washington, D. C.",United States
1919,12,Miss Sarah E. Peck,Peck,Miss,,female,Other Members,,General Conference,,General Conference,,"Takoma Park Station, Washington, D. C.",United States
1919,12,E. M. Howard,Howard,,,male,Other Members,,General Conference,,General Conference,,"Rosmead Ave., Kenilworth, Cape, South Africa",Africa
1919,12,I. F. Blue,Blue,,,male,Other Members,,General Conference,,General Conference,,"17 Abbott Road, Lucknow, India",Asia
1919,12,F. S. Jackson,Jackson,,,male,Other Members,,General Conference,,General Conference,,"Stanborough Park, Watford, Herts, England",Europe
1919,12,J. A. P. Green,Green,,,male,Other Members,,General Conference,,General Conference,,"Box 5007, Cristobal, Canal Zone, Panama",Central America
1919,12,L. L. Caviness,Caviness,,,male,Other Members,,General Conference,,General Conference,,"Takoma Park Station, Washington, D. C.",United States
1919,12,J. F. Simon,Simon,,,male,Other Members,,General Conference,,General Conference,,"Clinton, Mo.",United States
1919,12,O. J. Graf,Graf,,,male,Other Members,,General Conference,,General Conference,,"727 West First St., Long Beach, Cal.",United States
1919,12,H. O. Olson,Olson,,,male,Other Members,,General Conference,,General Conference,,"R. F. D. 1, Box 20, La Grange, Ill.",United States
1919,12,N. P. Neilsen,Neilsen,,,male,Other Members,,General Conference,,General Conference,,"Hutchinson, Minn.",United States
1919,12,N. Z. Town,Town,,,male,Other Members,,General Conference,,General Conference,,"Takoma Park Station, Washington, D. C.",United States
1919,12,J. L. Shaw,Shaw,,,male,Other Members,,General Conference,,General Conference,,"Takoma Park Station, Washington, D. C.",United States
1919,12,A. C. Chesson,Chesson,,,male,Other Members,,General Conference,,General Conference,,"Wahroonga, N. S. W., Australia",Australia
1919,12,H. U. Stevens,Stevens,,,male,Other Members,,General Conference,,General Conference,,"Puiggari, F. C. E. R., Argentina, South America",South America
1919,12,Mrs. R. D. Quinn,Quinn,Mrs.,,female,Other Members,,General Conference,,General Conference,,"South Lancaster, Mass.",United States
1919,12,C. L. Benson,Benson,,,male,Other Members,,General Conference,,General Conference,,"College View, Nebr.",United States
1919,12,C. A. Russell,Russell,,,male,Other Members,,General Conference,,General Conference,,"Berrien Springs, Mich.",United States
1919,12,A. F. Schmidt,Schmidt,,,male,Other Members,,General Conference,,General Conference,,"2718 Third Ave., South, Minneapolis, Minn.",United States
1919,12,W. C. Flaiz,Flaiz,,,male,Other Members,,General Conference,,General Conference,,"College Place, Wash.",United States
1919,12,J. A. Tucker,Tucker,,,male,Other Members,,General Conference,,General Conference,,"169 Bryan St., Atlanta, Ga.",United States
1919,12,J. C. Thompson,Thompson,,,male,Other Members,,General Conference,,General Conference,,"2006 Twenty-fourth Ave., North, Nashville, Tenn.",United States
1919,12,W. L. Adams,Adams,,,male,Other Members,,General Conference,,General Conference,,"411 Baum Bldg., Oklahoma City, Okla.",United States
1919,12,N. H. Saunders,Saunders,,,male,Other Members,,General Conference,,General Conference,,"212 Brunswick Ave., Toronto, Ontario, Canada",Canada
1919,12,J. J. Reiswig,Reiswig,,,male,Other Members,,General Conference,,General Conference,,"304 I. O. O. F. Bldg., Calgary, Alberta, Canada",Canada
1919,12,A. W. Werline,Werline,,,male,Other Members,,General Conference,,General Conference,,"411 Cedar St., Takoma Park Station, Washington, D. C.",United States
1919,12,C. S. Longacre,Longacre,,,male,Secretary,,Religious Liberty Association,,General Conference,,"Takoma Park Station, Washington, D. C.",United States
1919,12,W. F. Martin,Martin,,,male,Field Secretary West of Mississippi,,Religious Liberty Association,,General Conference,,"Box 146, Glendale, Cal.",United States
1919,12,A. G. Daniells,Daniells,,,male,,,Religious Liberty Association,,General Conference,,"Takoma Park Station, Washington, D. C.",United States
1919,12,W. T. Knox,Knox,,,male,,,Religious Liberty Association,,General Conference,,"Takoma Park Station, Washington, D. C.",United States
1919,12,J. O. Corliss,Corliss,,,male,,,Religious Liberty Association,,General Conference,,316 Everett St.,United States
1919,12,W. M. Healey,Healey,,,male,,,Religious Liberty Association,,General Conference,,"667 Eighteenth St., San Diego, Cal.",United States
1919,12,C. P. Bollman,Bollman,,,male,,,Religious Liberty Association,,General Conference,,"Takoma Park Station, Washington, D. C.",United States
1919,12,G. B. Thompson,Thompson,,,male,,,Religious Liberty Association,,General Conference,,"Takoma Park Station, Washington, D. C.",United States
1919,12,D. W. Reavis,Reavis,,,male,,,Religious Liberty Association,,General Conference,,"Takoma Park Station, Washington, D. C.",United States
1919,32,D. U. Sale,Sale,,,male,President,,Missouri Conference,Central Union Conference,Missouri,,"Clinton, Mo.",United States
1919,32,Lucy Page Emerson,Emerson,,,female,Secretary and Treasurer,,Missouri Conference,Central Union Conference,Missouri,,"Clinton, Mo.",United States
1919,32,D. U. Hale,Hale,,,male,Executive Committee Member,,Missouri Conference,Central Union Conference,Missouri,,"Clinton, Mo.",United States
1919,32,C. G. Bellah,Bellah,,,male,Executive Committee Member,,Missouri Conference,Central Union Conference,Missouri,,"Clinton, Mo.",United States
1919,32,F. R. Isaac,Isaac,,,male,Executive Committee Member,,Missouri Conference,Central Union Conference,Missouri,,"Clinton, Mo.",United States
1919,32,U. S. Willis,Willis,,,male,Executive Committee Member,,Missouri Conference,Central Union Conference,Missouri,,"Clinton, Mo.",United States
1919,32,R. B. Turner,Turner,,,male,Executive Committee Member,,Missouri Conference,Central Union Conference,Missouri,,"Clinton, Mo.",United States
1919,32,C. I. Swinhart,Swinhart,,,male,Executive Committee Member,,Missouri Conference,Central Union Conference,Missouri,,"Clinton, Mo.",United States
1919,32,J. R. Perren,Perren,,,male,Executive Committee Member,,Missouri Conference,Central Union Conference,Missouri,,"Clinton, Mo.",United States
1919,32,D. U. Hale,Hale,,,male,President,The Missouri Conference Association of the Seventh-day Adventists,Missouri Conference Legal Association,Central Union Conference,Missouri,,"Clinton, Mo.",United States
1919,32,F. R. Isaac,Isaac,,,male,Secretary,The Missouri Conference Association of the Seventh-day Adventists,Missouri Conference Legal Association,Central Union Conference,Missouri,,"Clinton, Mo.",United States
1919,32,Lucy Page Emerson,Emerson,,,female,Treasurer,The Missouri Conference Association of the Seventh-day Adventists,Missouri Conference Legal Association,Central Union Conference,Missouri,,"Clinton, Mo.",United States
1919,32,W. H. Griffith,Griffith,,,male,Secretary and Treasurer,,Missouri Conference Tract Society,Central Union Conference,Missouri,,"Clinton, Mo.",United States
1919,32,F. A. Lorenz,Lorenz,,,male,Field Missionary Secretary,,Missouri Conference Tract Society,Central Union Conference,Missouri,,"Clinton, Mo.",United States
1919,32,Miss Mary V. Walter,Walter,Miss,,female,Secretary,,Missouri Conference Sabbath School Department,Central Union Conference,Missouri,,"Clinton, Mo.",United States
1919,32,A. C. Madsen,Madsen,,,male,Superintendent,,Missouri Conference Educational Department,Central Union Conference,Missouri,,"Clinton, Mo.",United States
1919,32,J. C. Bradley,Bradley,,,male,Secretary,,Missouri Conference Religious Liberty Department,Central Union Conference,Missouri,,"Clinton, Mo.",United States
1919,32,A. C. Madsen,Madsen,,,male,Secretary,,Missouri Conference Young People's Department,Central Union Conference,Missouri,,"Clinton, Mo.",United States
1919,32,D. U. Hale,Hale,,,male,Minister,,Missouri Conference,Central Union Conference,Missouri,,"Clinton, Mo.",United States
1919,32,D. P. Miller,Miller,,,male,Minister,,Missouri Conference,Central Union Conference,Missouri,,"Springfield, Mo.",United States
1919,32,C. G. Bellah,Bellah,,,male,Minister,,Missouri Conference,Central Union Conference,Missouri,,"St. Louis, Mo.",United States
1919,32,F. H. Hoxie,Hoxie,,,male,Minister,,Missouri Conference,Central Union Conference,Missouri,,"Clinton, Mo.",United States
1919,32,Martin Stueckrath,Stueckrath,,,male,Minister,,Missouri Conference,Central Union Conference,Missouri,,"St. Louis, Mo.",United States
1919,32,V. J. Johns,Johns,,,male,Minister,,Missouri Conference,Central Union Conference,Missouri,,"Kansas City, Mo.",United States
1919,32,U. S. Willis,Willis,,,male,Minister,,Missouri Conference,Central Union Conference,Missouri,,"St. Louis, Mo.",United States
1919,32,A. C. Chatman,Chatman,,,male,Minister,,Missouri Conference,Central Union Conference,Missouri,,"Kansas City, Mo.",United States
1919,32,L. W. Terry,Terry,,,male,Honorary Ministerial Credentials,,Missouri Conference,Central Union Conference,Missouri,,"Rockville, Mo.",United States
1919,32,A. C. Madsen,Madsen,,,male,Licentiate,,Missouri Conference,Central Union Conference,Missouri,,"Clinton, Mo.",United States
1919,32,E. Kauffman,Kauffman,,,male,Licentiate,,Missouri Conference,Central Union Conference,Missouri,,"Clinton, Mo.",United States
1919,32,F. A. Lorenz,Lorenz,,,male,Licentiate,,Missouri Conference,Central Union Conference,Missouri,,"Clinton, Mo.",United States
1919,32,A. B. Tetzlaff,Tetzlaff,,,male,Licentiate,,Missouri Conference,Central Union Conference,Missouri,,"Clinton, Mo.",United States
1919,32,V. P. Lovell,Lovell,,,male,Licentiate,,Missouri Conference,Central Union Conference,Missouri,,"St. Louis, Mo.",United States
1919,32,D. P. Harder,Harder,,,male,Licentiate,,Missouri Conference,Central Union Conference,Missouri,,"Clinton, Mo.",United States
1919,32,P. H. Chaffee,Chaffee,,,male,Licentiate,,Missouri Conference,Central Union Conference,Missouri,,"Ethel, Mo.",United States
1919,32,W. H. Griffith,Griffith,,,male,Licentiate,,Missouri Conference,Central Union Conference,Missouri,,"Clinton, Mo.",United States
1919,32,Mrs. E. F. Hawkins,Hawkins,Mrs.,,female,Licentiate,,Missouri Conference,Central Union Conference,Missouri,,"St. Joseph, Mo.",United States
1919,32,R. E. Hoen,Hoen,,,male,Licentiate,,Missouri Conference,Central Union Conference,Missouri,,"Clinton, Mo.",United States
1919,32,J. H. Neufeld,Neufeld,,,male,Licentiate,,Missouri Conference,Central Union Conference,Missouri,,"St. Louis, Mo.",United States
1919,32,Benjamin Binder,Binder,,,male,Licentiate,,Missouri Conference,Central Union Conference,Missouri,,"Clinton, Mo.",United States
1919,32,E. C. Witzke,Witzke,,,male,Licentiate,,Missouri Conference,Central Union Conference,Missouri,,"Clinton, Mo.",United States
1919,32,J. C. Bradley,Bradley,,,male,Missionary Licentiate,,Missouri Conference,Central Union Conference,Missouri,,"Goldsberry, Mo.",United States
1919,32,Mrs. A. E. Daniels,Daniels,Mrs.,,female,Missionary Licentiate,,Missouri Conference,Central Union Conference,Missouri,,"St. Louis, Mo.",United States
1919,32,Miss Mary V. Walter,Walter,Miss,,female,Missionary Licentiate,,Missouri Conference,Central Union Conference,Missouri,,"Clinton, Mo.",United States
1919,32,Mrs. Ella M. Merrell,Merrell,Mrs.,,female,Missionary Licentiate,,Missouri Conference,Central Union Conference,Missouri,,"Kansas City, Mo.",United States
1919,32,Mrs. Mary Barry,Barry,Mrs.,,female,Missionary Licentiate,,Missouri Conference,Central Union Conference,Missouri,,"Kansas City, Mo.",United States
1919,32,Miss Lucy Page Emerson,Emerson,Miss,,female,Missionary Licentiate,,Missouri Conference,Central Union Conference,Missouri,,"Clinton, Mo.",United States
1919,32,Miss Alma Gerhart,Gerhart,Miss,,female,Missionary Licentiate,,Missouri Conference,Central Union Conference,Missouri,,"St. Louis, Mo.",United States
1919,32,Mrs. Laura B. Wilson,Wilson,Mrs.,,female,Missionary Licentiate,,Missouri Conference,Central Union Conference,Missouri,,"St. Louis, Mo.",United States
1919,32,Mrs. C. G. Bellah,Bellah,Mrs.,,female,Missionary Licentiate,,Missouri Conference,Central Union Conference,Missouri,,"St. Louis, Mo.",United States
1919,32,Mrs. E. C. Longgood,Longgood,Mrs.,,female,Missionary Licentiate,,Missouri Conference,Central Union Conference,Missouri,,"Kansas City, Mo.",United States
1919,32,Estella Secrist,Secrist,,,female,Missionary Licentiate,,Missouri Conference,Central Union Conference,Missouri,,"Clinton, Mo.",United States
1919,33,J. S. Rouse,Rouse,,,male,President,,Nebraska Conference,Central Union Conference,Nebraska,,"College View, Nebr.",United States
1919,33,H. E. Rosenbach,Rosenbach,,,male,Secretary and Treasurer,,Nebraska Conference,Central Union Conference,Nebraska,,"College View, Nebr.",United States
1919,33,B. H. Shaw,Shaw,,,male,Executive Committee Member,,Nebraska Conference,Central Union Conference,Nebraska,,"College View, Nebr.",United States
1919,33,L. B. Johnson,Johnson,,,male,Executive Committee Member,,Nebraska Conference,Central Union Conference,Nebraska,,"College View, Nebr.",United States
1919,33,J. W. Rogers,Rogers,,,male,Executive Committee Member,,Nebraska Conference,Central Union Conference,Nebraska,,"College View, Nebr.",United States
1919,33,F. G. Lane,Lane,,,male,Executive Committee Member,,Nebraska Conference,Central Union Conference,Nebraska,,"College View, Nebr.",United States
1919,33,S. J. Quantock,Quantock,,,male,Executive Committee Member,,Nebraska Conference,Central Union Conference,Nebraska,,"College View, Nebr.",United States
1919,33,G. C. George,George,,,male,Executive Committee Member,,Nebraska Conference,Central Union Conference,Nebraska,,"College View, Nebr.",United States
1919,33,Ralph Rhodes,Rhodes,,,male,Secretary and Treasurer,Tract Society,Nebraska Conference,Central Union Conference,Nebraska,,"College View, Nebr.",United States
1919,33,Fred C. Clark,Clark,,,male,Field Missionary Secretary,Tract Society,Nebraska Conference,Central Union Conference,Nebraska,,"College View, Nebr.",United States
1919,33,Elsie Gibbs,Gibbs,Miss,,female,Secretary,Sabbath School Dept.,Nebraska Conference,Central Union Conference,Nebraska,,"College View, Nebr.",United States
1919,33,Florence Howell,Howell,Miss,,female,Superintendent,Educational Dept.,Nebraska Conference,Central Union Conference,Nebraska,,"College View, Nebr.",United States
1919,33,H. F. Saxton,Saxton,,,male,Secretary,Religious Liberty Dept.,Nebraska Conference,Central Union Conference,Nebraska,,"College View, Nebr.",United States
1919,33,C. M. Christy,Christy,,,male,Secretary,Young People's Dept.,Nebraska Conference,Central Union Conference,Nebraska,,"College View, Nebr.",United States
1919,33,Bessie Allen,Allen,Miss,,female,Secretary,Home Missionary Dept.,Nebraska Conference,Central Union Conference,Nebraska,,"College View, Nebr.",United States
1919,33,C. Avery Hansen,Hansen,,M. D.,male,Secretary,Medical Dept.,Nebraska Conference,Central Union Conference,Nebraska,,"College View, Nebr.",United States
1919,33,J. S. Rouse,Rouse,,,male,Minister,,Nebraska Conference,Central Union Conference,Nebraska,,"College View, Nebr.",United States
1919,33,E. F. Saxton,Saxton,,,male,Minister,,Nebraska Conference,Central Union Conference,Nebraska,,"College View, Nebr.",United States
1919,33,B. M. Garton,Garton,,,male,Minister,,Nebraska Conference,Central Union Conference,Nebraska,,"Lexington, Nebr.",United States
1919,33,C. Avery Hansen,Hansen,,M. D.,male,Minister,,Nebraska Conference,Central Union Conference,Nebraska,,"College View, Nebr.",United States
1919,33,W. M. Cubley,Cubley,,,male,Minister,,Nebraska Conference,Central Union Conference,Nebraska,,"Curtis, Nebr.",United States
1919,33,L. E. Johnson,Johnson,,,male,Minister,,Nebraska Conference,Central Union Conference,Nebraska,,"Ringgold, Nebr.",United States
1919,33,B. H. Shaw,Shaw,,,male,Minister,,Nebraska Conference,Central Union Conference,Nebraska,,"Hastings, Nebr.",United States
1919,33,L. F. Trubey,Trubey,,,male,Minister,,Nebraska Conference,Central Union Conference,Nebraska,,"College View, Nebr.",United States
1919,33,F. G. Lane,Lane,,,male,Minister,,Nebraska Conference,Central Union Conference,Nebraska,,"Omaha, Nebr.",United States
1919,33,"R. L. Bradford, Jr.",Bradford,,Jr.,male,Minister,,Nebraska Conference,Central Union Conference,Nebraska,,"Omaha, Nebr.",United States
1919,33,B. B. Baird,Baird,,,male,Minister,,Nebraska Conference,Central Union Conference,Nebraska,,"Kearney, Nebr.",United States
1919,33,C. M. Christy,Christy,,,male,Minister,,Nebraska Conference,Central Union Conference,Nebraska,,"College View, Nebr.",United States
1919,33,C. A. Carlson,Carlson,,,male,Minister,,Nebraska Conference,Central Union Conference,Nebraska,,"Wahoo, Nebr.",United States
1919,33,G. C. George,George,,,male,Minister,,Nebraska Conference,Central Union Conference,Nebraska,,"Shelton, Nebr.",United States
1919,33,D. P. Gaede,Gaede,,,male,Honorary Ministerial Credentials,,Nebraska Conference,Central Union Conference,Nebraska,,"College View, Nebr.",United States
1919,33,R. F. Andrews,Andrews,,,male,Honorary Ministerial Credentials,,Nebraska Conference,Central Union Conference,Nebraska,,"College View, Nebr.",United States
1919,33,L. B. Porter,Porter,,,male,Honorary Ministerial Credentials,,Nebraska Conference,Central Union Conference,Nebraska,,"Rosalie, Nebr.",United States
1919,33,W. W. Stebbins,Stebbins,,,male,Honorary Ministerial Credentials,,Nebraska Conference,Central Union Conference,Nebraska,,"College View, Nebr.",United States
1919,33,A. F. Kirk,Kirk,,,male,Licentiate,,Nebraska Conference,Central Union Conference,Nebraska,,"Hastings, Nebr.",United States
1919,33,C. J. Paulson,Paulson,,,male,Licentiate,,Nebraska Conference,Central Union Conference,Nebraska,,"Hastings, Nebr.",United States
1919,33,Andrew Peterson,Peterson,,,male,Licentiate,,Nebraska Conference,Central Union Conference,Nebraska,,"Wolbach, Nebr.",United States
1919,33,Charles McWilliams,McWilliams,,,male,Licentiate,,Nebraska Conference,Central Union Conference,Nebraska,,"College View, Nebr.",United States
1919,33,J. C. Stotz,Stotz,,,male,Licentiate,,Nebraska Conference,Central Union Conference,Nebraska,,"Hastings, Nebr.",United States
1919,33,F. C. Clark,Clark,,,male,Licentiate,,Nebraska Conference,Central Union Conference,Nebraska,,"College View, Nebr.",United States
1919,33,Mrs. R. Leo,Leo,Mrs.,,female,Missionary Licentiate,,Nebraska Conference,Central Union Conference,Nebraska,,"College View, Nebr.",United States
1919,33,Ralph Rhodes,Rhodes,,,male,Missionary Licentiate,,Nebraska Conference,Central Union Conference,Nebraska,,"College View, Nebr.",United States
1919,33,Florence Howell,Howell,Miss,,female,Missionary Licentiate,,Nebraska Conference,Central Union Conference,Nebraska,,"College View, Nebr.",United States
1919,33,Elsie Gibbs,Gibbs,Miss,,female,Missionary Licentiate,,Nebraska Conference,Central Union Conference,Nebraska,,"College View, Nebr.",United States
1919,33,Mrs. Nora Harvey,Harvey,Mrs.,,female,Missionary Licentiate,,Nebraska Conference,Central Union Conference,Nebraska,,"Kearney, Nebr.",United States
1919,33,Phoebe Hines,Hines,Miss,,female,Missionary Licentiate,,Nebraska Conference,Central Union Conference,Nebraska,,"College View, Nebr.",United States
1919,33,Bessie Allen,Allen,Miss,,female,Missionary Licentiate,,Nebraska Conference,Central Union Conference,Nebraska,,"College View, Nebr.",United States
1919,33,Faith C. Peeke,Peeke,Miss,,female,Missionary Licentiate,,Nebraska Conference,Central Union Conference,Nebraska,,"College View, Nebr.",United States
1919,34,H. E. Rosenbach,Rosenbach,,,male,,,Nebraska Conference,Central Union Conference,Nebraska,,"College View, Nebr.",United States
1919,34,Allie Lovell,Lovell,Miss,,female,,,Nebraska Conference,Central Union Conference,Nebraska,,"College View, Nebr.",United States
1919,34,Rosy Nelsen,Nelsen,Miss,,female,,,Nebraska Conference,Central Union Conference,Nebraska,,"College View, Nebr.",United States
1919,34,M. M. Howard,Howard,Mrs.,,female,Church School Teacher,,Nebraska Conference,Central Union Conference,Nebraska,,"College View, Nebr.",United States
1919,34,Clara Ogden,Ogden,Miss,,female,Church School Teacher,,Nebraska Conference,Central Union Conference,Nebraska,,"College View, Nebr.",United States
1919,34,Mabel Diamond,Diamond,Miss,,female,Church School Teacher,,Nebraska Conference,Central Union Conference,Nebraska,,"College View, Nebr.",United States
1919,34,Katherine Krieger,Krieger,Miss,,female,Church School Teacher,,Nebraska Conference,Central Union Conference,Nebraska,,"College View, Nebr.",United States
1919,34,M. Rosa Welch,Welch,Miss,,female,Church School Teacher,,Nebraska Conference,Central Union Conference,Nebraska,,"College View, Nebr.",United States
1919,34,Catherine Combs-Hermann,Combs-Hermann,Mrs.,,female,Church School Teacher,,Nebraska Conference,Central Union Conference,Nebraska,,"Lincoln, Nebr.",United States
1919,34,Hazel Ringer,Ringer,Miss,,female,Church School Teacher,,Nebraska Conference,Central Union Conference,Nebraska,,"Hastings, Nebr.",United States
1919,34,Minola Rouse,Rouse,Miss,,female,Church School Teacher,,Nebraska Conference,Central Union Conference,Nebraska,,"Grand Island, Nebr.",United States
1919,34,Hilda Holsten,Holsten,Miss,,female,Church School Teacher,,Nebraska Conference,Central Union Conference,Nebraska,,"Red Cloud, Nebr.",United States
1919,34,Margie Cole,Cole,Miss,,female,Church School Teacher,,Nebraska Conference,Central Union Conference,Nebraska,,"North Platte, Nebr.",United States
1919,34,Elizabeth Goertz,Goertz,Miss,,female,Church School Teacher,,Nebraska Conference,Central Union Conference,Nebraska,,"Culbertson, Nebr.",United States
1919,34,Justina Maxson,Maxson,Miss,,female,Church School Teacher,,Nebraska Conference,Central Union Conference,Nebraska,,"Culbertson, Nebr.",United States
1919,34,Mary Buckner,Buckner,Miss,,female,Church School Teacher,,Nebraska Conference,Central Union Conference,Nebraska,,"Omaha, Nebr.",United States
1919,34,Olive Jones,Jones,Miss,,female,Church School Teacher,,Nebraska Conference,Central Union Conference,Nebraska,,"Tekamah, Nebr.",United States
1919,34,Edith Martin,Martin,Miss,,female,Church School Teacher,,Nebraska Conference,Central Union Conference,Nebraska,,"Ringgold, Nebr.",United States
1919,34,Olive Hays,Hays,Miss,,female,Church School Teacher,,Nebraska Conference,Central Union Conference,Nebraska,,"Wilcox, Nebr.",United States
1919,34,Grace Palmer,Palmer,Miss,,female,Church School Teacher,,Nebraska Conference,Central Union Conference,Nebraska,,"Stapleton, Nebr.",United States
1919,34,Violette Putnam,Putnam,Miss,,female,Church School Teacher,,Nebraska Conference,Central Union Conference,Nebraska,,"Kearney, Nebr.",United States
1919,34,Ella Palmer,Palmer,Miss,,female,Church School Teacher,,Nebraska Conference,Central Union Conference,Nebraska,,"Bloomington, Nebr.",United States
1919,34,Loraine Colson,Colson,Miss,,female,Church School Teacher,,Nebraska Conference,Central Union Conference,Nebraska,,"Ames, Nebr.",United States
1919,34,Elza Hayes,Hayes,Miss,,female,Church School Teacher,,Nebraska Conference,Central Union Conference,Nebraska,,"Ethel, Nebr.",United States
1919,34,Ella Olson,Olson,Miss,,female,Church School Teacher,,Nebraska Conference,Central Union Conference,Nebraska,,"Republican City, Nebr.",United States
1919,34,Nellie Cornelius,Cornelius,Miss,,female,Church School Teacher,,Nebraska Conference,Central Union Conference,Nebraska,,"Shelton, Nebr.",United States
1919,34,F. O. Lane,Lane,Mrs.,,female,Church School Teacher,,Nebraska Conference,Central Union Conference,Nebraska,,"Omaha, Nebr.",United States
1919,34,N. T. Sutton,Sutton,,,male,President,,Wyoming Conference,Central Union Conference,Wyoming,,"Crawford, Nebr.",United States
1919,34,Asa Smith,Smith,,,male,Secretary and Treasurer,,Wyoming Conference,Central Union Conference,Wyoming,,"Crawford, Nebr.",United States
1919,34,E. H. Curtis,Curtis,,,male,Executive Committee Member,,Wyoming Conference,Central Union Conference,Wyoming,,"Crawford, Nebr.",United States
1919,34,J. M. Fletcher,Fletcher,,,male,Executive Committee Member,,Wyoming Conference,Central Union Conference,Wyoming,,"Crawford, Nebr.",United States
1919,34,N. V. Willess,Willess,,,male,Executive Committee Member,,Wyoming Conference,Central Union Conference,Wyoming,,"Crawford, Nebr.",United States
1919,34,W. A. Long,Long,,,male,Executive Committee Member,,Wyoming Conference,Central Union Conference,Wyoming,,"Crawford, Nebr.",United States
1919,34,N. T. Sutton,Sutton,,,male,President,Wyoming Conference Assn. of the S. D. A.,Wyoming Conference,Central Union Conference,Wyoming,,"Crawford, Nebr.",United States
1919,34,Asa Smith,Smith,,,male,Secretary and Treasurer,Wyoming Conference Assn. of the S. D. A.,Wyoming Conference,Central Union Conference,Wyoming,,"Crawford, Nebr.",United States
1919,34,Asa Smith,Smith,,,male,Secretary and Treasurer,Tract Society,Wyoming Conference,Central Union Conference,Wyoming,,"Crawford, Nebr.",United States
1919,34,A. E. Nelson,Nelson,,,male,Field Missionary Secretary,,Wyoming Conference,Central Union Conference,Wyoming,,"Crawford, Nebr.",United States
1919,34,Alice Reid,Reid,,,female,Secretary,Sabbath School Department,Wyoming Conference,Central Union Conference,Wyoming,,"Crawford, Nebr.",United States
1919,35,J. M. Fletcher,Fletcher,,,male,Superintendent,Educational Dept.,Western Nebraska Conference,Central Union Conference,Western Nebraska,,"Broadwater, Nebr.",United States
1919,35,J. M. Fletcher,Fletcher,,,male,Secretary,Young People's Dept.,Western Nebraska Conference,Central Union Conference,Western Nebraska,,"Broadwater, Nebr.",United States
1919,35,E. H. Curtis,Curtis,,,male,Secretary,Religious Liberty Dept.,Western Nebraska Conference,Central Union Conference,Western Nebraska,,,United States
1919,35,N. T. Sutton,Sutton,,,male,Secretary,Home Missionary Dept.,Western Nebraska Conference,Central Union Conference,Western Nebraska,,,United States
1919,35,N. T. Sutton,Sutton,,,male,Minister,,Western Nebraska Conference,Central Union Conference,Western Nebraska,,"Crawford, Nebr.",United States
1919,35,C. H. Miller,Miller,,,male,Minister,,Western Nebraska Conference,Central Union Conference,Western Nebraska,,"Scotts Bluff, Nebr.",United States
1919,35,E. H. Curtis,Curtis,,,male,Minister,,Western Nebraska Conference,Central Union Conference,Western Nebraska,,"Route 3, Loveland, Colo.",United States
1919,35,J. M. Fletcher,Fletcher,,,male,Minister,,Western Nebraska Conference,Central Union Conference,Western Nebraska,,"Broadwater, Nebr.",United States
1919,35,W. A. Long,Long,,,male,Minister,,Western Nebraska Conference,Central Union Conference,Western Nebraska,,"Basin, Wyo.",United States
1919,35,N. V. Willess,Willess,,,male,Minister,,Western Nebraska Conference,Central Union Conference,Western Nebraska,,"Lander, Wyo.",United States
1919,35,G. W. Berry,Berry,,,male,Honorary Ministerial Credentials,,Western Nebraska Conference,Central Union Conference,Western Nebraska,,"Angora, Nebr.",United States
1919,35,H. B. Davis,Davis,,,male,Licentiate,,Western Nebraska Conference,Central Union Conference,Western Nebraska,,"Rapid City, S. Dak.",United States
1919,35,G. T. Glendrange,Glendrange,,,male,Licentiate,,Western Nebraska Conference,Central Union Conference,Western Nebraska,,"Crawford, Nebr.",United States
1919,35,Asa Smith,Smith,,,male,Missionary Credentials,,Western Nebraska Conference,Central Union Conference,Western Nebraska,,"Crawford, Nebr.",United States
1919,35,A. E. Nelson,Nelson,,,male,Missionary Credentials,,Western Nebraska Conference,Central Union Conference,Western Nebraska,,"Crawford, Nebr.",United States
1919,35,Alice E. Reid,Reid,,,female,Missionary Licentiate,,Western Nebraska Conference,Central Union Conference,Western Nebraska,,"Crawford, Nebr.",United States
1919,35,Mrs. E. R. Osborn,Osborn,Mrs.,,female,Missionary Licentiate,,Western Nebraska Conference,Central Union Conference,Western Nebraska,,"Scotts Bluff, Nebr.",United States
1919,35,Miss Alma Adkins,Adkins,Miss,,female,Missionary Licentiate,,Western Nebraska Conference,Central Union Conference,Western Nebraska,,"Lovell, Wyo.",United States
1919,35,Miss Nettie Gerdes,Gerdes,Miss,,female,Church School Teacher,,Western Nebraska Conference,Central Union Conference,Western Nebraska,,"Sheridan, Wyo.",United States
1919,35,Miss Louise Reid,Reid,Miss,,female,Church School Teacher,,Western Nebraska Conference,Central Union Conference,Western Nebraska,,"Minatare, Nebr.",United States
1919,35,Miss Gertrude Sinclair,Sinclair,Miss,,female,Church School Teacher,,Western Nebraska Conference,Central Union Conference,Western Nebraska,,"Crawford, Nebr.",United States
1919,35,Mrs. R. Anderson,Anderson,Mrs.,,female,Church School Teacher,,Western Nebraska Conference,Central Union Conference,Western Nebraska,,"Cheyenne, Wyo.",United States
1919,35,F. H. Robbins,Robbins,,,male,President,,Columbia Union Conference,Columbia Union Conference,Columbia Union,,"411 Cedar St., Takoma Park Station, Washington, D.C.",United States
1919,35,C. C. Pulver,Pulver,,,male,Secretary and Treasurer,,Columbia Union Conference,Columbia Union Conference,Columbia Union,,"411 Cedar St., Takoma Park Station, Washington, D.C.",United States
1919,35,F. H. Robbins,Robbins,,,male,Executive Committee Member,,Columbia Union Conference,Columbia Union Conference,Columbia Union,,"411 Cedar St., Takoma Park Station, Washington, D.C.",United States
1919,35,C. C. Pulver,Pulver,,,male,Executive Committee Member,,Columbia Union Conference,Columbia Union Conference,Columbia Union,,"411 Cedar St., Takoma Park Station, Washington, D.C.",United States
1919,35,B. F. Machlan,Machlan,,,male,Executive Committee Member,,Columbia Union Conference,Columbia Union Conference,Columbia Union,,"411 Cedar St., Takoma Park Station, Washington, D.C.",United States
1919,37,A. S. Booth,Booth,,,male,President,,Chesapeake Conference,Columbia Union Conference,Chesapeake,,"Baltimore, Md.",United States
1919,37,Emma S. Newcomer,Newcomer,,,female,Secretary and Treasurer,,Chesapeake Conference,Columbia Union Conference,Chesapeake,,"Baltimore, Md.",United States
1919,37,A. S. Booth,Booth,,,male,Executive Committee Member,,Chesapeake Conference,Columbia Union Conference,Chesapeake,,"Baltimore, Md.",United States
1919,37,J. H. Wierts,Wierts,,,male,Executive Committee Member,,Chesapeake Conference,Columbia Union Conference,Chesapeake,,"Baltimore, Md.",United States
1919,37,James Richardson,Richardson,,,male,Executive Committee Member,,Chesapeake Conference,Columbia Union Conference,Chesapeake,,"Baltimore, Md.",United States
1919,37,Charles Matthews,Matthews,,,male,Executive Committee Member,,Chesapeake Conference,Columbia Union Conference,Chesapeake,,"Baltimore, Md.",United States
1919,37,M. C. Strachan,Strachan,,,male,Executive Committee Member,,Chesapeake Conference,Columbia Union Conference,Chesapeake,,"Baltimore, Md.",United States
1919,37,M. S. Pettibone,Pettibone,,,male,Executive Committee Member,,Chesapeake Conference,Columbia Union Conference,Chesapeake,,"Baltimore, Md.",United States
1919,37,J. W. Siler,Siler,,,male,Executive Committee Member,,Chesapeake Conference,Columbia Union Conference,Chesapeake,,"Baltimore, Md.",United States
1919,37,A. S. Booth,Booth,,,male,President,Legal Association,Chesapeake Conference Association of S. D. A.,Columbia Union Conference,Chesapeake,,"Baltimore, Md.",United States
1919,37,Emma S. Newcomer,Newcomer,,,female,Secretary and Treasurer,Legal Association,Chesapeake Conference Association of S. D. A.,Columbia Union Conference,Chesapeake,,"Baltimore, Md.",United States
1919,37,Emma S. Newcomer,Newcomer,,,female,Secretary and Treasurer,Tract Society,Chesapeake Conference,Columbia Union Conference,Chesapeake,,"Baltimore, Md.",United States
1919,37,J. W. Siler,Siler,,,male,Field Missionary Secretary,Tract Society,Chesapeake Conference,Columbia Union Conference,Chesapeake,,"Hagerstown, Md.",United States
1919,37,M. S. Pettibone,Pettibone,,,male,Secretary,Sabbath School Department,Chesapeake Conference,Columbia Union Conference,Chesapeake,,"Queenstown, Md.",United States
1919,37,C. T. Redfield,Redfield,,,male,Secretary,Educational Department,Chesapeake Conference,Columbia Union Conference,Chesapeake,,"Baltimore, Md.",United States
1919,37,P. S. Bourdeau-Sisco,Bourdeau-Sisco,Dr.,,,Secretary,Medical Missionary Department,Chesapeake Conference,Columbia Union Conference,Chesapeake,,"Baltimore, Md.",United States
1919,37,A. S. Booth,Booth,,,male,Secretary,Religious Liberty Department,Chesapeake Conference,Columbia Union Conference,Chesapeake,,"Baltimore, Md.",United States
1919,37,M. S. Pettibone,Pettibone,,,male,Secretary,Young People's Department; Home Missionary Department,Chesapeake Conference,Columbia Union Conference,Chesapeake,,"Queenstown, Md.",United States
1919,37,A. S. Booth,Booth,,,male,Minister,,Chesapeake Conference,Columbia Union Conference,Chesapeake,,"Baltimore, Md.",United States
1919,37,J. H. Wierts,Wierts,,,male,Minister,,Chesapeake Conference,Columbia Union Conference,Chesapeake,,"Baltimore, Md.",United States
1919,37,G. A. Stevens,Stevens,,,male,Minister,,Chesapeake Conference,Columbia Union Conference,Chesapeake,,"Dover, Del.",United States
1919,37,C. E. Andross,Andross,,,male,Minister,,Chesapeake Conference,Columbia Union Conference,Chesapeake,,"Elsmere, Del.",United States
1919,37,Leslie Muntz,Muntz,,,male,Minister,,Chesapeake Conference,Columbia Union Conference,Chesapeake,,"Wilmington, Del.",United States
1919,37,M. C. Strachan,Strachan,,,male,Minister,,Chesapeake Conference,Columbia Union Conference,Chesapeake,,"Baltimore, Md.",United States
1919,37,G. Medairy,Medairy,,,male,Licentiate,,Chesapeake Conference,Columbia Union Conference,Chesapeake,,"Baltimore, Md.",United States
1919,37,J. W. Siler,Siler,,,male,Licentiate,,Chesapeake Conference,Columbia Union Conference,Chesapeake,,"Hagerstown, Md.",United States
1919,37,M. S. Pettibone,Pettibone,,,male,Licentiate,,Chesapeake Conference,Columbia Union Conference,Chesapeake,,"Queenstown, Md.",United States
1919,37,E. M. Andross,Andross,,,male,Licentiate,,Chesapeake Conference,Columbia Union Conference,Chesapeake,,"Baltimore, Md.",United States
1919,37,Emma S. Newcomer,Newcomer,,,female,Missionary Licentiate,,Chesapeake Conference,Columbia Union Conference,Chesapeake,,"Baltimore, Md.",United States
1919,37,Catherine Booth,Booth,Mrs.,,female,Missionary Licentiate,,Chesapeake Conference,Columbia Union Conference,Chesapeake,,"Baltimore, Md.",United States
1919,37,Ernest Atkinson,Atkinson,,,male,Missionary Licentiate,,Chesapeake Conference,Columbia Union Conference,Chesapeake,,"Wilmington, Del.",United States
1919,37,Anna C. Dewers,Dewers,,,female,Missionary Licentiate,,Chesapeake Conference,Columbia Union Conference,Chesapeake,,"Baltimore, Md.",United States
1919,37,Emma F. North,North,,,female,Missionary Licentiate,,Chesapeake Conference,Columbia Union Conference,Chesapeake,,"Baltimore, Md.",United States
1919,37,Madrid Heine,Heine,Mrs.,,female,Missionary Licentiate,,Chesapeake Conference,Columbia Union Conference,Chesapeake,,"Baltimore, Md.",United States
1919,37,Lydia J. Hilton,Hilton,Mrs.,,female,Missionary Licentiate,,Chesapeake Conference,Columbia Union Conference,Chesapeake,,"Baltimore, Md.",United States
1919,37,Alma Hohensee,Hohensee,,,female,Missionary Licentiate,,Chesapeake Conference,Columbia Union Conference,Chesapeake,,"Rossville, Md.",United States
1919,37,Ethel A. Carroll,Carroll,,,female,Missionary Licentiate,,Chesapeake Conference,Columbia Union Conference,Chesapeake,,"Baltimore, Md.",United States
1919,37,Maud E. Strachan,Strachan,Mrs.,,female,Missionary Licentiate,,Chesapeake Conference,Columbia Union Conference,Chesapeake,,"Baltimore, Md.",United States
1919,37,Lora L. Tarbell,Tarbell,,,female,Church School Teacher,,Chesapeake Conference,Columbia Union Conference,Chesapeake,,"Mt. Cuba, Del.",United States
1919,37,Mabel Witt,Witt,Miss,,female,Church School Teacher,,Chesapeake Conference,Columbia Union Conference,Chesapeake,,"Rock Hall, Md.",United States
1919,16,I. H. Evans,Evans,,,male,President,,General Conference,,General Conference,,,
1919,16,W. T. Knox,Knox,,,male,Treasurer,,General Conference,,General Conference,,,
1919,16,H. E. Rogers,Rogers,,,male,Secretary,,General Conference,,General Conference,,,
1919,16,A. G. Daniells,Daniells,,,male,Trustee,,Foreign Mission Board,General Conference,General Conference,,,United States
1919,16,W. A. Spicer,Spicer,,,male,Trustee,,Foreign Mission Board,General Conference,General Conference,,,United States
1919,16,W. T. Knox,Knox,,,male,Trustee,,Foreign Mission Board,General Conference,General Conference,,,United States
1919,16,I. H. Evans,Evans,,,male,Trustee,,Foreign Mission Board,General Conference,General Conference,,,United States
1919,16,W. B. White,White,,,male,Trustee,,Foreign Mission Board,General Conference,General Conference,,,United States
1919,16,G. B. Thompson,Thompson,,,male,Trustee,,Foreign Mission Board,General Conference,General Conference,,,United States
1919,16,W. W. Prescott,Prescott,,,male,Trustee,,Foreign Mission Board,General Conference,General Conference,,,United States
1919,16,A. G. Daniells,Daniells,,,male,President,,Foreign Mission Board,General Conference,General Conference,,,United States
1919,16,W. A. Spicer,Spicer,,,male,Secretary,,Foreign Mission Board,General Conference,General Conference,,,United States
1919,16,W. T. Knox,Knox,,,male,Treasurer,,Foreign Mission Board,General Conference,General Conference,,,United States
1919,16,W. T. Knox,Knox,,,male,Transportation Agent,Also general agent for trans-Atlantic steamship lines,General Conference,Transportation Agents,General Conference,,"Takoma Park Station, Washington, D.C.",United States
1919,16,C. H. Jones,Jones,,,male,Transportation Agent,Also general agent for trans-Pacific steamship lines,General Conference,Transportation Agents,General Conference,,"Mountain View, Cal.",United States
1919,16,A. Bacon,Bacon,,,male,Transportation Agent,,General Conference,Transportation Agents,General Conference,,"London, England",England
1919,16,H. H. Todd,Todd,,,male,Transportation Agent,,General Conference,Transportation Agents,General Conference,,"Chicago, Ill.",United States
1919,16,W. E. Abernathy,Abernathy,,,male,Transportation Agent,,General Conference,Transportation Agents,General Conference,,"Atlanta, Ga.",United States
1919,16,G. C. Hoskin,Hoskin,,,male,Transportation Agent,,General Conference,Transportation Agents,General Conference,,"Portland, Oreg.",United States
1919,16,C. E. Knight,Knight,,,male,Transportation Agent,,General Conference,Transportation Agents,General Conference,,"New Orleans, La.",United States
1919,16,H. C. Kephart,Kephart,,,male,Transportation Agent,,General Conference,Transportation Agents,General Conference,,"Cristobal, Canal Zone, Panama",Central America
1919,16,E. E. Andross,Andross,,,male,Minister,,General Conference,General Laborers Holding Credentials from the General Conference,General Conference,,"Takoma Park Station, Washington, D.C.",United States
1919,16,B. E. Beddoe,Beddoe,,,male,Minister,,General Conference,General Laborers Holding Credentials from the General Conference,General Conference,,"Glendale, Cal.",United States
1919,16,C. L. Benson,Benson,,,male,Minister,,General Conference,General Laborers Holding Credentials from the General Conference,General Conference,,"College View, Nebr.",United States
1919,16,J. T. Boettcher,Boettcher,,,male,Minister,,General Conference,General Laborers Holding Credentials from the General Conference,General Conference,,"Clinton, Mo.",United States
1919,16,C. P. Bollman,Bollman,,,male,Minister,,General Conference,General Laborers Holding Credentials from the General Conference,General Conference,,"Takoma Park Station, Washington, D.C.",United States
1919,16,P. E. Brodersen,Brodersen,,,male,Minister,,General Conference,General Laborers Holding Credentials from the General Conference,General Conference,,"Minneapolis, Minn.",United States
1919,16,L. H. Christian,Christian,,,male,Minister,,General Conference,General Laborers Holding Credentials from the General Conference,General Conference,,"Chicago, Ill.",United States
1919,16,A. G. Daniells,Daniells,,,male,Minister,,General Conference,General Laborers Holding Credentials from the General Conference,General Conference,,"Takoma Park Station, Washington, D.C.",United States
1919,16,H. H. Dexter,Dexter,,,male,Minister,,General Conference,General Laborers Holding Credentials from the General Conference,General Conference,,"Montreal, Quebec",Canada
1919,16,W. W. Eastman,Eastman,,,male,Minister,,General Conference,General Laborers Holding Credentials from the General Conference,General Conference,,"Takoma Park Station, Washington, D.C.",United States
1919,16,I. H. Evans,Evans,,,male,Minister,,General Conference,General Laborers Holding Credentials from the General Conference,General Conference,,"Shanghai, China",Asia
1919,16,J. E. Fulton,Fulton,,,male,Minister,,General Conference,General Laborers Holding Credentials from the General Conference,General Conference,,"Lucknow, India",Asia
1919,16,F. C. Gilbert,Gilbert,,,male,Minister,,General Conference,General Laborers Holding Credentials from the General Conference,General Conference,,"South Lancaster, Mass.",United States
1919,16,W. H. Green,Green,,,male,Minister,,General Conference,General Laborers Holding Credentials from the General Conference,General Conference,,"Takoma Park Station, Washington, D.C.",United States
1919,16,Frederick Griggs,Griggs,,,male,Minister,,General Conference,General Laborers Holding Credentials from the General Conference,General Conference,,"Berrien Springs, Mich.",United States
1919,16,L. A. Hansen,Hansen,,,male,Minister,,General Conference,General Laborers Holding Credentials from the General Conference,General Conference,,"Takoma Park Station, Washington, D.C.",United States
1919,16,S. N. Haskell,Haskell,,,male,Minister,,General Conference,General Laborers Holding Credentials from the General Conference,General Conference,,"South Lancaster, Mass.",United States
1919,16,C. B. Haynes,Haynes,,,male,Minister,,General Conference,General Laborers Holding Credentials from the General Conference,General Conference,,"Takoma Park Station, Washington, D.C.",United States
1919,16,W. E. Howell,Howell,,,male,Minister,,General Conference,General Laborers Holding Credentials from the General Conference,General Conference,,"Takoma Park Station, Washington, D.C.",United States
1919,16,M. E. Kern,Kern,,,male,Minister,,General Conference,General Laborers Holding Credentials from the General Conference,General Conference,,"Takoma Park Station, Washington, D.C.",United States
1919,16,W. T. Knox,Knox,,,male,Minister,,General Conference,General Laborers Holding Credentials from the General Conference,General Conference,,"Takoma Park Station, Washington, D.C.",United States
1919,16,C. C. Lewis,Lewis,,,male,Minister,,General Conference,General Laborers Holding Credentials from the General Conference,General Conference,,"Takoma Park Station, Washington, D.C.",United States
1919,16,C. S. Longacre,Longacre,,,male,Minister,,General Conference,General Laborers Holding Credentials from the General Conference,General Conference,,"Takoma Park Station, Washington, D.C.",United States
1919,16,J. N. Loughborough,Loughborough,,,male,Minister,,General Conference,General Laborers Holding Credentials from the General Conference,General Conference,,"Sanitarium, Cal.",United States
1919,16,Meade MacGuire,MacGuire,,,male,Minister,,General Conference,General Laborers Holding Credentials from the General Conference,General Conference,,"Sanitarium, Cal.",United States
1919,16,W. F. Martin,Martin,,,male,Minister,,General Conference,General Laborers Holding Credentials from the General Conference,General Conference,,"Glendale, Cal.",United States
1919,16,E. L. Maxwell,Maxwell,,,male,Minister,,General Conference,General Laborers Holding Credentials from the General Conference,General Conference,,"New Orleans, La.",United States
1919,16,J. H. McEachern,McEachern,,,male,Minister,,General Conference,General Laborers Holding Credentials from the General Conference,General Conference,,"Buenos Aires, Argentina",South America
1919,16,H. W. Miller,Miller,,,male,Minister,,General Conference,General Laborers Holding Credentials from the General Conference,General Conference,,"Takoma Park Station, Washington, D.C.",United States
1919,16,O. Montgomery,Montgomery,,,male,Minister,,General Conference,General Laborers Holding Credentials from the General Conference,General Conference,,"Buenos Aires, Argentina",South America
1919,16,Allen Moon,Moon,,,male,Minister,,General Conference,General Laborers Holding Credentials from the General Conference,General Conference,,"Forest Grove, Oreg.",United States
1919,38,D. E. Harter,Harter,,,male,President,,District of Columbia Conference,State Conference Directories,District of Columbia,,"Washington, D.C.",United States
1919,38,E. L. Workman,Workman,,,male,Secretary and Treasurer,,District of Columbia Conference,State Conference Directories,District of Columbia,,"Washington, D.C.",United States
1919,38,R. E. Harter,Harter,,,male,Executive Committee Member,,District of Columbia Conference,State Conference Directories,District of Columbia,,"Washington, D.C.",United States
1919,38,Stewart Kime,Kime,,,male,Executive Committee Member,,District of Columbia Conference,State Conference Directories,District of Columbia,,"Washington, D.C.",United States
1919,38,G. P. Rodgers,Rodgers,,,male,Executive Committee Member,,District of Columbia Conference,State Conference Directories,District of Columbia,,"Washington, D.C.",United States
1919,38,T. E. Bowen,Bowen,,,male,Executive Committee Member,,District of Columbia Conference,State Conference Directories,District of Columbia,,"Washington, D.C.",United States
1919,38,C. M. Sorenson,Sorenson,,,male,Executive Committee Member,,District of Columbia Conference,State Conference Directories,District of Columbia,,"Washington, D.C.",United States
1919,38,L. A. Hansen,Hansen,,,male,Executive Committee Member,,District of Columbia Conference,State Conference Directories,District of Columbia,,"Washington, D.C.",United States
1919,38,R. E. Harter,Harter,,,male,President,District of Columbia Conference Corporation of S. D. A.,District of Columbia Conference,State Conference Directories,District of Columbia,,"Washington, D.C.",United States
1919,38,R. C. Taylor,Taylor,,,male,Secretary and Treasurer,District of Columbia Conference Corporation of S. D. A.,District of Columbia Conference,State Conference Directories,District of Columbia,,"Washington, D.C.",United States
1919,38,W. H. George,George,,,male,Field Missionary Secretary,,District of Columbia Conference,State Conference Directories,District of Columbia,,"Washington, D.C.",United States
1919,38,Mrs. Maude Harter,Harter,Mrs.,,female,Secretary,Sabbath School Department,District of Columbia Conference,State Conference Directories,District of Columbia,,"Takoma Park, D.C.",United States
1919,38,F. L. Chaney,Chaney,,,male,Superintendent,Educational Department,District of Columbia Conference,State Conference Directories,District of Columbia,,"Takoma Park, D.C.",United States
1919,38,G. Williams,Williams,Dr.,M.D.,male,Secretary,Medical Missionary Department,District of Columbia Conference,State Conference Directories,District of Columbia,,"Washington, D.C.",United States
1919,38,F. L. Chaney,Chaney,,,male,Secretary,Young People's Department,District of Columbia Conference,State Conference Directories,District of Columbia,,"Takoma Park, D.C.",United States
1919,38,R. C. Taylor,Taylor,,,male,Secretary,Home Missionary Department,District of Columbia Conference,State Conference Directories,District of Columbia,,"Washington, D.C.",United States
1919,38,R. E. Harter,Harter,,,male,Minister,,District of Columbia Conference,State Conference Directories,District of Columbia,,"Takoma Park, D.C.",United States
1919,38,Stewart Kime,Kime,,,male,Minister,,District of Columbia Conference,State Conference Directories,District of Columbia,,"Takoma Park, D.C.",United States
1919,38,F. E. Gibson,Gibson,,,male,Minister,,District of Columbia Conference,State Conference Directories,District of Columbia,,"Colonial Beach, Va.",United States
1919,38,F. H. Seeney,Seeney,,,male,Minister,,District of Columbia Conference,State Conference Directories,District of Columbia,,"Alexandria, Va.",United States
1919,38,N. W. Philips,Philips,,,male,Minister,,District of Columbia Conference,State Conference Directories,District of Columbia,,"Washington, D.C.",United States
1919,38,G. P. Rodgers,Rodgers,,,male,Minister,,District of Columbia Conference,State Conference Directories,District of Columbia,,"Washington, D.C.",United States
1919,38,H. M. S. Richards,Richards,,,male,Minister,,District of Columbia Conference,State Conference Directories,District of Columbia,,"Takoma Park, D.C.",United States
1919,38,H. E. Robinson,Robinson,,,male,Minister,,District of Columbia Conference,State Conference Directories,District of Columbia,,"Alexandria, Va.",United States
1919,38,Miss Janet Morris,Morris,Miss,,female,Missionary Licentiate,,District of Columbia Conference,State Conference Directories,District of Columbia,,"Takoma Park, D.C.",United States
1919,38,Miss Esther Groll,Groll,Miss,,female,Missionary Licentiate,,District of Columbia Conference,State Conference Directories,District of Columbia,,"Washington, D.C.",United States
1919,38,Mrs. Margaret Howard,Howard,Mrs.,,female,Missionary Licentiate,,District of Columbia Conference,State Conference Directories,District of Columbia,,"Washington, D.C.",United States
1919,38,W. H. George,George,,,male,Missionary Licentiate,,District of Columbia Conference,State Conference Directories,District of Columbia,,"Takoma Park, D.C.",United States
1919,38,R. C. Taylor,Taylor,,,male,Missionary Licentiate,,District of Columbia Conference,State Conference Directories,District of Columbia,,"Washington, D.C.",United States
1919,38,E. L. Workman,Workman,,,male,Missionary Licentiate,,District of Columbia Conference,State Conference Directories,District of Columbia,,"Takoma Park, D.C.",United States
1919,38,Mrs. R. F. Harter,Harter,Mrs.,,female,Missionary Licentiate,,District of Columbia Conference,State Conference Directories,District of Columbia,,"Takoma Park, D.C.",United States
1919,38,G. Williams,Williams,,M.D.,male,Missionary Licentiate,,District of Columbia Conference,State Conference Directories,District of Columbia,,"Washington, D.C.",United States
1919,38,Miss Gertrude Burwgs,Burwgs,Miss,,female,Missionary Licentiate,,District of Columbia Conference,State Conference Directories,District of Columbia,,"Washington, D.C.",United States
1919,38,Miss Mildred Stuart,Stuart,Miss,,female,Church School Teacher,,District of Columbia Conference,State Conference Directories,District of Columbia,,"Arlington, Va.",United States
1919,38,Miss Elizabeth E. Nickel,Nickel,Miss,,female,Church School Teacher,,District of Columbia Conference,State Conference Directories,District of Columbia,,"Alexandria, Va.",United States
1919,38,Mrs. Hazel Treible,Treible,Mrs.,,female,Church School Teacher,,District of Columbia Conference,State Conference Directories,District of Columbia,,"Takoma Park, D.C.",United States
1919,38,Mrs. C. M. Sorenson,Sorenson,Mrs.,,female,Church School Teacher,,District of Columbia Conference,State Conference Directories,District of Columbia,,"Takoma Park, D.C.",United States
1919,38,Mrs. Louise Freeland,Freeland,Mrs.,,female,Church School Teacher,,District of Columbia Conference,State Conference Directories,District of Columbia,,"Washington, D.C.",United States
1919,39,Mrs. J. A. Leland,Leland,Mrs.,,female,,,Columbia Union Conference,,Columbia Union,,"Takoma Park, D.C.",United States
1919,39,D. A. Parsons,Parsons,,,male,President,,Eastern Pennsylvania Conference,Columbia Union Conference,Eastern Pennsylvania,,"4738 York Road, Philadelphia, Pa.",United States
1919,39,W. B. Mohr,Mohr,,,male,Secretary and Treasurer,,Eastern Pennsylvania Conference,Columbia Union Conference,Eastern Pennsylvania,,"Philadelphia, Pa.",United States
1919,39,J. S. Washburn,Washburn,,,male,Executive Committee Member,,Eastern Pennsylvania Conference,Columbia Union Conference,Eastern Pennsylvania,,"5318 Chancellor St., Philadelphia, Pa.",United States
1919,39,J. W. McCord,McCord,,,male,Executive Committee Member,,Eastern Pennsylvania Conference,Columbia Union Conference,Eastern Pennsylvania,,"1635 Mentor St., Philadelphia, Pa.",United States
1919,39,F. D. Canterati,Canterati,,,male,Executive Committee Member,,Eastern Pennsylvania Conference,Columbia Union Conference,Eastern Pennsylvania,,"4738 York Road, Philadelphia, Pa.",United States
1919,39,H. G. Gauker,Gauker,,,male,Executive Committee Member,,Eastern Pennsylvania Conference,Columbia Union Conference,Eastern Pennsylvania,,"4738 York Road, Philadelphia, Pa.",United States
1919,39,C. Baled-,Baled-,,,male,Executive Committee Member,,Eastern Pennsylvania Conference,Columbia Union Conference,Eastern Pennsylvania,,,United States
1919,39,H. Mizzen,Mizzen,,,male,Executive Committee Member,,Eastern Pennsylvania Conference,Columbia Union Conference,Eastern Pennsylvania,,,United States
1919,39,C. E. Reichenbaugh,Reichenbaugh,,,male,Field Missionary Secretary,,Eastern Pennsylvania Conference,Columbia Union Conference,Eastern Pennsylvania,,"Mohnton, Pa.",United States
1919,39,Miss Bessie Acton,Acton,Miss,,female,"Secretary, Sabbath School Dept.; Superintendent, Educational Dept.",,Eastern Pennsylvania Conference,Columbia Union Conference,Eastern Pennsylvania,,"4738 York Road, Philadelphia, Pa.",United States
1919,39,D. A. Parsons,Parsons,,,male,Minister,,Eastern Pennsylvania Conference,Columbia Union Conference,Eastern Pennsylvania,,"4738 York Road, Philadelphia, Pa.",United States
1919,39,J. S. Washburn,Washburn,,,male,"Minister; Secretary, Religious Liberty Dept.",,Eastern Pennsylvania Conference,Columbia Union Conference,Eastern Pennsylvania,,"5318 Chancellor St., Philadelphia, Pa.",United States
1919,39,O. F. Schwedrat,Schwedrat,,,male,Minister,,Eastern Pennsylvania Conference,Columbia Union Conference,Eastern Pennsylvania,,"2426 Poplar St., Philadelphia, Pa.",United States
1919,39,Chas. Baicrle,Baicrle,,,male,Minister,,Eastern Pennsylvania Conference,Columbia Union Conference,Eastern Pennsylvania,,"4738 York Road, Philadelphia, Pa.",United States
1919,39,F. D. Canteran,Canteran,,,male,Minister,,Eastern Pennsylvania Conference,Columbia Union Conference,Eastern Pennsylvania,,"4738 York Road, Philadelphia, Pa.",United States
1919,39,J. W. McCord,McCord,,,male,Minister,,Eastern Pennsylvania Conference,Columbia Union Conference,Eastern Pennsylvania,,"1635 Mentor St., Philadelphia, Pa.",United States
1919,39,S. S. Shrock,Shrock,,,male,Honorary Ministerial Credentials,,Eastern Pennsylvania Conference,Columbia Union Conference,Eastern Pennsylvania,,"842 Taylor Ave., Scranton, Pa.",United States
1919,39,W. B. Mohr,Mohr,,,male,Licentiate,,Eastern Pennsylvania Conference,Columbia Union Conference,Eastern Pennsylvania,,"4738 York Road, Philadelphia, Pa.",United States
1919,39,C. E. Reichenbaugh,Reichenbaugh,,,male,Licentiate,,Eastern Pennsylvania Conference,Columbia Union Conference,Eastern Pennsylvania,,"Mohnton, Pa.",United States
1919,39,H. G. Canker,Canker,,,male,Licentiate,,Eastern Pennsylvania Conference,Columbia Union Conference,Eastern Pennsylvania,,"4738 York Road, Philadelphia, Pa.",United States
1919,39,Mrs. Mary T. Myles-Booth,Myles-Booth,Mrs.,,female,Missionary Licentiate,,Eastern Pennsylvania Conference,Columbia Union Conference,Eastern Pennsylvania,,"4738 York Road, Philadelphia, Pa.",United States
1919,39,Mrs. D. A. Parsons,Parsons,Mrs.,,female,Missionary Licentiate,,Eastern Pennsylvania Conference,Columbia Union Conference,Eastern Pennsylvania,,"4738 York Road, Philadelphia, Pa.",United States
1919,39,Miss Florence Kimmel,Kimmel,Miss,,female,Missionary Licentiate,,Eastern Pennsylvania Conference,Columbia Union Conference,Eastern Pennsylvania,,"4738 York Road, Philadelphia, Pa.",United States
1919,39,Bessie E. Acton,Acton,,,female,Missionary Licentiate,,Eastern Pennsylvania Conference,Columbia Union Conference,Eastern Pennsylvania,,"4738 York Road, Philadelphia, Pa.",United States
1919,39,H. G. Gauker,Gauker,,,male,"Secretary, Home Missionary Dept.",,Eastern Pennsylvania Conference,Columbia Union Conference,Eastern Pennsylvania,,"4738 York Road, Philadelphia, Pa.",United States
