yearbook_year,page,name,last_name,prefix,suffix,gender,position,position_information,organization,group,conference,institution_name,location,region
1920,3,H. E. Rogers,Rogers,,,male,Statistical Secretary,,General Conference,,General Conference,,"Washington, D.C.",United States
1920,8,W. T. Knox,Knox,,,male,Treasurer,"Takoma Park Station, Washington, D. C.",General Conference,,General Conference,,"Takoma Park Station, Washington, D. C.",United States
1920,8,Chas. Thompson,Thompson,,,male,Assistant Treasurer,"Takoma Park Station, Washington, D. C.",General Conference,,General Conference,,"Takoma Park Station, Washington, D. C.",United States
1920,8,J. L. Shaw,Shaw,,,male,Associate Secretary,"Takoma Park Station, Washington, D. C.",General Conference,,General Conference,,"Takoma Park Station, Washington, D. C.",United States
1920,8,J. J. Ireland,Ireland,,,male,Auditor,"Takoma Park Station, Washington, D. C.",General Conference,,General Conference,,"Takoma Park Station, Washington, D. C.",United States
1920,8,W. W. Prescott,Prescott,,,male,Field Secretary,,General Conference,Appointed Assistants,General Conference,,"Takoma Park Station, Washington, D. C.",United States
1920,8,G. B. Thompson,Thompson,,,male,Field Secretary,,General Conference,Appointed Assistants,General Conference,,"Takoma Park Station, Washington, D. C.",United States
1920,8,R. D. Quinn,Quinn,,,male,Field Secretary,,General Conference,Appointed Assistants,General Conference,,"Takoma Park Station, Washington, D. C.",United States
1920,8,H. H. Cobban,Cobban,,,male,Second Assistant Treasurer,"Takoma Park Station, Washington, D. C.",General Conference,Appointed Assistants,General Conference,,"Takoma Park Station, Washington, D. C.",United States
1920,8,T. E. Bowen,Bowen,,,male,Office Secretary,,General Conference,Appointed Assistants,General Conference,,"Takoma Park Station, Washington, D. C.",United States
1920,8,S. E. McNeill,McNeill,,,male,Assistant Auditor,,General Conference,Appointed Assistants,General Conference,,"Takoma Park Station, Washington, D. C.",United States
1920,8,H. E. Rogers,Rogers,,,male,Statistical Secretary,"Takoma Park Station, Washington, D. C.",General Conference,Appointed Assistants,General Conference,,"Takoma Park Station, Washington, D. C.",United States
1920,8,Guy Dail,Dail,,,male,Assistant Statistical Secretary for Europe,"Wabernstr. 91a, Bern, Switzerland",General Conference,Appointed Assistants,General Conference,,"Bern, Switzerland",Europe
1920,8,A. G. Daniells,Daniells,,,male,Committee Member,,General Conference Committee,,General Conference,,"Takoma Park Station, Washington, D. C.",United States
1920,8,E. E. Andross,Andross,,,male,Committee Member,,General Conference Committee,,General Conference,,"Takoma Park Station, Washington, D. C.",United States
1920,8,L. R. Conradi,Conradi,,,male,Committee Member,,General Conference Committee,,General Conference,,"Hamburg, Germany",Europe
1920,8,I. H. Evans,Evans,,,male,Committee Member,,General Conference Committee,,General Conference,,"Shanghai, China",Asia
1920,8,J. E. Fulton,Fulton,,,male,Committee Member,,General Conference Committee,,General Conference,,"Lucknow, India",Asia
1920,8,O. Montgomery,Montgomery,,,male,Committee Member,,General Conference Committee,,General Conference,,"Buenos Aires, Argentina, South America",South America
1920,8,W. H. Branson,Branson,,,male,Committee Member,,General Conference Committee,,General Conference,,"Kenilworth, Cape, South Africa",Africa
1920,8,L. H. Christian,Christian,,,male,Committee Member,,General Conference Committee,,General Conference,,"Copenhagen, V., Denmark",Europe
1920,8,W. A. Spicer,Spicer,,,male,Committee Member,,General Conference Committee,,General Conference,,"Takoma Park Station, Washington, D. C.",United States
1920,8,W. T. Knox,Knox,,,male,Committee Member,,General Conference Committee,,General Conference,,"Takoma Park Station, Washington, D. C.",United States
1920,8,J. L. Shaw,Shaw,,,male,Committee Member,,General Conference Committee,,General Conference,,"Takoma Park Station, Washington, D. C.",United States
1920,8,W. W. Prescott,Prescott,,,male,Committee Member,,General Conference Committee,,General Conference,,"Takoma Park Station, Washington, D. C.",United States
1920,8,G. B. Thompson,Thompson,,,male,Committee Member,,General Conference Committee,,General Conference,,"Takoma Park Station, Washington, D. C.",United States
1920,8,R. D. Quinn,Quinn,,,male,Committee Member,,General Conference Committee,,General Conference,,"Takoma Park Station, Washington, D. C.",United States
1920,8,E. K. Slade,Slade,,,male,President,,Atlantic Union Conference,Presidents of Union Conferences and Superintendents of Union Missions,Atlantic Union,,"South Lancaster, Mass.",United States
1920,8,S. E. Wight,Wight,,,male,President,,Central Union Conference,Presidents of Union Conferences and Superintendents of Union Missions,Central Union,,"College View, Nebr.",United States
1920,8,F. H. Robbins,Robbins,,,male,President,,Columbia Union Conference,Presidents of Union Conferences and Superintendents of Union Missions,Columbia Union,,"Takoma Park Station, Washington, D. C.",United States
1920,8,F. W. Stray,Stray,,,male,President,,Eastern Canadian Union Conference,Presidents of Union Conferences and Superintendents of Union Missions,Eastern Canadian Union,,"Oshawa, Ontario, Canada",Canada
1920,8,Wm. Guthrie,Guthrie,,,male,President,,Lake Union Conference,Presidents of Union Conferences and Superintendents of Union Missions,Lake Union,,"Berrien Springs, Mich.",United States
1920,8,C. F. McVagh,McVagh,,,male,President,,Northern Union Conference,Presidents of Union Conferences and Superintendents of Union Missions,Northern Union,,"Minneapolis, Minn.",United States
1920,8,A. R. Ogden,Ogden,,,male,President,,North Pacific Union Conference,Presidents of Union Conferences and Superintendents of Union Missions,North Pacific Union,,"College Place, Wash.",United States
1920,8,J. W. Christian,Christian,,,male,President,,Pacific Union Conference,Presidents of Union Conferences and Superintendents of Union Missions,Pacific Union,,"Glendale, Cal.",United States
1920,8,W. H. Heckman,Heckman,,,male,President,,Southeastern Union Conference,Presidents of Union Conferences and Superintendents of Union Missions,Southeastern Union,,"Atlanta, Ga.",United States
1920,8,J. L. McElhany,McElhany,,,male,President,,Southern Union Conference,Presidents of Union Conferences and Superintendents of Union Missions,Southern Union,,"Nashville, Tenn.",United States
1920,8,Morris Lukens,Lukens,,,male,President,,Southwestern Union Conference,Presidents of Union Conferences and Superintendents of Union Missions,Southwestern Union,,"Oklahoma City, Okla.",United States
1920,7,A. G. Daniells,Daniells,,,male,President,"Takoma Park Station, Washington, D. C.",General Conference,,General Conference,,"Takoma Park Station, Washington, D.C.",United States
1920,7,E. E. Andross,Andross,,,male,Vice-President for North America,"Takoma Park Station, Washington, D. C.",General Conference,,General Conference,,"Takoma Park Station, Washington, D.C.",United States
1920,7,L. R. Conradi,Conradi,,,male,Vice-President for Europe,"Grindelberg 15a, Hamburg, Germany",General Conference,,General Conference,,"Hamburg, Germany",Europe
1920,7,L. H. Christian,Christian,,,male,Associate Vice-President,"Margrethevej 5, Copenhagen, V., Denmark",General Conference,,General Conference,,"Copenhagen, Denmark",Europe
1920,7,I. H. Evans,Evans,,,male,Vice-President for Eastern Asia,"Box 523, U. S. Postal Agency, Shanghai, China",General Conference,,General Conference,,"Shanghai, China",Eastern Asia
1920,7,J. E. Fulton,Fulton,,,male,Vice-President for Southern Asia,"17 Abbott Road, Lucknow, India",General Conference,,General Conference,,"Lucknow, India",Southern Asia
1920,7,O. Montgomery,Montgomery,,,male,Vice-President for South America,"Florida, F. C. C. A., Buenos Aires, Argentina, South America",General Conference,,General Conference,,"Buenos Aires, Argentina",South America
1920,7,W. H. Branson,Branson,,,male,Vice-President for Africa,"Rosinead Ave., Kenilworth, Cape, South Africa",General Conference,,General Conference,,"Kenilworth, Cape, South Africa",Africa
1920,7,W. A. Spicer,Spicer,,,male,Secretary,,General Conference,,General Conference,,"Takoma Park Station, Washington, D.C.",United States
1920,10,W. E. Howell,Howell,,,male,Secretary,Educational Department,General Conference,,General Conference,,"Takoma Park Station, Washington, D.C.",United States
1920,10,O. M. John,John,,,male,Assistant Secretary,Educational Department,General Conference,,General Conference,,"Takoma Park Station, Washington, D.C.",United States
1920,10,L. A. Hansen,Hansen,,,male,Secretary,Medical Department,General Conference,,General Conference,,"Takoma Park Station, Washington, D.C.",United States
1920,10,H. W. Miller,Miller,,M.D.,male,Assistant Secretary,Medical Department,General Conference,,General Conference,,"Takoma Park Station, Washington, D.C.",United States
1920,10,M. E. Kern,Kern,,,male,Secretary,Missionary Volunteer Department,General Conference,,General Conference,,"Takoma Park Station, Washington, D.C.",United States
1920,10,C. S. Longacre,Longacre,,,male,Secretary,Religious Liberty Department,General Conference,,General Conference,,"Takoma Park Station, Washington, D.C.",United States
1920,10,O. V. Leach,Leach,,,male,Secretary,Home Missionary Department,General Conference,,General Conference,,"Takoma Park Station, Washington, D.C.",United States
1920,10,H. K. Christman,Christman,,,male,Assistant Secretary,Home Missionary Department,General Conference,,General Conference,,"Takoma Park Station, Washington, D.C.",United States
1920,10,P. E. Brodersen,Brodersen,,,male,Secretary,Bureau of Home Missions,General Conference,,General Conference,,"Chicago, Ill.",United States
1920,10,J. T. Boettcher,Boettcher,,,male,Superintendent for German People,Bureau of Home Missions,General Conference,,General Conference,,"Clinton, Mo.",United States
1920,10,N. P. Neilsen,Neilsen,,,male,Superintendent for Danish-Norwegian People,Bureau of Home Missions,General Conference,,General Conference,,"Hutchinson, Minn.",United States
1920,10,G. E. Nord,Nord,,,male,Superintendent for Swedish People,Bureau of Home Missions,General Conference,,General Conference,,"Chicago, Ill.",United States
1920,10,J. H. Schilling,Schilling,,,male,Superintendent for Miscellaneous Language Work East of Mississippi,Bureau of Home Missions,General Conference,,General Conference,,"Oak Park, Ill.",United States
1920,10,W. H. Green,Green,,,male,Secretary,Negro Department,General Conference,,General Conference,,"Takoma Park Station, Washington, D.C.",United States
1920,10,C. Pedersen,Pedersen,,,male,Sub-Treasurer,Europe,General Conference,,General Conference,,"Copenhagen, Denmark",Europe
1920,10,C. C. Crisler,Crisler,,,male,Assistant Secretary,For Eastern Asia,General Conference,,General Conference,,"Shanghai, China",Eastern Asia
1920,10,H. W. Barrows,Barrows,,,male,Sub-Treasurer,For Eastern Asia,General Conference,,General Conference,,"Shanghai, China",Eastern Asia
1920,10,C. E. Weaks,Weaks,,,male,Secretary,"Publishing Department, For Eastern Asia",General Conference,,General Conference,,"Shanghai, China",Eastern Asia
1920,10,S. L. Frost,Frost,,,male,Secretary,"Educational Department, For Eastern Asia",General Conference,,General Conference,,"Shanghai, China",Eastern Asia
1920,10,S. L. Frost,Frost,,,male,Secretary,"Missionary Volunteer Department, For Eastern Asia",General Conference,,General Conference,,"Shanghai, China",Eastern Asia
1920,10,C. C. Landis,Landis,,M.D.,male,Secretary,"Medical Department, For Eastern Asia",General Conference,,General Conference,Red Cross General Hospital,"Shanghai, China",Eastern Asia
1920,10,R. F. Cottrell,Cottrell,,,male,Secretary,"Sabbath-school Department, For Eastern Asia",General Conference,,General Conference,,"Shanghai, China",Eastern Asia
1920,10,W. W. Fletcher,Fletcher,,,male,Assistant Secretary,For Southern Asia,General Conference,,General Conference,,"Lucknow, India",Southern Asia
1920,10,A. H. Williams,Williams,,,male,Sub-Treasurer,For Southern Asia,General Conference,,General Conference,,"Lucknow, India",Southern Asia
1920,10,H. C. Menkel,Menkel,,M.D.,male,Secretary,"Medical Department, For Southern Asia",General Conference,,General Conference,,"Lucknow, India",Southern Asia
1920,10,W. H. Williams,Williams,,,male,Assistant Secretary and Sub-Treasurer,For South America,General Conference,,General Conference,,"Buenos Aires, Argentina",South America
1920,10,J. H. McEachern,McEachern,,,male,Secretary,"Publishing and Home Missionary Department, For South America",General Conference,,General Conference,,"Florida, Buenos Aires, Argentina",South America
1920,10,H. U. Stevens,Stevens,,,male,Secretary,"Educational and Young People's Departments, For South America",General Conference,,General Conference,,"Puiggari, Argentina",South America
1920,10,W. C. White,White,,,male,Elective Member,,General Conference,,General Conference,,"St. Helena, Cal.",United States
1920,10,S. N. Haskell,Haskell,,,male,Elective Member,,General Conference,,General Conference,,"South Lancaster, Mass.",United States
1920,10,C. H. Jones,Jones,,,male,Elective Member,,General Conference,,General Conference,,"Mountain View, Cal.",United States
1920,10,E. R. Palmer,Palmer,,,male,Elective Member,,General Conference,,General Conference,,"Takoma Park Station, Washington, D.C.",United States
1920,13,D. H. Kress,Kress,,M. D.,male,Member,,General Conference,,General Conference,,"Takoma Park Station, Washington, D. C.",United States
1920,13,C. C. Landis,Landis,,M. D.,male,Member,,General Conference,,General Conference,,"263 Siccawei Road, Shanghai, China",Asia
1920,13,J. N. Andrews,Andrews,,M. D.,male,Member,,General Conference,,General Conference,,"Tatsienlu, Szechwan, China",Asia
1920,13,John Reith,Reith,,M. D.,male,Member,,General Conference,,General Conference,,"Watford, Herts, England",Europe
1920,13,G. H. Heald,Heald,,M. D.,male,Member,,General Conference,,General Conference,,"Takoma Park, Washington, D. C.",United States
1920,13,A. B. Olsen,Olsen,,M. D.,male,Member,,General Conference,,General Conference,,"Hinsdale, Ill.",United States
1920,13,R. H. Habenicht,Habenicht,,M. D.,male,Member,,General Conference,,General Conference,,"Diamant, Entre Rios, Argentina, South America",South America
1920,13,Riley Russell,Russell,,M. D.,male,Member,,General Conference,,General Conference,,"Soonan, Chosen (Korea)",Asia
1920,13,H. C. Menkel,Menkel,,,male,Member,,General Conference,,General Conference,,"17 Abbott Road, Lucknow, India",Asia
1920,13,Newton G. Evans,Evans,,M. D.,male,Member,,General Conference,,General Conference,,"Loma Linda, Cal.",United States
1920,13,W. E. Howell,Howell,,,male,Member,,General Conference,,General Conference,,"Takoma Park Station, Washington, D. C.",United States
1920,13,D. D. Comstock,Comstock,,M. D.,male,Member,,General Conference,,General Conference,,"515 Citizen's Bank Bldg., Pasadena, Cal.",United States
1920,13,Julia A. White,White,,M. D.,female,Member,,General Conference,,General Conference,,"Glendale, Cal.",United States
1920,13,T. A. Sherwin,Sherwin,,M. D.,male,Member,,General Conference,,General Conference,,"Sanitarium, Wahroonga, N. S. W., Australia",Australia
1920,13,W. E. Howell,Howell,,,male,Secretary,,Department of Education,General Conference,General Conference,,"Takoma Park Station, Washington, D. C.",United States
1920,13,O. M. John,John,,,male,Assistant Secretary,,Department of Education,General Conference,General Conference,,"Takoma Park Station, Washington, D. C.",United States
1920,13,Sarah E. Peck,Peck,,,female,Assistant in Elementary Education,,Department of Education,General Conference,General Conference,,"Takoma Park, Washington, D. C.",United States
1920,13,S. L. Frost,Frost,,,male,Assistant Secretary for Asia,,Department of Education,General Conference,General Conference,,"Box 523, U. S. Postal Agency, Shanghai, China",Asia
1920,13,H. U. Stevens,Stevens,,,male,Assistant Secretary for South America,,Department of Education,General Conference,General Conference,,"Puiggari, F. C. K. R., Argentina, South America",South America
1920,13,J. L. Shaw,Shaw,,,male,Member,,Department of Education,General Conference,General Conference,,"Takoma Park Station, Washington, D. C.",United States
1920,13,M. E. Kern,Kern,,,male,Member,,Department of Education,General Conference,General Conference,,"Takoma Park Station, Washington, D. C.",United States
1920,13,C. S. Longacre,Longacre,,,male,Member,,Department of Education,General Conference,General Conference,,"Takoma Park Station, Washington, D. C.",United States
1920,13,L. A. Hansen,Hansen,,,male,Member,,Department of Education,General Conference,General Conference,,"Takoma Park Station, Washington, D. C.",United States
1920,13,H. W. Miller,Miller,,,male,Member,,Department of Education,General Conference,General Conference,,"Takoma Park Station, Washington, D. C.",United States
1920,13,C. C. Lewis,Lewis,,,male,Member,,Department of Education,General Conference,General Conference,,"Takoma Park Station, Washington, D. C.",United States
1920,13,B. F. Machlan,Machlan,,,male,College President,,Department of Education,General Conference,General Conference,,"Takoma Park Station, Washington, D. C.",United States
1920,13,Frederick Griggs,Griggs,,,male,College President,,Department of Education,General Conference,General Conference,,"Berrien Springs, Mich.",United States
1920,13,H. A. Morrison,Morrison,,,male,College President,,Department of Education,General Conference,General Conference,,"College View, Nebr.",United States
1920,13,C. W. Irwin,Irwin,,,male,College President,,Department of Education,General Conference,General Conference,Pacific Union College,"St. Helena, Cal.",United States
1920,13,W. I. Smith,Smith,,,male,College President,,Department of Education,General Conference,General Conference,,"College Place, Wash.",United States
1920,13,N. G. Evans,Evans,,,male,College President,,Department of Education,General Conference,General Conference,,"Loma Linda, Cal.",United States
1920,13,H. O. Olson,Olson,,,male,Seminary President,,Department of Education,General Conference,General Conference,,"La Grange, Ill.",United States
1920,13,N. P. Neilsen,Neilsen,,,male,Seminary President,,Department of Education,General Conference,General Conference,,"Hutchinson, Minn.",United States
1920,13,F. R. Isaac,Isaac,,,male,Seminary President,,Department of Education,General Conference,General Conference,,"Clinton, Mo.",United States
1920,13,M. E. Olsen,Olsen,,,male,Junior College President,,Department of Education,General Conference,General Conference,,"South Lancaster, Mass.",United States
1920,13,W. E. Nelson,Nelson,,,male,Junior College President,,Department of Education,General Conference,General Conference,,"Keene, Tex.",United States
1920,13,L. H. Wood,Wood,,,male,Junior College President,,Department of Education,General Conference,General Conference,,"Ooltewah, Tenn.",United States
1920,13,A. J. Olson,Olson,,,male,Junior College President,,Department of Education,General Conference,General Conference,,"Oshawa, Ontario, Canada",Canada
1920,13,E. D. Dick,Dick,,,male,Junior College President,,Department of Education,General Conference,General Conference,,"Lacombe, Alberta, Canada",Canada
1920,13,J. I. Beardsley,Beardsley,,,male,Junior College President,,Department of Education,General Conference,General Conference,,"Box 414, Huntsville, Ala.",United States
1920,13,D. D. Rees,Rees,,,male,Union Conference Secretary,,Department of Education,General Conference,General Conference,,"College View, Nebr.",United States
1920,13,M. E. Cady,Cady,,,male,Union Conference Secretary,,Department of Education,General Conference,General Conference,,"2547 Piedmont Ave., Berkeley, Cal.",United States
1920,13,W. L. Adams,Adams,,,male,Union Conference Secretary,,Department of Education,General Conference,General Conference,,"College Place, Wash.",United States
1920,13,A. F. Schmidt,Schmidt,,,male,Union Conference Secretary,,Department of Education,General Conference,General Conference,,"2718 Third Ave., South, Minneapolis, Minn.",United States
1920,12,C. E. Hooper,Hooper,,,male,Committee Member,"2123 Twenty-fourth Ave., North, Nashville, Tenn.",General Conference,,General Conference,,"Nashville, Tenn.",United States
1920,12,A. R. Smith,Smith,,,male,Committee Member,"1224 Euclid Ave., Kansas City, Mo.",General Conference,,General Conference,,"Kansas City, Mo.",United States
1920,12,L. W. Graham,Graham,,,male,Committee Member,"Takoma Park Station, Washington, D. C.",General Conference,,General Conference,,"Washington, D.C.",United States
1920,12,S. N. Curtiss,Curtiss,,,male,Committee Member,"Pacific Press Pub. Assn., Brookfield, Ill.",General Conference,,General Conference,Pacific Press Pub. Assn.,"Brookfield, Ill.",United States
1920,12,H. R. Gay,Gay,,,male,Committee Member,"411 West Railroad Ave., Fort Worth, Tex.",General Conference,,General Conference,,"Fort Worth, Tex.",United States
1920,12,R. E. Bowles,Bowles,,,male,Committee Member,"Box 5007, Cristobal, Canal Zone, Panama",General Conference,,General Conference,,"Cristobal, Canal Zone, Panama",Central America
1920,12,E. L. Richmond,Richmond,,,male,Superintendent,"Takoma Park Station, Washington, D. C.",General Conference,,General Conference,,"Washington, D.C.",United States
1920,12,W. A. Harvey,Harvey,,,male,Superintendent,2123 Twenty-fourth,General Conference,,General Conference,,,United States
1920,12,E. F. Counter,Counter,,,male,Superintendent,"Mountain View, Cal.",General Conference,,General Conference,,"Mountain View, Cal.",United States
1920,12,P. E. Brodersen,Brodersen,,,male,Bureau of Home Missions,"2914 West North Ave., Chicago, Ill.",General Conference,,General Conference,,"Chicago, Ill.",United States
1920,12,E. E. Franklin,Franklin,,,male,Field Missionary Secretary,"South Lancaster, Mass.",General Conference,,General Conference,,"South Lancaster, Mass.",United States
1920,12,H. F. Kirk,Kirk,,,male,Field Missionary Secretary,"411 Cedar St., Takoma Park Station, Washington, D. C.",General Conference,,General Conference,,"Washington, D.C.",United States
1920,12,J. W. Davis,Davis,,,male,Field Missionary Secretary,"Berrien Springs, Mich.",General Conference,,General Conference,,"Berrien Springs, Mich.",United States
1920,12,V. O. Cole,Cole,,,male,Field Missionary Secretary,2006 Twenty-fourth,General Conference,,General Conference,,,United States
1920,12,A. F. Harrison,Harrison,,,male,Field Missionary Secretary,"411 Baum Bldg., Oklahoma City, Okla.",General Conference,,General Conference,,"Oklahoma City, Okla.",United States
1920,12,James Hickman,Hickman,,,male,Field Missionary Secretary,"169 Bryan St., Atlanta, Ga.",General Conference,,General Conference,,"Atlanta, Ga.",United States
1920,12,J. B. Blosser,Blosser,,,male,Field Missionary Secretary,"College View, Nebr.",General Conference,,General Conference,,"College View, Nebr.",United States
1920,12,E. M. Oberg,Oberg,,,male,Field Missionary Secretary,"2718 Third Ave., South, Minneapolis, Minn.",General Conference,,General Conference,,"Minneapolis, Minn.",United States
1920,12,F. E. Painter,Painter,,,male,Field Missionary Secretary,"802 East Acacia Ave., Glendale, Cal.",General Conference,,General Conference,,"Glendale, Cal.",United States
1920,12,H. E. Loop,Loop,,,male,Field Missionary Secretary,"719 East Flanders St., Portland, Oreg.",General Conference,,General Conference,,"Portland, Oreg.",United States
1920,12,Q. A. Campbell,Campbell,,,male,Field Missionary Secretary,"304 I. O. O. F. Bldg., Calgary, Alberta, Canada",General Conference,,General Conference,,"Calgary, Alberta, Canada",Canada
1920,12,E. M. Fishell,Fishell,,,male,Field Missionary Secretary,"Oshawa, Ontario, Canada",General Conference,,General Conference,,"Oshawa, Ontario, Canada",Canada
1920,12,G. S. Joseph,Joseph,,,male,Field Missionary Secretary,"""Mizpah,"" Wahroonga, N. S. W., Australia",General Conference,,General Conference,,"Wahroonga, N.S.W., Australia",Australia
1920,12,E. H. Meyers,Meyers,,,male,Field Missionary Secretary,"Florida, F. C. C. A., Buenos Aires, Argentina, South America",General Conference,,General Conference,,"Buenos Aires, Argentina",South America
1920,12,G. C. Jenks,Jenks,,,male,Field Missionary Secretary,"Rosmead Ave., Kenilworth, Cape, South Africa",General Conference,,General Conference,,"Kenilworth, Cape, South Africa",Africa
1920,12,J. A. P. Green,Green,,,male,Field Missionary Secretary,"Box 5007, Cristobal, Canal Zone, Panama",General Conference,,General Conference,,"Cristobal, Canal Zone, Panama",Central America
1920,12,H. A. Robinson,Robinson,,,male,Field Missionary Secretary,"Apartado 492, Barcelona, Spain",General Conference,,General Conference,,"Barcelona, Spain",Europe
1920,12,H. Box,Box,,,male,Field Missionary Secretary,"Grindelberg 15a, Hamburg, Germany",General Conference,,General Conference,,"Hamburg, Germany",Europe
1920,12,R. M. Carter,Carter,,,male,Field Missionary Secretary,"Estacao sao Bernardo, S. P. R., Sao Paulo, Brazil, South America",General Conference,,General Conference,,"Sao Paulo, Brazil",South America
1920,12,W. Maudsley,Maudsley,,,male,Field Missionary Secretary,"Stanborough Park, Watford, Herts, England",General Conference,,General Conference,,"Watford, Herts, England",Europe
1920,12,C. V. Leach,Leach,,,male,Home Missionary Secretary,"Takoma Park Station, Washington, D. C.",General Conference,,General Conference,,"Washington, D.C.",United States
1920,12,L. A. Hansen,Hansen,,,male,Secretary,Medical Missionary Department,Medical Missionary Department,General Conference,General Conference,,"Washington, D.C.",United States
1920,12,H. W. Miller,Miller,,M.D.,male,Assistant Secretary,Medical Missionary Department,Medical Missionary Department,General Conference,General Conference,,"Washington, D.C.",United States
1920,12,P. T. Magan,Magan,,M.D.,male,Field Secretary for Pacific States,"304 North Boyle Ave., Los Angeles, Cal.",Medical Missionary Department,General Conference,General Conference,,"Los Angeles, Cal.",United States
1920,12,W. B. Holden,Holden,,M.D.,male,Member,Medical Missionary Department,Medical Missionary Department,General Conference,General Conference,,"Portland, Oreg.",United States
1920,12,A. C. Selmon,Selmon,,M.D.,male,Member,"Red Cross General Hospital, Siccawei Road, Shanghai, China",Medical Missionary Department,General Conference,General Conference,Red Cross General Hospital,"Shanghai, China",Asia
1920,12,W. C. Dunscombe,Dunscombe,,M.D.,male,Member,"Ensenada, Porto Rico",Medical Missionary Department,General Conference,General Conference,,"Ensenada, Porto Rico",Central America
1920,12,W. A. Ruble,Ruble,,,male,Member,"New England Sanitarium, Melrose, Mass.",Medical Missionary Department,General Conference,General Conference,New England Sanitarium,"Melrose, Mass.",United States
1920,12,W. E. Bliss,Bliss,,M.D.,male,Member,"New England Sanitarium, Melrose, Mass.",Medical Missionary Department,General Conference,General Conference,New England Sanitarium,"Melrose, Mass.",United States
1920,12,George Thomason,Thomason,,M.D.,male,Member,"Los Angeles, Cal.",Medical Missionary Department,General Conference,General Conference,,"Los Angeles, Cal.",United States
1920,12,L. M. Bowen,Bowen,,,male,Member,"Loma Linda, Cal.",Medical Missionary Department,General Conference,General Conference,,"Loma Linda, Cal.",United States
1920,12,J. A. Burden,Burden,,,male,Member,"Paradise Valley Sanitarium, National City, Cal.",Medical Missionary Department,General Conference,General Conference,Paradise Valley Sanitarium,"National City, Cal.",United States
1920,17,J. F. Simon,Simon,,,male,Committee Member,"care of Seminary, Clinton, Mo.",General Conference,,General Conference,,"Clinton, Mo.",United States
1920,17,H. H. Humann,Humann,,,male,Committee Member,,General Conference,,General Conference,,"Lacombe, Alberta, Canada",Canada
1920,17,F. C. Gilbert,Gilbert,,,male,Superintendent,,Jewish Advisory Committee,,General Conference,,"South Lancaster, Mass.",United States
1920,17,R. D. Quinn,Quinn,,,male,Committee Member,,Jewish Advisory Committee,,General Conference,,"Takoma Park Station, Washington, D.C.",United States
1920,17,J. K. Jones,Jones,,,male,Committee Member,,Jewish Advisory Committee,,General Conference,,"South Lancaster, Mass.",United States
1920,17,M. E. Olsen,Olsen,,,male,Committee Member,,Jewish Advisory Committee,,General Conference,,"South Lancaster, Mass.",United States
1920,17,P. E. Brodersen,Brodersen,,,male,Committee Member,,French Advisory Committee,,General Conference,,"Chicago, Ill.",United States
1920,17,L. F. Passebois,Passebois,,,male,Committee Member,,French Advisory Committee,,General Conference,,"Montreal, Quebec",Canada
1920,17,J. Vuilleumier,Vuilleumier,,,male,Committee Member,,French Advisory Committee,,General Conference,,"Oshawa, Ontario",Canada
1920,17,F. W. Stray,Stray,,,male,Committee Member,,French Advisory Committee,,General Conference,,"Oshawa, Ontario",Canada
1920,17,J. E. Bond,Bond,,,male,Leader,,Latin-American Work,,General Conference,,"Phoenix, Ariz.",United States
1920,17,H. F. Brown,Brown,,,male,Assistant,,Latin-American Work,,General Conference,,"San Antonio, Tex.",United States
1920,17,S. N. Curtiss,Curtiss,,,male,Manager,Foreign Literature Depository,Latin-American Work,,General Conference,Pacific Press Pub. Assn.,"Brookfield, Ill.",United States
1920,17,C. V. Leach,Leach,,,male,Secretary,,Home Missionary Department,,General Conference,,"Takoma Park Station, Washington, D.C.",United States
1920,17,H. K. Christman,Christman,,,male,Asst. Secretary,,Home Missionary Department,,General Conference,,"Takoma Park Station, Washington, D.C.",United States
1920,17,Mrs. J. W. Mace,Mace,Mrs.,,female,Office Secretary,,Home Missionary Department,,General Conference,,"Takoma Park Station, Washington, D.C.",United States
1920,17,N. Z. Town,Town,,,male,Other Members,,Home Missionary Department,,General Conference,,"Takoma Park Station, Washington, D.C.",United States
1920,17,W. W. Eastman,Eastman,,,male,Other Members,,Home Missionary Department,,General Conference,,"Takoma Park Station, Washington, D.C.",United States
1920,17,P. E. Brodersen,Brodersen,,,male,Other Members,,Home Missionary Department,,General Conference,,"Chicago, Ill.",United States
1920,17,R. D. Quinn,Quinn,,,male,Other Members,,Home Missionary Department,,General Conference,,"Takoma Park Station, Washington, D.C.",United States
1920,17,M. E. Kern,Kern,,,male,Other Members,,Home Missionary Department,,General Conference,,"Takoma Park Station, Washington, D.C.",United States
1920,17,J. W. Mace,Mace,,,male,Other Members,,Home Missionary Department,,General Conference,,"Takoma Park Station, Washington, D.C.",United States
1920,17,L. W. Graham,Graham,,,male,Other Members,,Home Missionary Department,,General Conference,,"Takoma Park Station, Washington, D.C.",United States
1920,17,D. W. Reavis,Reavis,,,male,Other Members,,Home Missionary Department,,General Conference,,"Takoma Park Station, Washington, D.C.",United States
1920,17,L. A. Hansen,Hansen,,,male,Other Members,,Home Missionary Department,,General Conference,,"Takoma Park Station, Washington, D.C.",United States
1920,17,H. H. Hall,Hall,,,male,Other Members,,Home Missionary Department,,General Conference,,"Mountain View, Cal.",United States
1920,17,James Cochran,Cochran,,,male,Other Members,,Home Missionary Department,,General Conference,,"Mountain View, Cal.",United States
1920,17,R. L. Pierce,Pierce,,,male,Other Members,,Home Missionary Department,,General Conference,,"Nashville, Tenn.",United States
1920,17,C. E. Hooper,Hooper,,,male,Other Members,,Home Missionary Department,,General Conference,,"Nashville, Tenn.",United States
1920,17,D. H. Kress,Kress,,,male,Other Members,,Home Missionary Department,,General Conference,,"South Lancaster, Mass.",United States
1920,17,V. O. Punches,Punches,,,male,Other Members,,Home Missionary Department,,General Conference,,"Mt. Vernon, Ohio",United States
1920,17,W. A. Butler,Butler,,,male,Other Members,,Home Missionary Department,,General Conference,,"South Lancaster, Mass.",United States
1920,17,J. S. James,James,,,male,Other Members,,Home Missionary Department,,General Conference,,"Takoma Park Station, Washington, D.C.",United States
1920,17,J. L. McConaughey,McConaughey,,,male,Other Members,,Home Missionary Department,,General Conference,,"Berrien Springs, Mich.",United States
1920,17,E. R. Numbers,Numbers,,,male,Other Members,,Home Missionary Department,,General Conference,,"Takoma Park Station, Washington, D.C.",United States
1920,17,Anol Grundset,Grundset,,,male,Other Members,,Home Missionary Department,,General Conference,,"Minneapolis, Minn.",United States
1920,17,S. J. Lashier,Lashier,,,male,Other Members,,Home Missionary Department,,General Conference,,"College Place, Wash.",United States
1920,17,Verah MacPherson,MacPherson,,,,Other Members,,Home Missionary Department,,General Conference,,"Calgary, Alberta, Canada",Canada
1920,17,J. A. Stevens,Stevens,,,male,Other Members,,Home Missionary Department,,General Conference,,"Glendale, Cal.",United States
1920,17,E. F. Hackman,Hackman,,,male,Other Members,,Home Missionary Department,,General Conference,,"Atlanta, Ga.",United States
1920,17,O. R. Staines,Staines,,,male,Other Members,,Home Missionary Department,,General Conference,,"Nashville, Tenn.",United States
1920,17,Geo. Butler,Butler,,,male,Other Members,,Home Missionary Department,,General Conference,,"Oshawa, Ontario, Canada",Canada
1920,17,E. R. Potter,Potter,,,male,Other Members,,Home Missionary Department,,General Conference,,"Oklahoma City, Okla.",United States
1920,17,Ernest Lloyd,Lloyd,,,male,Other Members,,Home Missionary Department,,General Conference,,"Mountain View, Cal.",United States
1920,17,Miss Anna Knight,Knight,Miss,,female,Other Members,,Home Missionary Department,,General Conference,,"Nashville, Tenn.",United States
1920,17,C. K. Meyers,Meyers,,,male,Other Members,,Home Missionary Department,,General Conference,,"Wahroonga, N.S.W., Australia",Australia
1920,18,C. E. Weaks,Weaks,,,male,Field Secretary,Home Missionary Department,General Conference,,General Conference,,"Shanghai, China",Asia
1920,18,A. N. Anderson,Anderson,,,male,Field Secretary,Home Missionary Department,General Conference,,General Conference,,"Tokyo, Japan",Asia
1920,18,J. J. Strahle,Strahle,,,male,Field Secretary,Home Missionary Department,General Conference,,General Conference,,"Manila, Philippine Islands",Asia
1920,18,A. A. Cone,Cone,,,male,Field Secretary,Home Missionary Department,General Conference,,General Conference,,"Buenos Aires, Argentina, South America",South America
1920,18,J. H. McEachern,McEachern,,,male,Field Secretary,Home Missionary Department,General Conference,,General Conference,,"Buenos Aires, Argentina, South America",South America
1920,18,M. Rhode,Rhode,,,male,Field Secretary,Home Missionary Department,General Conference,,General Conference,,"Sao Paulo, Brazil, South America",South America
1920,18,F. C. Varney,Varney,,,male,Field Secretary,Home Missionary Department,General Conference,,General Conference,,"Lima, Peru, South America",South America
1920,18,E. M. Howard,Howard,,,male,Field Secretary,Home Missionary Department,General Conference,,General Conference,,"Kenilworth, Cape, South Africa",Africa
1920,18,Guy Dail,Dail,,,male,Field Secretary,Home Missionary Department,General Conference,,General Conference,,"Bern, Switzerland",Europe
1920,18,F. A. Spearing,Spearing,,,male,Field Secretary,Home Missionary Department,General Conference,,General Conference,,"Watford, Herts, England",Europe
1920,18,Erik Arnesen,Arnesen,,,male,Field Secretary,Home Missionary Department,General Conference,,General Conference,,"Christiania, Norway",Europe
1920,18,A. Vaucher,Vaucher,,,male,Field Secretary,Home Missionary Department,General Conference,,General Conference,,"Paris, France",Europe
1920,18,W. H. Green,Green,,,male,Secretary,,Negro Department,General Conference,General Conference,,"Takoma Park Station, Washington, D. C.",United States
1920,18,J. L. McElhany,McElhany,,,male,Other Members,,Negro Department,General Conference,General Conference,,"Nashville, Tenn.",United States
1920,18,W. H. Heckman,Heckman,,,male,Other Members,,Negro Department,General Conference,General Conference,,"Atlanta, Ga.",United States
1920,18,William Guthrie,Guthrie,,,male,Other Members,,Negro Department,General Conference,General Conference,,"Berrien Springs, Mich.",United States
1920,18,S. E. Wight,Wight,,,male,Other Members,,Negro Department,General Conference,General Conference,,"College View, Nebr.",United States
1920,18,M. Lukens,Lukens,,,male,Other Members,,Negro Department,General Conference,General Conference,,"Oklahoma City, Okla.",United States
1920,18,F. H. Robbins,Robbins,,,male,Other Members,,Negro Department,General Conference,General Conference,,"Takoma Park Station, Washington, D. C.",United States
1920,18,E. K. Slade,Slade,,,male,Other Members,,Negro Department,General Conference,General Conference,,"South Lancaster, Mass.",United States
1920,18,J. K. Humphrey,Humphrey,,,male,Other Members,,Negro Department,General Conference,General Conference,,"New York, N. Y.",United States
1920,18,M. C. Strachan,Strachan,,,male,Other Members,,Negro Department,General Conference,General Conference,,"Baltimore, Md.",United States
1920,18,M. G. Nunes,Nunes,,,male,Other Members,,Negro Department,General Conference,General Conference,,"Oklahoma City, Okla.",United States
1920,18,W. D. Forde,Forde,,,male,Other Members,,Negro Department,General Conference,General Conference,,"Chicago, Ill.",United States
1920,18,U. S. Willis,Willis,,,male,Other Members,,Negro Department,General Conference,General Conference,,"St. Louis, Mo.",United States
1920,18,G. E. Peters,Peters,,,male,Other Members,,Negro Department,General Conference,General Conference,,"Atlanta, Ga.",United States
1920,18,J. H. Lawrence,Lawrence,,,male,Other Members,,Negro Department,General Conference,General Conference,,"Nashville, Tenn.",United States
1920,18,W. L. Burgan,Burgan,,,male,Secretary,,Press Bureau,General Conference,General Conference,,"Canon City, Colo.",United States
1920,18,A. G. Daniells,Daniells,,,male,President,,General Conference Corporation,General Conference,General Conference,General Conference Corporation of Seventh-day Adventists,"Takoma Park Station, Washington, D. C.",United States
1920,18,W. A. Spicer,Spicer,,,male,Secretary,,General Conference Corporation,General Conference,General Conference,General Conference Corporation of Seventh-day Adventists,"Takoma Park Station, Washington, D. C.",United States
1920,18,W. T. Knox,Knox,,,male,Treasurer,,General Conference Corporation,General Conference,General Conference,General Conference Corporation of Seventh-day Adventists,"Takoma Park Station, Washington, D. C.",United States
1920,18,J. L. Shaw,Shaw,,,male,Board of Trustees,,General Conference Corporation,General Conference,General Conference,General Conference Corporation of Seventh-day Adventists,"Takoma Park Station, Washington, D. C.",United States
1920,18,E. E. Andross,Andross,,,male,Board of Trustees,,General Conference Corporation,General Conference,General Conference,General Conference Corporation of Seventh-day Adventists,"Takoma Park Station, Washington, D. C.",United States
1920,18,N. Z. Town,Town,,,male,Board of Trustees,,General Conference Corporation,General Conference,General Conference,General Conference Corporation of Seventh-day Adventists,"Takoma Park Station, Washington, D. C.",United States
1920,18,H. E. Rogers,Rogers,,,male,Board of Trustees,,General Conference Corporation,General Conference,General Conference,General Conference Corporation of Seventh-day Adventists,"Takoma Park Station, Washington, D. C.",United States
1920,18,W. T. Knox,Knox,,,male,Transportation Agent,Also general agent for trans-Atlantic steamship lines,Transportation Agents,General Conference,General Conference,,"Takoma Park Station, Washington, D. C.",United States
1920,18,C. H. Jones,Jones,,,male,Transportation Agent,Also general agent for trans-Pacific steamship lines,Transportation Agents,General Conference,General Conference,,"Mountain View, Cal.",United States
1920,18,A. Bacon,Bacon,,,male,Transportation Agent,,Transportation Agents,General Conference,General Conference,,"London, N., England",Europe
1920,18,A. J. Clark,Clark,,,male,Transportation Agent,,Transportation Agents,General Conference,General Conference,,"Chicago, Ill.",United States
1920,19,W. E. Abernathy,Abernathy,,,male,Committee Member,"169 Bryan St., Atlanta, Ga.",General Conference,,General Conference,,"Atlanta, Ga.",United States
1920,19,G. C. Hoskin,Hoskin,,,male,Committee Member,"719 East Flanders St., Portland, Oreg.",General Conference,,General Conference,,"Portland, Oreg.",United States
1920,19,C. B. Caldwell,Caldwell,,,male,Committee Member,"810 Jackson Ave., New Orleans, La.",General Conference,,General Conference,,"New Orleans, La.",United States
1920,19,H. C. Kephart,Kephart,,,male,Committee Member,"Drawer M, Cristobal, Canal Zone, Panama",General Conference,,General Conference,,"Cristobal, Canal Zone, Panama",Central America
1920,19,E. E. Andross,Andross,,,male,Minister,,General Conference,General Laborers Holding Credentials from the General Conference,General Conference,,"Takoma Park Station, Washington, D. C.",United States
1920,19,J. T. Boettcher,Boettcher,,,male,Minister,,General Conference,General Laborers Holding Credentials from the General Conference,General Conference,,"Clinton, Mo.",United States
1920,19,C. P. Bollman,Bollman,,,male,Minister,,General Conference,General Laborers Holding Credentials from the General Conference,General Conference,,"Takoma Park Station, Washington, D. C.",United States
1920,19,J. E. Bond,Bond,,,male,Minister,,General Conference,General Laborers Holding Credentials from the General Conference,General Conference,,"Phoenix, Ariz.",United States
1920,19,W. H. Branson,Branson,,,male,Minister,,General Conference,General Laborers Holding Credentials from the General Conference,General Conference,,"Rosmead Ave., Kenilworth, Cape, South Africa",Africa
1920,19,P. E. Brodersen,Brodersen,,,male,Minister,,General Conference,General Laborers Holding Credentials from the General Conference,General Conference,,"Chicago, Ill.",United States
1920,19,L. H. Christian,Christian,,,male,Minister,,General Conference,General Laborers Holding Credentials from the General Conference,General Conference,,"Copenhagen, V., Denmark",Scandinavia
1920,19,H. K. Christman,Christman,,,male,Minister,,General Conference,General Laborers Holding Credentials from the General Conference,General Conference,,"Takoma Park Station, Washington, D. C.",United States
1920,19,L. R. Conradi,Conradi,,,male,Minister,,General Conference,General Laborers Holding Credentials from the General Conference,General Conference,,"Hamburg, Germany",Europe
1920,19,E. A. Curdy,Curdy,,,male,Minister,,General Conference,General Laborers Holding Credentials from the General Conference,General Conference,,"Hickory, N. C.",United States
1920,19,Guy Dail,Dail,,,male,Minister,,General Conference,General Laborers Holding Credentials from the General Conference,General Conference,,"Bern, Switzerland",Europe
1920,19,A. G. Daniells,Daniells,,,male,Minister,,General Conference,General Laborers Holding Credentials from the General Conference,General Conference,,"Takoma Park Station, Washington, D. C.",United States
1920,19,W. W. Eastman,Eastman,,,male,Minister,,General Conference,General Laborers Holding Credentials from the General Conference,General Conference,,"Takoma Park Station, Washington, D. C.",United States
1920,19,I. H. Evans,Evans,,,male,Minister,,General Conference,General Laborers Holding Credentials from the General Conference,General Conference,,"Shanghai, China",Asia
1920,19,J. E. Fulton,Fulton,,,male,Minister,,General Conference,General Laborers Holding Credentials from the General Conference,General Conference,,"Lucknow, India",Asia
1920,19,F. C. Gilbert,Gilbert,,,male,Minister,,General Conference,General Laborers Holding Credentials from the General Conference,General Conference,,"South Lancaster, Mass.",United States
1920,19,W. H. Green,Green,,,male,Minister,,General Conference,General Laborers Holding Credentials from the General Conference,General Conference,,"Takoma Park Station, Washington, D. C.",United States
1920,19,L. A. Hansen,Hansen,,,male,Minister,,General Conference,General Laborers Holding Credentials from the General Conference,General Conference,,"Takoma Park Station, Washington, D. C.",United States
1920,19,S. N. Haskell,Haskell,,,male,Minister,,General Conference,General Laborers Holding Credentials from the General Conference,General Conference,,"South Lancaster, Mass.",United States
1920,19,W. E. Howell,Howell,,,male,Minister,,General Conference,General Laborers Holding Credentials from the General Conference,General Conference,,"Takoma Park Station, Washington, D. C.",United States
1920,19,J. S. James,James,,,male,Minister,,General Conference,General Laborers Holding Credentials from the General Conference,General Conference,,"Takoma Park Station, Washington, D. C.",United States
1920,19,M. E. Kern,Kern,,,male,Minister,,General Conference,General Laborers Holding Credentials from the General Conference,General Conference,,"Takoma Park Station, Washington, D. C.",United States
1920,19,W. T. Knox,Knox,,,male,Minister,,General Conference,General Laborers Holding Credentials from the General Conference,General Conference,,"Takoma Park Station, Washington, D. C.",United States
1920,19,C. V. Leach,Leach,,,male,Minister,,General Conference,General Laborers Holding Credentials from the General Conference,General Conference,,"Takoma Park Station, Washington, D. C.",United States
1920,19,C. C. Lewis,Lewis,,,male,Minister,,General Conference,General Laborers Holding Credentials from the General Conference,General Conference,,"Takoma Park Station, Washington, D. C.",United States
1920,19,C. S. Longacre,Longacre,,,male,Minister,,General Conference,General Laborers Holding Credentials from the General Conference,General Conference,,"Takoma Park Station, Washington, D. C.",United States
1920,19,J. N. Loughborough,Loughborough,,,male,Minister,,General Conference,General Laborers Holding Credentials from the General Conference,General Conference,,"Sanitarium, Cal.",United States
1920,19,Meade MacGuire,MacGuire,,,male,Minister,,General Conference,General Laborers Holding Credentials from the General Conference,General Conference,,"Glendale, Cal.",United States
1920,19,W. F. Martin,Martin,,,male,Minister,,General Conference,General Laborers Holding Credentials from the General Conference,General Conference,,"Glendale, Cal.",United States
1920,19,E. L. Maxwell,Maxwell,,,male,Minister,,General Conference,General Laborers Holding Credentials from the General Conference,General Conference,,"Loma Linda, Cal.",United States
1920,19,J. H. McEachern,McEachern,,,male,Minister,,General Conference,General Laborers Holding Credentials from the General Conference,General Conference,,"Buenos Aires, Argentina, South America",South America
1920,19,H. W. Miller,Miller,,,male,Minister,,General Conference,General Laborers Holding Credentials from the General Conference,General Conference,,"Takoma Park Station, Washington, D. C.",United States
1920,19,O. Montgomery,Montgomery,,,male,Minister,,General Conference,General Laborers Holding Credentials from the General Conference,General Conference,,"Florida, F. C.",South America
1920,19,Allen Moon,Moon,,,male,Minister,,General Conference,General Laborers Holding Credentials from the General Conference,General Conference,,"Gaston, Oreg.",United States
1920,19,G. E. Nord,Nord,,,male,Minister,,General Conference,General Laborers Holding Credentials from the General Conference,General Conference,,"Chicago, Ill.",United States
1920,19,E. R. Palmer,Palmer,,,male,Minister,,General Conference,General Laborers Holding Credentials from the General Conference,General Conference,,"Takoma Park Station, Washington, D. C.",United States
1920,19,W. W. Prescott,Prescott,,,male,Minister,,General Conference,General Laborers Holding Credentials from the General Conference,General Conference,,"Takoma Park Station, Washington, D. C.",United States
1920,19,V. O. Punches,Punches,,,male,Minister,,General Conference,General Laborers Holding Credentials from the General Conference,General Conference,,"Mt. Vernon, Ohio",United States
1920,19,R. D. Quinn,Quinn,,,male,Minister,,General Conference,General Laborers Holding Credentials from the General Conference,General Conference,,"Takoma Park Station, Washington, D. C.",United States
1920,19,Steen Rasmussen,Rasmussen,,,male,Minister,,General Conference,General Laborers Holding Credentials from the General Conference,General Conference,,"Copenhagen, V., Denmark",Scandinavia
1920,19,J. H. Schilling,Schilling,,,male,Minister,,General Conference,General Laborers Holding Credentials from the General Conference,General Conference,,"Chicago, Ill.",United States
1920,19,J. L. Shaw,Shaw,,,male,Minister,,General Conference,General Laborers Holding Credentials from the General Conference,General Conference,,"Takoma Park Station, Washington, D. C.",United States
1920,19,J. F. Simon,Simon,,,male,Minister,,General Conference,General Laborers Holding Credentials from the General Conference,General Conference,,"Clinton, Mo.",United States
1920,19,J. H. Smith,Smith,,,male,Minister,,General Conference,General Laborers Holding Credentials from the General Conference,General Conference,,"Nassau, Bahamas",Central America
1920,19,W. A. Spicer,Spicer,,,male,Minister,,General Conference,General Laborers Holding Credentials from the General Conference,General Conference,,"Takoma Park Station, Washington, D. C.",United States
1920,20,A. O. Tait,Tait,,,male,Member,,General Conference,,General Conference,,"Mountain View, Cal.",United States
1920,20,Chas. Thompson,Thompson,,,male,Member,,General Conference,,General Conference,,"Takoma Park Station, Washington, D. C.",United States
1920,20,G. B. Thompson,Thompson,,,male,Member,,General Conference,,General Conference,,Takoma Park,United States
1920,20,N. Z. Town,Town,,,male,Member,,General Conference,,General Conference,,"Takoma Park Station, Washington, D. C.",United States
1920,20,W. C. White,White,,,male,Member,,General Conference,,General Conference,,"St. Helena, Cal.",United States
1920,20,F. M. Wilcox,Wilcox,,,male,Member,,General Conference,,General Conference,,"Takoma Park Station, Washington, D. C.",United States
1920,20,M. C. Wilcox,Wilcox,,,male,Member,,General Conference,,General Conference,,"Mountain View, Cal.",United States
1920,20,T. E. Bowen,Bowen,,,male,Licentiate,,General Conference,,General Conference,,"Takoma Park Station, Washington, D. C.",United States
1920,20,W. L. Burgan,Burgan,,,male,Licentiate,,General Conference,,General Conference,,"Canon City, Colo.",United States
1920,20,L. L. Caviness,Caviness,,,male,Licentiate,,General Conference,,General Conference,,"Takoma Park Station, Washington, D. C.",United States
1920,20,Clemen Hamer,Hamer,,,,Licentiate,,General Conference,,General Conference,,"Takoma Park Station, Washington, D. C.",United States
1920,20,G. F. Furnival,Furnival,,,male,Licentiate,,General Conference,,General Conference,,"184 Pacific St., Bridgeport, Conn.",United States
1920,20,O. M. John,John,,,male,Licentiate,,General Conference,,General Conference,,"Takoma Park Station, Washington, D. C.",United States
1920,20,Mrs. F. D. Chase,Chase,Mrs.,,female,Missionary Licentiate,,General Conference,,General Conference,,"Takoma Park, Washington, D. C.",United States
1920,20,H. H. Cobban,Cobban,,,male,Missionary Licentiate,,General Conference,,General Conference,,"Takoma Park Station, Washington, D. C.",United States
1920,20,Matilda Erickson,Erickson,,,female,Missionary Licentiate,,General Conference,,General Conference,,"Takoma Park, Washington, D. C.",United States
1920,20,Rosamond D. Ginther,Ginther,,,female,Missionary Licentiate,,General Conference,,General Conference,,"Takoma Park Station, Washington, D. C.",United States
1920,20,J. J. Ireland,Ireland,,,male,Missionary Licentiate,,General Conference,,General Conference,,"Takoma Park Station, Washington, D. C.",United States
1920,20,Sara MacEnterfer,MacEnterfer,,,female,Missionary Licentiate,,General Conference,,General Conference,,"Sanitarium, Cal.",United States
1920,20,S. E. McNeill,McNeill,,,,Missionary Licentiate,,General Conference,,General Conference,,"Takoma Park Station, Washington, D. C.",United States
1920,20,Mrs. L. Flora Plummer,Plummer,Mrs.,,female,Missionary Licentiate,,General Conference,,General Conference,,"Takoma Park Station, Washington, D. C.",United States
1920,20,H. E. Rogers,Rogers,,,male,Missionary Licentiate,,General Conference,,General Conference,,"Takoma Park Station, Washington, D. C.",United States
1920,21,E. K. Slade,Slade,,,male,President,,Atlantic Union Conference,,Atlantic Union,,"South Lancaster, Mass.",United States
1920,21,C. L. Kilgore,Kilgore,,,male,"Secretary, Treasurer, and Auditor",,Atlantic Union Conference,,Atlantic Union,,"South Lancaster, Mass.",United States
1920,21,E. K. Slade,Slade,,,male,Executive Committee Member,,Atlantic Union Conference,,Atlantic Union,,"South Lancaster, Mass.",United States
1920,21,C. L. Kilgore,Kilgore,,,male,Executive Committee Member,,Atlantic Union Conference,,Atlantic Union,,"South Lancaster, Mass.",United States
1920,21,W. E. Bliss,Bliss,,M. D.,male,Executive Committee Member,,Atlantic Union Conference,,Atlantic Union,,"South Lancaster, Mass.",United States
1920,21,E. E. Franklin,Franklin,,,male,Executive Committee Member,,Atlantic Union Conference,,Atlantic Union,,"South Lancaster, Mass.",United States
1920,21,F. C. Gilbert,Gilbert,,,male,Executive Committee Member,,Atlantic Union Conference,,Atlantic Union,,"South Lancaster, Mass.",United States
1920,21,P. L. Thompson,Thompson,,,male,Executive Committee Member,,Atlantic Union Conference,,Atlantic Union,,"South Lancaster, Mass.",United States
1920,21,J. K. Humphrey,Humphrey,,,male,Executive Committee Member,,Atlantic Union Conference,,Atlantic Union,,"South Lancaster, Mass.",United States
1920,21,M. E. Olsen,Olsen,,,male,Executive Committee Member,,Atlantic Union Conference,,Atlantic Union,,"South Lancaster, Mass.",United States
1920,21,L. O. Machlan,Machlan,,,male,Executive Committee Member,,Atlantic Union Conference,,Atlantic Union,,"South Lancaster, Mass.",United States
1920,21,W. A. Butler,Butler,,,male,Executive Committee Member,,Atlantic Union Conference,,Atlantic Union,,"South Lancaster, Mass.",United States
1920,21,D. H. Kress,Kress,,M. D.,male,Executive Committee Member,,Atlantic Union Conference,,Atlantic Union,,"South Lancaster, Mass.",United States
1920,21,E. K. Slade,Slade,,,male,President,Atlantic Union Conference Association of S. D. A.,Atlantic Union Conference Association of S. D. A.,,Atlantic Union,,"South Lancaster, Mass.",United States
1920,21,C. L. Kilgore,Kilgore,,,male,Secretary and Treasurer,Atlantic Union Conference Association of S. D. A.,Atlantic Union Conference Association of S. D. A.,,Atlantic Union,,"South Lancaster, Mass.",United States
1920,21,D. A. Bailey,Bailey,,,male,Manager,Union Book Depository,New York Branch of Review and Herald Pub. Assn.,,Atlantic Union,New York Branch of Review and Herald Pub. Assn.,"New York, N. Y.",United States
1920,21,E. E. Franklin,Franklin,,,male,Union Field Missionary Secretary,,Atlantic Union Conference,,Atlantic Union,,"South Lancaster, Mass.",United States
1920,21,L. O. Machlan,Machlan,,,male,Secretary,Educational Dept.,Atlantic Union Conference,,Atlantic Union,,"South Lancaster, Mass.",United States
1920,21,W. E. Bliss,Bliss,,M. D.,male,Secretary,Medical Missionary Dept.,Atlantic Union Conference,,Atlantic Union,,"South Lancaster, Mass.",United States
1920,21,P. L. Thompson,Thompson,,,male,Secretary,Young People's Dept.,Atlantic Union Conference,,Atlantic Union,,"South Lancaster, Mass.",United States
1920,21,W. A. Butler,Butler,,,male,Secretary,Home Missionary Dept.,Atlantic Union Conference,,Atlantic Union,,"South Lancaster, Mass.",United States
1920,21,J. K. Humphrey,Humphrey,,,male,Secretary,Negro Representative,Atlantic Union Conference,,Atlantic Union,,"New York, N. Y.",United States
1920,21,E. K. Slade,Slade,,,male,Minister,,Atlantic Union Conference,,Atlantic Union,,"South Lancaster, Mass.",United States
1920,21,M. E. Olsen,Olsen,,,male,Minister,,Atlantic Union Conference,,Atlantic Union,,"South Lancaster, Mass.",United States
1920,21,H. S. Prenier,Prenier,,,male,Minister,,Atlantic Union Conference,,Atlantic Union,,"South Lancaster, Mass.",United States
1920,21,D. H. Kress,Kress,,M. D.,male,Minister,,Atlantic Union Conference,,Atlantic Union,,"Takoma Park Station, Washington, D. C.",United States
1920,21,W. A. Ruble,Ruble,,,male,Minister,,Atlantic Union Conference,,Atlantic Union,,"Melrose, Mass.",United States
1920,21,W. A. Butler,Butler,,,male,Minister,,Atlantic Union Conference,,Atlantic Union,,"South Lancaster, Mass.",United States
1920,21,P. F. Bicknell,Bicknell,,,male,Honorary Ministerial Credentials,,Atlantic Union Conference,,Atlantic Union,,"Worcester, Mass.",United States
1920,21,S. J. Hersum,Hersum,,,male,Honorary Ministerial Credentials,,Atlantic Union Conference,,Atlantic Union,,"Gorham, Me.",United States
1920,21,P. B. Osborne,Osborne,,,male,Honorary Ministerial Credentials,,Atlantic Union Conference,,Atlantic Union,,"Fairfield, Me.",United States
1920,21,J. W. Raymond,Raymond,,,male,Honorary Ministerial Credentials,,Atlantic Union Conference,,Atlantic Union,,"Buffalo, N. Y.",United States
1920,21,D. G. Turk,Turk,,,male,Honorary Ministerial Credentials,,Atlantic Union Conference,,Atlantic Union,,"Johnson City, N. Y.",United States
1920,21,C. Meleen,Meleen,,,male,Honorary Ministerial Credentials,,Atlantic Union Conference,,Atlantic Union,,"Stockholm, Me.",United States
1920,21,S. B. Whitney,Whitney,,,male,Honorary Ministerial Credentials,,Atlantic Union Conference,,Atlantic Union,,"Keene, N. Y.",United States
1920,21,C. J. Coon,Coon,,,male,Honorary Ministerial Credentials,,Atlantic Union Conference,,Atlantic Union,,"Lincklean Center, N. Y.",United States
1920,21,L. O. Machlan,Machlan,,,male,Licentiate,,Atlantic Union Conference,,Atlantic Union,,"South Lancaster, Mass.",United States
1920,21,C. A. Shull,Shull,,,male,Licentiate,,Atlantic Union Conference,,Atlantic Union,,"South Lancaster, Mass.",United States
1920,21,E. C. Rowell,Rowell,,,male,Licentiate,,Atlantic Union Conference,,Atlantic Union,,"Hamilton, Bermuda",United States
1920,21,Winifred P. Rowell,Rowell,,,female,Licentiate,,Atlantic Union Conference,,Atlantic Union,,"Hamilton, Bermuda",United States
1920,21,E. E. Franklin,Franklin,,,male,Licentiate,,Atlantic Union Conference,,Atlantic Union,,"South Lancaster, Mass.",United States
1920,21,J. A. L. Derby,Derby,,,male,Licentiate,,Atlantic Union Conference,,Atlantic Union,,"South Lancaster, Mass.",United States
1920,21,G. R. Lehman,Lehman,,,male,Licentiate,,Atlantic Union Conference,,Atlantic Union,,"South Lancaster, Mass.",United States
1920,22,W. E. Bliss,Bliss,Dr.,,male,Ministerial Credential Holder,"care New England Sanitarium, Melrose, Mass.",New England Conference,Atlantic Union Conference,New England,New England Sanitarium,"Melrose, Mass.",United States
1920,22,E. B. Carr,Carr,Dr.,,male,Ministerial Credential Holder,care New England,New England Conference,Atlantic Union Conference,New England,,,United States
1920,22,G. H. Winslow,Winslow,,,male,Ministerial Credential Holder,,New England Conference,Atlantic Union Conference,New England,,"Westfield, Me.",United States
1920,22,P. L. Thompson,Thompson,,,male,Ministerial Credential Holder,,New England Conference,Atlantic Union Conference,New England,,"South Lancaster, Mass.",United States
1920,22,C. L. Kilgore,Kilgore,,,male,Missionary Licentiate,,New England Conference,Atlantic Union Conference,New England,,"South Lancaster, Mass.",United States
1920,22,Pearl L. Rees,Rees,Miss,,female,Missionary Licentiate,,New England Conference,Atlantic Union Conference,New England,,"South Lancaster, Mass.",United States
1920,22,J. L. Johnson,Johnson,,,male,Missionary Licentiate,,New England Conference,Atlantic Union Conference,New England,,"New York, N. Y.",United States
1920,22,Lenora Lacey,Lacey,Miss,,female,Missionary Licentiate,care New England Sanitarium,New England Conference,Atlantic Union Conference,New England,New England Sanitarium,"Melrose, Mass.",United States
1920,22,Mrs. C. L. Kilgore,Kilgore,Mrs.,,female,Missionary Licentiate,,New England Conference,Atlantic Union Conference,New England,,"South Lancaster, Mass.",United States
1920,22,Clara Schunk,Schunk,,M. D.,female,Missionary Licentiate,care New England Sanitarium,New England Conference,Atlantic Union Conference,New England,New England Sanitarium,"Melrose, Mass.",United States
1920,22,W. M. Vehorn,Vehorn,,,male,Missionary Licentiate,,New England Conference,Atlantic Union Conference,New England,,"South Lancaster, Mass.",United States
1920,22,B. B. Ross,Ross,,,male,Missionary Licentiate,,New England Conference,Atlantic Union Conference,New England,,"South Lancaster, Mass.",United States
1920,22,Rowena E. Purdon,Purdon,,,female,Missionary Licentiate,,New England Conference,Atlantic Union Conference,New England,,"South Lancaster, Mass.",United States
1920,22,Mrs. E. F. Forga,Forga,Mrs.,,female,Missionary Licentiate,care New England Sanitarium,New England Conference,Atlantic Union Conference,New England,New England Sanitarium,"Melrose, Mass.",United States
1920,22,Elizabeth Stone,Stone,Miss,,female,Missionary Licentiate,care New England Sanitarium,New England Conference,Atlantic Union Conference,New England,New England Sanitarium,"Melrose, Mass.",United States
1920,22,Olive D. Osborne,Osborne,Miss,,female,Missionary Licentiate,,New England Conference,Atlantic Union Conference,New England,,"South Lancaster, Mass.",United States
1920,22,Mrs. J. C. Hennessy,Hennessy,Mrs.,,female,Honorary Missionary Credentials,,New England Conference,Atlantic Union Conference,New England,,"New York, N. Y.",United States
1920,22,Ellery Robinson,Robinson,,,male,Honorary Missionary Credentials,,New England Conference,Atlantic Union Conference,New England,,"Saylesville, R. I.",United States
1920,22,C. E. Palmer,Palmer,,,male,Honorary Missionary Credentials,,New England Conference,Atlantic Union Conference,New England,,"Everett, Mass.",United States
1920,22,Mrs. M. A. Scribner,Scribner,Mrs.,,female,Honorary Missionary Credentials,,New England Conference,Atlantic Union Conference,New England,,"Burlington, Vt.",United States
1920,22,H. C. Wilcox,Wilcox,,,male,Honorary Missionary Credentials,,New England Conference,Atlantic Union Conference,New England,,"Hartford, Conn.",United States
1920,22,W. A. Wilcox,Wilcox,,,male,Honorary Missionary Credentials,,New England Conference,Atlantic Union Conference,New England,,"Lincklaen Center, N. Y.",United States
1920,22,Mrs. M. A. Wheeler,Wheeler,Mrs.,,female,Honorary Missionary Credentials,,New England Conference,Atlantic Union Conference,New England,,"South Lancaster, Mass.",United States
1920,22,Jennie Thayer,Thayer,,,female,Honorary Missionary Credentials,,New England Conference,Atlantic Union Conference,New England,,"South Lancaster, Mass.",United States
1920,22,Florence L. Boyle,Boyle,,,female,Honorary Missionary Credentials,,New England Conference,Atlantic Union Conference,New England,,"Melrose, Mass.",United States
1920,22,H. C. Hartwell,Hartwell,,,male,President,,Eastern New York Conference,Atlantic Union Conference,Eastern New York,,"Utica, N. Y.",United States
1920,22,J. E. Osterblom,Osterblom,,,male,Secretary and Treasurer,,Eastern New York Conference,Atlantic Union Conference,Eastern New York,,"Utica, N. Y.",United States
1920,22,G. H. Rogers,Rogers,,,male,Executive Committee Member,,Eastern New York Conference,Atlantic Union Conference,Eastern New York,,"Utica, N. Y.",United States
1920,22,W. A. Wilcox,Wilcox,,,male,Executive Committee Member,,Eastern New York Conference,Atlantic Union Conference,Eastern New York,,"Utica, N. Y.",United States
1920,22,C. J. Coon,Coon,,,male,Executive Committee Member,,Eastern New York Conference,Atlantic Union Conference,Eastern New York,,"Utica, N. Y.",United States
1920,22,A. M. Howeth,Howeth,,,male,Executive Committee Member,,Eastern New York Conference,Atlantic Union Conference,Eastern New York,,"Utica, N. Y.",United States
1920,22,H. A. Vandeman,Vandeman,,,male,Executive Committee Member,,Eastern New York Conference,Atlantic Union Conference,Eastern New York,,"Utica, N. Y.",United States
1920,22,O. C. Weller,Weller,,,male,Field Missionary Secretary,,Eastern New York Conference,Atlantic Union Conference,Eastern New York,,"Utica, N. Y.",United States
1920,22,Mrs. H. C. Hartwell,Hartwell,Mrs.,,female,"Secretary, Sabbath School Department; Superintendent, Educational Department; Secretary, Young People's Department",,Eastern New York Conference,Atlantic Union Conference,Eastern New York,,"Utica, N. Y.",United States
1920,23,H. C. Hartwell,Hartwell,,,male,Minister,"317 West Bloomfield St., Rome N. Y.",Eastern New York Conference,Atlantic Union Conference,Eastern New York,,"Rome, N. Y.",United States
1920,23,H. A. Vandeman,Vandeman,,,male,Minister,"156 South Knox St., Albany, N. Y.",Eastern New York Conference,Atlantic Union Conference,Eastern New York,,"Albany, N. Y.",United States
1920,23,Joseph Schnetzler,Schnetzler,,,male,Licentiate,"277 South St., Utica, N. Y.",Eastern New York Conference,Atlantic Union Conference,Eastern New York,,"Utica, N. Y.",United States
1920,23,L. H. King,King,,,male,Licentiate,"225 Emma St., Syracuse, N. Y.",Eastern New York Conference,Atlantic Union Conference,Eastern New York,,"Syracuse, N. Y.",United States
1920,23,J. C. Oswald,Oswald,,,male,Licentiate,"4 Tremont St., Binghamton, N. Y.",Eastern New York Conference,Atlantic Union Conference,Eastern New York,,"Binghamton, N. Y.",United States
1920,23,Harold Snide,Snide,,,male,Licentiate,"Box 434, Saranac Lake, N. Y.",Eastern New York Conference,Atlantic Union Conference,Eastern New York,,"Saranac Lake, N. Y.",United States
1920,23,Miss Theresa Hacker,Hacker,Miss,,female,Missionary Licentiate,"113 Hillsdale Ave., Eastwood Station, Syracuse, N. Y.",Eastern New York Conference,Atlantic Union Conference,Eastern New York,,"Syracuse, N. Y.",United States
1920,23,Mrs. J. Schnetzler,Schnetzler,Mrs.,,female,Missionary Licentiate,"277 South St., Utica, N. Y.",Eastern New York Conference,Atlantic Union Conference,Eastern New York,,"Utica, N. Y.",United States
1920,23,Mrs. H. C. Hartwell,Hartwell,Mrs.,,female,Missionary Licentiate,"317 West Bloomfield St., Rome, N. Y.",Eastern New York Conference,Atlantic Union Conference,Eastern New York,,"Rome, N. Y.",United States
1920,23,Miss Beatrice Fultz,Fultz,Miss,,female,Missionary Licentiate,"296 Madison St., Albany, N. Y.",Eastern New York Conference,Atlantic Union Conference,Eastern New York,,"Albany, N. Y.",United States
1920,23,O. C. Weller,Weller,,,male,Missionary Licentiate,"211 East Thomas St., Rome, N. Y.",Eastern New York Conference,Atlantic Union Conference,Eastern New York,,"Rome, N. Y.",United States
1920,23,J. E. Osterblom,Osterblom,,,male,Missionary Licentiate,"Room 6, Mann Bldg., Utica, N. Y.",Eastern New York Conference,Atlantic Union Conference,Eastern New York,,"Utica, N. Y.",United States
1920,23,Miss Ella Osborn,Osborn,Miss,,female,Church School Teacher,"S. D. A. Church, Swan and Jay Sts., Albany N. Y.",Eastern New York Conference,Atlantic Union Conference,Eastern New York,,"Albany, N. Y.",United States
1920,23,Mrs. Ethel Roberts,Roberts,Mrs.,,female,Church School Teacher,"970 Cortland Ave., Syracuse, N. Y.",Eastern New York Conference,Atlantic Union Conference,Eastern New York,,"Syracuse, N. Y.",United States
1920,23,Miss Sarah Fuller,Fuller,Miss,,female,Church School Teacher,"Oxford, N. Y.",Eastern New York Conference,Atlantic Union Conference,Eastern New York,,"Oxford, N. Y.",United States
1920,23,Miss Florence Hoxie,Hoxie,Miss,,female,Church School Teacher,"Blossvale, N. Y.",Eastern New York Conference,Atlantic Union Conference,Eastern New York,,"Blossvale, N. Y.",United States
1920,23,Miss Clara Fuller,Fuller,Miss,,female,Church School Teacher,"211 East Thomas St., Rome, N. Y.",Eastern New York Conference,Atlantic Union Conference,Eastern New York,,"Rome, N. Y.",United States
1920,23,Mrs. Lea Saunders,Saunders,Mrs.,,female,Church School Teacher,"Lincklaen, N. Y.",Eastern New York Conference,Atlantic Union Conference,Eastern New York,,"Lincklaen, N. Y.",United States
1920,23,Miss Lena Taylor,Taylor,Miss,,female,Church School Teacher,"Leonardsville, N. Y.",Eastern New York Conference,Atlantic Union Conference,Eastern New York,,"Leonardsville, N. Y.",United States
1920,23,J. E. Jayne,Jayne,,,male,President,,Greater New York Conference,Atlantic Union Conference,Greater New York,,"New York, N. Y.",United States
1920,23,N. C. VanHorn,VanHorn,,,male,Secretary and Treasurer,,Greater New York Conference,Atlantic Union Conference,Greater New York,,"New York, N. Y.",United States
1920,23,W. R. Andrews,Andrews,,,male,Executive Committee Member,,Greater New York Conference,Atlantic Union Conference,Greater New York,,"New York, N. Y.",United States
1920,23,Louis Halsvick,Halsvick,,,male,Executive Committee Member,,Greater New York Conference,Atlantic Union Conference,Greater New York,,"New York, N. Y.",United States
1920,23,C. B. Haynes,Haynes,,,male,Executive Committee Member,,Greater New York Conference,Atlantic Union Conference,Greater New York,,"New York, N. Y.",United States
1920,23,J. F. Huenergardt,Huenergardt,,,male,Executive Committee Member,,Greater New York Conference,Atlantic Union Conference,Greater New York,,"New York, N. Y.",United States
1920,23,J. K. Humphrey,Humphrey,,,male,Executive Committee Member,,Greater New York Conference,Atlantic Union Conference,Greater New York,,"New York, N. Y.",United States
1920,23,B. E. Miller,Miller,,,male,Executive Committee Member,,Greater New York Conference,Atlantic Union Conference,Greater New York,,"New York, N. Y.",United States
1920,23,J. C. Stevens,Stevens,,,male,Executive Committee Member,,Greater New York Conference,Atlantic Union Conference,Greater New York,,"New York, N. Y.",United States
1920,23,Carl Svenson,Svenson,,,male,Executive Committee Member,,Greater New York Conference,Atlantic Union Conference,Greater New York,,"New York, N. Y.",United States
1920,23,D. N. Wall,Wall,,,male,Executive Committee Member,,Greater New York Conference,Atlantic Union Conference,Greater New York,,"New York, N. Y.",United States
1920,23,W. E. Perrin,Perrin,,,male,Executive Committee Member,,Greater New York Conference,Atlantic Union Conference,Greater New York,,"New York, N. Y.",United States
1920,23,Louis Klebahn,Klebahn,,,male,Executive Committee Member,,Greater New York Conference,Atlantic Union Conference,Greater New York,,"New York, N. Y.",United States
1920,23,C. H. Hutchins,Hutchins,,,male,Executive Committee Member,,Greater New York Conference,Atlantic Union Conference,Greater New York,,"New York, N. Y.",United States
1920,23,J. E. Jayne,Jayne,,,male,President,Legal Association,Greater New York Corporation of Seventh-day Adventists,Atlantic Union Conference,Greater New York,Greater New York Corporation of Seventh-day Adventists,"New York, N. Y.",United States
1920,23,W. E. Perrin,Perrin,,,male,Secretary and Treasurer,Legal Association,Greater New York Corporation of Seventh-day Adventists,Atlantic Union Conference,Greater New York,Greater New York Corporation of Seventh-day Adventists,"New York, N. Y.",United States
1920,23,J. E. Jayne,Jayne,,,male,Trustee,Legal Association,Greater New York Corporation of Seventh-day Adventists,Atlantic Union Conference,Greater New York,Greater New York Corporation of Seventh-day Adventists,"New York, N. Y.",United States
1920,23,J. C. Stevens,Stevens,,,male,Trustee,Legal Association,Greater New York Corporation of Seventh-day Adventists,Atlantic Union Conference,Greater New York,Greater New York Corporation of Seventh-day Adventists,"New York, N. Y.",United States
1920,23,B. E. Miller,Miller,,,male,Trustee,Legal Association,Greater New York Corporation of Seventh-day Adventists,Atlantic Union Conference,Greater New York,Greater New York Corporation of Seventh-day Adventists,"New York, N. Y.",United States
1920,23,D. N. Wall,Wall,,,male,Trustee,Legal Association,Greater New York Corporation of Seventh-day Adventists,Atlantic Union Conference,Greater New York,Greater New York Corporation of Seventh-day Adventists,"New York, N. Y.",United States
1920,23,J. K. Humphrey,Humphrey,,,male,Trustee,Legal Association,Greater New York Corporation of Seventh-day Adventists,Atlantic Union Conference,Greater New York,Greater New York Corporation of Seventh-day Adventists,"New York, N. Y.",United States
1920,23,W. E. Perrin,Perrin,,,male,Trustee,Legal Association,Greater New York Corporation of Seventh-day Adventists,Atlantic Union Conference,Greater New York,Greater New York Corporation of Seventh-day Adventists,"New York, N. Y.",United States
1920,23,N. C. VanHorn,VanHorn,,,male,Trustee,Legal Association,Greater New York Corporation of Seventh-day Adventists,Atlantic Union Conference,Greater New York,Greater New York Corporation of Seventh-day Adventists,"New York, N. Y.",United States
1920,23,L. Klebahn,Klebahn,,,male,Trustee,Legal Association,Greater New York Corporation of Seventh-day Adventists,Atlantic Union Conference,Greater New York,Greater New York Corporation of Seventh-day Adventists,"New York, N. Y.",United States
1920,23,N. C. VanHorn,VanHorn,,,male,Secretary and Treasurer,Tract Society,Greater New York Conference,Atlantic Union Conference,Greater New York,,"New York, N. Y.",United States
1920,23,F. D. Wells,Wells,,,male,Field Missionary Secretary,Tract Society,Greater New York Conference,Atlantic Union Conference,Greater New York,,"New York, N. Y.",United States
1920,23,W. R. Andrews,Andrews,,,male,Home Missionary Secretary,Tract Society,Greater New York Conference,Atlantic Union Conference,Greater New York,,"New York, N. Y.",United States
1920,23,Mrs. J. E. Jayne,Jayne,Mrs.,,female,Secretary,Sabbath School Department,Greater New York Conference,Atlantic Union Conference,Greater New York,,"New York, N. Y.",United States
1920,24,J. E. Jayne,Jayne,,,male,Superintendent,Educational Dept.,Greater New York Conference,Atlantic Union Conference,Greater New York,,"New York, N. Y.",United States
1920,24,B. B. Kinne,Kinne,,M. D.,male,Secretary,Medical Missionary Dept.,Greater New York Conference,Atlantic Union Conference,Greater New York,,"Middletown, N. Y.",United States
1920,24,J. E. Jayne,Jayne,,,male,Secretary,Religious Liberty Dept.,Greater New York Conference,Atlantic Union Conference,Greater New York,,"New York, N. Y.",United States
1920,24,Mrs. J. E. Jayne,Jayne,Mrs.,,female,Secretary,Young People's Dept.,Greater New York Conference,Atlantic Union Conference,Greater New York,,"New York, N. Y.",United States
1920,24,J. E. Jayne,Jayne,,,male,Minister,,Greater New York Conference,Atlantic Union Conference,Greater New York,,"New York, N. Y.",United States
1920,24,C. B. Haynes,Haynes,,,male,Minister,,Greater New York Conference,Atlantic Union Conference,Greater New York,,"New York, N. Y.",United States
1920,24,J. K. Humphrey,Humphrey,,,male,Minister,,Greater New York Conference,Atlantic Union Conference,Greater New York,,"New York, N. Y.",United States
1920,24,W. R. Andrews,Andrews,,,male,Minister,,Greater New York Conference,Atlantic Union Conference,Greater New York,,"New York, N. Y.",United States
1920,24,D. N. Wall,Wall,,,male,Minister,,Greater New York Conference,Atlantic Union Conference,Greater New York,,"New York, N. Y.",United States
1920,24,J. F. Huenergardt,Huenergardt,,,male,Minister,,Greater New York Conference,Atlantic Union Conference,Greater New York,,"New York, N. Y.",United States
1920,24,B. E. Miller,Miller,,,male,Minister,,Greater New York Conference,Atlantic Union Conference,Greater New York,,"Brooklyn, N. Y.",United States
1920,24,J. C. Stevens,Stevens,,,male,Minister,,Greater New York Conference,Atlantic Union Conference,Greater New York,,"Brooklyn, N. Y.",United States
1920,24,L. Halsvick,Halsvick,,,male,Minister,,Greater New York Conference,Atlantic Union Conference,Greater New York,,"Brooklyn, N. Y.",United States
1920,24,Carl Svenson,Svenson,,,male,Minister,,Greater New York Conference,Atlantic Union Conference,Greater New York,,"Brooklyn, N. Y.",United States
1920,24,F. D. Wells,Wells,,,male,Licentiate,,Greater New York Conference,Atlantic Union Conference,Greater New York,,"Brooklyn, N. Y.",United States
1920,24,Anton Baybarz,Baybarz,,,male,Licentiate,,Greater New York Conference,Atlantic Union Conference,Greater New York,,"New York, N. Y.",United States
1920,24,Charles Griffiths,Griffiths,,,male,Licentiate,,Greater New York Conference,Atlantic Union Conference,Greater New York,,,United States
1920,24,Oscar Olson,Olson,,,male,Licentiate,,Greater New York Conference,Atlantic Union Conference,Greater New York,,,United States
1920,24,J. Sansonetti,Sansonetti,,,male,Licentiate,,Greater New York Conference,Atlantic Union Conference,Greater New York,,"Brooklyn, N. Y.",United States
1920,24,A. G. Swan,Swan,,,male,Licentiate,,Greater New York Conference,Atlantic Union Conference,Greater New York,,"New York, N. Y.",United States
1920,24,W. E. Perrin,Perrin,,,male,Licentiate,,Greater New York Conference,Atlantic Union Conference,Greater New York,,"New York, N. Y.",United States
1920,24,Miss Emma Wells,Wells,Miss,,female,Licentiate,,Greater New York Conference,Atlantic Union Conference,Greater New York,,"Poughkeepsie, N. Y.",United States
1920,24,R. Immonen,Immonen,,,male,Honorary Licentiate,,Greater New York Conference,Atlantic Union Conference,Greater New York,,"Townsend, Mass.",United States
1920,24,Miss Minnie Buchner,Buchner,Miss,,female,Missionary Licentiate,,Greater New York Conference,Atlantic Union Conference,Greater New York,,"Brooklyn, N. Y.",United States
1920,24,Mrs. Mary Hicks,Hicks,Mrs.,,female,Missionary Licentiate,,Greater New York Conference,Atlantic Union Conference,Greater New York,,,United States
1920,24,Mrs. Ida Compton,Compton,Mrs.,,female,Missionary Licentiate,,Greater New York Conference,Atlantic Union Conference,Greater New York,,"New York, N. Y.",United States
1920,24,Miss Anna Dunn,Dunn,Miss,,female,Missionary Licentiate,,Greater New York Conference,Atlantic Union Conference,Greater New York,,"Brooklyn, N. Y.",United States
1920,24,H. P. Hansen,Hansen,,,male,Missionary Licentiate,,Greater New York Conference,Atlantic Union Conference,Greater New York,,"Brooklyn, N. Y.",United States
1920,24,J. E. Hanson,Hanson,,,male,Missionary Licentiate,,Greater New York Conference,Atlantic Union Conference,Greater New York,,"Brooklyn, N. Y.",United States
1920,24,Mrs. L. Halsvick,Halsvick,Mrs.,,female,Missionary Licentiate,,Greater New York Conference,Atlantic Union Conference,Greater New York,,"Brooklyn, N. Y.",United States
1920,24,Mrs. C. B. Haynes,Haynes,Mrs.,,female,Missionary Licentiate,,Greater New York Conference,Atlantic Union Conference,Greater New York,,"New York, N. Y.",United States
1920,24,Miss Margaretha Izso,Izso,Miss,,female,Missionary Licentiate,,Greater New York Conference,Atlantic Union Conference,Greater New York,,"New York, N. Y.",United States
1920,24,Mrs. J. E. Jayne,Jayne,Mrs.,,female,Missionary Licentiate,,Greater New York Conference,Atlantic Union Conference,Greater New York,,"Brooklyn, N. Y.",United States
1920,24,Mrs. J. L. Johnson,Johnson,Mrs.,,female,Missionary Licentiate,,Greater New York Conference,Atlantic Union Conference,Greater New York,,,United States
1920,24,Miss Pauline L. Kraus,Kraus,Miss,,female,Missionary Licentiate,,Greater New York Conference,Atlantic Union Conference,Greater New York,,"New York, N. Y.",United States
1920,24,Miss Mary Lewis,Lewis,Miss,,female,Missionary Licentiate,,Greater New York Conference,Atlantic Union Conference,Greater New York,,"Port Jervis, N. Y.",United States
1920,24,Miss Jessie M. Lynch,Lynch,Miss,,female,Missionary Licentiate,,Greater New York Conference,Atlantic Union Conference,Greater New York,,"New York, N. Y.",United States
1920,24,Miss Louise Johnson,Johnson,Miss,,female,Missionary Licentiate,,Greater New York Conference,Atlantic Union Conference,Greater New York,,"Brooklyn, N. Y.",United States
1920,24,Miss Augusta Meyer,Meyer,Miss,,female,Missionary Licentiate,,Greater New York Conference,Atlantic Union Conference,Greater New York,,,United States
1920,24,Mrs. B. E. Miller,Miller,Mrs.,,female,Missionary Licentiate,,Greater New York Conference,Atlantic Union Conference,Greater New York,,,United States
1920,24,Mrs. Fred Osborn,Osborn,Mrs.,,female,Missionary Licentiate,,Greater New York Conference,Atlantic Union Conference,Greater New York,,"Middletown, N. Y.",United States
1920,24,Dr. B. B. Kinne,Kinne,Dr.,,male,Missionary Licentiate,,Greater New York Conference,Atlantic Union Conference,Greater New York,,"Middletown, N. Y.",United States
1920,24,Miss Susie Pulls,Pulls,Miss,,female,Missionary Licentiate,,Greater New York Conference,Atlantic Union Conference,Greater New York,,,United States
1920,24,Mrs. J. K. Humphrey,Humphrey,Mrs.,,female,Missionary Licentiate,,Greater New York Conference,Atlantic Union Conference,Greater New York,,"New York, N. Y.",United States
1920,24,Mrs. J. Q. Stevens,Stevens,Mrs.,,female,Missionary Licentiate,,Greater New York Conference,Atlantic Union Conference,Greater New York,,"Brooklyn, N. Y.",United States
1920,24,Miss Bertha Stokka,Stokka,Miss,,female,Missionary Licentiate,,Greater New York Conference,Atlantic Union Conference,Greater New York,,"Brooklyn, N. Y.",United States
1920,24,Mrs. Carl Swenson,Swenson,Mrs.,,female,Missionary Licentiate,,Greater New York Conference,Atlantic Union Conference,Greater New York,,"Brooklyn, N. Y.",United States
1920,24,Mrs. N. C. VanHorn,VanHorn,Mrs.,,female,Missionary Licentiate,,Greater New York Conference,Atlantic Union Conference,Greater New York,,,United States
1920,25,N. C. VanHorn,VanHorn,,,male,Missionary Licentiate,"Room 602, 32 Union Square, New York, N. Y.",Greater New York Conference,Atlantic Union Conference,Greater New York,,"New York, N. Y.",United States
1920,25,Roza Vass,Vass,Miss,,female,Missionary Licentiate,"149 East 150th St., New York, N. Y.",Greater New York Conference,Atlantic Union Conference,Greater New York,,"New York, N. Y.",United States
1920,25,F. E. Wagner,Wagner,Miss,,female,Missionary Licentiate,"1821 Palmetto St., Brooklyn, N. Y.",Greater New York Conference,Atlantic Union Conference,Greater New York,,"Brooklyn, N. Y.",United States
1920,25,D. N. Wall,Wall,Mrs.,,female,Missionary Licentiate,499 East 176th,Greater New York Conference,Atlantic Union Conference,Greater New York,,"New York, N. Y.",United States
1920,25,Rebecca Yeadon,Yeadon,Miss,,female,Missionary Licentiate,"1787 Third Ave., New York, N. Y.",Greater New York Conference,Atlantic Union Conference,Greater New York,,"New York, N. Y.",United States
1920,25,J. M. Calvert,Calvert,Mrs.,,female,Honorary Missionary Licentiate,"Room 314, 32 Union Square, New York, N. Y.",Greater New York Conference,Atlantic Union Conference,Greater New York,,"New York, N. Y.",United States
1920,25,J. B. Frank,Frank,Mrs.,,female,Church School Teacher,545 East 167th,Greater New York Conference,Atlantic Union Conference,Greater New York,,"New York, N. Y.",United States
1920,25,Sybil Wood,Wood,Miss,,female,Church School Teacher,"care Jackson, 1415 Vyse Ave., New York, N. Y.",Greater New York Conference,Atlantic Union Conference,Greater New York,,"New York, N. Y.",United States
1920,25,H. W. Carr,Carr,,,male,President,,Maine Conference,Atlantic Union Conference,Maine,,"Portland, Me.",United States
1920,25,V. H. Hanscom,Hanscom,,,male,Secretary and Treasurer,,Maine Conference,Atlantic Union Conference,Maine,,"Portland, Me.",United States
1920,25,E. E. Osborne,Osborne,,,male,Executive Committee Member,,Maine Conference,Atlantic Union Conference,Maine,,"Portland, Me.",United States
1920,25,E. C. Taylor,Taylor,,,male,Executive Committee Member,,Maine Conference,Atlantic Union Conference,Maine,,"Portland, Me.",United States
1920,25,Ward Bickford,Bickford,,,male,Executive Committee Member,,Maine Conference,Atlantic Union Conference,Maine,,"Portland, Me.",United States
1920,25,R. S. Hobbs,Hobbs,,,male,Executive Committee Member,,Maine Conference,Atlantic Union Conference,Maine,,"Portland, Me.",United States
1920,25,W. O. Howe,Howe,,,male,Executive Committee Member,,Maine Conference,Atlantic Union Conference,Maine,,"Portland, Me.",United States
1920,25,H. W. Carr,Carr,,,male,President,Maine Conference Association of S. D. A.,Maine Conference,Atlantic Union Conference,Maine,Maine Conference Association of S. D. A.,"Portland, Me.",United States
1920,25,W. O. Howe,Howe,,,male,Clerk,Maine Conference Association of S. D. A.,Maine Conference,Atlantic Union Conference,Maine,Maine Conference Association of S. D. A.,"Portland, Me.",United States
1920,25,V. H. Hanscom,Hanscom,,,male,Treasurer,Maine Conference Association of S. D. A.,Maine Conference,Atlantic Union Conference,Maine,Maine Conference Association of S. D. A.,"Portland, Me.",United States
1920,25,E. C. Taylor,Taylor,,,male,Trustee,Maine Conference Association of S. D. A.,Maine Conference,Atlantic Union Conference,Maine,Maine Conference Association of S. D. A.,"Portland, Me.",United States
1920,25,W. O. Howe,Howe,,,male,Trustee,Maine Conference Association of S. D. A.,Maine Conference,Atlantic Union Conference,Maine,Maine Conference Association of S. D. A.,"Portland, Me.",United States
1920,25,W. A. Bickford,Bickford,,,male,Trustee,Maine Conference Association of S. D. A.,Maine Conference,Atlantic Union Conference,Maine,Maine Conference Association of S. D. A.,"Portland, Me.",United States
1920,25,Marcia L. Keller,Keller,Miss,,female,Assistant Secretary and Treasurer,Tract Society,Maine Conference,Atlantic Union Conference,Maine,,"Portland, Me.",United States
1920,25,E. E. Covey,Covey,,,male,Field Missionary Secretary,Tract Society,Maine Conference,Atlantic Union Conference,Maine,,"Portland, Me.",United States
1920,25,Ida E. Hendrick,Hendrick,Miss,,female,Secretary,Sabbath School Department,Maine Conference,Atlantic Union Conference,Maine,,"Portland, Me.",United States
1920,25,Jennie R. Bates,Bates,Miss,,female,Superintendent,Educational Department,Maine Conference,Atlantic Union Conference,Maine,,"Portland, Me.",United States
1920,25,M. W. Howe,Howe,Mrs.,,female,Secretary,Medical Missionary Department,Maine Conference,Atlantic Union Conference,Maine,,"Portland, Me.",United States
1920,25,W. O. Howe,Howe,,,male,Secretary,Religious Liberty Department,Maine Conference,Atlantic Union Conference,Maine,,"Portland, Me.",United States
1920,25,Jennie R. Bates,Bates,Miss,,female,Secretary,Young People's Department,Maine Conference,Atlantic Union Conference,Maine,,"Portland, Me.",United States
1920,26,C. O. Perkins,Perkins,,,male,Secretary,Home Missionary Dept.,Maine Conference,Atlantic Union Conference,Maine,,"75 Grant St., Portland, Me.",United States
1920,26,H. W. Carr,Carr,,,male,Minister,,Maine Conference,Atlantic Union Conference,Maine,,"75 Grant St., Portland, Me.",United States
1920,26,E. E. Osborne,Osborne,,,male,Minister,,Maine Conference,Atlantic Union Conference,Maine,,"Fairfield, Me.",United States
1920,26,C. Meleen,Meleen,,,male,Minister,,Maine Conference,Atlantic Union Conference,Maine,,"Stockholm, Me.",United States
1920,26,W. O. Howe,Howe,,,male,Minister,,Maine Conference,Atlantic Union Conference,Maine,,"75 Grant St., Portland, Me.",United States
1920,26,M. R. Bailey,Bailey,,,male,Minister,,Maine Conference,Atlantic Union Conference,Maine,,"Box 292, Lewiston, Me.",United States
1920,26,C. O. Perkins,Perkins,,,male,Licentiate,,Maine Conference,Atlantic Union Conference,Maine,,"75 Grant St., Portland, Me.",United States
1920,26,W. E. Gerald,Gerald,,,male,Licentiate,,Maine Conference,Atlantic Union Conference,Maine,,"Belgrade, Me.",United States
1920,26,L. V. Cleaves,Cleaves,,,male,Licentiate,,Maine Conference,Atlantic Union Conference,Maine,,"75 Grant St., Portland, Me.",United States
1920,26,V. C. Townsend,Townsend,,,male,Licentiate,,Maine Conference,Atlantic Union Conference,Maine,,"75 Grant St., Portland, Me.",United States
1920,26,Jennie R. Bates,Bates,,,female,Missionary Licentiate,,Maine Conference,Atlantic Union Conference,Maine,,"Norway, Me.",United States
1920,26,W. G. McKenne,McKenne,,,male,Missionary Licentiate,,Maine Conference,Atlantic Union Conference,Maine,,"75 Grant St., Portland, Me.",United States
1920,26,Cora Bowers,Bowers,Miss,,female,Missionary Licentiate,,Maine Conference,Atlantic Union Conference,Maine,,"24 William St., Portland, Me.",United States
1920,26,G. W. Howard,Howard,,,male,Missionary Licentiate,,Maine Conference,Atlantic Union Conference,Maine,,"Kezar Falls, Me.",United States
1920,26,L. L. Howard,Howard,,,male,Missionary Licentiate,,Maine Conference,Atlantic Union Conference,Maine,,"West Falmouth, Me.",United States
1920,26,Marcia L. Keller,Keller,Miss,,female,Missionary Licentiate,,Maine Conference,Atlantic Union Conference,Maine,,"75 Grant St., Portland, Me.",United States
1920,26,Ray Farley,Farley,,,male,Missionary Licentiate,,Maine Conference,Atlantic Union Conference,Maine,,"487 High St., Bath, Me.",United States
1920,26,Mrs. M. W. Howe,Howe,Mrs.,,female,Missionary Licentiate,,Maine Conference,Atlantic Union Conference,Maine,,"64 Brentwood St., Woodfords Station, Me.",United States
1920,26,Ruby Farley,Farley,,,female,Church School Teacher,,Maine Conference,Atlantic Union Conference,Maine,,"Richmond, Me.",United States
1920,26,Mrs. Edward Record,Record,Mrs.,,female,Church School Teacher,,Maine Conference,Atlantic Union Conference,Maine,,"Mechanic Falls, Me.",United States
1920,26,Martha G. Bartlett,Bartlett,Miss,,female,Church School Teacher,,Maine Conference,Atlantic Union Conference,Maine,,"Westfield, Me.",United States
1920,26,Annie Bell Houghton,Houghton,Miss,,female,Church School Teacher,,Maine Conference,Atlantic Union Conference,Maine,,"75 Grant St., Portland, Me.",United States
1920,26,Christine Dyer,Dyer,Miss,,female,Church School Teacher,,Maine Conference,Atlantic Union Conference,Maine,,"289 East Ave., Lewiston, Me.",United States
1920,26,Gladys MacDonald,MacDonald,Miss,,female,Church School Teacher,,Maine Conference,Atlantic Union Conference,Maine,,"care C. E. Kinney, Fort Fairfield, Me.",United States
1920,26,Violet Webber,Webber,Miss,,female,Church School Teacher,,Maine Conference,Atlantic Union Conference,Maine,,"Cliff Island, Me.",United States
1920,26,Grace Scott,Scott,Miss,,female,Church School Teacher,,Maine Conference,Atlantic Union Conference,Maine,,"75 Grant St., Portland, Me.",United States
1920,26,G. B. Hills,Hills,,,male,Church School Teacher,,Maine Conference,Atlantic Union Conference,Maine,,"Star Route 1206, Belfast, Me.",United States
1920,26,Myrtle Wilson,Wilson,Miss,,female,Church School Teacher,,Maine Conference,Atlantic Union Conference,Maine,,"Redding, Me.",United States
1920,26,Marion Thurlow,Thurlow,,,,Church School Teacher,,Maine Conference,Atlantic Union Conference,Maine,,"141 North St., Bath, Me.",United States
1920,26,J. K. Jones,Jones,,,male,President,,Massachusetts Conference,Atlantic Union Conference,Massachusetts,,"Box 306, South Lancaster, Mass.",United States
1920,26,H. T. Curtis,Curtis,,,male,Secretary and Treasurer,,Massachusetts Conference,Atlantic Union Conference,Massachusetts,,"Box 306, South Lancaster, Mass.",United States
1920,26,P. F. Bicknell,Bicknell,,,male,Executive Committee Member,,Massachusetts Conference,Atlantic Union Conference,Massachusetts,,"Box 306, South Lancaster, Mass.",United States
1920,26,W. E. Bliss,Bliss,,,male,Executive Committee Member,,Massachusetts Conference,Atlantic Union Conference,Massachusetts,,"Box 306, South Lancaster, Mass.",United States
1920,26,E. L. Cardey,Cardey,,,male,Executive Committee Member,,Massachusetts Conference,Atlantic Union Conference,Massachusetts,,"Box 306, South Lancaster, Mass.",United States
1920,26,M. R. Coon,Coon,,,male,Executive Committee Member,,Massachusetts Conference,Atlantic Union Conference,Massachusetts,,"Box 306, South Lancaster, Mass.",United States
1920,26,W. W. Rice,Rice,,,male,Executive Committee Member,,Massachusetts Conference,Atlantic Union Conference,Massachusetts,,"Box 306, South Lancaster, Mass.",United States
1920,26,W. A. Butler,Butler,,,male,Executive Committee Member,,Massachusetts Conference,Atlantic Union Conference,Massachusetts,,"Box 306, South Lancaster, Mass.",United States
1920,26,S. E. Brown,Brown,,,male,Executive Committee Member,,Massachusetts Conference,Atlantic Union Conference,Massachusetts,,"Box 306, South Lancaster, Mass.",United States
1920,26,J. K. Jones,Jones,,,male,President,The Massachusetts Conference Association of Seventh-day Adventists,Massachusetts Conference,Atlantic Union Conference,Massachusetts,The Massachusetts Conference Association of Seventh-day Adventists,"Box 306, South Lancaster, Mass.",United States
1920,26,H. T. Curtis,Curtis,,,male,Clerk and Treasurer,The Massachusetts Conference Association of Seventh-day Adventists,Massachusetts Conference,Atlantic Union Conference,Massachusetts,The Massachusetts Conference Association of Seventh-day Adventists,"Box 306, South Lancaster, Mass.",United States
1920,26,D. P. Waldo,Waldo,,,male,Field Missionary Secretary,Tract Society,Massachusetts Conference,Atlantic Union Conference,Massachusetts,,"Box 306, South Lancaster, Mass.",United States
1920,26,Mrs. E. M. Wilber,Wilber,Mrs.,,female,Secretary,Sabbath School Dept.,Massachusetts Conference,Atlantic Union Conference,Massachusetts,,"Box 306, South Lancaster, Mass.",United States
1920,27,P. F. Bicknell,Bicknell,,,male,Secretary,Religious Liberty Dept.,Southern New England Conference,Atlantic Union Conference,Southern New England,,,United States
1920,27,Mrs. E. M. Wilber,Wilber,Mrs.,,female,Secretary,Young People's Dept.,Southern New England Conference,Atlantic Union Conference,Southern New England,,,United States
1920,27,W. W. Rice,Rice,,,male,Secretary,Home Missionary Dept.,Southern New England Conference,Atlantic Union Conference,Southern New England,,,United States
1920,27,J. K. Jones,Jones,,,male,Minister,,Southern New England Conference,Atlantic Union Conference,Southern New England,,"South Lancaster, Mass.",United States
1920,27,P. F. Bicknell,Bicknell,,,male,Minister,,Southern New England Conference,Atlantic Union Conference,Southern New England,,"Worcester, Mass.",United States
1920,27,E. L. Cardey,Cardey,,,male,Minister,,Southern New England Conference,Atlantic Union Conference,Southern New England,,"Boston, Mass.",United States
1920,27,F. C. Carlson,Carlson,,,male,Minister,,Southern New England Conference,Atlantic Union Conference,Southern New England,,"Worcester, Mass.",United States
1920,27,M. R. Coon,Coon,,,male,Minister,,Southern New England Conference,Atlantic Union Conference,Southern New England,,"Springfield, Mass.",United States
1920,27,H. S. Prenier,Prenier,,,male,Minister,,Southern New England Conference,Atlantic Union Conference,Southern New England,,"South Lancaster, Mass.",United States
1920,27,W. W. Rice,Rice,,,male,Minister,,Southern New England Conference,Atlantic Union Conference,Southern New England,,"South Lancaster, Mass.",United States
1920,27,L. S. Wheeler,Wheeler,,,male,Minister,,Southern New England Conference,Atlantic Union Conference,Southern New England,New England Sanitarium,"Melrose, Mass.",United States
1920,27,S. E. Norton,Norton,,,male,Minister,,Southern New England Conference,Atlantic Union Conference,Southern New England,,"New Bedford, Mass.",United States
1920,27,H. T. Curtis,Curtis,,,male,Licentiate,,Southern New England Conference,Atlantic Union Conference,Southern New England,,"South Lancaster, Mass.",United States
1920,27,C. R. Gibbs,Gibbs,,,male,Licentiate,,Southern New England Conference,Atlantic Union Conference,Southern New England,,"Malden, Mass.",United States
1920,27,J. H. Tiney,Tiney,,,male,Licentiate,,Southern New England Conference,Atlantic Union Conference,Southern New England,,"South Lancaster, Mass.",United States
1920,27,D. P. Waldo,Waldo,,,male,Licentiate,,Southern New England Conference,Atlantic Union Conference,Southern New England,,"Worcester, Mass.",United States
1920,27,C. W. Vearwood,Vearwood,,,male,Licentiate,,Southern New England Conference,Atlantic Union Conference,Southern New England,,"Roxbury, Mass.",United States
1920,27,Miss Jennie Anderson,Anderson,Miss,,female,Missionary Licentiate,,Southern New England Conference,Atlantic Union Conference,Southern New England,,"Worcester, Mass.",United States
1920,27,Mrs. Oris Armstrong,Armstrong,Mrs.,,female,Missionary Licentiate,,Southern New England Conference,Atlantic Union Conference,Southern New England,,"New Bedford, Mass.",United States
1920,27,Mrs. P. F. Bicknell,Bicknell,Mrs.,,female,Missionary Licentiate,,Southern New England Conference,Atlantic Union Conference,Southern New England,,"Worcester, Mass.",United States
1920,27,F. S. Burgess,Burgess,,,male,Missionary Licentiate,,Southern New England Conference,Atlantic Union Conference,Southern New England,,"Lowell, Mass.",United States
1920,27,Miss Charlotte Grant,Grant,Miss,,female,Missionary Licentiate,,Southern New England Conference,Atlantic Union Conference,Southern New England,,"Somerville, Mass.",United States
1920,27,Miss E. H. Grove,Grove,Miss,,female,Missionary Licentiate,,Southern New England Conference,Atlantic Union Conference,Southern New England,,"South Lancaster, Mass.",United States
1920,27,Miss Gladys Hasey,Hasey,Miss,,female,Missionary Licentiate,,Southern New England Conference,Atlantic Union Conference,Southern New England,,"Boston, Mass.",United States
1920,27,Mrs. Bessie M. Liese,Liese,Mrs.,,female,Missionary Licentiate,,Southern New England Conference,Atlantic Union Conference,Southern New England,,"Leominster, Mass.",United States
1920,27,Miss Lena K. Matson,Matson,Miss,,female,Missionary Licentiate,,Southern New England Conference,Atlantic Union Conference,Southern New England,,"New Bedford, Mass.",United States
1920,27,Miss Mary Micket,Micket,Miss,,female,Missionary Licentiate,,Southern New England Conference,Atlantic Union Conference,Southern New England,,"Malden, Mass.",United States
1920,27,J. W. Mowat,Mowat,,,male,Missionary Licentiate,,Southern New England Conference,Atlantic Union Conference,Southern New England,,"Methuen, Mass.",United States
1920,27,Miss Alice L. Palmer,Palmer,Miss,,female,Missionary Licentiate,,Southern New England Conference,Atlantic Union Conference,Southern New England,,"South Lancaster, Mass.",United States
1920,27,Miss Anna Saxild,Saxild,Miss,,female,Missionary Licentiate,,Southern New England Conference,Atlantic Union Conference,Southern New England,,"Springfield, Mass.",United States
1920,27,L. J. Smith,Smith,,,male,Missionary Licentiate,,Southern New England Conference,Atlantic Union Conference,Southern New England,,"South Lancaster, Mass.",United States
1920,27,Miss Cora A. Spencer,Spencer,Miss,,female,Missionary Licentiate,,Southern New England Conference,Atlantic Union Conference,Southern New England,,"Dorchester, Mass.",United States
1920,27,J. W. Sypher,Sypher,,,male,Missionary Licentiate,,Southern New England Conference,Atlantic Union Conference,Southern New England,,"Malden, Mass.",United States
1920,27,Mrs. J. W. Sypher,Sypher,Mrs.,,female,Missionary Licentiate,,Southern New England Conference,Atlantic Union Conference,Southern New England,,"Malden, Mass.",United States
1920,27,Mrs. D. P. Waldo,Waldo,Mrs.,,female,Missionary Licentiate,,Southern New England Conference,Atlantic Union Conference,Southern New England,,"Worcester, Mass.",United States
1920,27,Miss Garnet Wigle,Wigle,Miss,,female,Missionary Licentiate,,Southern New England Conference,Atlantic Union Conference,Southern New England,,"Springfield, Mass.",United States
1920,27,Mrs. Ella M. Wilber,Wilber,Mrs.,,female,Missionary Licentiate,,Southern New England Conference,Atlantic Union Conference,Southern New England,,"South Lancaster, Mass.",United States
1920,27,Mrs. Constance Wills,Wills,Mrs.,,female,Missionary Licentiate,,Southern New England Conference,Atlantic Union Conference,Southern New England,,"Cambridge, Mass.",United States
1920,27,J. F. Knipschild,Knipschild,,,male,Missionary Licentiate,,Southern New England Conference,Atlantic Union Conference,Southern New England,,"South Lancaster, Mass.",United States
1920,27,Miss Edna Bergman,Bergman,Miss,,female,Church School Teacher,,Southern New England Conference,Atlantic Union Conference,Southern New England,,"Malden, Mass.",United States
1920,27,Miss Lenora Powers,Powers,Miss,,female,Church School Teacher,,Southern New England Conference,Atlantic Union Conference,Southern New England,,"Worcester, Mass.",United States
1920,27,Miss Blanche Shoup,Shoup,Miss,,female,Church School Teacher,,Southern New England Conference,Atlantic Union Conference,Southern New England,New England Sanitarium,"Melrose, Mass.",United States
1920,27,Miss Ruth Sinclair,Sinclair,Miss,,female,Church School Teacher,,Southern New England Conference,Atlantic Union Conference,Southern New England,,"Malden, Mass.",United States
1920,27,Miss Fern Warner,Warner,Miss,,female,Church School Teacher,,Southern New England Conference,Atlantic Union Conference,Southern New England,,"Bradford, Mass.",United States
1920,27,Clifford Wilkinson,Wilkinson,,,male,Church School Teacher,,Southern New England Conference,Atlantic Union Conference,Southern New England,,"Athol, Mass.",United States
1920,28,R. J. Bryant,Bryant,,,male,President,,Northern New England Conference,Atlantic Union Conference,Northern New England,,"Concord, N. H.",United States
1920,28,H. B. Tucker,Tucker,,,male,Secretary and Treasurer,,Northern New England Conference,Atlantic Union Conference,Northern New England,,"Concord, N. H.",United States
1920,28,R. J. Bryant,Bryant,,,male,Executive Committee Member,,Northern New England Conference,Atlantic Union Conference,Northern New England,,"Concord, N. H.",United States
1920,28,H. B. Tucker,Tucker,,,male,Executive Committee Member,,Northern New England Conference,Atlantic Union Conference,Northern New England,,"Concord, N. H.",United States
1920,28,E. O. Farnsworth,Farnsworth,,,male,Executive Committee Member,,Northern New England Conference,Atlantic Union Conference,Northern New England,,,United States
1920,28,M. A. Altman,Altman,,,male,Executive Committee Member,,Northern New England Conference,Atlantic Union Conference,Northern New England,,,United States
1920,28,W. E. Tatra,Tatra,,,male,Executive Committee Member,,Northern New England Conference,Atlantic Union Conference,Northern New England,,,United States
1920,28,J. B. Hall,Hall,,,male,Executive Committee Member,,Northern New England Conference,Atlantic Union Conference,Northern New England,,,United States
1920,28,M. F. Cram,Cram,,,male,Executive Committee Member,,Northern New England Conference,Atlantic Union Conference,Northern New England,,,United States
1920,28,H. B. Tucker,Tucker,,,male,Secretary,Tract Society,Northern New England Conference,Atlantic Union Conference,Northern New England,,"Concord, N. H.",United States
1920,28,A. J. Addicks,Addicks,,,male,Field Missionary Secretary,,Northern New England Conference,Atlantic Union Conference,Northern New England,,,United States
1920,28,Elsie P. Wellman,Wellman,Miss,,female,Secretary,Sabbath School Dept.,Northern New England Conference,Atlantic Union Conference,Northern New England,,,United States
1920,28,Violet E. Morgan,Morgan,Miss,,female,Secretary,Educational Dept.,Northern New England Conference,Atlantic Union Conference,Northern New England,,,United States
1920,28,R. J. Bryant,Bryant,,,male,Secretary,Religious Liberty Dept.,Northern New England Conference,Atlantic Union Conference,Northern New England,,"Concord, N. H.",United States
1920,28,Amanda I. Sloane,Sloane,Miss,,female,Secretary,Medical Missionary Dept.,Northern New England Conference,Atlantic Union Conference,Northern New England,,,United States
1920,28,E. E. Clayton,Clayton,,,male,Secretary,Home Missionary Dept.,Northern New England Conference,Atlantic Union Conference,Northern New England,,,United States
1920,28,R. J. Bryant,Bryant,,,male,Minister,,Northern New England Conference,Atlantic Union Conference,Northern New England,,"Concord, N. H.",United States
1920,28,F. S. Hartwell,Hartwell,,,male,Minister,,Northern New England Conference,Atlantic Union Conference,Northern New England,,"Randolph, Vt.",United States
1920,28,M. A. Altman,Altman,,,male,Minister,,Northern New England Conference,Atlantic Union Conference,Northern New England,,"Burlington, Vt.",United States
1920,28,H. J. Farman,Farman,,,male,Minister,,Northern New England Conference,Atlantic Union Conference,Northern New England,,"Derry, N. H.",United States
1920,28,D. H. Hanson,Hanson,,,male,Minister,,Northern New England Conference,Atlantic Union Conference,Northern New England,,"Rutland, Vt.",United States
1920,28,C. W. Farley,Farley,,,male,Licentiate,,Northern New England Conference,Atlantic Union Conference,Northern New England,,"Concord, N. H.",United States
1920,28,E. E. Clayton,Clayton,,,male,Licentiate,,Northern New England Conference,Atlantic Union Conference,Northern New England,,"Lebanon, N. H.",United States
1920,28,H. S. Mould,Mould,,,male,Licentiate,,Northern New England Conference,Atlantic Union Conference,Northern New England,,"Concord, N. H.",United States
1920,28,H. B. Tucker,Tucker,,,male,Missionary Licentiate,,Northern New England Conference,Atlantic Union Conference,Northern New England,,"Concord, N. H.",United States
1920,28,Nella Eastman,Eastman,Miss,,female,Missionary Licentiate,,Northern New England Conference,Atlantic Union Conference,Northern New England,,"Hill, N. H.",United States
1920,28,Lena G. Chase,Chase,Miss,,female,Missionary Licentiate,,Northern New England Conference,Atlantic Union Conference,Northern New England,,"Brattleboro, Vt.",United States
1920,28,Pearl J. Sanborn,Sanborn,Mrs.,,female,Missionary Licentiate,,Northern New England Conference,Atlantic Union Conference,Northern New England,,"Keene, N. H.",United States
1920,28,Violet E. Morgan,Morgan,Miss,,female,Missionary Licentiate,,Northern New England Conference,Atlantic Union Conference,Northern New England,,"Concord, N. H.",United States
1920,29,G. D. Litchfield,Litchfield,,,male,Minister,,Eastern New York Conference,Atlantic Union Conference,Eastern New York,,"West Burke, Vt.",United States
1920,29,H. F. Litchfield,Litchfield,,,male,Minister,,Eastern New York Conference,Atlantic Union Conference,Eastern New York,,"Townshend, Vt.",United States
1920,29,Myrtle Hartford,Hartford,Miss,,female,Church School Teacher,,Eastern New York Conference,Atlantic Union Conference,Eastern New York,,"Burlington, Vt.",United States
1920,29,Bessie Tilton,Tilton,Miss,,female,Church School Teacher,,Eastern New York Conference,Atlantic Union Conference,Eastern New York,,"Wilton, N. H.",United States
1920,29,L. D. Kelsey,Kelsey,Mrs.,,female,Church School Teacher,,Eastern New York Conference,Atlantic Union Conference,Eastern New York,,"Townshend, Vt.",United States
1920,29,Evelyn Ladeau,Ladeau,Miss,,female,Church School Teacher,,Eastern New York Conference,Atlantic Union Conference,Eastern New York,,"Randolph, Vt.",United States
1920,29,Lillian E. Eastman,Eastman,Miss,,female,Church School Teacher,,Eastern New York Conference,Atlantic Union Conference,Eastern New York,,"Wilmington, Vt.",United States
1920,29,Roy N. Atwood,Atwood,Mrs.,,female,Church School Teacher,,Eastern New York Conference,Atlantic Union Conference,Eastern New York,,"Keene, N. H.",United States
1920,29,A. T. Robinson,Robinson,,,male,President,,Southern New England Conference,Atlantic Union Conference,Southern New England,,"Hartford, Conn.",United States
1920,29,C. H. Gerald,Gerald,,,male,Secretary and Treasurer,,Southern New England Conference,Atlantic Union Conference,Southern New England,,"Hartford, Conn.",United States
1920,29,A. T. Robinson,Robinson,,,male,Executive Committee Member,,Southern New England Conference,Atlantic Union Conference,Southern New England,,"Hartford, Conn.",United States
1920,29,D. B. Parmelee,Parmelee,,,male,Executive Committee Member,,Southern New England Conference,Atlantic Union Conference,Southern New England,,"Hartford, Conn.",United States
1920,29,J. A. Tefft,Tefft,,,male,Executive Committee Member,,Southern New England Conference,Atlantic Union Conference,Southern New England,,"Hartford, Conn.",United States
1920,29,Chas. Dunham,Dunham,,,male,Executive Committee Member,,Southern New England Conference,Atlantic Union Conference,Southern New England,,"Hartford, Conn.",United States
1920,29,S. S. Gerard,Gerard,,,male,Executive Committee Member,,Southern New England Conference,Atlantic Union Conference,Southern New England,,"Hartford, Conn.",United States
1920,29,H. C. J. Walleker,Walleker,,,male,Executive Committee Member,,Southern New England Conference,Atlantic Union Conference,Southern New England,,"Hartford, Conn.",United States
1920,29,C. E. AcMoody,AcMoody,,,male,Executive Committee Member,,Southern New England Conference,Atlantic Union Conference,Southern New England,,"Hartford, Conn.",United States
1920,29,A. T. Robinson,Robinson,,,male,President,Legal Association,"Southern New England Conference Association of S. D. A., Inc.",Atlantic Union Conference,Southern New England,,"Hartford, Conn.",United States
1920,29,H. C. J. Walleker,Walleker,,,male,Secretary,Legal Association,"Southern New England Conference Association of S. D. A., Inc.",Atlantic Union Conference,Southern New England,,"Hartford, Conn.",United States
1920,29,C. H. Gerald,Gerald,,,male,Treasurer,Legal Association,"Southern New England Conference Association of S. D. A., Inc.",Atlantic Union Conference,Southern New England,,"Hartford, Conn.",United States
1920,29,A. T. Robinson,Robinson,,,male,Trustee,Legal Association,"Southern New England Conference Association of S. D. A., Inc.",Atlantic Union Conference,Southern New England,,"Hartford, Conn.",United States
1920,29,C. H. Gerald,Gerald,,,male,Trustee,Legal Association,"Southern New England Conference Association of S. D. A., Inc.",Atlantic Union Conference,Southern New England,,"Hartford, Conn.",United States
1920,29,J. A. Tefft,Tefft,,,male,Trustee,Legal Association,"Southern New England Conference Association of S. D. A., Inc.",Atlantic Union Conference,Southern New England,,"Hartford, Conn.",United States
1920,29,D. B. Parmelee,Parmelee,,,male,Trustee,Legal Association,"Southern New England Conference Association of S. D. A., Inc.",Atlantic Union Conference,Southern New England,,"Hartford, Conn.",United States
1920,29,G. P. Coates,Coates,,,male,Trustee,Legal Association,"Southern New England Conference Association of S. D. A., Inc.",Atlantic Union Conference,Southern New England,,"Hartford, Conn.",United States
1920,29,H. P. Gram,Gram,,,male,Field Missionary Secretary,Tract Society,Southern New England Conference,Atlantic Union Conference,Southern New England,,"Hartford, Conn.",United States
1920,29,Bessie P. Wilcox,Wilcox,Mrs.,,female,Secretary,Sabbath School Department,Southern New England Conference,Atlantic Union Conference,Southern New England,,"Hartford, Conn.",United States
1920,29,Bessie P. Wilcox,Wilcox,Mrs.,,female,Superintendent,Educational Department,Southern New England Conference,Atlantic Union Conference,Southern New England,,"Hartford, Conn.",United States
1920,29,H. C. J. Walleker,Walleker,,,male,Secretary,Religious Liberty Department,Southern New England Conference,Atlantic Union Conference,Southern New England,,"Hartford, Conn.",United States
1920,29,Charles Dunham,Dunham,,,male,Secretary,Home Missionary Department,Southern New England Conference,Atlantic Union Conference,Southern New England,,"Hartford, Conn.",United States
1920,29,A. T. Robinson,Robinson,,,male,Minister,,Southern New England Conference,Atlantic Union Conference,Southern New England,,"Hartford, Conn.",United States
1920,29,W. R. Uchtman,Uchtman,,,male,Minister,,Southern New England Conference,Atlantic Union Conference,Southern New England,,"Westerly, R. I.",United States
1920,29,H. C. J. Walleker,Walleker,,,male,Minister,,Southern New England Conference,Atlantic Union Conference,Southern New England,,"New Haven, Conn.",United States
1920,29,C. E. AcMoody,AcMoody,,,male,Minister,,Southern New England Conference,Atlantic Union Conference,Southern New England,,"Providence, R. I.",United States
1920,29,H. P. Gram,Gram,,,male,Licentiate,,Southern New England Conference,Atlantic Union Conference,Southern New England,,"New Haven, Conn.",United States
1920,29,C. H. Gerald,Gerald,,,male,Licentiate,,Southern New England Conference,Atlantic Union Conference,Southern New England,,"Hartford, Conn.",United States
1920,29,Charles Dunham,Dunham,,,male,Licentiate,,Southern New England Conference,Atlantic Union Conference,Southern New England,,"Middletown, Conn.",United States
1920,29,A. T. Robinson,Robinson,Mrs.,,female,Missionary Licentiate,,Southern New England Conference,Atlantic Union Conference,Southern New England,,"Hartford, Conn.",United States
1920,29,Bessie P. Wilcox,Wilcox,Mrs.,,female,Missionary Licentiate,,Southern New England Conference,Atlantic Union Conference,Southern New England,,"Hartford, Conn.",United States
1920,29,Andrew Yakush,Yakush,,,male,Missionary Licentiate,,Southern New England Conference,Atlantic Union Conference,Southern New England,,"Bridgeport, Conn.",United States
1920,29,Elizabeth Kehrein,Kehrein,Miss,,female,Missionary Licentiate,,Southern New England Conference,Atlantic Union Conference,Southern New England,,"New Haven, Conn.",United States
1920,29,Bertha N. Stewart,Stewart,Miss,,female,Missionary Licentiate,,Southern New England Conference,Atlantic Union Conference,Southern New England,,"Hartford, Conn.",United States
1920,29,Netelka Burrell,Burrell,Miss,,female,Missionary Licentiate,,Southern New England Conference,Atlantic Union Conference,Southern New England,,"New Haven, Conn.",United States
1920,30,Mrs. H. C. J. Walleker,Walleker,Mrs.,,female,,"408 Shelton Ave., New Haven, Conn.",Southern New England Conference,Atlantic Union Conference,Southern New England,,"New Haven, Conn.",United States
1920,30,A. K. Kover,Kover,,,male,,"32 Columbia Court, Bridgeport, Conn.",Southern New England Conference,Atlantic Union Conference,Southern New England,,"Bridgeport, Conn.",United States
1920,30,Miss Marion L. Deasy,Deasy,Miss,,female,Church School Teacher,"Amston, Conn.",Southern New England Conference,Atlantic Union Conference,Southern New England,,"Amston, Conn.",United States
1920,30,Miss Mattie B. Tefft,Tefft,Miss,,female,Church School Teacher,"915 Howard Ave., New Haven, Conn.",Southern New England Conference,Atlantic Union Conference,Southern New England,,"New Haven, Conn.",United States
1920,30,Miss Ruth Symon,Symon,Miss,,female,Church School Teacher,"110 State St., Guilford, Conn.",Southern New England Conference,Atlantic Union Conference,Southern New England,,"Guilford, Conn.",United States
1920,30,Miss Ethel Tourjee,Tourjee,Miss,,female,Church School Teacher,"Waterford, Conn.",Southern New England Conference,Atlantic Union Conference,Southern New England,,"Waterford, Conn.",United States
1920,30,Miss Bertha Winnie,Winnie,Miss,,female,Church School Teacher,"47 Perrin Ave., Pawtucket, R. I.",Southern New England Conference,Atlantic Union Conference,Southern New England,,"Pawtucket, R. I.",United States
1920,30,Miss Netelka Burrell,Burrell,Miss,,female,Church School Teacher,"440 Orchard St., New Haven, Conn.",Southern New England Conference,Atlantic Union Conference,Southern New England,,"New Haven, Conn.",United States
1920,30,R. S. Fries,Fries,,,male,President,,Western New York Conference,Atlantic Union Conference,Western New York,,"Rochester, N.Y.",United States
1920,30,R. C. Taylor,Taylor,,,male,Secretary and Treasurer,,Western New York Conference,Atlantic Union Conference,Western New York,,"Rochester, N.Y.",United States
1920,30,H. M. Fleming,Fleming,,,male,Executive Committee Member,,Western New York Conference,Atlantic Union Conference,Western New York,,"Rochester, N.Y.",United States
1920,30,J. E. Belknap,Belknap,,,male,Executive Committee Member,,Western New York Conference,Atlantic Union Conference,Western New York,,"Rochester, N.Y.",United States
1920,30,J. N. Clapp,Clapp,,,male,Executive Committee Member,,Western New York Conference,Atlantic Union Conference,Western New York,,"Rochester, N.Y.",United States
1920,30,F. H. Hicks,Hicks,,,male,Executive Committee Member,,Western New York Conference,Atlantic Union Conference,Western New York,,"Rochester, N.Y.",United States
1920,30,F. D. Wells,Wells,,,male,Executive Committee Member,,Western New York Conference,Atlantic Union Conference,Western New York,,"Rochester, N.Y.",United States
1920,30,S. Mortenson,Mortenson,,,male,Executive Committee Member,,Western New York Conference,Atlantic Union Conference,Western New York,,"Rochester, N.Y.",United States
1920,30,R. S. Fries,Fries,,,male,President,Legal Association,Western New York Conference Assn of S. D. A.,Atlantic Union Conference,Western New York,,"Rochester, N.Y.",United States
1920,30,F. H. Hicks,Hicks,,,male,Vice-President,Legal Association,Western New York Conference Assn of S. D. A.,Atlantic Union Conference,Western New York,,"Rochester, N.Y.",United States
1920,30,R. C. Taylor,Taylor,,,male,Secretary and Treasurer,Legal Association,Western New York Conference Assn of S. D. A.,Atlantic Union Conference,Western New York,,"Rochester, N.Y.",United States
1920,30,H. M. Fleming,Fleming,,,male,Auditor,Legal Association,Western New York Conference Assn of S. D. A.,Atlantic Union Conference,Western New York,,"Rochester, N.Y.",United States
1920,30,J. S. Jenks,Jenks,,,male,Councilman,Legal Association,Western New York Conference Assn of S. D. A.,Atlantic Union Conference,Western New York,,"Rochester, N.Y.",United States
1920,30,F. A. Hall,Hall,,,male,Councilman,Legal Association,Western New York Conference Assn of S. D. A.,Atlantic Union Conference,Western New York,,"Rochester, N.Y.",United States
1920,30,J. M. Jackson,Jackson,,,male,Councilman,Legal Association,Western New York Conference Assn of S. D. A.,Atlantic Union Conference,Western New York,,"Rochester, N.Y.",United States
1920,30,R. C. Taylor,Taylor,,,male,Secretary and Treasurer,Tract Society,Western New York Conference,Atlantic Union Conference,Western New York,,"Rochester, N.Y.",United States
1920,30,George Barodi,Barodi,,,male,Field Missionary Secretary,Tract Society,Western New York Conference,Atlantic Union Conference,Western New York,,"Rochester, N.Y.",United States
1920,30,Mrs. E. E. Prescott,Prescott,Mrs.,,female,Secretary,Sabbath School Department,Western New York Conference,Atlantic Union Conference,Western New York,,"Buffalo, N.Y.",United States
1920,30,J. N. Clapp,Clapp,,,male,Superintendent,Educational Department,Western New York Conference,Atlantic Union Conference,Western New York,,"Tunesassa, N.Y.",United States
1920,30,Mrs. K. C. Russell,Russell,Mrs.,,female,Secretary,Young People's Department,Western New York Conference,Atlantic Union Conference,Western New York,,"Rochester, N.Y.",United States
1920,30,R. B. Clapp,Clapp,,,male,Secretary,Home Missionary Department,Western New York Conference,Atlantic Union Conference,Western New York,,"Rochester, N.Y.",United States
1920,30,R. S. Fries,Fries,,,male,Minister,,Western New York Conference,Atlantic Union Conference,Western New York,,"Rochester, N.Y.",United States
1920,30,S. Mortenson,Mortenson,,,male,Minister,,Western New York Conference,Atlantic Union Conference,Western New York,,"Jamestown, N.Y.",United States
1920,30,R. B. Clapp,Clapp,,,male,Minister,,Western New York Conference,Atlantic Union Conference,Western New York,,"Rochester, N.Y.",United States
1920,30,J. W. Raymond,Raymond,,,male,Minister,,Western New York Conference,Atlantic Union Conference,Western New York,,"Buffalo, N.Y.",United States
1920,30,A. E. Sanderson,Sanderson,,,male,Minister,,Western New York Conference,Atlantic Union Conference,Western New York,,"Buffalo, N.Y.",United States
1920,31,J. N. Clapp,Clapp,,,male,Licentiate,,Western New York Conference,Atlantic Union Conference,Western New York,,"Tunesassa, N. Y.",United States
1920,31,C. W. Fisher,Fisher,,,male,Licentiate,Fernwood Academy,Western New York Conference,Atlantic Union Conference,Western New York,Fernwood Academy,"Tunesassa, N. Y.",United States
1920,31,R. L. Russel,Russel,,,male,Licentiate,,Western New York Conference,Atlantic Union Conference,Western New York,,"Rochester, N. Y.",United States
1920,31,R. L. Shoemaker,Shoemaker,,,male,Licentiate,,Western New York Conference,Atlantic Union Conference,Western New York,,"Rochester, N. Y.",United States
1920,31,R. C. Taylor,Taylor,,,male,Missionary Licentiate,,Western New York Conference,Atlantic Union Conference,Western New York,,"Rochester, N. Y.",United States
1920,31,Effa Gilbert,Gilbert,,,female,Missionary Licentiate,,Western New York Conference,Atlantic Union Conference,Western New York,,"Belmont, N. Y.",United States
1920,31,Mrs. K. C. Russell,Russell,Mrs.,,female,Missionary Licentiate,,Western New York Conference,Atlantic Union Conference,Western New York,,"Rochester, N. Y.",United States
1920,31,Mrs. E. E. Prescott,Prescott,Mrs.,,female,Missionary Licentiate,,Western New York Conference,Atlantic Union Conference,Western New York,,"Buffalo, N. Y.",United States
1920,31,Mrs. R. B. Clapp,Clapp,Mrs.,,female,Missionary Licentiate,,Western New York Conference,Atlantic Union Conference,Western New York,,"Rochester, N. Y.",United States
1920,31,Miss Mary E. Walsh,Walsh,Miss,,female,Missionary Licentiate,,Western New York Conference,Atlantic Union Conference,Western New York,,"Buffalo, N. Y.",United States
1920,31,Mrs. Augusta Lindberg,Lindberg,Mrs.,,female,Missionary Licentiate,,Western New York Conference,Atlantic Union Conference,Western New York,,"Jamestown, N. Y.",United States
1920,31,Joseph Capman,Capman,,,male,Missionary Licentiate,,Western New York Conference,Atlantic Union Conference,Western New York,,"Belmont, N. Y.",United States
1920,31,Mrs. Joseph Capman,Capman,Mrs.,,female,Missionary Licentiate,,Western New York Conference,Atlantic Union Conference,Western New York,,"Belmont, N. Y.",United States
1920,31,Mildred Weick,Weick,,,female,Church School Teacher,,Western New York Conference,Atlantic Union Conference,Western New York,,"Buffalo, N. Y.",United States
1920,31,Ruth Seitz,Seitz,,,female,Church School Teacher,,Western New York Conference,Atlantic Union Conference,Western New York,,"Rochester, N. Y.",United States
1920,31,Ava G. Simkin,Simkin,,,female,Church School Teacher,,Western New York Conference,Atlantic Union Conference,Western New York,,"Burt, N. Y.",United States
1920,31,Ruth Scott,Scott,,,female,Church School Teacher,,Western New York Conference,Atlantic Union Conference,Western New York,,"Jamestown, N. Y.",United States
1920,31,E. C. Rowell,Rowell,,,male,Minister and Director,,Bermuda Mission,Atlantic Union Conference,Bermuda Mission,,"Hamilton, Bermuda Islands",Bermuda
1920,31,Dorothy Smith,Smith,,,female,Mission School Teacher,,Bermuda Mission,Atlantic Union Conference,Bermuda Mission,,"Hamilton, Bermuda Islands",Bermuda
1920,31,Mrs. Winifred P. Rowell,Rowell,Mrs.,,female,Secretary of Y. P. S.,,Bermuda Mission,Atlantic Union Conference,Bermuda Mission,,"Hamilton, Bermuda Islands",Bermuda
1920,31,Mrs. Winifred P. Rowell,Rowell,Mrs.,,female,Secretary of Sabbath School Dept.,,Bermuda Mission,Atlantic Union Conference,Bermuda Mission,,"Keith Hall, Warwick East, Bermuda",Bermuda
1920,33,W. A. Gosmer,Gosmer,,,male,President,,Colorado Conference,Central Union Conference,Colorado,,"Denver, Colo.",United States
1920,33,M. G. Haynes,Haynes,,,male,Secretary and Treasurer,,Colorado Conference,Central Union Conference,Colorado,,"Denver, Colo.",United States
1920,33,C. R. Kite,Kite,,,male,Executive Committee Member,,Colorado Conference,Central Union Conference,Colorado,,"Denver, Colo.",United States
1920,33,H. B. Steele,Steele,,,male,Executive Committee Member,,Colorado Conference,Central Union Conference,Colorado,,"Denver, Colo.",United States
1920,33,G. C. Mathiesen,Mathiesen,,,male,Executive Committee Member,,Colorado Conference,Central Union Conference,Colorado,,"Denver, Colo.",United States
1920,33,V. J. Johns,Johns,,,male,Executive Committee Member,,Colorado Conference,Central Union Conference,Colorado,,"Denver, Colo.",United States
1920,33,O. J. Nerlund,Nerlund,,,male,Executive Committee Member,,Colorado Conference,Central Union Conference,Colorado,,"Denver, Colo.",United States
1920,33,W. A. Gosmer,Gosmer,,,male,President,The Seventh-day Adventist Association of Colorado,Colorado Conference,Central Union Conference,Colorado,,"Denver, Colo.",United States
1920,33,M. G. Haynes,Haynes,,,male,Secretary and Treasurer,The Seventh-day Adventist Association of Colorado,Colorado Conference,Central Union Conference,Colorado,,"Denver, Colo.",United States
1920,33,D. T. Snideman,Snideman,,,male,Field Missionary Secretary,,Colorado Conference,Central Union Conference,Colorado,,"Denver, Colo.",United States
1920,33,F. A. Page,Page,,,male,Secretary,Sabbath School Department,Colorado Conference,Central Union Conference,Colorado,,"Denver, Colo.",United States
1920,33,G. W. Anglebarger,Anglebarger,,,male,Secretary,Religious Liberty Department,Colorado Conference,Central Union Conference,Colorado,,"Denver, Colo.",United States
1920,33,F. J. Wilbur,Wilbur,,,male,Secretary,Young People's Department,Colorado Conference,Central Union Conference,Colorado,,"Denver, Colo.",United States
1920,33,H. A. Green,Green,Dr.,,male,Secretary,Medical Missionary Department,Colorado Conference,Central Union Conference,Colorado,Boulder-Colorado Sanitarium,"Boulder, Colo.",United States
1920,33,F. J. Wilbur,Wilbur,,,male,Secretary,Home Missionary Department,Colorado Conference,Central Union Conference,Colorado,,"Denver, Colo.",United States
1920,33,W. A. Gosmer,Gosmer,,,male,Minister,,Colorado Conference,Central Union Conference,Colorado,,"Loveland, Colo.",United States
1920,33,G. W. Anglebarger,Anglebarger,,,male,Minister,,Colorado Conference,Central Union Conference,Colorado,,"Denver, Colo.",United States
1920,33,E. E. Farnsworth,Farnsworth,,,male,Minister,,Colorado Conference,Central Union Conference,Colorado,,"Loveland, Colo.",United States
1920,33,J. E. Patzkowski,Patzkowski,,,male,Minister,,Colorado Conference,Central Union Conference,Colorado,,"Denver, Colo.",United States
1920,33,E. R. Lauda,Lauda,,,male,Minister,,Colorado Conference,Central Union Conference,Colorado,,"Wheatridge, Colo.",United States
1920,33,O. J. Nerlund,Nerlund,,,male,Minister,,Colorado Conference,Central Union Conference,Colorado,,"Denver, Colo.",United States
1920,33,H. F. Saxton,Saxton,,,male,Minister,,Colorado Conference,Central Union Conference,Colorado,,"Loveland, Colo.",United States
1920,33,A. G. Wearner,Wearner,,,male,Minister,,Colorado Conference,Central Union Conference,Colorado,,"Denver, Colo.",United States
1920,33,C. W. Allen,Allen,,,male,Minister,,Colorado Conference,Central Union Conference,Colorado,,"Denver, Colo.",United States
1920,33,J. Z. Walker,Walker,,,male,Minister,,Colorado Conference,Central Union Conference,Colorado,,"Salida, Colo.",United States
1920,33,A. E. Hagen,Hagen,,,male,Minister,,Colorado Conference,Central Union Conference,Colorado,,"Denver, Colo.",United States
1920,33,V. J. Johns,Johns,,,male,Minister,,Colorado Conference,Central Union Conference,Colorado,,"Colorado Springs, Colo.",United States
1920,33,H. A. Aufderhar,Aufderhar,,,male,Honorary Ministerial Credentials,,Colorado Conference,Central Union Conference,Colorado,,"Pierce, Colo.",United States
1920,33,W. D. Emery,Emery,,,male,Honorary Ministerial Credentials,,Colorado Conference,Central Union Conference,Colorado,,"Boulder, Colo.",United States
1920,33,C. R. Kite,Kite,,,male,Honorary Ministerial Credentials,,Colorado Conference,Central Union Conference,Colorado,,"Bellvue, Colo.",United States
1920,33,J. H. Kraft,Kraft,,,male,Honorary Ministerial Credentials,,Colorado Conference,Central Union Conference,Colorado,,"Fort Collins, Colo.",United States
1920,33,U. P. Long,Long,,,male,Honorary Ministerial Credentials,,Colorado Conference,Central Union Conference,Colorado,,"Denver, Colo.",United States
1920,33,B. W. Brown,Brown,,,male,Honorary Ministerial Credentials,,Colorado Conference,Central Union Conference,Colorado,,"Boulder, Colo.",United States
1920,33,M. G. Haynes,Haynes,,,male,Licentiate,,Colorado Conference,Central Union Conference,Colorado,,"Denver, Colo.",United States
1920,33,Walter Schacht,Schacht,,,male,Licentiate,,Colorado Conference,Central Union Conference,Colorado,,"Denver, Colo.",United States
1920,33,John Deapen,Deapen,,,male,Licentiate,,Colorado Conference,Central Union Conference,Colorado,,"Denver, Colo.",United States
1920,33,T. H. Coopwood,Coopwood,,,male,Licentiate,,Colorado Conference,Central Union Conference,Colorado,,"Colorado Springs, Colo.",United States
1920,33,D. T. Snideman,Snideman,,,male,Licentiate,,Colorado Conference,Central Union Conference,Colorado,,"Denver, Colo.",United States
1920,33,F. A. Page,Page,,,male,Licentiate,,Colorado Conference,Central Union Conference,Colorado,,"Denver, Colo.",United States
1920,33,F. J. Wilbur,Wilbur,,,male,Licentiate,,Colorado Conference,Central Union Conference,Colorado,,"Denver, Colo.",United States
1920,33,Mrs. M. G. Haynes,Haynes,Mrs.,,female,Missionary Licentiate,,Colorado Conference,Central Union Conference,Colorado,,"Denver, Colo.",United States
1920,33,Frances Brockman,Brockman,,,female,Missionary Licentiate,,Colorado Conference,Central Union Conference,Colorado,,"Denver, Colo.",United States
1920,33,Elizabeth Litwinenco,Litwinenco,,,female,Missionary Licentiate,,Colorado Conference,Central Union Conference,Colorado,,"Denver, Colo.",United States
1920,32,S. E. Wight,Wight,,,male,President,,Central Union Conference,Central Union Conference,Central Union,,"College View, Nebr.",United States
1920,32,Mettie E. Cornell,Cornell,Miss,,female,Secretary and Treasurer,,Central Union Conference,Central Union Conference,Central Union,,"College View, Nebr.",United States
1920,32,R. T. Emery,Emery,,,male,Auditor,,Central Union Conference,Central Union Conference,Central Union,,"College View, Nebr.",United States
1920,32,S. E. Wight,Wight,,,male,President,Legal Association,Central Union Conference Assn. of S. D. A.,Central Union Conference,Central Union,,"College View, Nebr.",United States
1920,32,R. T. Emery,Emery,,,male,Secretary,Legal Association,Central Union Conference Assn. of S. D. A.,Central Union Conference,Central Union,,"College View, Nebr.",United States
1920,32,A. R. Smith,Smith,,,male,Manager,Union Book Depository,Kansas City Branch of Pacific Press Pub. Assn.,Central Union Conference,Central Union,Kansas City Branch of Pacific Press Pub. Assn.,"Kansas City, Mo.",United States
1920,32,J. B. Blosser,Blosser,,,male,Union Field Missionary Secretary,,Central Union Conference,Central Union Conference,Central Union,,"College View, Nebr.",United States
1920,32,D. D. Rees,Rees,,,male,Secretary,Educational Department,Central Union Conference,Central Union Conference,Central Union,,"College View, Nebr.",United States
1920,32,H. A. Green,Green,Dr.,,male,Secretary,Medical Missionary Department,Central Union Conference,Central Union Conference,Central Union,,"College View, Nebr.",United States
1920,32,D. D. Rees,Rees,,,male,Secretary,Young People's Department,Central Union Conference,Central Union Conference,Central Union,,"College View, Nebr.",United States
1920,32,J. N. Anderson,Anderson,,,male,Editor,Work for the Blind; Christian Record,Central Union Conference,Central Union Conference,Central Union,,"College View, Nebr.",United States
1920,32,M. E. Ellis,Ellis,,,male,Manager,Work for the Blind; Christian Record,Central Union Conference,Central Union Conference,Central Union,,"College View, Nebr.",United States
1920,32,Mettie E. Cornell,Cornell,Miss,,female,Secretary,Work for the Blind; Christian Record,Central Union Conference,Central Union Conference,Central Union,,"College View, Nebr.",United States
1920,32,J. S. Rouse,Rouse,,,male,Board Member,Work for the Blind; Christian Record,Central Union Conference,Central Union Conference,Central Union,,"College View, Nebr.",United States
1920,32,R. A. Underwood,Underwood,,,male,Minister,,Central Union Conference,Central Union Conference,Central Union,,"College View, Nebr.",United States
1920,32,M. L. Andreasen,Andreasen,,,male,Minister,,Central Union Conference,Central Union Conference,Central Union,,"College View, Nebr.",United States
1920,32,J. N. Anderson,Anderson,,,male,Minister,,Central Union Conference,Central Union Conference,Central Union,,"College View, Nebr.",United States
1920,32,B. E. Huffman,Huffman,,,male,Minister,,Central Union Conference,Central Union Conference,Central Union,,"College View, Nebr.",United States
1920,32,H. A. Morrison,Morrison,,,male,Minister,,Central Union Conference,Central Union Conference,Central Union,,"College View, Nebr.",United States
1920,32,C. L. Benson,Benson,,,male,Minister,,Central Union Conference,Central Union Conference,Central Union,,"College View, Nebr.",United States
1920,32,C. L. Premer,Premer,,,male,Minister,,Central Union Conference,Central Union Conference,Central Union,,"College View, Nebr.",United States
1920,32,John Isaac,Isaac,,,male,Minister,,Central Union Conference,Central Union Conference,Central Union,,"Clinton, Mo.",United States
1920,32,O. F. Schwedrat,Schwedrat,,,male,Minister,,Central Union Conference,Central Union Conference,Central Union,,"Clinton, Mo.",United States
1920,32,C. T. Everson,Everson,,,male,Minister,,Central Union Conference,Central Union Conference,Central Union,,"Kansas City, Mo.",United States
1920,32,D. D. Rees,Rees,,,male,Licentiate,,Central Union Conference,Central Union Conference,Central Union,,"College View, Nebr.",United States
1920,32,R. T. Emery,Emery,,,male,Licentiate,,Central Union Conference,Central Union Conference,Central Union,,"College View, Nebr.",United States
1920,32,L. E. Westermeyer,Westermeyer,,,male,Licentiate,,Central Union Conference,Central Union Conference,Central Union,,"College View, Nebr.",United States
1920,32,O. S. Beltz,Beltz,,,male,Licentiate,,Central Union Conference,Central Union Conference,Central Union,,"College View, Nebr.",United States
1920,32,A. G. Taylor,Taylor,,,male,Licentiate,,Central Union Conference,Central Union Conference,Central Union,,"College View, Nebr.",United States
1920,32,M. P. Robison,Robison,,,male,Licentiate,,Central Union Conference,Central Union Conference,Central Union,,"College View, Nebr.",United States
1920,32,F. R. Isaac,Isaac,,,male,Licentiate,,Central Union Conference,Central Union Conference,Central Union,,"Clinton, Mo.",United States
1920,32,H. A. Green,Green,Dr.,,male,Licentiate,,Central Union Conference,Central Union Conference,Central Union,Boulder-Colorado Sanitarium,"Boulder, Colo.",United States
1920,32,Mettie E. Cornell,Cornell,Miss,,female,Missionary Licentiate,,Central Union Conference,Central Union Conference,Central Union,,"College View, Nebr.",United States
1920,32,Mrs. C. T. Everson,Everson,Mrs.,,female,Missionary Licentiate,,Central Union Conference,Central Union Conference,Central Union,,"Kansas City, Mo.",United States
1920,35,H. E. Lysinger,Lysinger,,,male,President,Inter-Mountain Conference Association of the Seventh-day Adventists,Inter-Mountain Conference,Central Union Conference,Inter-Mountain,,"Grand Junction, Colo.",United States
1920,35,S. Donaldson,Donaldson,,,male,Secretary and Treasurer,Inter-Mountain Conference Association of the Seventh-day Adventists; Tract Society,Inter-Mountain Conference,Central Union Conference,Inter-Mountain,,,United States
1920,35,H. B. Meeker,Meeker,,,male,Field Missionary Secretary,Tract Society,Inter-Mountain Conference,Central Union Conference,Inter-Mountain,,"Delta, Colo.",United States
1920,35,Mrs. Edith A. Cummings,Cummings,Mrs.,,female,Secretary,Sabbath School Dept.; Educational Dept. Superintendent,Inter-Mountain Conference,Central Union Conference,Inter-Mountain,,"208 North Eighth St., Grand Junction, Colo.",United States
1920,35,M. J. King,King,,,male,Minister,,Inter-Mountain Conference,Central Union Conference,Inter-Mountain,,"Cortez, Colo.",United States
1920,35,F. S. Choliar,Choliar,,,male,Licentiate,,Inter-Mountain Conference,Central Union Conference,Inter-Mountain,,"122 South Eighth, Grand Junction, Colo.",United States
1920,35,Miss Ilene Neller,Neller,Miss,,female,Church School Teacher,,Inter-Mountain Conference,Central Union Conference,Inter-Mountain,Inter-Mountain Academy,"Grand Valley, Colo.",United States
1920,35,Miss Florence Chilson,Chilson,Miss,,female,Church School Teacher,,Inter-Mountain Conference,Central Union Conference,Inter-Mountain,,"Cedaredge, Colo.",United States
1920,35,Miss Helen Gardner,Gardner,Miss,,female,Church School Teacher,,Inter-Mountain Conference,Central Union Conference,Inter-Mountain,,"146 South Second St., Montrose, Colo.",United States
1920,35,Mrs. Carrie Gerry,Gerry,Mrs.,,female,Church School Teacher,,Inter-Mountain Conference,Central Union Conference,Inter-Mountain,,"Eighth and Colorado Sts., Grand Junction, Colo.",United States
1920,35,B. G. Wilkinson,Wilkinson,,,male,President,,Kansas Conference,Central Union Conference,Kansas,,"Enterprise, Kans.",United States
1920,35,F. I. Mohr,Mohr,,,male,Secretary and Treasurer,,Kansas Conference,Central Union Conference,Kansas,,"Enterprise, Kans.",United States
1920,35,W. L. Nott,Nott,,,male,Executive Committee Member,,Kansas Conference,Central Union Conference,Kansas,,"1403 South Main St., Winfield, Kans.",United States
1920,35,Bernard Voth,Voth,,,male,Executive Committee Member,,Kansas Conference,Central Union Conference,Kansas,,,United States
1920,35,R. B. Stauffer,Stauffer,,,male,Executive Committee Member,,Kansas Conference,Central Union Conference,Kansas,,,United States
1920,35,H. S. Osterloh,Osterloh,,,male,Executive Committee Member,,Kansas Conference,Central Union Conference,Kansas,,,United States
1920,35,J. D. McBroom,McBroom,,,male,Executive Committee Member,,Kansas Conference,Central Union Conference,Kansas,,,United States
1920,35,H. C. Hughey,Hughey,,,male,Executive Committee Member,,Kansas Conference,Central Union Conference,Kansas,,,United States
1920,35,R. C. Baker,Baker,,,male,Field Missionary Secretary,,Kansas Conference,Central Union Conference,Kansas,,,United States
1920,35,Miss Faye Eagle,Eagle,Miss,,female,Secretary,,Kansas Conference,Central Union Conference,Kansas,,,United States
1920,35,Miss Ernestine Hochschorner,Hochschorner,Miss,,female,Superintendent,Educational Dept.,Kansas Conference,Central Union Conference,Kansas,,,United States
1920,35,W. E. Neff,Neff,,,male,Secretary,Religious Liberty Dept.,Kansas Conference,Central Union Conference,Kansas,,"414 East Eighth St., Hutchinson, Kans.",United States
1920,35,W. F. Surber,Surber,,,male,Secretary,Home Missionary Dept.,Kansas Conference,Central Union Conference,Kansas,,,United States
1920,35,Dr. F. C. Dean,Dean,Dr.,,male,Secretary,Medical Missionary Dept.,Kansas Conference,Central Union Conference,Kansas,,,United States
1920,35,A. B. Campbell,Campbell,,,male,Minister,,Kansas Conference,Central Union Conference,Kansas,,"742 Maple St., Wichita, Kans.",United States
1920,35,A. E. Johnson,Johnson,,,male,Minister,,Kansas Conference,Central Union Conference,Kansas,,"Enterprise, Kans.",United States
1920,35,F. L. Abbott,Abbott,,,male,Minister,,Kansas Conference,Central Union Conference,Kansas,,"3200 West Douglas Ave., Wichita, Kans.",United States
1920,34,Elsie Reynolds,Reynolds,,,female,,"1112 Kalamath St., Denver, Colo.",Colorado Conference,Central Union Conference,Colorado,,"Denver, Colo.",United States
1920,34,Genevieve Low,Low,,,female,,1112 Kalamath St.,Colorado Conference,Central Union Conference,Colorado,,"Denver, Colo.",United States
1920,34,Esther Smith,Smith,,,female,,"201 Frost Ave., Trinidad, Colo.",Colorado Conference,Central Union Conference,Colorado,,"Trinidad, Colo.",United States
1920,34,Bessie Sufficool,Sufficool,,,female,,418 Nevada Ave.,Colorado Conference,Central Union Conference,Colorado,,Colorado,United States
1920,34,W. R. Jones,Jones,,,male,,1112 Kalamath St.,Colorado Conference,Central Union Conference,Colorado,,"Denver, Colo.",United States
1920,34,Mrs. S. W. Abel,Abel,Mrs.,,female,Church School Teacher,"1030 West Kiowa St., Colorado Springs, Colo.",Colorado Conference,Central Union Conference,Colorado,,"Colorado Springs, Colo.",United States
1920,34,Miss Sadie Beaird,Beaird,Miss,,female,Church School Teacher,,Colorado Conference,Central Union Conference,Colorado,,"Haxtun, Colo.",United States
1920,34,Eva Beeler,Beeler,,,female,Church School Teacher,care Mrs. E. Hause,Colorado Conference,Central Union Conference,Colorado,,"Fort Lupton, Colo.",United States
1920,34,Mrs. O. E. Borton,Borton,Mrs.,,female,Church School Teacher,"Route A, Box 80",Colorado Conference,Central Union Conference,Colorado,,"Burlington, Colo.",United States
1920,34,Dorothy DeLand,DeLand,,,female,Church School Teacher,625 East Eleventh St.,Colorado Conference,Central Union Conference,Colorado,,"Loveland, Colo.",United States
1920,34,Grace DeLand,DeLand,,,female,Church School Teacher,625 East Eleventh St.,Colorado Conference,Central Union Conference,Colorado,,"Loveland, Colo.",United States
1920,34,Eunice Donaldson,Donaldson,,,female,Church School Teacher,care H. E. Jennings,Colorado Conference,Central Union Conference,Colorado,,"Lamar, Colo.",United States
1920,34,Mrs. O. A. Dow,Dow,Mrs.,,female,Church School Teacher,,Colorado Conference,Central Union Conference,Colorado,,"Lyons, Colo.",United States
1920,34,Olive Graves,Graves,,,female,Church School Teacher,4569 Osceola St.,Colorado Conference,Central Union Conference,Colorado,,Colorado,United States
1920,34,Mrs. Cassie Henricksen,Henricksen,Mrs.,,female,Church School Teacher,,Colorado Conference,Central Union Conference,Colorado,,"Jaroso, Colo.",United States
1920,34,Buelah Jenkins,Jenkins,,,female,Church School Teacher,care Campion Academy,Colorado Conference,Central Union Conference,Colorado,Campion Academy,"Loveland, Colo.",United States
1920,34,Florin Kinder,Kinder,,,,Church School Teacher,,Colorado Conference,Central Union Conference,Colorado,,"Blanca, Colo.",United States
1920,34,Anna Kinder,Kinder,,,female,Church School Teacher,Box 84,Colorado Conference,Central Union Conference,Colorado,,"Jaroso, Colo.",United States
1920,34,Esther Knudson,Knudson,,,female,Church School Teacher,743 Elati St.,Colorado Conference,Central Union Conference,Colorado,,Colorado,United States
1920,34,Esther Kraft,Kraft,,,female,Church School Teacher,"Route 1, Box 52",Colorado Conference,Central Union Conference,Colorado,,"La Salle, Colo.",United States
1920,34,Emma Lewis,Lewis,,,female,Church School Teacher,care Mrs. L. Clark,Colorado Conference,Central Union Conference,Colorado,,"Sterling, Colo.",United States
1920,34,Mrs. Myrtle Long,Long,Mrs.,,female,Church School Teacher,826 Maxwell Ave.,Colorado Conference,Central Union Conference,Colorado,,"Boulder, Colo.",United States
1920,34,Helen McClintock,McClintock,,,female,Church School Teacher,,Colorado Conference,Central Union Conference,Colorado,,"La Veta, Colo.",United States
1920,34,Mrs. Sheba Morris,Morris,Mrs.,,female,Church School Teacher,care Campion Academy,Colorado Conference,Central Union Conference,Colorado,Campion Academy,"Loveland, Colo.",United States
1920,34,Mary Jane Nelson,Nelson,,,female,Church School Teacher,care H. B. Peterson,Colorado Conference,Central Union Conference,Colorado,,"Haxtun, Colo.",United States
1920,34,Ruth Ramsdell,Ramsdell,,,female,Church School Teacher,Box 934,Colorado Conference,Central Union Conference,Colorado,,"Greeley, Colo.",United States
1920,34,H. E. Reeder,Reeder,,,male,Church School Teacher,504 Maxwell Ave.,Colorado Conference,Central Union Conference,Colorado,,"Boulder, Colo.",United States
1920,34,Miss Daisy White,White,Miss,,female,Church School Teacher,,Colorado Conference,Central Union Conference,Colorado,,"Jaroso, Colo.",United States
1920,34,L. R. Wammock,Wammock,,,male,Church School Teacher,,Colorado Conference,Central Union Conference,Colorado,,"Brighton, Colo.",United States
1920,34,Belle Woodman,Woodman,,,female,Church School Teacher,232 Gay St.,Colorado Conference,Central Union Conference,Colorado,,"Longmont, Colo.",United States
1920,34,H. E. Lysinger,Lysinger,,,male,President,,Inter-Mountain Conference,Central Union Conference,Inter-Mountain,,"Grand Junction, Colo.",United States
1920,34,W. C. Baldwin,Baldwin,,,male,Executive Committee Member,,Inter-Mountain Conference,Central Union Conference,Inter-Mountain,,"Grand Junction, Colo.",United States
1920,34,M. J. King,King,,,male,Executive Committee Member,,Inter-Mountain Conference,Central Union Conference,Inter-Mountain,,"Grand Junction, Colo.",United States
1920,37,D. U. Hale,Hale,,,male,President,,Missouri Conference,Central Union Conference,Missouri,,"Clinton, Mo.",United States
1920,37,Lucy Page Emerson,Emerson,,,female,Secretary and Treasurer,,Missouri Conference,Central Union Conference,Missouri,,"Clinton, Mo.",United States
1920,37,D. U. Hale,Hale,,,male,Executive Committee Member,,Missouri Conference,Central Union Conference,Missouri,,"Clinton, Mo.",United States
1920,37,C. G. Bellah,Bellah,,,male,Executive Committee Member,,Missouri Conference,Central Union Conference,Missouri,,"St. Louis, Mo.",United States
1920,37,F. R. Isaac,Isaac,,,male,Executive Committee Member,,Missouri Conference,Central Union Conference,Missouri,,"Clinton, Mo.",United States
1920,37,U. S. Willis,Willis,,,male,Executive Committee Member,,Missouri Conference,Central Union Conference,Missouri,,"St. Louis, Mo.",United States
1920,37,R. B. Turner,Turner,,,male,Executive Committee Member,,Missouri Conference,Central Union Conference,Missouri,,"Clinton, Mo.",United States
1920,37,C. I. Swinhart,Swinhart,,,male,Executive Committee Member,,Missouri Conference,Central Union Conference,Missouri,,"Clinton, Mo.",United States
1920,37,J. R. Ferren,Ferren,,,male,Executive Committee Member,,Missouri Conference,Central Union Conference,Missouri,,"Clinton, Mo.",United States
1920,37,D. U. Hale,Hale,,,male,President,Legal Association,Missouri Conference Association of the Seventh-day Adventists,Central Union Conference,Missouri,,"Clinton, Mo.",United States
1920,37,F. R. Isaac,Isaac,,,male,Secretary,Legal Association,Missouri Conference Association of the Seventh-day Adventists,Central Union Conference,Missouri,,"Clinton, Mo.",United States
1920,37,Lucy Page Emerson,Emerson,,,female,Treasurer,Legal Association,Missouri Conference Association of the Seventh-day Adventists,Central Union Conference,Missouri,,"Clinton, Mo.",United States
1920,37,W. H. Griffith,Griffith,,,male,Secretary and Treasurer,Tract Society,Missouri Conference,Central Union Conference,Missouri,,"Clinton, Mo.",United States
1920,37,J. W. Coppock,Coppock,,,male,Field Missionary Secretary,Tract Society,Missouri Conference,Central Union Conference,Missouri,,"Clinton, Mo.",United States
1920,37,Mary V. Walter,Walter,Miss,,female,Secretary,Sabbath School Department,Missouri Conference,Central Union Conference,Missouri,,"Clinton, Mo.",United States
1920,37,A. C. Madsen,Madsen,,,male,Superintendent,Educational Department,Missouri Conference,Central Union Conference,Missouri,,"Clinton, Mo.",United States
1920,37,J. C. Bradley,Bradley,,,male,Secretary,Religious Liberty Department,Missouri Conference,Central Union Conference,Missouri,,"Clinton, Mo.",United States
1920,37,A. C. Madsen,Madsen,,,male,Secretary,Young People's Department,Missouri Conference,Central Union Conference,Missouri,,"Clinton, Mo.",United States
1920,37,Mary V. Walter,Walter,Miss,,female,Secretary,Home Missionary Department,Missouri Conference,Central Union Conference,Missouri,,"Clinton, Mo.",United States
1920,37,D. U. Hale,Hale,,,male,Minister,,Missouri Conference,Central Union Conference,Missouri,,"203 West Franklin St., Clinton, Mo.",United States
1920,37,D. P. Miller,Miller,,,male,Minister,,Missouri Conference,Central Union Conference,Missouri,,"520 West Lynn St., Springfield, Mo.",United States
1920,37,C. G. Bellah,Bellah,,,male,Minister,,Missouri Conference,Central Union Conference,Missouri,,"5331 Goodfellow Place, St. Louis, Mo.",United States
1920,37,F. H. Hoxie,Hoxie,,,male,Minister,,Missouri Conference,Central Union Conference,Missouri,,"203 West Franklin St., Clinton, Mo.",United States
1920,37,Martin Steuckrath,Steuckrath,,,male,Minister,,Missouri Conference,Central Union Conference,Missouri,,"3441 South Indiana Ave., St. Louis, Mo.",United States
1920,37,U. S. Willis,Willis,,,male,Minister,,Missouri Conference,Central Union Conference,Missouri,,"4220 West Lucky St., St. Louis, Mo.",United States
1920,37,A. C. Chatman,Chatman,,,male,Minister,,Missouri Conference,Central Union Conference,Missouri,,"1803 East Twenty-third St., Kansas City, Mo.",United States
1920,37,H. A. Fish,Fish,,,male,Minister,,Missouri Conference,Central Union Conference,Missouri,,"203 West Franklin St., Clinton, Mo.",United States
1920,37,G. R. Hawkins,Hawkins,,,male,Minister,,Missouri Conference,Central Union Conference,Missouri,,"2011 Sylvannie St., St. Joseph, Mo.",United States
1920,37,L. W. Terry,Terry,,,male,Honorary Ministerial Credentials,,Missouri Conference,Central Union Conference,Missouri,,"Rockville, Mo.",United States
1920,37,W. F. H. Schroeder,Schroeder,,,male,Honorary Ministerial Credentials,,Missouri Conference,Central Union Conference,Missouri,,"Bland, Mo.",United States
1920,37,A. C. Madsen,Madsen,,,male,Licentiate,,Missouri Conference,Central Union Conference,Missouri,,"203 West Franklin St., Clinton, Mo.",United States
1920,37,V. P. Lovell,Lovell,,,male,Licentiate,,Missouri Conference,Central Union Conference,Missouri,,"2605 Walroud Ave., Kansas City, Mo.",United States
1920,37,P. H. Chaffee,Chaffee,,,male,Licentiate,,Missouri Conference,Central Union Conference,Missouri,,"Ethel, Mo.",United States
1920,37,W. H. Griffith,Griffith,,,male,Licentiate,,Missouri Conference,Central Union Conference,Missouri,,"Clinton, Mo.",United States
1920,37,Mrs. E. F. Hawkins,Hawkins,Mrs.,,female,Licentiate,,Missouri Conference,Central Union Conference,Missouri,,"2011 Sylvannie St., St. Joseph, Mo.",United States
1920,37,J. H. Neufeld,Neufeld,,,male,Licentiate,,Missouri Conference,Central Union Conference,Missouri,,"3441 South Indiana Ave., St. Louis, Mo.",United States
1920,37,J. W. Coppock,Coppock,,,male,Licentiate,,Missouri Conference,Central Union Conference,Missouri,,"203 West Franklin St., Clinton, Mo.",United States
1920,37,J. C. Bradley,Bradley,,,male,Missionary Licentiate,,Missouri Conference,Central Union Conference,Missouri,,"Goldsherry, Mo.",United States
1920,37,Mrs. A. E. Daniels,Daniels,Mrs.,,female,Missionary Licentiate,,Missouri Conference,Central Union Conference,Missouri,,"4345 Washington Blvd., St. Louis, Mo.",United States
1920,37,Mary V. Walter,Walter,Miss,,female,Missionary Licentiate,,Missouri Conference,Central Union Conference,Missouri,,"203 West Franklin St., Clinton, Mo.",United States
1920,37,Mrs. Ella M. Merrell,Merrell,Mrs.,,female,Missionary Licentiate,,Missouri Conference,Central Union Conference,Missouri,,"2636 Bellefontaine Ave., Kansas City, Mo.",United States
1920,37,Mrs. Mary Barry,Barry,Mrs.,,female,Missionary Licentiate,,Missouri Conference,Central Union Conference,Missouri,,"1911 East Seventeenth St., Kansas City, Mo.",United States
1920,37,Lucy Page Emerson,Emerson,Miss,,female,Missionary Licentiate,,Missouri Conference,Central Union Conference,Missouri,,"203 West Franklin St., Clinton, Mo.",United States
1920,37,Alma Gerhart,Gerhart,Miss,,female,Missionary Licentiate,,Missouri Conference,Central Union Conference,Missouri,,"5331 Goodfellow Place, St. Louis, Mo.",United States
1920,37,Mrs. Laura B. Wilson,Wilson,Mrs.,,female,Missionary Licentiate,,Missouri Conference,Central Union Conference,Missouri,,"4220 West Lucky St., St. Louis, Mo.",United States
1920,37,Mrs. C. G. Bellah,Bellah,Mrs.,,female,Missionary Licentiate,,Missouri Conference,Central Union Conference,Missouri,,"5331 Goodfellow Place, St. Louis, Mo.",United States
1920,37,Ada J. Madison,Madison,,,female,Missionary Licentiate,,Missouri Conference,Central Union Conference,Missouri,,"1171 Hodiamont, St. Louis, Mo.",United States
1920,37,J. C. Turner,Turner,,,male,Church School Teacher,,Missouri Conference,Central Union Conference,Missouri,,"Ethel, Mo.",United States
1920,37,Mrs. J. C. Turner,Turner,Mrs.,,female,Church School Teacher,,Missouri Conference,Central Union Conference,Missouri,,"Ethel, Mo.",United States
1920,37,A. B. Shrake,Shrake,,,male,Church School Teacher,,Missouri Conference,Central Union Conference,Missouri,,"Rogersville, Mo.",United States
1920,36,Bernard Voth,Voth,,,male,Ordained Minister,,Kansas Conference,Central Union Conference,Kansas,,"Durham, Kans.",United States
1920,36,L. W. Browne,Browne,,,male,Ordained Minister,,Kansas Conference,Central Union Conference,Kansas,,"535 New Jersey Ave., Kansas City, Kans.",United States
1920,36,A. S. Bringle,Bringle,,,male,Ordained Minister,,Kansas Conference,Central Union Conference,Kansas,,"Enterprise, Kans.",United States
1920,36,M. G. Huffman,Huffman,,,male,Ordained Minister,,Kansas Conference,Central Union Conference,Kansas,,"Enterprise, Kans.",United States
1920,36,R. B. Stauffer,Stauffer,,,male,Ordained Minister,,Kansas Conference,Central Union Conference,Kansas,,"Fifth and Waverly Sts., Kansas City, Kans.",United States
1920,36,H. J. Miller,Miller,,,male,Ordained Minister,,Kansas Conference,Central Union Conference,Kansas,,"1033 North Mosley St., Wichita, Kans.",United States
1920,36,I. V. Minner,Minner,,,male,Ordained Minister,,Kansas Conference,Central Union Conference,Kansas,,"1026 North Jackson St., Topeka, Kans.",United States
1920,36,E. A. Jones,Jones,,,male,Licentiate,,Kansas Conference,Central Union Conference,Kansas,,"Wellington, Kans.",United States
1920,36,Joseph Phillips,Phillips,,,male,Licentiate,,Kansas Conference,Central Union Conference,Kansas,,"College View, Nebr.",United States
1920,36,H. E. Westermeyer,Westermeyer,,,male,Licentiate,,Kansas Conference,Central Union Conference,Kansas,,"Enterprise, Kans.",United States
1920,36,F. G. Young,Young,,,male,Licentiate,,Kansas Conference,Central Union Conference,Kansas,,"Enterprise, Kans.",United States
1920,36,F. I. Mohr,Mohr,,,male,Licentiate,,Kansas Conference,Central Union Conference,Kansas,,"Enterprise, Kans.",United States
1920,36,W. F. Surber,Surber,,,male,Licentiate,,Kansas Conference,Central Union Conference,Kansas,,"Thayer, Kans.",United States
1920,36,R. C. Baker,Baker,,,male,Licentiate,,Kansas Conference,Central Union Conference,Kansas,,"Enterprise, Kans.",United States
1920,36,E. E. Pringle,Pringle,,,male,Licentiate,,Kansas Conference,Central Union Conference,Kansas,,"Enterprise, Kans.",United States
1920,36,Maud I. Davis,Davis,Miss,,female,Missionary Licentiate,,Kansas Conference,Central Union Conference,Kansas,,1424 Lincoln,United States
1920,36,Ernestine Hochschorner,Hochschorner,Miss,,female,Missionary Licentiate,,Kansas Conference,Central Union Conference,Kansas,,"Enterprise, Kans.",United States
1920,36,Faye Eagle,Eagle,Miss,,female,Missionary Licentiate,,Kansas Conference,Central Union Conference,Kansas,,"117 North Millwood Ave., Wichita, Kans.",United States
1920,36,Mabel Ezell-Killion,Ezell-Killion,Mrs.,,female,Missionary Licentiate,,Kansas Conference,Central Union Conference,Kansas,,"Enterprise, Kans.",United States
1920,36,Dottie P. Jones,Jones,Miss,,female,Missionary Licentiate,,Kansas Conference,Central Union Conference,Kansas,,"307 East Ninth St., Newton, Kans.",United States
1920,36,Lois Oldson,Oldson,Miss,,female,Missionary Licentiate,,Kansas Conference,Central Union Conference,Kansas,,"Enterprise, Kans.",United States
1920,36,Mrs. H. J. Miller,Miller,Mrs.,,female,Missionary Licentiate,,Kansas Conference,Central Union Conference,Kansas,,"1033 North Mosley St., Wichita, Kans.",United States
1920,36,Ellen Wilson,Wilson,Miss,,female,Missionary Licentiate,,Kansas Conference,Central Union Conference,Kansas,,"1403 South Main St., Winfield, Kans.",United States
1920,36,Bonnie Mills,Mills,Mrs.,,female,Missionary Licentiate,,Kansas Conference,Central Union Conference,Kansas,,1403 South,United States
1920,36,Minerva Wammack,Wammack,Miss,,female,Church School Teacher,,Kansas Conference,Central Union Conference,Kansas,,"801 Wisconsin St., Oswego, Kans.",United States
1920,36,Emma Bardel,Bardel,Miss,,female,Church School Teacher,,Kansas Conference,Central Union Conference,Kansas,,"ElDorado, Kans.",United States
1920,36,Fara Whitlow,Whitlow,Miss,,female,Church School Teacher,,Kansas Conference,Central Union Conference,Kansas,,"917 East Seventh St., Newton, Kans.",United States
1920,36,Faye Miller,Miller,Miss,,female,Church School Teacher,,Kansas Conference,Central Union Conference,Kansas,,"Thayer, Kans.",United States
1920,36,Mrs. J. L. Beggs,Beggs,Mrs.,,female,Church School Teacher,,Kansas Conference,Central Union Conference,Kansas,,"208 South Vine St., Wichita, Kans.",United States
1920,36,Cora L. Davis,Davis,Miss,,female,Church School Teacher,,Kansas Conference,Central Union Conference,Kansas,,"135 North Millwood Ave., Wichita, Kans.",United States
1920,36,Arloa McComas,McComas,Miss,,female,Church School Teacher,,Kansas Conference,Central Union Conference,Kansas,,135 North,United States
1920,36,Ivah Thorp,Thorp,Miss,,female,Church School Teacher,,Kansas Conference,Central Union Conference,Kansas,,"Portis, Kans.",United States
1920,36,Gertrude Sinclair,Sinclair,Miss,,female,Church School Teacher,,Kansas Conference,Central Union Conference,Kansas,,"821 West Fifth St., Topeka, Kans.",United States
1920,36,Estella McCleland,McCleland,Miss,,female,Church School Teacher,,Kansas Conference,Central Union Conference,Kansas,,"Portis, Kans.",United States
1920,36,Verna Larsen,Larsen,Miss,,female,Church School Teacher,,Kansas Conference,Central Union Conference,Kansas,,"2116 North Fourth St., Kansas City, Kans.",United States
1920,36,Edith Partridge,Partridge,Miss,,female,Church School Teacher,,Kansas Conference,Central Union Conference,Kansas,,2116 North,United States
1920,36,Annah Vaughn,Vaughn,Miss,,female,Church School Teacher,,Kansas Conference,Central Union Conference,Kansas,,"Liberal, Kans.",United States
1920,36,Erma Johnston,Johnston,Miss,,female,Church School Teacher,,Kansas Conference,Central Union Conference,Kansas,,"804 South Oak St., Ottawa, Kans.",United States
1920,36,Mina Boll,Boll,Mrs.,,female,Church School Teacher,,Kansas Conference,Central Union Conference,Kansas,,"2404 North Fifth St., Kansas City, Kans.",United States
1920,36,Esther Weese,Weese,Miss,,female,Church School Teacher,,Kansas Conference,Central Union Conference,Kansas,,"2404 North Fifth St., Kansas City, Kans.",United States
1920,36,Sarah Wammack,Wammack,Miss,,female,Church School Teacher,,Kansas Conference,Central Union Conference,Kansas,,"617 South St., Iola, Kans.",United States
1920,36,Myrtle Minner,Minner,Miss,,female,Church School Teacher,,Kansas Conference,Central Union Conference,Kansas,,"Belpre, Kans.",United States
1920,36,Freda Pearson,Pearson,Miss,,female,Church School Teacher,,Kansas Conference,Central Union Conference,Kansas,,"801 Wisconsin St., Oswego, Kans.",United States
1920,36,E. O. Westermeyer,Westermeyer,,,male,Church School Teacher,,Kansas Conference,Central Union Conference,Kansas,,"Nekoma, Kans.",United States
1920,36,Opal Wheeler,Wheeler,Miss,,female,Church School Teacher,,Kansas Conference,Central Union Conference,Kansas,,"907 West Lincoln St., Wellington, Kans.",United States
1920,36,Maude Weese,Weese,Miss,,female,Church School Teacher,,Kansas Conference,Central Union Conference,Kansas,,2404 North,United States
1920,36,Estella Corwin,Corwin,Miss,,female,Church School Teacher,,Kansas Conference,Central Union Conference,Kansas,,"Downs, Kans.",United States
1920,36,Frances Light,Light,Miss,,female,Church School Teacher,,Kansas Conference,Central Union Conference,Kansas,,"Bison, Kans.",United States
1920,36,Mrs. J. F. Simon,Simon,Mrs.,,female,Church School Teacher,,Kansas Conference,Central Union Conference,Kansas,,"Bison, Kans.",United States
1920,36,Mrs. W. E. Neff,Neff,Mrs.,,female,Church School Teacher,,Kansas Conference,Central Union Conference,Kansas,,"414 East Eighth St., Hutchinson, Kans.",United States
1920,36,Vienna Hamilton,Hamilton,Miss,,female,Church School Teacher,,Kansas Conference,Central Union Conference,Kansas,,"814 South C St., Arkansas City, Kans.",United States
1920,36,Vivian Ioiter,Ioiter,Miss,,female,Church School Teacher,,Kansas Conference,Central Union Conference,Kansas,,"Enterprise, Kans.",United States
1920,38,Mrs. A. B. Shrake,Shrake,Mrs.,,female,,,Missouri Conference,Central Union Conference,Missouri,,"Rogersville, Mo.",United States
1920,38,P. W. Peters,Peters,,,male,,,Missouri Conference,Central Union Conference,Missouri,,"Clinton, Mo.",United States
1920,38,Miss Esther Schneider,Schneider,Miss,,female,,,Missouri Conference,Central Union Conference,Missouri,,"Clinton, Mo.",United States
1920,38,J. C. Linter,Linter,,,male,,,Missouri Conference,Central Union Conference,Missouri,,"Poplar Bluff, Mo.",United States
1920,38,Frances Miller,Miller,,,female,,,Missouri Conference,Central Union Conference,Missouri,,"Gentry, Mo.",United States
1920,38,Mable Johnson,Johnson,,,female,,,Missouri Conference,Central Union Conference,Missouri,,"Ava, Mo.",United States
1920,38,Corrinne Mentzel,Mentzel,,,female,,,Missouri Conference,Central Union Conference,Missouri,,"Taneyville, Mo.",United States
1920,38,Bessie Brands,Brands,,,female,,,Missouri Conference,Central Union Conference,Missouri,,"St. Louis, Mo.",United States
1920,38,J. S. Rouse,Rouse,,,male,President,,Nebraska Conference,Central Union Conference,Nebraska,,"College View, Nebr.",United States
1920,38,H. E. Rosenbach,Rosenbach,,,male,Secretary and Treasurer,,Nebraska Conference,Central Union Conference,Nebraska,,"College View, Nebr.",United States
1920,38,B. H. Shaw,Shaw,,,male,Executive Committee Member,,Nebraska Conference,Central Union Conference,Nebraska,,,United States
1920,38,L. B. Johnson,Johnson,,,male,Executive Committee Member,,Nebraska Conference,Central Union Conference,Nebraska,,,United States
1920,38,J. W. Rogers,Rogers,,,male,Executive Committee Member,,Nebraska Conference,Central Union Conference,Nebraska,,,United States
1920,38,F. G. Lane,Lane,,,male,Executive Committee Member,,Nebraska Conference,Central Union Conference,Nebraska,,,United States
1920,38,S. J. Quantock,Quantock,,,male,Executive Committee Member,,Nebraska Conference,Central Union Conference,Nebraska,,,United States
1920,38,G. C. George,George,,,male,Executive Committee Member,,Nebraska Conference,Central Union Conference,Nebraska,,,United States
1920,38,Ralph Rhodes,Rhodes,,,male,Secretary and Treasurer,Tract Society,Nebraska Conference,Central Union Conference,Nebraska,,"College View, Nebr.",United States
1920,38,Fred C. Clark,Clark,,,male,Field Missionary Secretary,,Nebraska Conference,Central Union Conference,Nebraska,,"College View, Nebr.",United States
1920,38,Miss Elsie Gibbs,Gibbs,Miss,,female,Secretary,Sabbath School Department; Educational Department Superintendent,Nebraska Conference,Central Union Conference,Nebraska,,"College View, Nebr.",United States
1920,38,C. M. Christy,Christy,,,male,Secretary,Young People's Department,Nebraska Conference,Central Union Conference,Nebraska,,"College View, Nebr.",United States
1920,38,Miss Bessie Allen,Allen,Miss,,female,Secretary,Home Missionary Department,Nebraska Conference,Central Union Conference,Nebraska,,"College View, Nebr.",United States
1920,38,C. Avery Hansen,Hansen,,M.D.,male,Secretary,Medical Missionary Department,Nebraska Conference,Central Union Conference,Nebraska,,"College View, Nebr.",United States
1920,38,J. S. Rouse,Rouse,,,male,Minister,,Nebraska Conference,Central Union Conference,Nebraska,,"College View, Nebr.",United States
1920,38,B. M. Garton,Garton,,,male,Minister,,Nebraska Conference,Central Union Conference,Nebraska,,"Cozad, Nebr.",United States
1920,38,C. Avery Hansen,Hansen,,M.D.,male,Minister,,Nebraska Conference,Central Union Conference,Nebraska,,"College View, Nebr.",United States
1920,38,L. E. Johnson,Johnson,,,male,Minister,,Nebraska Conference,Central Union Conference,Nebraska,,"Ringgold, Nebr.",United States
1920,38,B. H. Shaw,Shaw,,,male,Minister,,Nebraska Conference,Central Union Conference,Nebraska,,"Shelton, Nebr.",United States
1920,38,L. F. Trubey,Trubey,,,male,Minister,,Nebraska Conference,Central Union Conference,Nebraska,,"College View, Nebr.",United States
1920,38,F. G. Lane,Lane,,,male,Minister,,Nebraska Conference,Central Union Conference,Nebraska,,"1526 South Twenty-ninth St., Omaha, Nebr.",United States
1920,38,C. M. Christy,Christy,,,male,Minister,,Nebraska Conference,Central Union Conference,Nebraska,,"College View, Nebr.",United States
1920,38,C. A. Carlson,Carlson,,,male,Minister,,Nebraska Conference,Central Union Conference,Nebraska,,"Stromsburg, Nebr.",United States
1920,38,G. C. George,George,,,male,Minister,,Nebraska Conference,Central Union Conference,Nebraska,,"Shelton, Nebr.",United States
1920,38,M. N. Helligso,Helligso,,,male,Minister,,Nebraska Conference,Central Union Conference,Nebraska,,"West Eighth St., Fremont, Nebr.",United States
1920,38,B. B. Baird,Baird,,,male,Minister,,Nebraska Conference,Central Union Conference,Nebraska,,"College View, Nebr.",United States
1920,38,D. P. Gaede,Gaede,,,male,Honorary Ministerial Credentials,,Nebraska Conference,Central Union Conference,Nebraska,,"College View, Nebr.",United States
1920,38,R. F. Andrews,Andrews,,,male,Honorary Ministerial Credentials,,Nebraska Conference,Central Union Conference,Nebraska,,"College View, Nebr.",United States
1920,38,L. B. Porter,Porter,,,male,Honorary Ministerial Credentials,,Nebraska Conference,Central Union Conference,Nebraska,,"Rosalie, Nebr.",United States
1920,38,W. W. Stebbins,Stebbins,,,male,Honorary Ministerial Credentials,,Nebraska Conference,Central Union Conference,Nebraska,,"College View, Nebr.",United States
1920,38,A. F. Kirk,Kirk,,,male,Licentiate,,Nebraska Conference,Central Union Conference,Nebraska,,"417 East High St., Hastings, Nebr.",United States
1920,38,C. J. Paulson,Paulson,,,male,Licentiate,,Nebraska Conference,Central Union Conference,Nebraska,,"410 East High St., Hastings, Nebr.",United States
1920,38,Andrew Peterson,Peterson,,,male,Licentiate,,Nebraska Conference,Central Union Conference,Nebraska,,"Ord, Nebr.",United States
1920,39,Charles McWilliams,McWilliams,,,male,Ordained Minister,,Nebraska Conference,Central Union Conference,Nebraska,,"College View, Nebr.",United States
1920,39,J. C. Stotz,Stotz,,,male,Ordained Minister,,Nebraska Conference,Central Union Conference,Nebraska,,"Hastings, Nebr.",United States
1920,39,F. C. Clark,Clark,,,male,Ordained Minister,,Nebraska Conference,Central Union Conference,Nebraska,,"College View, Nebr.",United States
1920,39,C. H. Patterson,Patterson,,,male,Ordained Minister,,Nebraska Conference,Central Union Conference,Nebraska,,"Lincoln, Nebr.",United States
1920,39,P. T. Gibbs,Gibbs,,,male,Ordained Minister,,Nebraska Conference,Central Union Conference,Nebraska,,"Pierce, Nebr.",United States
1920,39,Mrs. R. Leo,Leo,Mrs.,,female,Missionary Licentiate,,Nebraska Conference,Central Union Conference,Nebraska,,"College View, Nebr.",United States
1920,39,Ralph Rhodes,Rhodes,,,male,Missionary Licentiate,,Nebraska Conference,Central Union Conference,Nebraska,,"College View, Nebr.",United States
1920,39,Miss Elsie Gibbs,Gibbs,Miss,,female,Missionary Licentiate,,Nebraska Conference,Central Union Conference,Nebraska,,"College View, Nebr.",United States
1920,39,Miss Phoebe Hines,Hines,Miss,,female,Missionary Licentiate,,Nebraska Conference,Central Union Conference,Nebraska,,"College View, Nebr.",United States
1920,39,Miss Bessie Allen,Allen,Miss,,female,Missionary Licentiate,,Nebraska Conference,Central Union Conference,Nebraska,,"College View, Nebr.",United States
1920,39,Miss Faith C. Peeke,Peeke,Miss,,female,Missionary Licentiate,,Nebraska Conference,Central Union Conference,Nebraska,,"College View, Nebr.",United States
1920,39,Miss Helen Wells,Wells,Miss,,female,Missionary Licentiate,,Nebraska Conference,Central Union Conference,Nebraska,,"Omaha, Nebr.",United States
1920,39,Miss Rosy Nelsen,Nelsen,Miss,,female,Missionary Licentiate,,Nebraska Conference,Central Union Conference,Nebraska,,"McCook, Nebr.",United States
1920,39,Miss Allie M. Lovell,Lovell,Miss,,female,Missionary Licentiate,,Nebraska Conference,Central Union Conference,Nebraska,,"Hastings, Nebr.",United States
1920,39,H. E. Rosenbach,Rosenbach,,,male,Missionary Licentiate,,Nebraska Conference,Central Union Conference,Nebraska,,"College View, Nebr.",United States
1920,39,Mrs. H. H. Howard,Howard,Mrs.,,female,Church School Teacher,,Nebraska Conference,Central Union Conference,Nebraska,,"College View, Nebr.",United States
1920,39,Miss Clara Ogden,Ogden,Miss,,female,Church School Teacher,,Nebraska Conference,Central Union Conference,Nebraska,,"College View, Nebr.",United States
1920,39,Miss Christine Erickson,Erickson,Miss,,female,Church School Teacher,,Nebraska Conference,Central Union Conference,Nebraska,,"College View, Nebr.",United States
1920,39,Miss Ruth Middaugh,Middaugh,Miss,,female,Church School Teacher,,Nebraska Conference,Central Union Conference,Nebraska,,"College View, Nebr.",United States
1920,39,Miss Hilda Holsten,Holsten,Miss,,female,Church School Teacher,,Nebraska Conference,Central Union Conference,Nebraska,,"College View, Nebr.",United States
1920,39,Miss Hazel Ringer,Ringer,Miss,,female,Church School Teacher,,Nebraska Conference,Central Union Conference,Nebraska,,"Hastings, Nebr.",United States
1920,39,Miss Marjorie Cole,Cole,Miss,,female,Church School Teacher,,Nebraska Conference,Central Union Conference,Nebraska,,"Grand Island, Nebr.",United States
1920,39,Miss Minola Rouse,Rouse,Miss,,female,Church School Teacher,,Nebraska Conference,Central Union Conference,Nebraska,,"Shelton, Nebr.",United States
1920,39,Miss Miriam Manfull,Manfull,Miss,,female,Church School Teacher,,Nebraska Conference,Central Union Conference,Nebraska,,"Culbertson, Nebr.",United States
1920,39,Miss Elza Hayes,Hayes,Miss,,female,Church School Teacher,,Nebraska Conference,Central Union Conference,Nebraska,,"Kearney, Nebr.",United States
1920,39,Miss Helen Ross,Ross,Miss,,female,Church School Teacher,,Nebraska Conference,Central Union Conference,Nebraska,,"North Platte, Nebr.",United States
1920,39,Miss Elizabeth Goertz,Goertz,Miss,,female,Church School Teacher,,Nebraska Conference,Central Union Conference,Nebraska,,"Red Cloud, Nebr.",United States
1920,39,Miss Rachel Weinheimer,Weinheimer,Miss,,female,Church School Teacher,,Nebraska Conference,Central Union Conference,Nebraska,,"Ames, Nebr.",United States
1920,39,Miss Carrie Graves,Graves,Miss,,female,Church School Teacher,,Nebraska Conference,Central Union Conference,Nebraska,,"Republican City, Nebr.",United States
1920,39,Mrs. C. Hornbacher,Hornbacher,Mrs.,,female,Church School Teacher,,Nebraska Conference,Central Union Conference,Nebraska,,"Culbertson, Nebr.",United States
1920,39,N. T. Sutton,Sutton,,,male,President,,Wyoming Conference,Central Union Conference,Wyoming,,"Crawford, Nebr.",United States
1920,39,W. R. Babcock,Babcock,,,male,Secretary and Treasurer,,Wyoming Conference,Central Union Conference,Wyoming,,"Crawford, Nebr.",United States
1920,39,N. T. Sutton,Sutton,,,male,Executive Committee Member,,Wyoming Conference,Central Union Conference,Wyoming,,"Crawford, Nebr.",United States
1920,39,N. V. Willess,Willess,,,male,Executive Committee Member,,Wyoming Conference,Central Union Conference,Wyoming,,"Crawford, Nebr.",United States
1920,39,G. W. Berry,Berry,,,male,Executive Committee Member,,Wyoming Conference,Central Union Conference,Wyoming,,"Crawford, Nebr.",United States
1920,39,J. M. Fletcher,Fletcher,,,male,Executive Committee Member,,Wyoming Conference,Central Union Conference,Wyoming,,"Crawford, Nebr.",United States
1920,39,W. A. Long,Long,,,male,Executive Committee Member,,Wyoming Conference,Central Union Conference,Wyoming,,"Crawford, Nebr.",United States
1920,39,N. T. Sutton,Sutton,,,male,President,Wyoming Conference Assn. of the S. D. A.,Wyoming Conference,Central Union Conference,Wyoming,Wyoming Conference Assn. of the S. D. A.,"Crawford, Nebr.",United States
1920,39,W. R. Babcock,Babcock,,,male,Secretary and Treasurer,Wyoming Conference Assn. of the S. D. A.,Wyoming Conference,Central Union Conference,Wyoming,Wyoming Conference Assn. of the S. D. A.,"Crawford, Nebr.",United States
1920,40,W. R. Babcock,Babcock,,,male,Secretary and Treasurer,Tract Society,Wyoming Conference,Central Union Conference,Wyoming,,"Crawford, Nebr.",United States
1920,40,M. M. Bates,Bates,,,male,Field Missionary Secretary,Tract Society,Wyoming Conference,Central Union Conference,Wyoming,,"Crawford, Nebr.",United States
1920,40,Alice Reid,Reid,,,female,Secretary,Sabbath School Dept.,Wyoming Conference,Central Union Conference,Wyoming,,"Crawford, Nebr.",United States
1920,40,J. M. Fletcher,Fletcher,,,male,Superintendent,Educational Dept.,Wyoming Conference,Central Union Conference,Wyoming,,"Broadwater, Nebr.",United States
1920,40,J. M. Fletcher,Fletcher,,,male,Secretary,Young People's Dept.,Wyoming Conference,Central Union Conference,Wyoming,,"Broadwater, Nebr.",United States
1920,40,E. H. Curtis,Curtis,,,male,Secretary,Religious Liberty Dept.,Wyoming Conference,Central Union Conference,Wyoming,,"Route 3, Loveland, Colo.",United States
1920,40,N. V. Willess,Willess,,,male,Secretary,Home Missionary Dept.,Wyoming Conference,Central Union Conference,Wyoming,,"Sheridan, Wyo.",United States
1920,40,N. T. Sutton,Sutton,,,male,Minister,,Wyoming Conference,Central Union Conference,Wyoming,,"Crawford, Nebr.",United States
1920,40,C. H. Miller,Miller,,,male,Minister,,Wyoming Conference,Central Union Conference,Wyoming,,"Gering, Nebr.",United States
1920,40,E. H. Curtis,Curtis,,,male,Minister,,Wyoming Conference,Central Union Conference,Wyoming,,"Route 3, Loveland, Colo.",United States
1920,40,J. M. Fletcher,Fletcher,,,male,Minister,,Wyoming Conference,Central Union Conference,Wyoming,,"Broadwater, Nebr.",United States
1920,40,W. A. Long,Long,,,male,Minister,,Wyoming Conference,Central Union Conference,Wyoming,,"Basin, Wyo.",United States
1920,40,N. V. Willess,Willess,,,male,Minister,,Wyoming Conference,Central Union Conference,Wyoming,,"Sheridan, Wyo.",United States
1920,40,G. W. Berry,Berry,,,male,Honorary Ministerial Credentials,,Wyoming Conference,Central Union Conference,Wyoming,,"Loveland, Colo.",United States
1920,40,H. B. Davis,Davis,,,male,Licentiate,,Wyoming Conference,Central Union Conference,Wyoming,,"Crawford, Nebr.",United States
1920,40,G. T. Glendrange,Glendrange,,,male,Licentiate,,Wyoming Conference,Central Union Conference,Wyoming,,"Crawford, Nebr.",United States
1920,40,W. R. Babcock,Babcock,,,male,Missionary Licentiate,,Wyoming Conference,Central Union Conference,Wyoming,,"Crawford, Nebr.",United States
1920,40,M. M. Bates,Bates,,,male,Missionary Licentiate,,Wyoming Conference,Central Union Conference,Wyoming,,"Crawford, Nebr.",United States
1920,40,Alice E. Reid,Reid,,,female,Missionary Licentiate,,Wyoming Conference,Central Union Conference,Wyoming,,"Crawford, Nebr.",United States
1920,40,Mrs. E. R. Osborn,Osborn,Mrs.,,female,Missionary Licentiate,,Wyoming Conference,Central Union Conference,Wyoming,,"Scotts Bluff, Nebr.",United States
1920,40,Nettie Gerdes,Gerdes,Miss,,female,Church School Teacher,,Wyoming Conference,Central Union Conference,Wyoming,,"Broadwater, Nebr.",United States
1920,40,Ruth Richards,Richards,,,female,Church School Teacher,,Wyoming Conference,Central Union Conference,Wyoming,,"Crawford, Nebr.",United States
1920,40,Fern Nickell,Nickell,,,female,Church School Teacher,,Wyoming Conference,Central Union Conference,Wyoming,,"Lisco, Nebr.",United States
1920,11,F. M. Wilcox,Wilcox,,,male,General Member,,General Conference,,General Conference,,"Takoma Park Station, Washington, D. C.",United States
1920,11,R. L. Pierce,Pierce,,,male,General Member,,General Conference,,General Conference,,"Nashville, Tenn.",United States
1920,11,N. Z. Town,Town,,,male,Secretary,,Publishing Department,General Conference,General Conference,,"Takoma Park Station, Washington, D. C.",United States
1920,11,H. H. Hall,Hall,,,male,Associate Secretary,,Publishing Department,General Conference,General Conference,,"Takoma Park Station, Washington, D. C.",United States
1920,11,W. W. Eastman,Eastman,,,male,Assistant Secretary,,Publishing Department,General Conference,General Conference,,"Takoma Park Station, Washington, D. C.",United States
1920,11,C. E. Weaks,Weaks,,,male,Secretary for Far-Eastern Division,,Publishing Department,General Conference,General Conference,,"Shanghai, China",Asia
1920,11,J. H. McEachern,McEachern,,,male,Secretary for South America,,Publishing Department,General Conference,General Conference,,"Buenos Aires, Argentina, South America",South America
1920,11,W. C. White,White,,,male,General Member,,Publishing Department,General Conference,General Conference,,"St. Helena, Cal.",United States
1920,11,I. H. Evans,Evans,,,male,General Member,,Publishing Department,General Conference,General Conference,,,
1920,11,J. E. Fulton,Fulton,,,male,General Member,,Publishing Department,General Conference,General Conference,,"Lucknow, India",Asia
1920,11,C. C. Crisler,Crisler,,,male,General Member,,Publishing Department,General Conference,General Conference,,,
1920,11,F. A. Detamore,Detamore,,,male,General Member,,Publishing Department,General Conference,General Conference,,"Singapore, Straits Settlements",Asia
1920,11,S. E. Jackson,Jackson,,,male,General Member,,Publishing Department,General Conference,General Conference,,"Manila, Philippine Islands",Asia
1920,11,L. R. Conradi,Conradi,,,male,General Member,,Publishing Department,General Conference,General Conference,,"Hamburg, Germany",Europe
1920,11,W. H. Branson,Branson,,,male,General Member,,Publishing Department,General Conference,General Conference,,"Kenilworth, Cape, South Africa",Africa
1920,11,J. C. Raft,Raft,,,male,General Member,,Publishing Department,General Conference,General Conference,,"Copenhagen, V., Denmark",Europe
1920,11,O. E. Reinke,Reinke,,,male,General Member,,Publishing Department,General Conference,General Conference,,"Saratov, Russia",Europe
1920,11,O. Montgomery,Montgomery,,,male,General Member,,Publishing Department,General Conference,General Conference,,"Buenos Aires, Argentina, South America",South America
1920,11,G. W. Caviness,Caviness,,,male,General Member,,Publishing Department,General Conference,General Conference,,"Tacubaya, D. F., Mexico",Central America
1920,11,W. W. Fletcher,Fletcher,,,male,General Member,,Publishing Department,General Conference,General Conference,,"Lucknow, India",Asia
1920,11,E. R. Palmer,Palmer,,,male,Publishing House Manager,,Publishing Department,General Conference,General Conference,,"Takoma Park Station, Washington, D. C.",United States
1920,11,C. H. Jones,Jones,,,male,Publishing House Manager,,Publishing Department,General Conference,General Conference,,"Mountain View, Cal.",United States
1920,11,W. E. Read,Read,,,male,Publishing House Manager,,Publishing Department,General Conference,General Conference,,"Watford, Herts, England",Europe
1920,11,H. Hartkop,Hartkop,,,male,Publishing House Manager,,Publishing Department,General Conference,General Conference,,"Hamburg, Germany",Europe
1920,11,Erik Arnesen,Arnesen,,,male,Publishing House Manager,,Publishing Department,General Conference,General Conference,,"Christiania, Norway",Europe
1920,11,E. Ahren,Ahren,,,male,Publishing House Manager,,Publishing Department,General Conference,General Conference,,"Stockholm, Sweden",Europe
1920,11,L. E. Boyle,Boyle,,,male,Publishing House Manager,,Publishing Department,General Conference,General Conference,,"Barcelona, Spain",Europe
1920,11,C. N. Woodward,Woodward,,,male,Publishing House Manager,,Publishing Department,General Conference,General Conference,,"Pasay, Rizal, Philippine Islands",Asia
1920,11,J. Robert,Robert,,,male,Publishing House Manager,,Publishing Department,General Conference,General Conference,,"Gland, Switzerland",Europe
1920,11,J. M. Johanson,Johanson,,,male,Publishing House Manager,,Publishing Department,General Conference,General Conference,,"Warburton, Victoria, Australia",Australasia
1920,11,A. Pages,Pages,,,male,Publishing House Manager,,Publishing Department,General Conference,General Conference,,"Sao Paulo, Brazil",South America
1920,11,E. Everest,Everest,,,male,Publishing House Manager,,Publishing Department,General Conference,General Conference,,"Florida, F. C. C. A.",South America
1920,11,J. G. Gjording,Gjording,,,male,Publishing House Manager,,Publishing Department,General Conference,General Conference,,"Shanghai, China",Asia
1920,11,Lyman Bowers,Bowers,,,male,Publishing House Manager,,Publishing Department,General Conference,General Conference,,"Seoul, Chosen (Korea)",Asia
1920,11,E. B. Jones,Jones,,,male,Publishing House Manager,,Publishing Department,General Conference,General Conference,,"Lucknow, India",Asia
1920,11,H. H. Rans,Rans,,,male,Publishing House Manager,,Publishing Department,General Conference,General Conference,,Oshawa,North America
1920,11,H. H. Hall,Hall,,,male,"Manager, Circulating Departments and Branches",,Publishing Department,General Conference,General Conference,,"Mountain View, Cal.",United States
1920,11,Jas. Cochran,Cochran,,,male,"Manager, Circulating Departments and Branches",,Publishing Department,General Conference,General Conference,,"Mountain View, Cal.",United States
1920,11,J. D. Snider,Snider,,,male,"Manager, Circulating Departments and Branches",,Publishing Department,General Conference,General Conference,,"South Bend, Ind.",United States
1920,11,D. A. Bailey,Bailey,,,male,"Manager, Circulating Departments and Branches",,Publishing Department,General Conference,General Conference,,"New York, N. Y.",United States
1920,11,J. W. Mace,Mace,,,male,"Manager, Circulating Departments and Branches",,Publishing Department,General Conference,General Conference,,"Takoma Park Station, Washington, D. C.",United States
1920,11,D. W. Reavis,Reavis,,,male,"Manager, Circulating Departments and Branches",,Publishing Department,General Conference,General Conference,,"Takoma Park Station, Washington, D. C.",United States
1920,11,G. C. Hoskin,Hoskin,,,male,"Manager, Circulating Departments and Branches",,Publishing Department,General Conference,General Conference,,"Portland, Oreg.",United States
1920,11,C. L. Paddock,Paddock,,,male,"Manager, Circulating Departments and Branches",,Publishing Department,General Conference,General Conference,,"Winnipeg, Manitoba",North America
1920,11,L. D. Randall,Randall,,,male,"Manager, Circulating Departments and Branches",,Publishing Department,General Conference,General Conference,,"Atlanta, Ga.",United States
1920,16,D. W. Reavis,Reavis,,,male,Press Bureau Member,,General Conference,,General Conference,,"Takoma Park Station, Washington, D.C.",United States
1920,16,J. E. Jayne,Jayne,,,male,Press Bureau Member,,General Conference,,General Conference,,"New York, N.Y.",United States
1920,16,F. M. Wilcox,Wilcox,,,male,Press Bureau Member,,General Conference,,General Conference,,"Takoma Park Station, Washington, D.C.",United States
1920,16,W. A. Spicer,Spicer,,,male,Press Bureau Member,,General Conference,,General Conference,,"Takoma Park Station, Washington, D.C.",United States
1920,16,W. L. Burgan,Burgan,,,male,Press Bureau Member,,General Conference,,General Conference,,"Canon City, Colo.",United States
1920,16,C. B. Haynes,Haynes,,,male,Press Bureau Member,,General Conference,,General Conference,,"New York, N.Y.",United States
1920,16,L. L. Caviness,Caviness,,,male,Press Bureau Member,,General Conference,,General Conference,,"Takoma Park Station, Washington, D.C.",United States
1920,16,A. J. Clark,Clark,,,male,Press Bureau Member,,General Conference,,General Conference,,"Chicago, Ill.",United States
1920,16,W. Cottrell,Cottrell,,,male,Press Bureau Member,,General Conference,,General Conference,,"Portland, Oreg.",United States
1920,16,W. F. Martin,Martin,,,male,Union Conference Secretary,,General Conference,Union Conference Secretaries,General Conference,,"Glendale, Cal.",United States
1920,16,J. L. McElhany,McElhany,,,male,Union Conference Secretary,,General Conference,Union Conference Secretaries,General Conference,,"Nashville, Tenn.",United States
1920,16,W. H. Heckman,Heckman,,,male,Union Conference Secretary,,General Conference,Union Conference Secretaries,General Conference,,"Atlanta, Ga.",United States
1920,16,F. H. Robbins,Robbins,,,male,Union Conference Secretary,,General Conference,Union Conference Secretaries,General Conference,,"Takoma Park Station, Washington, D.C.",United States
1920,16,H. G. Thurston,Thurston,,,male,Union Conference Secretary,,General Conference,Union Conference Secretaries,General Conference,,"College Place, Wash.",United States
1920,16,S. B. Horton,Horton,,,male,Union Conference Secretary,,General Conference,Union Conference Secretaries,General Conference,,"Chicago, Ill.",United States
1920,16,E. K. Slade,Slade,,,male,Union Conference Secretary,,General Conference,Union Conference Secretaries,General Conference,,"South Lancaster, Mass.",United States
1920,16,C. F. McVagh,McVagh,,,male,Union Conference Secretary,,General Conference,Union Conference Secretaries,General Conference,,"Minneapolis, Minn.",United States
1920,16,Morris Lukens,Lukens,,,male,Union Conference Secretary,,General Conference,Union Conference Secretaries,General Conference,,"Oklahoma City, Okla.",United States
1920,16,A. C. Gilbert,Gilbert,,,male,Union Conference Secretary,,General Conference,Union Conference Secretaries,General Conference,,"Calgary, Alberta, Canada",Canada
1920,16,S. E. Wight,Wight,,,male,Union Conference Secretary,,General Conference,Union Conference Secretaries,General Conference,,"College View, Nebr.",United States
1920,16,F. W. Stray,Stray,,,male,Union Conference Secretary,,General Conference,Union Conference Secretaries,General Conference,,"Oshawa, Ontario, Canada",Canada
1920,16,W. T. Bartlett,Bartlett,,,male,Union Conference Secretary,,General Conference,Union Conference Secretaries,General Conference,,"Stanborough Park, Watford, Herts, England",Europe
1920,16,A. W. Anderson,Anderson,,,male,Union Conference Secretary,,General Conference,Union Conference Secretaries,General Conference,,"Wahroonga, N.S.W., Australia",Australia
1920,16,P. E. Brodersen,Brodersen,,,male,Secretary,,Bureau of Home Missions,General Conference,General Conference,,2914 West North Ave.,United States
1920,16,J. T. Boettcher,Boettcher,,,male,Superintendent of the German Work,,Bureau of Home Missions,General Conference,General Conference,,"Clinton, Mo.",United States
1920,16,N. P. Neilsen,Neilsen,,,male,Superintendent of the Danish-Norwegian Work,,Bureau of Home Missions,General Conference,General Conference,,"St. Paul, Minn.",United States
1920,16,G. E. Nord,Nord,,,male,Superintendent of the Swedish Work,,Bureau of Home Missions,General Conference,General Conference,,"Chicago, Ill.",United States
1920,16,J. H. Schilling,Schilling,,,male,Superintendent Miscellaneous Languages,,Bureau of Home Missions,General Conference,General Conference,,"Oak Park, Ill.",United States
1920,16,H. H. Humann,Humann,,,male,Asst. Secretary Western Canadian Union,,Bureau of Home Missions,General Conference,General Conference,,"Lacombe, Alberta, Canada",Canada
1920,16,V. O. Punches,Punches,,,male,Home Mission Field Secretary,,Bureau of Home Missions,General Conference,General Conference,,"Mt. Vernon, Ohio",United States
1920,16,N. P. Neilsen,Neilsen,,,male,Committee Member,,Danish-Norwegian Advisory Committee,Bureau of Home Missions,General Conference,,"St. Paul, Minn.",United States
1920,16,M. S. Reppe,Reppe,,,male,Committee Member,,Danish-Norwegian Advisory Committee,Bureau of Home Missions,General Conference,,"Hutchinson, Minn.",United States
1920,16,C. A. Thorp,Thorp,,,male,Committee Member,,Danish-Norwegian Advisory Committee,Bureau of Home Missions,General Conference,,"Brookfield, Ill.",United States
1920,16,James Johnson,Johnson,,,male,Committee Member,,Danish-Norwegian Advisory Committee,Bureau of Home Missions,General Conference,,"Racine, Wis.",United States
1920,16,C. Edwardsen,Edwardsen,,,male,Committee Member,,Danish-Norwegian Advisory Committee,Bureau of Home Missions,General Conference,,"Minneapolis, Minn.",United States
1920,16,F. M. Larsen,Larsen,,,male,Scandinavian Home Missionary Field Secretary,,Danish-Norwegian Advisory Committee,Bureau of Home Missions,General Conference,,"St. Paul, Minn.",United States
1920,16,G. E. Nord,Nord,,,male,Superintendent,,Swedish Advisory Committee,Bureau of Home Missions,General Conference,,"Chicago, Ill.",United States
1920,16,S. Mortenson,Mortenson,,,male,Committee Member,,Swedish Advisory Committee,Bureau of Home Missions,General Conference,,"Brookfield, Ill.",United States
1920,16,S. F. Svensson,Svensson,,,male,Committee Member,,Swedish Advisory Committee,Bureau of Home Missions,General Conference,,,United States
1920,16,August Anderson,Anderson,,,male,Committee Member,,Swedish Advisory Committee,Bureau of Home Missions,General Conference,,"Chicago, Ill.",United States
1920,16,H. O. Olson,Olson,,,male,Committee Member,,Swedish Advisory Committee,Bureau of Home Missions,General Conference,,"La Grange, Ill.",United States
1920,16,J. T. Boettcher,Boettcher,,,male,Superintendent,,German Advisory Committee,Bureau of Home Missions,General Conference,,"Clinton, Mo.",United States
1920,16,E. C. Witzke,Witzke,,,male,Committee Member,,German Advisory Committee,Bureau of Home Missions,General Conference,,"Clinton, Mo.",United States
1920,16,B. E. Miller,Miller,,,male,Committee Member,,German Advisory Committee,Bureau of Home Missions,General Conference,,"Brooklyn, N.Y.",United States
1920,15,Matilda Erickson,Erickson,,,female,Asst. Secretary,,General Conference,,General Conference,,"Takoma Park Station, Washington, D. C.",United States
1920,15,Meade MacGuire,MacGuire,,,male,Field Secretary,,General Conference,,General Conference,,"Glendale, Cal.",United States
1920,15,C. A. Russell,Russell,,,male,Field Secretary,,General Conference,,General Conference,,"Takoma Park Station, Washington, D. C.",United States
1920,15,J. F. Simon,Simon,,,male,Field Secretary,,General Conference,,General Conference,,"Clinton, Mo.",United States
1920,15,W. E. Howell,Howell,,,male,Other Member,,General Conference,,General Conference,,"Takoma Park Station, Washington, D. C.",United States
1920,15,Erik Arnesen,Arnesen,,,male,Other Member,,General Conference,,General Conference,,"Christiania, Norway",Scandinavia
1920,15,Guy Dail,Dail,,,male,Other Member,,General Conference,,General Conference,,"Bern, Switzerland",Europe
1920,15,S. L. Frost,Frost,,,male,Other Member,,General Conference,,General Conference,,"Shanghai, China",Asia
1920,15,L. Flora Plummer,Plummer,Mrs.,,female,Other Member,,General Conference,,General Conference,,"Takoma Park Station, Washington, D. C.",United States
1920,15,Fannie D. Chase,Chase,Mrs.,,female,Other Member,,General Conference,,General Conference,,"Takoma Park Station, Washington, D. C.",United States
1920,15,Frederick Griggs,Griggs,,,male,Other Member,,General Conference,,General Conference,,"Berrien Springs, Mich.",United States
1920,15,C. V. Leach,Leach,,,male,Other Member,,General Conference,,General Conference,,"Takoma Park Station, Washington, D. C.",United States
1920,15,J. W. Mace,Mace,,,male,Other Member,,General Conference,,General Conference,,"Takoma Park Station, Washington, D. C.",United States
1920,15,Sarah E. Peck,Peck,Miss,,female,Other Member,,General Conference,,General Conference,,"Takoma Park Station, Washington, D. C.",United States
1920,15,E. M. Howard,Howard,,,male,Other Member,,General Conference,,General Conference,,"Kenilworth, Cape, South Africa",Africa
1920,15,S. A. Wellman,Wellman,,,male,Other Member,,General Conference,,General Conference,,"Lucknow, India",Asia
1920,15,F. S. Jackson,Jackson,,,male,Other Member,,General Conference,,General Conference,,"Watford, Herts, England",Europe
1920,15,J. A. P. Green,Green,,,male,Other Member,,General Conference,,General Conference,,"Cristobal, Canal Zone, Panama",Central America
1920,15,L. L. Caviness,Caviness,,,male,Other Member,,General Conference,,General Conference,,"Takoma Park Station, Washington, D. C.",United States
1920,15,O. J. Graf,Graf,,,male,Other Member,,General Conference,,General Conference,,"Loma Linda, Cal.",United States
1920,15,F. M. Larson,Larson,,,male,Other Member,,General Conference,,General Conference,,"Minneapolis, Minn.",United States
1920,15,N. Z. Town,Town,,,male,Other Member,,General Conference,,General Conference,,"Takoma Park Station, Washington, D. C.",United States
1920,15,J. L. Shaw,Shaw,,,male,Other Member,,General Conference,,General Conference,,"Takoma Park Station, Washington, D. C.",United States
1920,15,A. C. Chesson,Chesson,,,male,Other Member,,General Conference,,General Conference,,"Wahroonga, N. S. W., Australia",Australia
1920,15,Anna Knight,Knight,,,female,Other Member,,General Conference,,General Conference,,"Nashville, Tenn.",United States
1920,15,H. U. Stevens,Stevens,,,male,Other Member,,General Conference,,General Conference,,"Puiggari, F. C. E. R., Argentina, South America",South America
1920,15,P. L. Thompson,Thompson,,,male,Other Member,,General Conference,,General Conference,,"South Lancaster, Mass.",United States
1920,15,D. D. Rees,Rees,,,male,Other Member,,General Conference,,General Conference,,"College View, Nebr.",United States
1920,15,A. F. Schmidt,Schmidt,,,male,Other Member,,General Conference,,General Conference,,"Minneapolis, Minn.",United States
1920,15,W. L. Adams,Adams,,,male,Other Member,,General Conference,,General Conference,,"College Place, Wash.",United States
1920,15,J. A. Tucker,Tucker,,,male,Other Member,,General Conference,,General Conference,,"Atlanta, Ga.",United States
1920,15,J. C. Thompson,Thompson,,,male,Other Member,,General Conference,,General Conference,,"Nashville, Tenn.",United States
1920,15,A. W. Peterson,Peterson,,,male,Other Member,,General Conference,,General Conference,,"Oklahoma City, Okla.",United States
1920,15,N. H. Saunders,Saunders,,,male,Other Member,,General Conference,,General Conference,,"Toronto, Ontario, Canada",Canada
1920,15,J. J. Reiswig,Reiswig,,,male,Other Member,,General Conference,,General Conference,,"Calgary, Alberta, Canada",Canada
1920,15,C. E. Andross,Andross,,,male,Other Member,,General Conference,,General Conference,,"Takoma Park Station, Washington, D. C.",United States
1920,15,W. W. Ruble,Ruble,,,male,Other Member,,General Conference,,General Conference,,"Glendale, Cal.",United States
1920,15,H. T. Elliott,Elliott,,,male,Other Member,,General Conference,,General Conference,,"Berrien Springs, Mich.",United States
1920,15,C. S. Longacre,Longacre,,,male,Secretary,,Religious Liberty Association,,General Conference,,"Takoma Park Station, Washington, D. C.",United States
1920,15,W. F. Martin,Martin,,,male,Field Secretary West of Mississippi,,Religious Liberty Association,,General Conference,,"Glendale, Cal.",United States
1920,15,A. G. Daniells,Daniells,,,male,Other Member,,Religious Liberty Association,,General Conference,,"Takoma Park Station, Washington, D. C.",United States
1920,15,W. T. Knox,Knox,,,male,Other Member,,Religious Liberty Association,,General Conference,,"Takoma Park Station, Washington, D. C.",United States
1920,15,J. O. Corliss,Corliss,,,male,Other Member,,Religious Liberty Association,,General Conference,,,United States
1920,15,W. M. Healey,Healey,,,male,Other Member,,Religious Liberty Association,,General Conference,,"San Diego, Cal.",United States
1920,15,C. P. Bollman,Bollman,,,male,Other Member,,Religious Liberty Association,,General Conference,,"Takoma Park Station, Washington, D. C.",United States
1920,15,G. B. Thompson,Thompson,,,male,Other Member,,Religious Liberty Association,,General Conference,,"Takoma Park Station, Washington, D. C.",United States
1920,9,A. C. Gilbert,Gilbert,,,male,President,"Room 304, I. O. O. F. Bldg., Calgary, Alberta, Canada",Western Canadian Union Conference,General Conference,Western Canadian,,"Calgary, Alberta, Canada",North America
1920,9,E. Frauchiger,Frauchiger,,,male,President,"Dr. Dietrichgasse 3, Troppau, Czecho-Slovakia",Czecho-Slovakian Union Conference,General Conference,Czecho-Slovakian,,"Troppau, Czecho-Slovakia",Europe
1920,9,G. W. Schubert,Schubert,,,male,President,"Bauerstr. 38, Munich, Germany",Central European Union Conference,General Conference,Central European,,"Munich, Germany",Europe
1920,9,H. F. Schuberth,Schuberth,,,male,President,"Uhlandstrasse 189, Berlin-Charl., Germany",East German Union Conference,General Conference,East German,,"Berlin-Charl., Germany",Europe
1920,9,J. F. Ginter,Ginter,,,male,President,"Post box 2, Post office Birsha, Excelsior, Saratov, Russia",East Russian Union Conference,General Conference,East Russian,,"Saratov, Russia",Europe
1920,9,J. Wolfgarten,Wolfgarten,,,male,President,"Box 109, Galata, Constantinople, Turkey",Levant Union Conference,General Conference,Levant,,"Constantinople, Turkey",Europe
1920,9,P. P. Paulini,Paulini,,,male,President,"Strada Turturele 8, Bukharest, Rumania",Rumanian Union Conference,General Conference,Rumanian,,"Bukharest, Rumania",Europe
1920,9,Paul Drinhaus,Drinhaus,,,male,President,"Eifelstrasse 95, Bonn, Germany",West German Union Conference,General Conference,West German,,"Bonn, Germany",Europe
1920,9,H. J. Loebsack,Loebsack,,,male,President,"Post box 2, Post office Birsha, Excelsior, Saratov, Russia",West Russian Union Conference,General Conference,West Russian,,"Saratov, Russia",Europe
1920,9,O. E. Reinke,Reinke,,,male,President,"Post box 2, Post office Birsha, Excelsior, Saratov, Russia",Siberian Union Conference,General Conference,Siberian,,"Saratov, Russia",Europe
1920,9,M. N. Campbell,Campbell,,,male,President,"Stanborough Park, Watford, Herts, England",British Union Conference,General Conference,British,,"Watford, Herts, England",Europe
1920,9,A. V. Olson,Olson,,,male,President,"rue Nicolas Roret, 1, Paris, XIIIe, France",Latin Union Conference,General Conference,Latin,,"Paris, France",Europe
1920,9,J. C. Raft,Raft,,,male,President,"Margrethevej 5, Copenhagen, V., Denmark",Scandinavian Union Conference,General Conference,Scandinavian,,"Copenhagen, Denmark",Europe
1920,9,F. A. Allum,Allum,,,male,President,"Wang Gia Dun, Hankow, Hupeh, China",Central China Union Conference,General Conference,Central China,,"Hankow, Hupeh, China",Eastern Asia
1920,9,C. L. Butterfield,Butterfield,,,male,President,"Seoul, Chosen",Chosen Union Conference,General Conference,Chosen,,"Seoul, Chosen",Eastern Asia
1920,9,O. A. Hall,Hall,,,male,President,"Box 814, U. S. Postal Agency, Shanghai, China",East China Union Conference,General Conference,East China,,"Shanghai, China",Eastern Asia
1920,9,B. P. Hoffman,Hoffman,,,male,President,"171 Amanuma, Suginami-mura, Toyotama-gun, Tokyo, Japan",Japan Union Conference,General Conference,Japan,,"Tokyo, Japan",Eastern Asia
1920,9,F. A. Detamore,Detamore,,,male,President,"399 Upper Serangoon Road, Singapore, Straits Settlements",Malaysian Union Conference,General Conference,Malaysian,,"Singapore, Straits Settlements",Eastern Asia
1920,9,B. Peterson,Peterson,,,male,President,"S. D. A. Mission, Mukden, Manchuria",Manchurian Union Conference,General Conference,Manchurian,,"Mukden, Manchuria",Eastern Asia
1920,9,Frederick Lee,Lee,,,male,President,"62 Ta Fang Chia Hutung, Peking",North China Union Conference,General Conference,North China,,"Peking, China",Eastern Asia
1920,9,S. E. Jackson,Jackson,,,male,President,"707 Vermont St., Manila, Philippine Islands",Philippine Union Conference,General Conference,Philippine,,"Manila, Philippine Islands",Eastern Asia
1920,9,F. H. DeVinney,DeVinney,,,male,President,"P. O. Box 310, Hongkong, China",South China Union Conference,General Conference,South China,,"Hongkong, China",Eastern Asia
1920,9,M. C. Warren,Warren,,,male,President,"S. D. A. Mission, Chungking, Szechwan, China",West China Union Conference,General Conference,West China,,"Chungking, Szechwan, China",Eastern Asia
1920,9,J. W. Westphal,Westphal,,,male,President,"Florida, F. C. C. A., Buenos Aires, Argentina, South America",Austral Union Conference,General Conference,Austral,,"Buenos Aires, Argentina",South America
1920,9,F. W. Spies,Spies,,,male,President,"Estacao Sao Bernardo, S. P. R., Sao Paulo, Brazil, South America",Brazilian Union Conference,General Conference,Brazilian,,"Sao Paulo, Brazil",South America
1920,9,E. F. Peterson,Peterson,,,male,President,"Casilla 1002, Lima, Peru, South America",Inca Union Mission,General Conference,Inca Union Mission,,"Lima, Peru",South America
1920,9,Henry Meyer,Meyer,,,male,President,"Caixa Postal 768, Rio de Janeiro, Brazil, South America",North Brazil Union Conference,General Conference,North Brazil,,"Rio de Janeiro, Brazil",South America
1920,9,I. F. Blue,Blue,,,male,President,"17 Abbott Road, Lucknow, India",Northwest India Union Conference,General Conference,Northwest India,,"Lucknow, India",Southern Asia
1920,9,G. G. Lowry,Lowry,,,male,President,"17 Abbott Road, Lucknow, India",South India Union Conference,General Conference,South India,,"Lucknow, India",Southern Asia
1920,9,C. H. Watson,Watson,,,male,President,"Mizpah, Wahroonga, N. S. W., Australia",Australasian Union Conference,General Conference,Australasian,,"Wahroonga, N. S. W., Australia",Australasia
1920,9,W. B. White,White,,,male,President,"Rosmead Ave., Kenilworth, Cape, South Africa",South African Union Conference,General Conference,South African,,"Kenilworth, Cape, South Africa",Africa
1920,9,Mrs. L. Flora Plummer,Plummer,Mrs.,,female,Secretary,Sabbath-school Department,Secretaries of Departments and Sub-Treasurers,General Conference,General Conference,,"Washington, D. C.",United States
1920,9,N. Z. Town,Town,,,male,Secretary,Publishing Department,Secretaries of Departments and Sub-Treasurers,General Conference,General Conference,,"Washington, D. C.",United States
1920,9,W. W. Eastman,Eastman,,,male,Assistant Secretary,Publishing Department,Secretaries of Departments and Sub-Treasurers,General Conference,General Conference,,"Washington, D. C.",United States
